G_name,Ratio_SBM,Iter,Experiment,AP_train,AUC-ROC_train,AP_eval,AUC-ROC_eval,Top_Feature,Top_Importance
artificial_graph_sbmv_4_comuAndEmb_1_00_pos_0_00_1,1.0,1,Inferred_Commu_normal,0.1682571097756084,0.7785511363636364,0.04919683785686012,0.7470174249631821,louvain_density,1.0
artificial_graph_sbmv_4_comuAndEmb_1_00_pos_0_00_1,1.0,1,Inferred_Commu_spatial_manuel_iter,0.20131136432791266,0.811624053030303,0.05614288737229582,0.7654125558784813,spatial_louvain_density,1.0
artificial_graph_sbmv_4_comuAndEmb_1_00_pos_0_00_1,1.0,1,GT_pos,0.06726444996504147,0.48580729166666664,0.0186256432317549,0.47324779418472807,GT_pos_dist,1.0
artificial_graph_sbmv_4_comuAndEmb_1_00_pos_0_00_1,1.0,1,GT_pos + Inferred_Commu normal,0.19127194569011013,0.7679687500000001,0.04715912027117353,0.7417488824303718,louvain_density,0.84830487
artificial_graph_sbmv_4_comuAndEmb_1_00_pos_0_00_1,1.0,1,GT_pos + Inferred_Commu spatial manuel iter,0.2042033316662466,0.7713304924242423,0.05455628736828014,0.7577421835290439,spatial_louvain_density,0.81916857
artificial_graph_sbmv_4_comuAndEmb_1_00_pos_0_00_1,1.0,1,SiNEcustom_spatial,0.3492216535608038,0.846685606060606,0.0980907595417653,0.8203534517587873,SiNEcustom_spatial_dist,1.0
artificial_graph_sbmv_4_comuAndEmb_1_00_pos_0_00_1,1.0,1,deepwalk,0.361133172836321,0.8547466856060606,0.1342733174599889,0.8275599838392265,deepwalk_dist,1.0
artificial_graph_sbmv_4_comuAndEmb_1_00_pos_0_00_1,1.0,1,GT_pos + SiNEcustom_spatial,0.31161968249011157,0.823544034090909,0.08556853088614035,0.7949184793233327,SiNEcustom_spatial_dist,0.70940375
artificial_graph_sbmv_4_comuAndEmb_1_00_pos_0_00_1,1.0,1,GT_pos + deepwalk,0.32191216038910847,0.8343158143939394,0.10701968621497401,0.793902957160917,deepwalk_dist,0.6812211
artificial_graph_sbmv_4_comuAndEmb_0_90_pos_0_10_1,0.9,1,Inferred_Commu_normal,0.15111367450322255,0.7595793932230103,0.04204183273286459,0.7416233439087159,louvain_density,1.0
artificial_graph_sbmv_4_comuAndEmb_0_90_pos_0_10_1,0.9,1,Inferred_Commu_spatial_manuel_iter,0.1483022298682428,0.7339933018124507,0.04887561607240229,0.7610594899306926,spatial_louvain_density,1.0
artificial_graph_sbmv_4_comuAndEmb_0_90_pos_0_10_1,0.9,1,GT_pos,0.08267763867496117,0.5326413514578409,0.021832239675308125,0.5288008060892417,GT_pos_dist,1.0
artificial_graph_sbmv_4_comuAndEmb_0_90_pos_0_10_1,0.9,1,GT_pos + Inferred_Commu normal,0.16116151491233802,0.720449172576832,0.039235867298744696,0.727932898517177,louvain_density,0.7476069
artificial_graph_sbmv_4_comuAndEmb_0_90_pos_0_10_1,0.9,1,GT_pos + Inferred_Commu spatial manuel iter,0.14171682663826551,0.6749039598108747,0.04068491012532354,0.7113733473128089,spatial_louvain_density,0.7257183
artificial_graph_sbmv_4_comuAndEmb_0_90_pos_0_10_1,0.9,1,SiNEcustom_spatial,0.2029553044764744,0.7526472616233255,0.07759792531032911,0.7583682139404421,SiNEcustom_spatial_dist,1.0
artificial_graph_sbmv_4_comuAndEmb_0_90_pos_0_10_1,0.9,1,deepwalk,0.2046104677093227,0.7613524428684004,0.07027765646498123,0.7263968355550714,deepwalk_dist,1.0
artificial_graph_sbmv_4_comuAndEmb_0_90_pos_0_10_1,0.9,1,GT_pos + SiNEcustom_spatial,0.18570315176949725,0.7508003349093775,0.06857051493038882,0.7546731389823123,SiNEcustom_spatial_dist,0.6431886
artificial_graph_sbmv_4_comuAndEmb_0_90_pos_0_10_1,0.9,1,GT_pos + deepwalk,0.22107258068951646,0.7809052403467296,0.06078176958434288,0.7193073351397721,deepwalk_dist,0.6128343
artificial_graph_sbmv_4_comuAndEmb_0_80_pos_0_20_1,0.8,1,Inferred_Commu_normal,0.15591924909283636,0.7666873504121976,0.04074853698228896,0.6890468712402325,louvain_density,1.0
artificial_graph_sbmv_4_comuAndEmb_0_80_pos_0_20_1,0.8,1,Inferred_Commu_spatial_manuel_iter,0.169922047222431,0.7620667494016489,0.04381615225709316,0.6960607135167995,spatial_louvain_density,1.0
artificial_graph_sbmv_4_comuAndEmb_0_80_pos_0_20_1,0.8,1,GT_pos,0.06914645472122792,0.48448719085187486,0.025531955658932695,0.575421410569775,GT_pos_dist,1.0
artificial_graph_sbmv_4_comuAndEmb_0_80_pos_0_20_1,0.8,1,GT_pos + Inferred_Commu normal,0.16508105719416294,0.697356174098041,0.03946447490947001,0.6893204240067882,louvain_density,0.7228519
artificial_graph_sbmv_4_comuAndEmb_0_80_pos_0_20_1,0.8,1,GT_pos + Inferred_Commu spatial manuel iter,0.14240342493894453,0.6988631327010018,0.034074347149789845,0.639791289370702,spatial_louvain_density,0.7217913
artificial_graph_sbmv_4_comuAndEmb_0_80_pos_0_20_1,0.8,1,SiNEcustom_spatial,0.3763853624415072,0.7508864462370357,0.07623597068882068,0.716916832360279,SiNEcustom_spatial_dist,1.0
artificial_graph_sbmv_4_comuAndEmb_0_80_pos_0_20_1,0.8,1,deepwalk,0.19554465100914026,0.7222320716248559,0.07495225172204914,0.6991994782234268,deepwalk_dist,1.0
artificial_graph_sbmv_4_comuAndEmb_0_80_pos_0_20_1,0.8,1,GT_pos + SiNEcustom_spatial,0.21848258167021845,0.725722453683184,0.06009056521460925,0.7348460632464128,SiNEcustom_spatial_dist,0.6190501
artificial_graph_sbmv_4_comuAndEmb_0_80_pos_0_20_1,0.8,1,GT_pos + deepwalk,0.10631064717971228,0.6474714121088555,0.04864976536328652,0.7069997847038412,deepwalk_dist,0.5605166
artificial_graph_sbmv_4_comuAndEmb_0_70_pos_0_30_1,0.7,1,Inferred_Commu_normal,0.10415564312931644,0.6483328408195429,0.03291289926412396,0.6403922876867145,louvain_density,1.0
artificial_graph_sbmv_4_comuAndEmb_0_70_pos_0_30_1,0.7,1,Inferred_Commu_spatial_manuel_iter,0.10634215757275406,0.6621232269503547,0.031476909860468395,0.6381691425770346,spatial_louvain_density,1.0
artificial_graph_sbmv_4_comuAndEmb_0_70_pos_0_30_1,0.7,1,GT_pos,0.13499662534741871,0.59410707249803,0.02568025696817335,0.577518416143571,GT_pos_dist,1.0
artificial_graph_sbmv_4_comuAndEmb_0_70_pos_0_30_1,0.7,1,GT_pos + Inferred_Commu normal,0.15310782095813633,0.6723552009456264,0.03814832567476336,0.6867880339319998,louvain_density,0.6078622
artificial_graph_sbmv_4_comuAndEmb_0_70_pos_0_30_1,0.7,1,GT_pos + Inferred_Commu spatial manuel iter,0.14485935145424822,0.6784131205673758,0.030813609839973014,0.6329578845603955,spatial_louvain_density,0.59381527
artificial_graph_sbmv_4_comuAndEmb_0_70_pos_0_30_1,0.7,1,SiNEcustom_spatial,0.1866497790247571,0.6887559101654847,0.04662818740307152,0.6822479269073134,SiNEcustom_spatial_dist,1.0
artificial_graph_sbmv_4_comuAndEmb_0_70_pos_0_30_1,0.7,1,deepwalk,0.15294311699077762,0.6646227344365642,0.05105760601182251,0.6762794624256205,deepwalk_dist,1.0
artificial_graph_sbmv_4_comuAndEmb_0_70_pos_0_30_1,0.7,1,GT_pos + SiNEcustom_spatial,0.21029473275836202,0.7280092592592593,0.048526459867010166,0.6915396032189104,SiNEcustom_spatial_dist,0.5951751
artificial_graph_sbmv_4_comuAndEmb_0_70_pos_0_30_1,0.7,1,GT_pos + deepwalk,0.15723356624033105,0.6570503349093775,0.0469372549857455,0.6779845045682928,deepwalk_dist,0.5629143
artificial_graph_sbmv_4_comuAndEmb_0_60_pos_0_40_1,0.6,1,Inferred_Commu_normal,0.10955529556137508,0.6430026869682042,0.034429145292011354,0.624008812836423,louvain_density,1.0
artificial_graph_sbmv_4_comuAndEmb_0_60_pos_0_40_1,0.6,1,Inferred_Commu_spatial_manuel_iter,0.1290026947533275,0.6392409314823108,0.03729897140175828,0.6579341221207333,spatial_louvain_density,1.0
artificial_graph_sbmv_4_comuAndEmb_0_60_pos_0_40_1,0.6,1,GT_pos,0.12089999855470726,0.6137931034482759,0.03908986027949424,0.6305400752816639,GT_pos_dist,1.0
artificial_graph_sbmv_4_comuAndEmb_0_60_pos_0_40_1,0.6,1,GT_pos + Inferred_Commu normal,0.12205879913179885,0.6702082400358262,0.04504846117027725,0.7152332318444008,louvain_density,0.63802207
artificial_graph_sbmv_4_comuAndEmb_0_60_pos_0_40_1,0.6,1,GT_pos + Inferred_Commu spatial manuel iter,0.13101729658522063,0.6538401253918495,0.03969209278215343,0.7073102863529503,spatial_louvain_density,0.5999172
artificial_graph_sbmv_4_comuAndEmb_0_60_pos_0_40_1,0.6,1,SiNEcustom_spatial,0.13551730561879158,0.588166144200627,0.05938665468948766,0.6710798936293213,SiNEcustom_spatial_dist,1.0
artificial_graph_sbmv_4_comuAndEmb_0_60_pos_0_40_1,0.6,1,deepwalk,0.12858265545970152,0.5631325570980743,0.037213289238355034,0.6389094436094089,deepwalk_dist,1.0
artificial_graph_sbmv_4_comuAndEmb_0_60_pos_0_40_1,0.6,1,GT_pos + SiNEcustom_spatial,0.11436270581558056,0.6567622033139275,0.05617937879456544,0.7348076206626328,SiNEcustom_spatial_dist,0.5174564
artificial_graph_sbmv_4_comuAndEmb_0_60_pos_0_40_1,0.6,1,GT_pos + deepwalk,0.1388476558017841,0.6266233766233766,0.04128239837829645,0.6933775259824514,deepwalk_dist,0.50491697
artificial_graph_sbmv_4_comuAndEmb_0_50_pos_0_50_1,0.5,1,Inferred_Commu_normal,0.09629998345070642,0.5828147788040837,0.03476284239527612,0.655363625222968,louvain_density,1.0
artificial_graph_sbmv_4_comuAndEmb_0_50_pos_0_50_1,0.5,1,Inferred_Commu_spatial_manuel_iter,0.08402944753366473,0.545223626640739,0.029653113863500745,0.6088119715145491,spatial_louvain_density,1.0
artificial_graph_sbmv_4_comuAndEmb_0_50_pos_0_50_1,0.5,1,GT_pos,0.14979730518902212,0.7062105007292173,0.05111401520281642,0.6973999537043342,GT_pos_dist,1.0
artificial_graph_sbmv_4_comuAndEmb_0_50_pos_0_50_1,0.5,1,GT_pos + Inferred_Commu normal,0.1394258095316766,0.6932425862907146,0.04246096799673186,0.6845139635898204,GT_pos_dist,0.5834949
artificial_graph_sbmv_4_comuAndEmb_0_50_pos_0_50_1,0.5,1,GT_pos + Inferred_Commu spatial manuel iter,0.15119759898803098,0.7125911521633447,0.05174470776761394,0.7256642747239279,spatial_louvain_density,0.5202871
artificial_graph_sbmv_4_comuAndEmb_0_50_pos_0_50_1,0.5,1,SiNEcustom_spatial,0.09367898783541365,0.6017501215362178,0.024771626408432893,0.5612650971528166,SiNEcustom_spatial_dist,1.0
artificial_graph_sbmv_4_comuAndEmb_0_50_pos_0_50_1,0.5,1,deepwalk,0.09516003076878575,0.6029411764705881,0.03943530824208702,0.6113414850015659,deepwalk_dist,1.0
artificial_graph_sbmv_4_comuAndEmb_0_50_pos_0_50_1,0.5,1,GT_pos + SiNEcustom_spatial,0.13443771783524155,0.693971803597472,0.04656064290078885,0.6780871720156316,GT_pos_dist,0.59856516
artificial_graph_sbmv_4_comuAndEmb_0_50_pos_0_50_1,0.5,1,GT_pos + deepwalk,0.12646286824804262,0.7002795333009237,0.04871011696705146,0.6936750588908103,GT_pos_dist,0.5890345
artificial_graph_sbmv_4_comuAndEmb_0_40_pos_0_60_1,0.3999999999999999,1,Inferred_Commu_normal,0.13272992401861514,0.710691128794577,0.032988776484310305,0.6706842019896194,louvain_density,1.0
artificial_graph_sbmv_4_comuAndEmb_0_40_pos_0_60_1,0.3999999999999999,1,Inferred_Commu_spatial_manuel_iter,0.0794705347625337,0.4884934669417428,0.022902696836877928,0.5500692041522491,spatial_louvain_density,1.0
artificial_graph_sbmv_4_comuAndEmb_0_40_pos_0_60_1,0.3999999999999999,1,GT_pos,0.15950913906851685,0.7214117300324197,0.05700989233512818,0.7135195447664361,GT_pos_dist,1.0
artificial_graph_sbmv_4_comuAndEmb_0_40_pos_0_60_1,0.3999999999999999,1,GT_pos + Inferred_Commu normal,0.1568615042569386,0.7239291678946851,0.05563429129346165,0.7150051362456747,GT_pos_dist,0.6893293
artificial_graph_sbmv_4_comuAndEmb_0_40_pos_0_60_1,0.3999999999999999,1,GT_pos + Inferred_Commu spatial manuel iter,0.16034595329121065,0.7048948816190196,0.05032750013087835,0.6987208044982699,GT_pos_dist,0.6620977
artificial_graph_sbmv_4_comuAndEmb_0_40_pos_0_60_1,0.3999999999999999,1,SiNEcustom_spatial,0.07604187150971918,0.5375159642401022,0.023998110607697923,0.5686789035467128,SiNEcustom_spatial_dist,1.0
artificial_graph_sbmv_4_comuAndEmb_0_40_pos_0_60_1,0.3999999999999999,1,deepwalk,0.12437578849687074,0.6589792710482365,0.04220956857182034,0.6588602941176471,deepwalk_dist,1.0
artificial_graph_sbmv_4_comuAndEmb_0_40_pos_0_60_1,0.3999999999999999,1,GT_pos + SiNEcustom_spatial,0.18663404373832498,0.732291973671284,0.04598515449371769,0.6945355752595155,GT_pos_dist,0.66243166
artificial_graph_sbmv_4_comuAndEmb_0_40_pos_0_60_1,0.3999999999999999,1,GT_pos + deepwalk,0.1615907645141288,0.7269746536987916,0.056865897498460806,0.7001450313581314,GT_pos_dist,0.63301575
artificial_graph_sbmv_4_comuAndEmb_0_30_pos_0_70_1,0.29999999999999993,1,Inferred_Commu_normal,0.1738887800279881,0.7733318405732199,0.048336131978187646,0.7034290409399099,louvain_density,1.0
artificial_graph_sbmv_4_comuAndEmb_0_30_pos_0_70_1,0.29999999999999993,1,Inferred_Commu_spatial_manuel_iter,0.07724292177383951,0.5131101656963727,0.01990723315511026,0.5089118058071528,spatial_louvain_density,1.0
artificial_graph_sbmv_4_comuAndEmb_0_30_pos_0_70_1,0.29999999999999993,1,GT_pos,0.2492197756410537,0.7812360053739364,0.09938923335874184,0.7734700584855856,GT_pos_dist,1.0
artificial_graph_sbmv_4_comuAndEmb_0_30_pos_0_70_1,0.29999999999999993,1,GT_pos + Inferred_Commu normal,0.24956539626078086,0.8045790416480072,0.07973826423104097,0.756393820195642,GT_pos_dist,0.6604178
artificial_graph_sbmv_4_comuAndEmb_0_30_pos_0_70_1,0.29999999999999993,1,GT_pos + Inferred_Commu spatial manuel iter,0.21401748668335413,0.7441222570532915,0.07185924856236806,0.7394776409088556,GT_pos_dist,0.6752825
artificial_graph_sbmv_4_comuAndEmb_0_30_pos_0_70_1,0.29999999999999993,1,SiNEcustom_spatial,0.12233944819799392,0.6033811016569637,0.02710783304695904,0.5895516536411158,SiNEcustom_spatial_dist,1.0
artificial_graph_sbmv_4_comuAndEmb_0_30_pos_0_70_1,0.29999999999999993,1,deepwalk,0.23843091605334313,0.731806986117331,0.04482237666253174,0.6716617928678641,deepwalk_dist,1.0
artificial_graph_sbmv_4_comuAndEmb_0_30_pos_0_70_1,0.29999999999999993,1,GT_pos + SiNEcustom_spatial,0.25498494209057904,0.7732982534706673,0.07533461881352067,0.7648656901816676,GT_pos_dist,0.6889343
artificial_graph_sbmv_4_comuAndEmb_0_30_pos_0_70_1,0.29999999999999993,1,GT_pos + deepwalk,0.23216465243641624,0.7849081952530229,0.061137734931148616,0.7522766678743336,GT_pos_dist,0.6765386
artificial_graph_sbmv_4_comuAndEmb_0_20_pos_0_80_1,0.19999999999999996,1,Inferred_Commu_normal,0.17890560994699123,0.7681159420289856,0.05513779065234707,0.7829663471074381,louvain_density,1.0
artificial_graph_sbmv_4_comuAndEmb_0_20_pos_0_80_1,0.19999999999999996,1,Inferred_Commu_spatial_manuel_iter,0.08618549256174336,0.5051224387806097,0.019823835088069907,0.49382704132231403,spatial_louvain_density,1.0
artificial_graph_sbmv_4_comuAndEmb_0_20_pos_0_80_1,0.19999999999999996,1,GT_pos,0.381508360199314,0.8335150606514925,0.11514029097769142,0.8142204297520661,GT_pos_dist,1.0
artificial_graph_sbmv_4_comuAndEmb_0_20_pos_0_80_1,0.19999999999999996,1,GT_pos + Inferred_Commu normal,0.38206400758021886,0.8221571032665486,0.11434842146286074,0.8084776198347108,GT_pos_dist,0.67601335
artificial_graph_sbmv_4_comuAndEmb_0_20_pos_0_80_1,0.19999999999999996,1,GT_pos + Inferred_Commu spatial manuel iter,0.28275166574807864,0.8206919267638908,0.09395321759667544,0.8094444958677686,GT_pos_dist,0.7206804
artificial_graph_sbmv_4_comuAndEmb_0_20_pos_0_80_1,0.19999999999999996,1,SiNEcustom_spatial,0.1160597298889296,0.6587728862841307,0.026684952923663487,0.6068881983471075,SiNEcustom_spatial_dist,1.0
artificial_graph_sbmv_4_comuAndEmb_0_20_pos_0_80_1,0.19999999999999996,1,deepwalk,0.21378249716177133,0.7557471264367817,0.05944402040039937,0.7263240991735539,deepwalk_dist,1.0
artificial_graph_sbmv_4_comuAndEmb_0_20_pos_0_80_1,0.19999999999999996,1,GT_pos + SiNEcustom_spatial,0.3478880360341062,0.8249170869110899,0.0851686376675668,0.7749101487603307,GT_pos_dist,0.70542896
artificial_graph_sbmv_4_comuAndEmb_0_20_pos_0_80_1,0.19999999999999996,1,GT_pos + deepwalk,0.40556665185150886,0.8269047294534551,0.09228413238142325,0.77177547107438,GT_pos_dist,0.69684917
artificial_graph_sbmv_4_comuAndEmb_0_10_pos_0_90_1,0.09999999999999998,1,Inferred_Commu_normal,0.1719140168282224,0.778542546908364,0.06518295326951178,0.7808534214876034,louvain_density,1.0
artificial_graph_sbmv_4_comuAndEmb_0_10_pos_0_90_1,0.09999999999999998,1,Inferred_Commu_spatial_manuel_iter,0.1087495892631495,0.5954977056926082,0.022949439755197497,0.5238603636363637,spatial_louvain_density,1.0
artificial_graph_sbmv_4_comuAndEmb_0_10_pos_0_90_1,0.09999999999999998,1,GT_pos,0.24134968340415658,0.8224637681159421,0.11796665208607271,0.8673272066115703,GT_pos_dist,1.0
artificial_graph_sbmv_4_comuAndEmb_0_10_pos_0_90_1,0.09999999999999998,1,GT_pos + Inferred_Commu normal,0.23644839306894333,0.8195674889827814,0.10603978636550088,0.8541040661157026,GT_pos_dist,0.776642
artificial_graph_sbmv_4_comuAndEmb_0_10_pos_0_90_1,0.09999999999999998,1,GT_pos + Inferred_Commu spatial manuel iter,0.25068799181532453,0.8085502703193858,0.10850845508221109,0.8415246280991735,GT_pos_dist,0.7519911
artificial_graph_sbmv_4_comuAndEmb_0_10_pos_0_90_1,0.09999999999999998,1,SiNEcustom_spatial,0.11850500640286787,0.6723342874017537,0.036261873353703775,0.6717043305785123,SiNEcustom_spatial_dist,1.0
artificial_graph_sbmv_4_comuAndEmb_0_10_pos_0_90_1,0.09999999999999998,1,deepwalk,0.18534560744299872,0.7616078324474127,0.06994485609016314,0.7889676694214875,deepwalk_dist,1.0
artificial_graph_sbmv_4_comuAndEmb_0_10_pos_0_90_1,0.09999999999999998,1,GT_pos + SiNEcustom_spatial,0.2332703253271001,0.8069601562854936,0.094163497236615,0.8302238677685951,GT_pos_dist,0.7493704
artificial_graph_sbmv_4_comuAndEmb_0_10_pos_0_90_1,0.09999999999999998,1,GT_pos + deepwalk,0.25830914825817497,0.8305052019444822,0.0906043440844975,0.8417129256198346,GT_pos_dist,0.7488748
artificial_graph_sbmv_4_comuAndEmb_0_00_pos_1_00_1,0.0,1,Inferred_Commu_normal,0.23055593008873737,0.8433420365535249,0.06686778782370476,0.8104027515227894,louvain_density,1.0
artificial_graph_sbmv_4_comuAndEmb_0_00_pos_1_00_1,0.0,1,Inferred_Commu_spatial_manuel_iter,0.1122901930216196,0.6075243294564444,0.020636474723324093,0.5265418241965973,spatial_louvain_density,1.0
artificial_graph_sbmv_4_comuAndEmb_0_00_pos_1_00_1,0.0,1,GT_pos,0.5059060616199516,0.9202705910277711,0.1552690010555511,0.8950896607855492,GT_pos_dist,1.0
artificial_graph_sbmv_4_comuAndEmb_0_00_pos_1_00_1,0.0,1,GT_pos + Inferred_Commu normal,0.44943662008358576,0.9119154996439591,0.14266588391587717,0.887766356857803,GT_pos_dist,0.7537724
artificial_graph_sbmv_4_comuAndEmb_0_00_pos_1_00_1,0.0,1,GT_pos + Inferred_Commu spatial manuel iter,0.4110590480329338,0.9157726085924519,0.13186073215567548,0.886241729678639,GT_pos_dist,0.7783773
artificial_graph_sbmv_4_comuAndEmb_0_00_pos_1_00_1,0.0,1,SiNEcustom_spatial,0.15790716631119814,0.7208402563493947,0.04183986319662649,0.7181624133585381,SiNEcustom_spatial_dist,1.0
artificial_graph_sbmv_4_comuAndEmb_0_00_pos_1_00_1,0.0,1,deepwalk,0.31530769882966936,0.8327676240208877,0.0967751134368261,0.8370213715605965,deepwalk_dist,1.0
artificial_graph_sbmv_4_comuAndEmb_0_00_pos_1_00_1,0.0,1,GT_pos + SiNEcustom_spatial,0.45694026081994915,0.9068478518870164,0.12941064382039513,0.8760435045158581,GT_pos_dist,0.7827681
artificial_graph_sbmv_4_comuAndEmb_0_00_pos_1_00_1,0.0,1,GT_pos + deepwalk,0.3944155611911963,0.922774744837408,0.15034048930589947,0.8783123293425752,GT_pos_dist,0.79532754
artificial_graph_sbmv_4_comuAndEmb_1_00_pos_0_00_2,1.0,2,Inferred_Commu_normal,0.15801484300689428,0.7495002498750625,0.05754322758590549,0.7603145785123967,louvain_density,1.0
artificial_graph_sbmv_4_comuAndEmb_1_00_pos_0_00_2,1.0,2,Inferred_Commu_spatial_manuel_iter,0.15328425456665373,0.7507609831447912,0.07143342355774918,0.8128489256198348,spatial_louvain_density,1.0
artificial_graph_sbmv_4_comuAndEmb_1_00_pos_0_00_2,1.0,2,GT_pos,0.0674412191919397,0.45230793694062066,0.021298767896354952,0.507820958677686,GT_pos_dist,1.0
artificial_graph_sbmv_4_comuAndEmb_1_00_pos_0_00_2,1.0,2,GT_pos + Inferred_Commu normal,0.1461257997164094,0.6754577256826133,0.04479745943723365,0.7016682314049586,louvain_density,0.7581188
artificial_graph_sbmv_4_comuAndEmb_1_00_pos_0_00_2,1.0,2,GT_pos + Inferred_Commu spatial manuel iter,0.14235194475880275,0.6871791377038753,0.05113017016312675,0.7010142148760331,spatial_louvain_density,0.73808396
artificial_graph_sbmv_4_comuAndEmb_1_00_pos_0_00_2,1.0,2,SiNEcustom_spatial,0.24148640207181066,0.7823474626323204,0.1163073577896838,0.8327028099173555,SiNEcustom_spatial_dist,1.0
artificial_graph_sbmv_4_comuAndEmb_1_00_pos_0_00_2,1.0,2,deepwalk,0.37473378160670595,0.8076529916859752,0.13624935545190786,0.8074169917355372,deepwalk_dist,1.0
artificial_graph_sbmv_4_comuAndEmb_1_00_pos_0_00_2,1.0,2,GT_pos + SiNEcustom_spatial,0.17864937692074773,0.7171527872427423,0.08626279278863277,0.8015398347107439,SiNEcustom_spatial_dist,0.6700048
artificial_graph_sbmv_4_comuAndEmb_1_00_pos_0_00_2,1.0,2,GT_pos + deepwalk,0.2695790564182298,0.7623120258052792,0.09959899656138824,0.7734058842975207,deepwalk_dist,0.6775965
artificial_graph_sbmv_4_comuAndEmb_0_90_pos_0_10_2,0.9,2,Inferred_Commu_normal,0.15635817783354786,0.7483327524108285,0.0446541641343642,0.7486988957318628,louvain_density,1.0
artificial_graph_sbmv_4_comuAndEmb_0_90_pos_0_10_2,0.9,2,Inferred_Commu_spatial_manuel_iter,0.15970531512420932,0.6756477285930056,0.04857341924883777,0.7172699217754163,spatial_louvain_density,1.0
artificial_graph_sbmv_4_comuAndEmb_0_90_pos_0_10_2,0.9,2,GT_pos,0.07542245629006053,0.505925409550366,0.02015165800640365,0.5028830388171048,GT_pos_dist,1.0
artificial_graph_sbmv_4_comuAndEmb_0_90_pos_0_10_2,0.9,2,GT_pos + Inferred_Commu normal,0.14895343408682193,0.688195654699663,0.04339166941101777,0.7250153631472314,louvain_density,0.7402721
artificial_graph_sbmv_4_comuAndEmb_0_90_pos_0_10_2,0.9,2,GT_pos + Inferred_Commu spatial manuel iter,0.15754803829291483,0.6926687579876845,0.03940027555570606,0.6649473359363469,spatial_louvain_density,0.74783295
artificial_graph_sbmv_4_comuAndEmb_0_90_pos_0_10_2,0.9,2,SiNEcustom_spatial,0.2625047425501871,0.7400023236900197,0.07806707134366928,0.7862848018891975,SiNEcustom_spatial_dist,1.0
artificial_graph_sbmv_4_comuAndEmb_0_90_pos_0_10_2,0.9,2,deepwalk,0.27309558271315454,0.7761705588474497,0.10886728599464221,0.7637015121630507,deepwalk_dist,1.0
artificial_graph_sbmv_4_comuAndEmb_0_90_pos_0_10_2,0.9,2,GT_pos + SiNEcustom_spatial,0.2561019172524877,0.7461020099918669,0.06728139128253945,0.7653181982852313,SiNEcustom_spatial_dist,0.6561767
artificial_graph_sbmv_4_comuAndEmb_0_90_pos_0_10_2,0.9,2,GT_pos + deepwalk,0.25060539365684786,0.7748344370860927,0.06606631220503745,0.7375153296032417,deepwalk_dist,0.6434797
artificial_graph_sbmv_4_comuAndEmb_0_80_pos_0_20_2,0.8,2,Inferred_Commu_normal,0.1433733334870532,0.7214460951342511,0.05066214271281255,0.7446324628099175,louvain_density,1.0
artificial_graph_sbmv_4_comuAndEmb_0_80_pos_0_20_2,0.8,2,Inferred_Commu_spatial_manuel_iter,0.15366810015458604,0.7243537322247967,0.05329169043090956,0.7488483966942149,spatial_louvain_density,1.0
artificial_graph_sbmv_4_comuAndEmb_0_80_pos_0_20_2,0.8,2,GT_pos,0.12416511565358761,0.5865135614011177,0.028655614923561144,0.5820285619834711,GT_pos_dist,1.0
artificial_graph_sbmv_4_comuAndEmb_0_80_pos_0_20_2,0.8,2,GT_pos + Inferred_Commu normal,0.13441934656845667,0.7378356276407252,0.04845642111869591,0.7315549090909091,louvain_density,0.75279135
artificial_graph_sbmv_4_comuAndEmb_0_80_pos_0_20_2,0.8,2,GT_pos + Inferred_Commu spatial manuel iter,0.1697659683239874,0.741901776384535,0.06191537218535641,0.7220711404958677,spatial_louvain_density,0.69053173
artificial_graph_sbmv_4_comuAndEmb_0_80_pos_0_20_2,0.8,2,SiNEcustom_spatial,0.19244739960668425,0.7211053564127029,0.07816001202940231,0.7892374214876032,SiNEcustom_spatial_dist,1.0
artificial_graph_sbmv_4_comuAndEmb_0_80_pos_0_20_2,0.8,2,deepwalk,0.1672829052827541,0.6809549770569261,0.05689391186148332,0.7026759669421488,deepwalk_dist,1.0
artificial_graph_sbmv_4_comuAndEmb_0_80_pos_0_20_2,0.8,2,GT_pos + SiNEcustom_spatial,0.20178776348917515,0.7363023033937577,0.06889250932892381,0.7707722314049588,SiNEcustom_spatial_dist,0.6175403
artificial_graph_sbmv_4_comuAndEmb_0_80_pos_0_20_2,0.8,2,GT_pos + deepwalk,0.13631447999841148,0.7125187406296852,0.05032746491324721,0.708860958677686,deepwalk_dist,0.5873099
artificial_graph_sbmv_4_comuAndEmb_0_70_pos_0_30_2,0.7,2,Inferred_Commu_normal,0.11729324646853151,0.6716210343328988,0.03550759275019556,0.6830727830592023,louvain_density,1.0
artificial_graph_sbmv_4_comuAndEmb_0_70_pos_0_30_2,0.7,2,Inferred_Commu_spatial_manuel_iter,0.13378487949845028,0.6710777922642329,0.03491956861653502,0.6657605251244907,spatial_louvain_density,1.0
artificial_graph_sbmv_4_comuAndEmb_0_70_pos_0_30_2,0.7,2,GT_pos,0.1269410976528446,0.5710777922642329,0.028413988342098122,0.5937281826869876,GT_pos_dist,1.0
artificial_graph_sbmv_4_comuAndEmb_0_70_pos_0_30_2,0.7,2,GT_pos + Inferred_Commu normal,0.14542003044910057,0.6999130812690134,0.04102061260636725,0.707322695035461,louvain_density,0.6522066
artificial_graph_sbmv_4_comuAndEmb_0_70_pos_0_30_2,0.7,2,GT_pos + Inferred_Commu spatial manuel iter,0.15626791493927208,0.7260321599304651,0.04162399218428475,0.7131017051456164,spatial_louvain_density,0.6358361
artificial_graph_sbmv_4_comuAndEmb_0_70_pos_0_30_2,0.7,2,SiNEcustom_spatial,0.16547735801687066,0.6511082138200782,0.05121099160380503,0.6904452743825762,SiNEcustom_spatial_dist,1.0
artificial_graph_sbmv_4_comuAndEmb_0_70_pos_0_30_2,0.7,2,deepwalk,0.1215019210088934,0.6612233811386353,0.050441123446635816,0.6720050550777124,deepwalk_dist,1.0
artificial_graph_sbmv_4_comuAndEmb_0_70_pos_0_30_2,0.7,2,GT_pos + SiNEcustom_spatial,0.18299725879689238,0.6866362451108214,0.05401183090774958,0.7237107036869372,SiNEcustom_spatial_dist,0.574101
artificial_graph_sbmv_4_comuAndEmb_0_70_pos_0_30_2,0.7,2,GT_pos + deepwalk,0.1380495420290398,0.6836266840504128,0.05102702020853047,0.6965812836376439,deepwalk_dist,0.52643615
artificial_graph_sbmv_4_comuAndEmb_0_60_pos_0_40_2,0.6,2,Inferred_Commu_normal,0.08483295236826477,0.6032078598484849,0.03622610447504255,0.6744822687640919,louvain_density,1.0
artificial_graph_sbmv_4_comuAndEmb_0_60_pos_0_40_2,0.6,2,Inferred_Commu_spatial_manuel_iter,0.09267426087601499,0.6154829545454544,0.03280594868091597,0.6428839161203717,spatial_louvain_density,1.0
artificial_graph_sbmv_4_comuAndEmb_0_60_pos_0_40_2,0.6,2,GT_pos,0.10052699356143302,0.6211292613636363,0.03405214770092155,0.6164852923927068,GT_pos_dist,1.0
artificial_graph_sbmv_4_comuAndEmb_0_60_pos_0_40_2,0.6,2,GT_pos + Inferred_Commu normal,0.11484621794530891,0.6611624053030303,0.04388675029719285,0.6846915768483884,louvain_density,0.60603637
artificial_graph_sbmv_4_comuAndEmb_0_60_pos_0_40_2,0.6,2,GT_pos + Inferred_Commu spatial manuel iter,0.10373381248788051,0.669140625,0.04525622789333308,0.7008748973660546,spatial_louvain_density,0.59542465
artificial_graph_sbmv_4_comuAndEmb_0_60_pos_0_40_2,0.6,2,SiNEcustom_spatial,0.17398824279841427,0.6493844696969697,0.04418746796912529,0.674606081142723,SiNEcustom_spatial_dist,1.0
artificial_graph_sbmv_4_comuAndEmb_0_60_pos_0_40_2,0.6,2,deepwalk,0.14767160937223392,0.5989820075757576,0.045485528668369676,0.6346407486087398,deepwalk_dist,1.0
artificial_graph_sbmv_4_comuAndEmb_0_60_pos_0_40_2,0.6,2,GT_pos + SiNEcustom_spatial,0.13166504066779935,0.6699692234848486,0.050490929080359806,0.6975117621759699,SiNEcustom_spatial_dist,0.5204186
artificial_graph_sbmv_4_comuAndEmb_0_60_pos_0_40_2,0.6,2,GT_pos + deepwalk,0.10954486923609602,0.6328006628787879,0.04250691610778523,0.6674286123890576,GT_pos_dist,0.533279
artificial_graph_sbmv_4_comuAndEmb_0_50_pos_0_50_2,0.5,2,Inferred_Commu_normal,0.1496471075463965,0.6559674708100495,0.032995783161182,0.634765090909091,louvain_density,1.0
artificial_graph_sbmv_4_comuAndEmb_0_50_pos_0_50_2,0.5,2,Inferred_Commu_spatial_manuel_iter,0.077158329653897,0.5205465449093635,0.02917041172024678,0.6224793388429753,spatial_louvain_density,1.0
artificial_graph_sbmv_4_comuAndEmb_0_50_pos_0_50_2,0.5,2,GT_pos,0.22825713918961538,0.7157444005270093,0.045100832601367734,0.6569417520661157,GT_pos_dist,1.0
artificial_graph_sbmv_4_comuAndEmb_0_50_pos_0_50_2,0.5,2,GT_pos + Inferred_Commu normal,0.25056553549565425,0.7071577847439916,0.041424180274166715,0.6464027768595041,GT_pos_dist,0.63636523
artificial_graph_sbmv_4_comuAndEmb_0_50_pos_0_50_2,0.5,2,GT_pos + Inferred_Commu spatial manuel iter,0.1967748527339173,0.7360637862886739,0.047028944613236964,0.6742836363636363,GT_pos_dist,0.5284454
artificial_graph_sbmv_4_comuAndEmb_0_50_pos_0_50_2,0.5,2,SiNEcustom_spatial,0.1257323791144934,0.6199627458997774,0.038493557182217975,0.6391903471074379,SiNEcustom_spatial_dist,1.0
artificial_graph_sbmv_4_comuAndEmb_0_50_pos_0_50_2,0.5,2,deepwalk,0.13903205212165715,0.6392826314115669,0.033498496996711695,0.6480569917355372,deepwalk_dist,1.0
artificial_graph_sbmv_4_comuAndEmb_0_50_pos_0_50_2,0.5,2,GT_pos + SiNEcustom_spatial,0.22076480361743023,0.7425378219980918,0.047775146226215225,0.6983407603305787,GT_pos_dist,0.55527544
artificial_graph_sbmv_4_comuAndEmb_0_50_pos_0_50_2,0.5,2,GT_pos + deepwalk,0.2309279257636663,0.7155172413793103,0.04351987142619165,0.6726325950413223,GT_pos_dist,0.57199913
artificial_graph_sbmv_4_comuAndEmb_0_40_pos_0_60_2,0.3999999999999999,2,Inferred_Commu_normal,0.1407118740129071,0.6550133612176136,0.04102137018622442,0.6609185358836379,louvain_density,1.0
artificial_graph_sbmv_4_comuAndEmb_0_40_pos_0_60_2,0.3999999999999999,2,Inferred_Commu_spatial_manuel_iter,0.08948568594369462,0.5807133728360636,0.022054991921859626,0.5196667377057915,spatial_louvain_density,1.0
artificial_graph_sbmv_4_comuAndEmb_0_40_pos_0_60_2,0.3999999999999999,2,GT_pos,0.2508576401053676,0.6995468804461484,0.06455437518199979,0.721760349512494,GT_pos_dist,1.0
artificial_graph_sbmv_4_comuAndEmb_0_40_pos_0_60_2,0.3999999999999999,2,GT_pos + Inferred_Commu normal,0.18656068051177632,0.7294992448007436,0.06199986910602621,0.7119039373434919,GT_pos_dist,0.66581273
artificial_graph_sbmv_4_comuAndEmb_0_40_pos_0_60_2,0.3999999999999999,2,GT_pos + Inferred_Commu spatial manuel iter,0.18451962118815834,0.7108516323922387,0.05043045237516041,0.7151985987532634,GT_pos_dist,0.5936626
artificial_graph_sbmv_4_comuAndEmb_0_40_pos_0_60_2,0.3999999999999999,2,SiNEcustom_spatial,0.0991170303788414,0.6066225165562914,0.0291382454119449,0.5862715115349778,SiNEcustom_spatial_dist,1.0
artificial_graph_sbmv_4_comuAndEmb_0_40_pos_0_60_2,0.3999999999999999,2,deepwalk,0.13951376800287218,0.6287324270942256,0.03451365989322431,0.626933240982471,deepwalk_dist,1.0
artificial_graph_sbmv_4_comuAndEmb_0_40_pos_0_60_2,0.3999999999999999,2,GT_pos + SiNEcustom_spatial,0.20309177558515035,0.7181247821540606,0.054460313772379934,0.7118796952421547,GT_pos_dist,0.6169456
artificial_graph_sbmv_4_comuAndEmb_0_40_pos_0_60_2,0.3999999999999999,2,GT_pos + deepwalk,0.23602081119558466,0.6963053328685953,0.05292540703722359,0.7122876818157601,GT_pos_dist,0.6180812
artificial_graph_sbmv_4_comuAndEmb_0_30_pos_0_70_2,0.29999999999999993,2,Inferred_Commu_normal,0.1439242266386692,0.7343873128447596,0.042681057140857834,0.7226749026816609,louvain_density,1.0
artificial_graph_sbmv_4_comuAndEmb_0_30_pos_0_70_2,0.29999999999999993,2,Inferred_Commu_spatial_manuel_iter,0.07942269757872127,0.5681269700551616,0.019424153225520022,0.49372161548442905,spatial_louvain_density,1.0
artificial_graph_sbmv_4_comuAndEmb_0_30_pos_0_70_2,0.29999999999999993,2,GT_pos,0.2254980877077539,0.7314076044129235,0.09470127506984041,0.7433115268166088,GT_pos_dist,1.0
artificial_graph_sbmv_4_comuAndEmb_0_30_pos_0_70_2,0.29999999999999993,2,GT_pos + Inferred_Commu normal,0.178652882145267,0.7130860914105595,0.07137723395875697,0.7211957990916955,GT_pos_dist,0.7145832
artificial_graph_sbmv_4_comuAndEmb_0_30_pos_0_70_2,0.29999999999999993,2,GT_pos + Inferred_Commu spatial manuel iter,0.23297972128382013,0.7397187746256895,0.07290151318749416,0.7252866836072664,GT_pos_dist,0.64727396
artificial_graph_sbmv_4_comuAndEmb_0_30_pos_0_70_2,0.29999999999999993,2,SiNEcustom_spatial,0.10159712871028842,0.580649133175729,0.027526117434685145,0.5982481347318339,SiNEcustom_spatial_dist,1.0
artificial_graph_sbmv_4_comuAndEmb_0_30_pos_0_70_2,0.29999999999999993,2,deepwalk,0.10782514867636966,0.6770463947990544,0.034208822502917756,0.6617241565743944,deepwalk_dist,1.0
artificial_graph_sbmv_4_comuAndEmb_0_30_pos_0_70_2,0.29999999999999993,2,GT_pos + SiNEcustom_spatial,0.19604223353336567,0.715450157604413,0.08057467725243593,0.7314651816608997,GT_pos_dist,0.6552995
artificial_graph_sbmv_4_comuAndEmb_0_30_pos_0_70_2,0.29999999999999993,2,GT_pos + deepwalk,0.17290903036917685,0.7082348305752562,0.06755542428569775,0.7382628676470588,GT_pos_dist,0.6798527
artificial_graph_sbmv_4_comuAndEmb_0_20_pos_0_80_2,0.19999999999999996,2,Inferred_Commu_normal,0.1561027642390073,0.7816057656995961,0.06133853390952385,0.7952206785628348,louvain_density,1.0
artificial_graph_sbmv_4_comuAndEmb_0_20_pos_0_80_2,0.19999999999999996,2,Inferred_Commu_spatial_manuel_iter,0.09740777264435099,0.5786471722365037,0.022319761598533272,0.5557527133648256,spatial_louvain_density,1.0
artificial_graph_sbmv_4_comuAndEmb_0_20_pos_0_80_2,0.19999999999999996,2,GT_pos,0.28781712459536873,0.8122819500550863,0.11266637689238668,0.828766099720115,GT_pos_dist,1.0
artificial_graph_sbmv_4_comuAndEmb_0_20_pos_0_80_2,0.19999999999999996,2,GT_pos + Inferred_Commu normal,0.3059284980298604,0.7942985677561514,0.10542450304970565,0.8204841630678437,GT_pos_dist,0.7076655
artificial_graph_sbmv_4_comuAndEmb_0_20_pos_0_80_2,0.19999999999999996,2,GT_pos + Inferred_Commu spatial manuel iter,0.2516598497590512,0.7993596217407272,0.09493833375661305,0.8159887792707792,GT_pos_dist,0.7015225
artificial_graph_sbmv_4_comuAndEmb_0_20_pos_0_80_2,0.19999999999999996,2,SiNEcustom_spatial,0.1355356841188237,0.6373026074182886,0.031230977096459875,0.6390030521396639,SiNEcustom_spatial_dist,1.0
artificial_graph_sbmv_4_comuAndEmb_0_20_pos_0_80_2,0.19999999999999996,2,deepwalk,0.15127391273260235,0.7159727322805729,0.045987431075035216,0.7166135180658806,deepwalk_dist,1.0
artificial_graph_sbmv_4_comuAndEmb_0_20_pos_0_80_2,0.19999999999999996,2,GT_pos + SiNEcustom_spatial,0.25993225742404913,0.7924853103195004,0.08976342728480442,0.8080276338952141,GT_pos_dist,0.7069779
artificial_graph_sbmv_4_comuAndEmb_0_20_pos_0_80_2,0.19999999999999996,2,GT_pos + deepwalk,0.26479714460655307,0.7926230260741829,0.07721752846694865,0.799008497866035,GT_pos_dist,0.69572616
artificial_graph_sbmv_4_comuAndEmb_0_10_pos_0_90_2,0.09999999999999998,2,Inferred_Commu_normal,0.20187348132372923,0.76894641782059,0.06508703368783512,0.7748227995242215,louvain_density,1.0
artificial_graph_sbmv_4_comuAndEmb_0_10_pos_0_90_2,0.09999999999999998,2,Inferred_Commu_spatial_manuel_iter,0.10356955180330166,0.5962793497892835,0.018497113830599154,0.47805660683391,spatial_louvain_density,1.0
artificial_graph_sbmv_4_comuAndEmb_0_10_pos_0_90_2,0.09999999999999998,2,GT_pos,0.3041252792409906,0.8221071643588199,0.13926294590613128,0.8537186418685121,GT_pos_dist,1.0
artificial_graph_sbmv_4_comuAndEmb_0_10_pos_0_90_2,0.09999999999999998,2,GT_pos + Inferred_Commu normal,0.27850643738503583,0.8212883804936786,0.13063814073517138,0.8531285142733563,GT_pos_dist,0.7479515
artificial_graph_sbmv_4_comuAndEmb_0_10_pos_0_90_2,0.09999999999999998,2,GT_pos + Inferred_Commu spatial manuel iter,0.3034857634080282,0.8053943407585791,0.12336217715967407,0.8436219993512111,GT_pos_dist,0.69982684
artificial_graph_sbmv_4_comuAndEmb_0_10_pos_0_90_2,0.09999999999999998,2,SiNEcustom_spatial,0.10851869735340766,0.6323540036122818,0.03249145063089631,0.6518118782439446,SiNEcustom_spatial_dist,1.0
artificial_graph_sbmv_4_comuAndEmb_0_10_pos_0_90_2,0.09999999999999998,2,deepwalk,0.17411273268865057,0.744021673690548,0.07201691138838182,0.7838421820934256,deepwalk_dist,1.0
artificial_graph_sbmv_4_comuAndEmb_0_10_pos_0_90_2,0.09999999999999998,2,GT_pos + SiNEcustom_spatial,0.2608168282990024,0.8044671884406984,0.1341739182656908,0.8468236375432526,GT_pos_dist,0.71503866
artificial_graph_sbmv_4_comuAndEmb_0_10_pos_0_90_2,0.09999999999999998,2,GT_pos + deepwalk,0.29400132537400964,0.8141481035520771,0.1259682897113251,0.8489722102076125,GT_pos_dist,0.73812914
artificial_graph_sbmv_4_comuAndEmb_0_00_pos_1_00_2,0.0,2,Inferred_Commu_normal,0.24672483146455576,0.8624324201535597,0.07660389302634676,0.8318536198347106,louvain_density,1.0
artificial_graph_sbmv_4_comuAndEmb_0_00_pos_1_00_2,0.0,2,Inferred_Commu_spatial_manuel_iter,0.12096415451518064,0.591079460269865,0.026638340849553594,0.604329520661157,spatial_louvain_density,1.0
artificial_graph_sbmv_4_comuAndEmb_0_00_pos_1_00_2,0.0,2,GT_pos,0.3982394076302014,0.9123847167325428,0.17690822500240996,0.9191501487603305,GT_pos_dist,1.0
artificial_graph_sbmv_4_comuAndEmb_0_00_pos_1_00_2,0.0,2,GT_pos + Inferred_Commu normal,0.37942991521391906,0.8987778837853799,0.15608265752619305,0.9101007603305784,GT_pos_dist,0.83442265
artificial_graph_sbmv_4_comuAndEmb_0_00_pos_1_00_2,0.0,2,GT_pos + Inferred_Commu spatial manuel iter,0.4040062444684955,0.9036277315887511,0.1815290042300143,0.9045092231404958,GT_pos_dist,0.8014553
artificial_graph_sbmv_4_comuAndEmb_0_00_pos_1_00_2,0.0,2,SiNEcustom_spatial,0.16721868642561274,0.7575984734905274,0.04665335644460313,0.7394936859504133,SiNEcustom_spatial_dist,1.0
artificial_graph_sbmv_4_comuAndEmb_0_00_pos_1_00_2,0.0,2,deepwalk,0.32970887000546,0.8450547453545955,0.09557100950119286,0.8448121652892563,deepwalk_dist,1.0
artificial_graph_sbmv_4_comuAndEmb_0_00_pos_1_00_2,0.0,2,GT_pos + SiNEcustom_spatial,0.36590537714809324,0.9139293989368952,0.14482518967351873,0.8970805950413224,GT_pos_dist,0.8175361
artificial_graph_sbmv_4_comuAndEmb_0_00_pos_1_00_2,0.0,2,GT_pos + deepwalk,0.43731139551746756,0.9105901594657216,0.15214618574200653,0.9017897520661158,GT_pos_dist,0.78773844
artificial_graph_sbmv_4_comuAndEmb_1_00_pos_0_00_3,1.0,3,Inferred_Commu_normal,0.16475056337277555,0.780382536004725,0.049419048148611366,0.7612575206611569,louvain_density,1.0
artificial_graph_sbmv_4_comuAndEmb_1_00_pos_0_00_3,1.0,3,Inferred_Commu_spatial_manuel_iter,0.22995775762786838,0.7916269138158194,0.0645628529662575,0.7512597685950413,spatial_louvain_density,1.0
artificial_graph_sbmv_4_comuAndEmb_1_00_pos_0_00_3,1.0,3,GT_pos,0.06791831692525115,0.48128208622961244,0.02135092071441292,0.513014611570248,GT_pos_dist,1.0
artificial_graph_sbmv_4_comuAndEmb_1_00_pos_0_00_3,1.0,3,GT_pos + Inferred_Commu normal,0.1280005640788468,0.716993775839353,0.05463844418363884,0.7709410909090909,louvain_density,0.8186264
artificial_graph_sbmv_4_comuAndEmb_1_00_pos_0_00_3,1.0,3,GT_pos + Inferred_Commu spatial manuel iter,0.17511700478897646,0.7487733406024261,0.05355626705567578,0.7232617520661158,spatial_louvain_density,0.8077658
artificial_graph_sbmv_4_comuAndEmb_1_00_pos_0_00_3,1.0,3,SiNEcustom_spatial,0.4201600457581135,0.8208168642951251,0.10516387258176708,0.8265060495867771,SiNEcustom_spatial_dist,1.0
artificial_graph_sbmv_4_comuAndEmb_1_00_pos_0_00_3,1.0,3,deepwalk,0.3304667482504461,0.8120939530234883,0.1277768813933724,0.8054768925619835,deepwalk_dist,1.0
artificial_graph_sbmv_4_comuAndEmb_1_00_pos_0_00_3,1.0,3,GT_pos + SiNEcustom_spatial,0.270811817368802,0.8040070873654082,0.09023565200806413,0.7931849256198347,SiNEcustom_spatial_dist,0.6875452
artificial_graph_sbmv_4_comuAndEmb_1_00_pos_0_00_3,1.0,3,GT_pos + deepwalk,0.24743045831407434,0.78746990141293,0.0830968803110976,0.7738710743801653,deepwalk_dist,0.6975
artificial_graph_sbmv_4_comuAndEmb_0_90_pos_0_10_3,0.9,3,Inferred_Commu_normal,0.12425516860868005,0.7099786931818182,0.04867665496089513,0.7793129064630062,louvain_density,1.0
artificial_graph_sbmv_4_comuAndEmb_0_90_pos_0_10_3,0.9,3,Inferred_Commu_spatial_manuel_iter,0.12293490086514416,0.7008167613636364,0.043416741273020525,0.7075085039554796,spatial_louvain_density,1.0
artificial_graph_sbmv_4_comuAndEmb_0_90_pos_0_10_3,0.9,3,GT_pos,0.07736052521622633,0.547845643939394,0.022297468913041518,0.5258073218730857,GT_pos_dist,1.0
artificial_graph_sbmv_4_comuAndEmb_0_90_pos_0_10_3,0.9,3,GT_pos + Inferred_Commu normal,0.13572889846126235,0.7208806818181818,0.04856576976657173,0.758760572925491,louvain_density,0.8277158
artificial_graph_sbmv_4_comuAndEmb_0_90_pos_0_10_3,0.9,3,GT_pos + Inferred_Commu spatial manuel iter,0.14865917335299844,0.725591856060606,0.04736221757546606,0.7196735263068723,spatial_louvain_density,0.8378073
artificial_graph_sbmv_4_comuAndEmb_0_90_pos_0_10_3,0.9,3,SiNEcustom_spatial,0.2690806649147202,0.771484375,0.08983663154835296,0.8037724980124854,SiNEcustom_spatial_dist,1.0
artificial_graph_sbmv_4_comuAndEmb_0_90_pos_0_10_3,0.9,3,deepwalk,0.2699238938051682,0.745111268939394,0.10856995150360617,0.783517444512505,deepwalk_dist,1.0
artificial_graph_sbmv_4_comuAndEmb_0_90_pos_0_10_3,0.9,3,GT_pos + SiNEcustom_spatial,0.2797659949515702,0.762417140151515,0.06962543503715313,0.7733388940296367,SiNEcustom_spatial_dist,0.6534545
artificial_graph_sbmv_4_comuAndEmb_0_90_pos_0_10_3,0.9,3,GT_pos + deepwalk,0.21623929500292344,0.7046638257575757,0.08941283040805156,0.7583939579559227,deepwalk_dist,0.62759584
artificial_graph_sbmv_4_comuAndEmb_0_80_pos_0_20_3,0.8,3,Inferred_Commu_normal,0.13135119834111456,0.6835490108582478,0.038576426958588664,0.7032592592592593,louvain_density,1.0
artificial_graph_sbmv_4_comuAndEmb_0_80_pos_0_20_3,0.8,3,Inferred_Commu_spatial_manuel_iter,0.1099200124968149,0.6152263374485596,0.041010490460490934,0.7034429355281209,spatial_louvain_density,1.0
artificial_graph_sbmv_4_comuAndEmb_0_80_pos_0_20_3,0.8,3,GT_pos,0.07905043160658362,0.527715801477515,0.02296625913713616,0.5241757201646091,GT_pos_dist,1.0
artificial_graph_sbmv_4_comuAndEmb_0_80_pos_0_20_3,0.8,3,GT_pos + Inferred_Commu normal,0.11522582471336662,0.6825449947939908,0.041453231486049576,0.707951989026063,louvain_density,0.7203878
artificial_graph_sbmv_4_comuAndEmb_0_80_pos_0_20_3,0.8,3,GT_pos + Inferred_Commu spatial manuel iter,0.11136231220035804,0.6426198621647081,0.03310546753653693,0.652510013717421,spatial_louvain_density,0.6593625
artificial_graph_sbmv_4_comuAndEmb_0_80_pos_0_20_3,0.8,3,SiNEcustom_spatial,0.14393091671927516,0.6490901879121425,0.0804461529028326,0.7300252400548697,SiNEcustom_spatial_dist,1.0
artificial_graph_sbmv_4_comuAndEmb_0_80_pos_0_20_3,0.8,3,deepwalk,0.14273764995509647,0.6205315087510537,0.0791903738281371,0.7429355281207133,deepwalk_dist,1.0
artificial_graph_sbmv_4_comuAndEmb_0_80_pos_0_20_3,0.8,3,GT_pos + SiNEcustom_spatial,0.11818184521591334,0.6359636075164858,0.05447115252357448,0.7255877914951989,SiNEcustom_spatial_dist,0.60401666
artificial_graph_sbmv_4_comuAndEmb_0_80_pos_0_20_3,0.8,3,GT_pos + deepwalk,0.09985365121628152,0.6351207298329118,0.059647084452397095,0.7185259259259259,deepwalk_dist,0.5926633
artificial_graph_sbmv_4_comuAndEmb_0_70_pos_0_30_3,0.7,3,Inferred_Commu_normal,0.11278048197577044,0.6866750394011032,0.03858164211058997,0.6956151196198308,louvain_density,1.0
artificial_graph_sbmv_4_comuAndEmb_0_70_pos_0_30_3,0.7,3,Inferred_Commu_spatial_manuel_iter,0.12281950519562042,0.6619139085894405,0.03932810784558178,0.6853400688988439,spatial_louvain_density,1.0
artificial_graph_sbmv_4_comuAndEmb_0_70_pos_0_30_3,0.7,3,GT_pos,0.11586576493975559,0.5994385342789598,0.027529455718700482,0.5763054696967633,GT_pos_dist,1.0
artificial_graph_sbmv_4_comuAndEmb_0_70_pos_0_30_3,0.7,3,GT_pos + Inferred_Commu normal,0.14888435090800575,0.7100448187549251,0.03467273606303044,0.688618210536349,louvain_density,0.69208246
artificial_graph_sbmv_4_comuAndEmb_0_70_pos_0_30_3,0.7,3,GT_pos + Inferred_Commu spatial manuel iter,0.1685850585940402,0.6997266548463358,0.03784569782154023,0.686557372584796,spatial_louvain_density,0.62357336
artificial_graph_sbmv_4_comuAndEmb_0_70_pos_0_30_3,0.7,3,SiNEcustom_spatial,0.17624571658263444,0.6336189913317573,0.055161852396340166,0.6578265546493103,SiNEcustom_spatial_dist,1.0
artificial_graph_sbmv_4_comuAndEmb_0_70_pos_0_30_3,0.7,3,deepwalk,0.14781015782147405,0.679508963750985,0.037970154417677204,0.664888549992511,deepwalk_dist,1.0
artificial_graph_sbmv_4_comuAndEmb_0_70_pos_0_30_3,0.7,3,GT_pos + SiNEcustom_spatial,0.20579048628179605,0.6799399133175729,0.05421263633623729,0.6927724295693142,SiNEcustom_spatial_dist,0.54740787
artificial_graph_sbmv_4_comuAndEmb_0_70_pos_0_30_3,0.7,3,GT_pos + deepwalk,0.24114698428216713,0.6774404058313632,0.03662450905119192,0.6468061437071936,deepwalk_dist,0.54595375
artificial_graph_sbmv_4_comuAndEmb_0_60_pos_0_40_3,0.6,3,Inferred_Commu_normal,0.14123640162636816,0.6948873233634079,0.03713272781526992,0.6691732791112874,louvain_density,1.0
artificial_graph_sbmv_4_comuAndEmb_0_60_pos_0_40_3,0.6,3,Inferred_Commu_spatial_manuel_iter,0.14509692130541085,0.6923742429860338,0.027427467507344115,0.5891829498115453,spatial_louvain_density,1.0
artificial_graph_sbmv_4_comuAndEmb_0_60_pos_0_40_3,0.6,3,GT_pos,0.1455420777865849,0.6171981213694229,0.033568898171679004,0.6343143721483833,GT_pos_dist,1.0
artificial_graph_sbmv_4_comuAndEmb_0_60_pos_0_40_3,0.6,3,GT_pos + Inferred_Commu normal,0.14786832465004454,0.7261257364149465,0.03788404318426712,0.6920826720888712,louvain_density,0.5792772
artificial_graph_sbmv_4_comuAndEmb_0_60_pos_0_40_3,0.6,3,GT_pos + Inferred_Commu spatial manuel iter,0.15935513882569396,0.7445309603262884,0.039908740746273874,0.6943779756000794,spatial_louvain_density,0.5863503
artificial_graph_sbmv_4_comuAndEmb_0_60_pos_0_40_3,0.6,3,SiNEcustom_spatial,0.14927236443931802,0.7144460923660034,0.048993803320256296,0.6581191727831779,SiNEcustom_spatial_dist,1.0
artificial_graph_sbmv_4_comuAndEmb_0_60_pos_0_40_3,0.6,3,deepwalk,0.12473303836463186,0.6216475095785441,0.03985780566110028,0.6524285855980957,deepwalk_dist,1.0
artificial_graph_sbmv_4_comuAndEmb_0_60_pos_0_40_3,0.6,3,GT_pos + SiNEcustom_spatial,0.1546205794501239,0.7217278457545421,0.050841972330451665,0.7213814223368379,SiNEcustom_spatial_dist,0.5061869
artificial_graph_sbmv_4_comuAndEmb_0_60_pos_0_40_3,0.6,3,GT_pos + deepwalk,0.14436735557833574,0.6979565772669221,0.038188245906606126,0.6841565413608413,deepwalk_dist,0.5588997
artificial_graph_sbmv_4_comuAndEmb_0_50_pos_0_50_3,0.5,3,Inferred_Commu_normal,0.10505750819124664,0.599120938873533,0.033638713495798445,0.6279202110901072,louvain_density,1.0
artificial_graph_sbmv_4_comuAndEmb_0_50_pos_0_50_3,0.5,3,Inferred_Commu_spatial_manuel_iter,0.10633806608104987,0.6064049118673251,0.029136237664750205,0.5969970856962823,spatial_louvain_density,1.0
artificial_graph_sbmv_4_comuAndEmb_0_50_pos_0_50_3,0.5,3,GT_pos,0.1521601116862233,0.6461665684897366,0.050607690431699964,0.6815675540852763,GT_pos_dist,1.0
artificial_graph_sbmv_4_comuAndEmb_0_50_pos_0_50_3,0.5,3,GT_pos + Inferred_Commu normal,0.1622226296234493,0.62568535049164,0.048231315403699765,0.670232356647763,GT_pos_dist,0.62640995
artificial_graph_sbmv_4_comuAndEmb_0_50_pos_0_50_3,0.5,3,GT_pos + Inferred_Commu spatial manuel iter,0.1445589090591501,0.6701821559653813,0.04995617946197639,0.7066406742281034,GT_pos_dist,0.5482846
artificial_graph_sbmv_4_comuAndEmb_0_50_pos_0_50_3,0.5,3,SiNEcustom_spatial,0.09664144803414548,0.5811772169105986,0.03149461558558714,0.6162274207099349,SiNEcustom_spatial_dist,1.0
artificial_graph_sbmv_4_comuAndEmb_0_50_pos_0_50_3,0.5,3,deepwalk,0.12728684054067446,0.604524446055553,0.03889692584531396,0.6620285916824197,deepwalk_dist,1.0
artificial_graph_sbmv_4_comuAndEmb_0_50_pos_0_50_3,0.5,3,GT_pos + SiNEcustom_spatial,0.12098681215425702,0.646211880918936,0.05517029417739268,0.7173323618987608,GT_pos_dist,0.5983059
artificial_graph_sbmv_4_comuAndEmb_0_50_pos_0_50_3,0.5,3,GT_pos + deepwalk,0.19271833926943993,0.6528048393674385,0.05820299742113665,0.7143176328502415,GT_pos_dist,0.579574
artificial_graph_sbmv_4_comuAndEmb_0_40_pos_0_60_3,0.3999999999999999,3,Inferred_Commu_normal,0.14862273577099316,0.73102328705777,0.03771851905477934,0.6731988283809305,louvain_density,1.0
artificial_graph_sbmv_4_comuAndEmb_0_40_pos_0_60_3,0.3999999999999999,3,Inferred_Commu_spatial_manuel_iter,0.07181648078583316,0.5246417375727721,0.023049198576823936,0.5390061792628563,spatial_louvain_density,1.0
artificial_graph_sbmv_4_comuAndEmb_0_40_pos_0_60_3,0.3999999999999999,3,GT_pos,0.25337114766252145,0.7650582176444245,0.06056512371530032,0.7073236469212882,GT_pos_dist,1.0
artificial_graph_sbmv_4_comuAndEmb_0_40_pos_0_60_3,0.3999999999999999,3,GT_pos + Inferred_Commu normal,0.23870906645894482,0.7408307210031347,0.04314039715084912,0.6394335889826698,GT_pos_dist,0.5791186
artificial_graph_sbmv_4_comuAndEmb_0_40_pos_0_60_3,0.3999999999999999,3,GT_pos + Inferred_Commu spatial manuel iter,0.21913253175226935,0.7730071652485446,0.04793941583890462,0.7151317429118331,GT_pos_dist,0.5999487
artificial_graph_sbmv_4_comuAndEmb_0_40_pos_0_60_3,0.3999999999999999,3,SiNEcustom_spatial,0.08057904240269997,0.530026869682042,0.029150040270706827,0.6024135095900618,SiNEcustom_spatial_dist,1.0
artificial_graph_sbmv_4_comuAndEmb_0_40_pos_0_60_3,0.3999999999999999,3,deepwalk,0.10921469209019717,0.5940326914464845,0.04370307622412882,0.6825468583394355,deepwalk_dist,1.0
artificial_graph_sbmv_4_comuAndEmb_0_40_pos_0_60_3,0.3999999999999999,3,GT_pos + SiNEcustom_spatial,0.17859111980083878,0.7592028660994179,0.04633812337279409,0.7151140144653845,GT_pos_dist,0.59169
artificial_graph_sbmv_4_comuAndEmb_0_40_pos_0_60_3,0.3999999999999999,3,GT_pos + deepwalk,0.19370134439956033,0.7125839677563816,0.057654875702897915,0.7113238524684934,GT_pos_dist,0.5922864
artificial_graph_sbmv_4_comuAndEmb_0_30_pos_0_70_3,0.29999999999999993,3,Inferred_Commu_normal,0.15358810561564637,0.7117978085180225,0.047777412604470264,0.7278355744116305,louvain_density,1.0
artificial_graph_sbmv_4_comuAndEmb_0_30_pos_0_70_3,0.29999999999999993,3,Inferred_Commu_spatial_manuel_iter,0.08058561612952436,0.542924785562001,0.021138854284176965,0.5209905888531116,spatial_louvain_density,1.0
artificial_graph_sbmv_4_comuAndEmb_0_30_pos_0_70_3,0.29999999999999993,3,GT_pos,0.2699633239703495,0.8190787842728939,0.07660323204423472,0.7742603059659208,GT_pos_dist,1.0
artificial_graph_sbmv_4_comuAndEmb_0_30_pos_0_70_3,0.29999999999999993,3,GT_pos + Inferred_Commu normal,0.24860619945231394,0.7863552977341465,0.07078359436394538,0.7712158483160818,GT_pos_dist,0.65521616
artificial_graph_sbmv_4_comuAndEmb_0_30_pos_0_70_3,0.29999999999999993,3,GT_pos + Inferred_Commu spatial manuel iter,0.2585766957616998,0.812769596906143,0.08064825710694563,0.7682547228479429,GT_pos_dist,0.6741927
artificial_graph_sbmv_4_comuAndEmb_0_30_pos_0_70_3,0.29999999999999993,3,SiNEcustom_spatial,0.08353703280795537,0.5754499479399078,0.026469575585570712,0.5939684360359863,SiNEcustom_spatial_dist,1.0
artificial_graph_sbmv_4_comuAndEmb_0_30_pos_0_70_3,0.29999999999999993,3,deepwalk,0.11954716526006871,0.6424215380038674,0.04635758035201573,0.6897406061276103,deepwalk_dist,1.0
artificial_graph_sbmv_4_comuAndEmb_0_30_pos_0_70_3,0.29999999999999993,3,GT_pos + SiNEcustom_spatial,0.25136840926393006,0.7912514254549061,0.06555355209445708,0.7540870081950222,GT_pos_dist,0.65757036
artificial_graph_sbmv_4_comuAndEmb_0_30_pos_0_70_3,0.29999999999999993,3,GT_pos + deepwalk,0.2749338706984537,0.840150726362239,0.06461841611274569,0.7398980113597103,GT_pos_dist,0.6678168
artificial_graph_sbmv_4_comuAndEmb_0_20_pos_0_80_3,0.19999999999999996,3,Inferred_Commu_normal,0.15882629483700036,0.7478693181818182,0.05493373917232091,0.7501646052991697,louvain_density,1.0
artificial_graph_sbmv_4_comuAndEmb_0_20_pos_0_80_3,0.19999999999999996,3,Inferred_Commu_spatial_manuel_iter,0.08345322358250451,0.5761363636363636,0.02199208674463324,0.5356208213322211,spatial_louvain_density,1.0
artificial_graph_sbmv_4_comuAndEmb_0_20_pos_0_80_3,0.19999999999999996,3,GT_pos,0.28666644806225966,0.8080374053030304,0.10657620849249091,0.8419183098958674,GT_pos_dist,1.0
artificial_graph_sbmv_4_comuAndEmb_0_20_pos_0_80_3,0.19999999999999996,3,GT_pos + Inferred_Commu normal,0.2759387881939553,0.7748342803030304,0.09181737174718668,0.825261244118912,GT_pos_dist,0.737046
artificial_graph_sbmv_4_comuAndEmb_0_20_pos_0_80_3,0.19999999999999996,3,GT_pos + Inferred_Commu spatial manuel iter,0.24135899968996877,0.7730705492424241,0.1057206580376373,0.8426632694287688,GT_pos_dist,0.7117517
artificial_graph_sbmv_4_comuAndEmb_0_20_pos_0_80_3,0.19999999999999996,3,SiNEcustom_spatial,0.10702575009912957,0.6068892045454546,0.033300949825397774,0.6383449543197488,SiNEcustom_spatial_dist,1.0
artificial_graph_sbmv_4_comuAndEmb_0_20_pos_0_80_3,0.19999999999999996,3,deepwalk,0.14280175970278164,0.6522964015151516,0.05928262553709572,0.7512962504398597,deepwalk_dist,1.0
artificial_graph_sbmv_4_comuAndEmb_0_20_pos_0_80_3,0.19999999999999996,3,GT_pos + SiNEcustom_spatial,0.23269576201989225,0.7983191287878786,0.09521608809199567,0.8266901692971366,GT_pos_dist,0.71812195
artificial_graph_sbmv_4_comuAndEmb_0_20_pos_0_80_3,0.19999999999999996,3,GT_pos + deepwalk,0.2903790472302272,0.7999999999999999,0.09261302098506256,0.8309884137679364,GT_pos_dist,0.7246918
artificial_graph_sbmv_4_comuAndEmb_0_10_pos_0_90_3,0.09999999999999998,3,Inferred_Commu_normal,0.1765747328168013,0.7733406024260597,0.06347643214789325,0.8070832396694214,louvain_density,1.0
artificial_graph_sbmv_4_comuAndEmb_0_10_pos_0_90_3,0.09999999999999998,3,Inferred_Commu_spatial_manuel_iter,0.11318657781059738,0.64372359274908,0.02360278053469737,0.5551014876033058,spatial_louvain_density,1.0
artificial_graph_sbmv_4_comuAndEmb_0_10_pos_0_90_3,0.09999999999999998,3,GT_pos,0.3639313066148221,0.8401935395938395,0.1284254927463223,0.8615300495867769,GT_pos_dist,1.0
artificial_graph_sbmv_4_comuAndEmb_0_10_pos_0_90_3,0.09999999999999998,3,GT_pos + Inferred_Commu normal,0.41139626533546836,0.8297328608423061,0.12355108617060902,0.8497408264462811,GT_pos_dist,0.7057733
artificial_graph_sbmv_4_comuAndEmb_0_10_pos_0_90_3,0.09999999999999998,3,GT_pos + Inferred_Commu spatial manuel iter,0.34084858362304304,0.832186179637454,0.12056282734244651,0.8344844958677686,GT_pos_dist,0.75013137
artificial_graph_sbmv_4_comuAndEmb_0_10_pos_0_90_3,0.09999999999999998,3,SiNEcustom_spatial,0.16774515157167555,0.6935623097542138,0.04134699942425735,0.6919814876033058,SiNEcustom_spatial_dist,1.0
artificial_graph_sbmv_4_comuAndEmb_0_10_pos_0_90_3,0.09999999999999998,3,deepwalk,0.2555871009924235,0.7726136931534233,0.07653482865781258,0.7768887272727272,deepwalk_dist,1.0
artificial_graph_sbmv_4_comuAndEmb_0_10_pos_0_90_3,0.09999999999999998,3,GT_pos + SiNEcustom_spatial,0.31927022424239093,0.8397278633410568,0.10510320399960028,0.8447172231404959,GT_pos_dist,0.75678253
artificial_graph_sbmv_4_comuAndEmb_0_10_pos_0_90_3,0.09999999999999998,3,GT_pos + deepwalk,0.3408435009700471,0.8294489119076826,0.13214462077602335,0.853993785123967,GT_pos_dist,0.75237155
artificial_graph_sbmv_4_comuAndEmb_0_00_pos_1_00_3,0.0,3,Inferred_Commu_normal,0.25051138953034374,0.8684240337124473,0.07906695793333468,0.8568580495867768,louvain_density,1.0
artificial_graph_sbmv_4_comuAndEmb_0_00_pos_1_00_3,0.0,3,Inferred_Commu_spatial_manuel_iter,0.1287604662535375,0.6048642892745478,0.022073296425431335,0.5129384462809917,spatial_louvain_density,1.0
artificial_graph_sbmv_4_comuAndEmb_0_00_pos_1_00_3,0.0,3,GT_pos,0.3963514527005213,0.9218473877384568,0.16312558723719164,0.9145176859504132,GT_pos_dist,1.0
artificial_graph_sbmv_4_comuAndEmb_0_00_pos_1_00_3,0.0,3,GT_pos + Inferred_Commu normal,0.4060124993354619,0.9213716072318637,0.164620644832693,0.9082599669421488,GT_pos_dist,0.85407275
artificial_graph_sbmv_4_comuAndEmb_0_00_pos_1_00_3,0.0,3,GT_pos + Inferred_Commu spatial manuel iter,0.42609454908380556,0.9101567810050297,0.1518131126755151,0.9019481652892561,GT_pos_dist,0.8028334
artificial_graph_sbmv_4_comuAndEmb_0_00_pos_1_00_3,0.0,3,SiNEcustom_spatial,0.2158066655772497,0.7683741900403283,0.04952964757223275,0.7585129256198346,SiNEcustom_spatial_dist,1.0
artificial_graph_sbmv_4_comuAndEmb_0_00_pos_1_00_3,0.0,3,deepwalk,0.2623972752869264,0.8174475508632016,0.08663522479980143,0.8394411900826446,deepwalk_dist,1.0
artificial_graph_sbmv_4_comuAndEmb_0_00_pos_1_00_3,0.0,3,GT_pos + SiNEcustom_spatial,0.34205267900861475,0.9104739680094249,0.1279928283000861,0.8961662148760331,GT_pos_dist,0.83124334
artificial_graph_sbmv_4_comuAndEmb_0_00_pos_1_00_3,0.0,3,GT_pos + deepwalk,0.3938099972332812,0.911618106846708,0.14964914758949882,0.9001836694214878,GT_pos_dist,0.81144947
artificial_graph_sbmv_4_comuAndEmb_1_00_pos_0_00_4,1.0,4,Inferred_Commu_normal,0.15708357041338225,0.7818055071453467,0.06344109949681873,0.778660521407774,louvain_density,1.0
artificial_graph_sbmv_4_comuAndEmb_1_00_pos_0_00_4,1.0,4,Inferred_Commu_spatial_manuel_iter,0.1611372213923763,0.7883583130010456,0.07107960870254866,0.8038159642555248,spatial_louvain_density,1.0
artificial_graph_sbmv_4_comuAndEmb_1_00_pos_0_00_4,1.0,4,GT_pos,0.07371562806239768,0.5132682700127803,0.02132262375322873,0.5035258758335681,GT_pos_dist,1.0
artificial_graph_sbmv_4_comuAndEmb_1_00_pos_0_00_4,1.0,4,GT_pos + Inferred_Commu normal,0.16597800878309923,0.7781805507145346,0.07266539873864866,0.7714694950958688,louvain_density,0.8096589
artificial_graph_sbmv_4_comuAndEmb_1_00_pos_0_00_4,1.0,4,GT_pos + Inferred_Commu spatial manuel iter,0.20015482256960837,0.7866968746369234,0.057689616352209816,0.7549620952917656,spatial_louvain_density,0.8200927
artificial_graph_sbmv_4_comuAndEmb_1_00_pos_0_00_4,1.0,4,SiNEcustom_spatial,0.33303387641660087,0.817439293598234,0.12455530974819629,0.8329155093990259,SiNEcustom_spatial_dist,1.0
artificial_graph_sbmv_4_comuAndEmb_1_00_pos_0_00_4,1.0,4,deepwalk,0.27041592682804794,0.779737423027768,0.10417849647144727,0.8168224449543131,deepwalk_dist,1.0
artificial_graph_sbmv_4_comuAndEmb_1_00_pos_0_00_4,1.0,4,GT_pos + SiNEcustom_spatial,0.3356312331433268,0.8055303822470082,0.11618319960771845,0.812349152678823,SiNEcustom_spatial_dist,0.7146122
artificial_graph_sbmv_4_comuAndEmb_1_00_pos_0_00_4,1.0,4,GT_pos + deepwalk,0.21919973681232133,0.765411874056001,0.10060870413146217,0.8023243301265279,deepwalk_dist,0.70146793
artificial_graph_sbmv_4_comuAndEmb_0_90_pos_0_10_4,0.9,4,Inferred_Commu_normal,0.16319586232055838,0.6978329017309528,0.046186543753788514,0.713411305785124,louvain_density,1.0
artificial_graph_sbmv_4_comuAndEmb_0_90_pos_0_10_4,0.9,4,Inferred_Commu_spatial_manuel_iter,0.14080929547611282,0.7438439870973603,0.049307408510559064,0.7232449586776859,spatial_louvain_density,1.0
artificial_graph_sbmv_4_comuAndEmb_0_90_pos_0_10_4,0.9,4,GT_pos,0.09271558654441227,0.5537458543455545,0.024268740877954696,0.5444007933884297,GT_pos_dist,1.0
artificial_graph_sbmv_4_comuAndEmb_0_90_pos_0_10_4,0.9,4,GT_pos + Inferred_Commu normal,0.17437198879746285,0.7371995820271682,0.05686539199559972,0.725862611570248,louvain_density,0.8146447
artificial_graph_sbmv_4_comuAndEmb_0_90_pos_0_10_4,0.9,4,GT_pos + Inferred_Commu spatial manuel iter,0.18614606907069034,0.7723070283040299,0.061728096064494115,0.7458743801652893,spatial_louvain_density,0.7976809
artificial_graph_sbmv_4_comuAndEmb_0_90_pos_0_10_4,0.9,4,SiNEcustom_spatial,0.3119317326996409,0.8050293035300532,0.09727885963864895,0.7950644628099173,SiNEcustom_spatial_dist,1.0
artificial_graph_sbmv_4_comuAndEmb_0_90_pos_0_10_4,0.9,4,deepwalk,0.26504678017164685,0.7438667030121303,0.09268214482127839,0.7970033719008264,deepwalk_dist,1.0
artificial_graph_sbmv_4_comuAndEmb_0_90_pos_0_10_4,0.9,4,GT_pos + SiNEcustom_spatial,0.2581134251045946,0.8267230021352959,0.09140578949015818,0.7854134214876033,SiNEcustom_spatial_dist,0.6676352
artificial_graph_sbmv_4_comuAndEmb_0_90_pos_0_10_4,0.9,4,GT_pos + deepwalk,0.24852771336668006,0.7664690382081686,0.08115720827381812,0.7866783471074381,deepwalk_dist,0.63040006
artificial_graph_sbmv_4_comuAndEmb_0_80_pos_0_20_4,0.8,4,Inferred_Commu_normal,0.10202951752892052,0.649367850692354,0.035868408010560696,0.6732479974238216,louvain_density,1.0
artificial_graph_sbmv_4_comuAndEmb_0_80_pos_0_20_4,0.8,4,Inferred_Commu_spatial_manuel_iter,0.11757368446522631,0.6955328115593016,0.037450644234183296,0.6798808517489836,spatial_louvain_density,1.0
artificial_graph_sbmv_4_comuAndEmb_0_80_pos_0_20_4,0.8,4,GT_pos,0.07899897859868525,0.5231788079470199,0.024384071779165323,0.5600826523903446,GT_pos_dist,1.0
artificial_graph_sbmv_4_comuAndEmb_0_80_pos_0_20_4,0.8,4,GT_pos + Inferred_Commu normal,0.1050309766573763,0.6472847682119205,0.03557740829659174,0.673689436326799,louvain_density,0.7363606
artificial_graph_sbmv_4_comuAndEmb_0_80_pos_0_20_4,0.8,4,GT_pos + Inferred_Commu spatial manuel iter,0.13744042654487945,0.7192173389524383,0.03846892448594816,0.6784742851775818,spatial_louvain_density,0.69999033
artificial_graph_sbmv_4_comuAndEmb_0_80_pos_0_20_4,0.8,4,SiNEcustom_spatial,0.1778332535631711,0.7262853702588801,0.07400734366550947,0.7251887184854218,SiNEcustom_spatial_dist,1.0
artificial_graph_sbmv_4_comuAndEmb_0_80_pos_0_20_4,0.8,4,deepwalk,0.17817548462864446,0.7029379891631546,0.056975627325295757,0.6890292369413249,deepwalk_dist,1.0
artificial_graph_sbmv_4_comuAndEmb_0_80_pos_0_20_4,0.8,4,GT_pos + SiNEcustom_spatial,0.19224004090696703,0.7321974714027695,0.0641742804060534,0.736472245703015,SiNEcustom_spatial_dist,0.6266099
artificial_graph_sbmv_4_comuAndEmb_0_80_pos_0_20_4,0.8,4,GT_pos + deepwalk,0.16733330942472563,0.7188801926550271,0.04741379909097674,0.688791611319084,deepwalk_dist,0.59786093
artificial_graph_sbmv_4_comuAndEmb_0_70_pos_0_30_4,0.7,4,Inferred_Commu_normal,0.13993542549858295,0.7529047156052503,0.03602801551381029,0.6517641975308641,louvain_density,1.0
artificial_graph_sbmv_4_comuAndEmb_0_70_pos_0_30_4,0.7,4,Inferred_Commu_spatial_manuel_iter,0.12689696436490716,0.6885877491492466,0.03745894365217929,0.673822633744856,spatial_louvain_density,1.0
artificial_graph_sbmv_4_comuAndEmb_0_70_pos_0_30_4,0.7,4,GT_pos,0.10334523108968263,0.5816480311132717,0.027369823674584494,0.5929440329218107,GT_pos_dist,1.0
artificial_graph_sbmv_4_comuAndEmb_0_70_pos_0_30_4,0.7,4,GT_pos + Inferred_Commu normal,0.136165145580077,0.7256806028196402,0.03928480268410753,0.6600426611796982,louvain_density,0.66915977
artificial_graph_sbmv_4_comuAndEmb_0_70_pos_0_30_4,0.7,4,GT_pos + Inferred_Commu spatial manuel iter,0.11004317498400762,0.6503646086533788,0.03983715938063172,0.6909401920438958,spatial_louvain_density,0.6345293
artificial_graph_sbmv_4_comuAndEmb_0_70_pos_0_30_4,0.7,4,SiNEcustom_spatial,0.17437505489278626,0.6479581915410793,0.05553909650992839,0.6957112482853224,SiNEcustom_spatial_dist,1.0
artificial_graph_sbmv_4_comuAndEmb_0_70_pos_0_30_4,0.7,4,deepwalk,0.14845693309019536,0.6647788040836169,0.04053418012028917,0.6464238683127572,deepwalk_dist,1.0
artificial_graph_sbmv_4_comuAndEmb_0_70_pos_0_30_4,0.7,4,GT_pos + SiNEcustom_spatial,0.13696909439168523,0.6950656295576081,0.05795207986886314,0.719161316872428,SiNEcustom_spatial_dist,0.56460375
artificial_graph_sbmv_4_comuAndEmb_0_70_pos_0_30_4,0.7,4,GT_pos + deepwalk,0.2160612912871961,0.7000243072435586,0.03759434687713073,0.6578687242798353,deepwalk_dist,0.5475358
artificial_graph_sbmv_4_comuAndEmb_0_60_pos_0_40_4,0.6,4,Inferred_Commu_normal,0.10849704811265919,0.6374994321021308,0.031402272005693135,0.6548585785123967,louvain_density,1.0
artificial_graph_sbmv_4_comuAndEmb_0_60_pos_0_40_4,0.6,4,Inferred_Commu_spatial_manuel_iter,0.09880633152352596,0.589671073554132,0.021227058071800427,0.4975239669421488,spatial_louvain_density,1.0
artificial_graph_sbmv_4_comuAndEmb_0_60_pos_0_40_4,0.6,4,GT_pos,0.09405289431638852,0.6045272818136386,0.035058378416350316,0.631369917355372,GT_pos_dist,1.0
artificial_graph_sbmv_4_comuAndEmb_0_60_pos_0_40_4,0.6,4,GT_pos + Inferred_Commu normal,0.10231689902147453,0.6745604470492026,0.0426623309455616,0.7223800330578513,louvain_density,0.66977495
artificial_graph_sbmv_4_comuAndEmb_0_60_pos_0_40_4,0.6,4,GT_pos + Inferred_Commu spatial manuel iter,0.12107387916615986,0.6854754440961337,0.03586641824199503,0.6677695206611569,spatial_louvain_density,0.564173
artificial_graph_sbmv_4_comuAndEmb_0_60_pos_0_40_4,0.6,4,SiNEcustom_spatial,0.12093534255071631,0.6281177593021671,0.04411977762699812,0.6391767272727272,SiNEcustom_spatial_dist,1.0
artificial_graph_sbmv_4_comuAndEmb_0_60_pos_0_40_4,0.6,4,deepwalk,0.12042840166026125,0.6598632501930852,0.038543128646983345,0.6598927603305784,deepwalk_dist,1.0
artificial_graph_sbmv_4_comuAndEmb_0_60_pos_0_40_4,0.6,4,GT_pos + SiNEcustom_spatial,0.1264479818423212,0.6780473399663804,0.04588537401251103,0.7002586446280992,SiNEcustom_spatial_dist,0.5416328
artificial_graph_sbmv_4_comuAndEmb_0_60_pos_0_40_4,0.6,4,GT_pos + deepwalk,0.12610368611421405,0.7016718913270638,0.03625883100321443,0.668534611570248,deepwalk_dist,0.516556
artificial_graph_sbmv_4_comuAndEmb_0_50_pos_0_50_4,0.5,4,Inferred_Commu_normal,0.10262359553444014,0.5852257676098735,0.03428320873350088,0.6448668303613359,louvain_density,1.0
artificial_graph_sbmv_4_comuAndEmb_0_50_pos_0_50_4,0.5,4,Inferred_Commu_spatial_manuel_iter,0.08567477312106217,0.5622275737507526,0.030291042450814237,0.5929194005018181,spatial_louvain_density,1.0
artificial_graph_sbmv_4_comuAndEmb_0_50_pos_0_50_4,0.5,4,GT_pos,0.10907739942707531,0.6192173389524384,0.04102751604898069,0.6452843859437266,GT_pos_dist,1.0
artificial_graph_sbmv_4_comuAndEmb_0_50_pos_0_50_4,0.5,4,GT_pos + Inferred_Commu normal,0.11271457057364624,0.6478145695364237,0.04670473130116871,0.6667294610151754,GT_pos_dist,0.58089125
artificial_graph_sbmv_4_comuAndEmb_0_50_pos_0_50_4,0.5,4,GT_pos + Inferred_Commu spatial manuel iter,0.10723363016727197,0.6520891029500301,0.04275136195335678,0.6923435172885722,GT_pos_dist,0.53822404
artificial_graph_sbmv_4_comuAndEmb_0_50_pos_0_50_4,0.5,4,SiNEcustom_spatial,0.12455300156527929,0.597940999397953,0.034862574073666365,0.6369056340484911,SiNEcustom_spatial_dist,1.0
artificial_graph_sbmv_4_comuAndEmb_0_50_pos_0_50_4,0.5,4,deepwalk,0.10115268393503954,0.6255508729680915,0.035991979050068304,0.6414819734599954,deepwalk_dist,1.0
artificial_graph_sbmv_4_comuAndEmb_0_50_pos_0_50_4,0.5,4,GT_pos + SiNEcustom_spatial,0.11137350079939519,0.6685129440096328,0.041720766659096034,0.6902267573696146,GT_pos_dist,0.5943998
artificial_graph_sbmv_4_comuAndEmb_0_50_pos_0_50_4,0.5,4,GT_pos + deepwalk,0.10506317875785642,0.6235159542444311,0.039377196611741556,0.6607063022447638,GT_pos_dist,0.5945483
artificial_graph_sbmv_4_comuAndEmb_0_40_pos_0_60_4,0.3999999999999999,4,Inferred_Commu_normal,0.11659897169918351,0.6509469036830486,0.03785862758805012,0.6801234418816837,louvain_density,1.0
artificial_graph_sbmv_4_comuAndEmb_0_40_pos_0_60_4,0.3999999999999999,4,Inferred_Commu_spatial_manuel_iter,0.0805668737205814,0.49922156384338334,0.02390163641310819,0.5660856847670035,spatial_louvain_density,1.0
artificial_graph_sbmv_4_comuAndEmb_0_40_pos_0_60_4,0.3999999999999999,4,GT_pos,0.2847588914638066,0.7547693737655398,0.06283188033605366,0.707948315420843,GT_pos_dist,1.0
artificial_graph_sbmv_4_comuAndEmb_0_40_pos_0_60_4,0.3999999999999999,4,GT_pos + Inferred_Commu normal,0.23466895385048311,0.7565934704310445,0.05543433362842427,0.7029028968589408,GT_pos_dist,0.6077377
artificial_graph_sbmv_4_comuAndEmb_0_40_pos_0_60_4,0.3999999999999999,4,GT_pos + Inferred_Commu spatial manuel iter,0.22271636113702925,0.7314743813175322,0.04178423706866244,0.7060728038750017,GT_pos_dist,0.63870037
artificial_graph_sbmv_4_comuAndEmb_0_40_pos_0_60_4,0.3999999999999999,4,SiNEcustom_spatial,0.07849421739806808,0.5503311258278146,0.033510017488680655,0.6130173489514149,SiNEcustom_spatial_dist,1.0
artificial_graph_sbmv_4_comuAndEmb_0_40_pos_0_60_4,0.3999999999999999,4,deepwalk,0.13285406767096974,0.6701057278958986,0.032821129486860896,0.6393682995880798,deepwalk_dist,1.0
artificial_graph_sbmv_4_comuAndEmb_0_40_pos_0_60_4,0.3999999999999999,4,GT_pos + SiNEcustom_spatial,0.1975066633560365,0.6831183920065064,0.05365777502631554,0.7110900454856498,GT_pos_dist,0.62722266
artificial_graph_sbmv_4_comuAndEmb_0_40_pos_0_60_4,0.3999999999999999,4,GT_pos + deepwalk,0.2444341533750142,0.7243638898570931,0.04465227344239098,0.6902103879026956,GT_pos_dist,0.66740113
artificial_graph_sbmv_4_comuAndEmb_0_30_pos_0_70_4,0.29999999999999993,4,Inferred_Commu_normal,0.12732966282203206,0.6686632333184057,0.0379393150583548,0.6815801441399776,louvain_density,1.0
artificial_graph_sbmv_4_comuAndEmb_0_30_pos_0_70_4,0.29999999999999993,4,Inferred_Commu_spatial_manuel_iter,0.08877308724956416,0.5886587550380654,0.020587583656757072,0.5114929150447707,spatial_louvain_density,1.0
artificial_graph_sbmv_4_comuAndEmb_0_30_pos_0_70_4,0.29999999999999993,4,GT_pos,0.26850260119241887,0.7859046126287504,0.06905692904267517,0.7486936190439486,GT_pos_dist,1.0
artificial_graph_sbmv_4_comuAndEmb_0_30_pos_0_70_4,0.29999999999999993,4,GT_pos + Inferred_Commu normal,0.2602024236311619,0.7889722346618898,0.06540666349739342,0.7450353926593954,GT_pos_dist,0.6839315
artificial_graph_sbmv_4_comuAndEmb_0_30_pos_0_70_4,0.29999999999999993,4,GT_pos + Inferred_Commu spatial manuel iter,0.2998274346503354,0.7804187192118226,0.05847596161621191,0.7317919862283373,GT_pos_dist,0.67246205
artificial_graph_sbmv_4_comuAndEmb_0_30_pos_0_70_4,0.29999999999999993,4,SiNEcustom_spatial,0.09735913823643427,0.6017353336318854,0.029145178757989238,0.607910869593145,SiNEcustom_spatial_dist,1.0
artificial_graph_sbmv_4_comuAndEmb_0_30_pos_0_70_4,0.29999999999999993,4,deepwalk,0.11589185084023308,0.6522615315718763,0.049583588773086315,0.699532765509179,deepwalk_dist,1.0
artificial_graph_sbmv_4_comuAndEmb_0_30_pos_0_70_4,0.29999999999999993,4,GT_pos + SiNEcustom_spatial,0.21803060780452826,0.7797357814599194,0.06442349915111545,0.7490320011305096,GT_pos_dist,0.6656663
artificial_graph_sbmv_4_comuAndEmb_0_30_pos_0_70_4,0.29999999999999993,4,GT_pos + deepwalk,0.22002478142817072,0.7645208240035828,0.0668075255369509,0.7521823974512147,GT_pos_dist,0.67965424
artificial_graph_sbmv_4_comuAndEmb_0_20_pos_0_80_4,0.19999999999999996,4,Inferred_Commu_normal,0.20765496013445164,0.8304604486422669,0.04664040769643112,0.7365736763107499,louvain_density,1.0
artificial_graph_sbmv_4_comuAndEmb_0_20_pos_0_80_4,0.19999999999999996,4,Inferred_Commu_spatial_manuel_iter,0.07053895409564989,0.4993624557260921,0.020927500769030955,0.5026477666787433,spatial_louvain_density,1.0
artificial_graph_sbmv_4_comuAndEmb_0_20_pos_0_80_4,0.19999999999999996,4,GT_pos,0.3482582832212664,0.8561747343565524,0.10823798015698176,0.8001324983178923,GT_pos_dist,1.0
artificial_graph_sbmv_4_comuAndEmb_0_20_pos_0_80_4,0.19999999999999996,4,GT_pos + Inferred_Commu normal,0.32725329261418995,0.8482998819362455,0.10698568201057439,0.802710263443921,GT_pos_dist,0.6564582
artificial_graph_sbmv_4_comuAndEmb_0_20_pos_0_80_4,0.19999999999999996,4,GT_pos + Inferred_Commu spatial manuel iter,0.3200830603501087,0.8566706021251476,0.08793156828854357,0.7784120904715077,GT_pos_dist,0.7100369
artificial_graph_sbmv_4_comuAndEmb_0_20_pos_0_80_4,0.19999999999999996,4,SiNEcustom_spatial,0.09219438385681622,0.6090554899645809,0.03674187072700814,0.6543707623828995,SiNEcustom_spatial_dist,1.0
artificial_graph_sbmv_4_comuAndEmb_0_20_pos_0_80_4,0.19999999999999996,4,deepwalk,0.17451567425824782,0.7349586776859504,0.051185335683060586,0.7172212877180271,deepwalk_dist,1.0
artificial_graph_sbmv_4_comuAndEmb_0_20_pos_0_80_4,0.19999999999999996,4,GT_pos + SiNEcustom_spatial,0.3103893770553722,0.8380283353010625,0.10566662943160393,0.7985471766471715,GT_pos_dist,0.69774395
artificial_graph_sbmv_4_comuAndEmb_0_20_pos_0_80_4,0.19999999999999996,4,GT_pos + deepwalk,0.29416683181285486,0.8568595041322316,0.09050552479135382,0.7845030019150148,GT_pos_dist,0.7031824
artificial_graph_sbmv_4_comuAndEmb_0_10_pos_0_90_4,0.09999999999999998,4,Inferred_Commu_normal,0.16291741618840735,0.7719933712121211,0.061691886781398336,0.8016358873437683,louvain_density,1.0
artificial_graph_sbmv_4_comuAndEmb_0_10_pos_0_90_4,0.09999999999999998,4,Inferred_Commu_spatial_manuel_iter,0.12478598103853836,0.5125355113636364,0.021464528356944644,0.536442935526333,spatial_louvain_density,1.0
artificial_graph_sbmv_4_comuAndEmb_0_10_pos_0_90_4,0.09999999999999998,4,GT_pos,0.32394329847682224,0.8566879734848485,0.12593872984246307,0.8682663660415227,GT_pos_dist,1.0
artificial_graph_sbmv_4_comuAndEmb_0_10_pos_0_90_4,0.09999999999999998,4,GT_pos + Inferred_Commu normal,0.3372221565963374,0.8421283143939393,0.111454680876996,0.8594363278551787,GT_pos_dist,0.8181293
artificial_graph_sbmv_4_comuAndEmb_0_10_pos_0_90_4,0.09999999999999998,4,GT_pos + Inferred_Commu spatial manuel iter,0.34358744969458144,0.848330965909091,0.118079784490475,0.8544045927876032,GT_pos_dist,0.7843424
artificial_graph_sbmv_4_comuAndEmb_0_10_pos_0_90_4,0.09999999999999998,4,SiNEcustom_spatial,0.12060576167409669,0.6698271780303031,0.0383447483942847,0.6843159691902669,SiNEcustom_spatial_dist,1.0
artificial_graph_sbmv_4_comuAndEmb_0_10_pos_0_90_4,0.09999999999999998,4,deepwalk,0.25254454099497736,0.812014678030303,0.06929571700482635,0.7744520324779418,deepwalk_dist,1.0
artificial_graph_sbmv_4_comuAndEmb_0_10_pos_0_90_4,0.09999999999999998,4,GT_pos + SiNEcustom_spatial,0.31276986322749856,0.8303503787878788,0.10423160714923578,0.846596332547016,GT_pos_dist,0.76105726
artificial_graph_sbmv_4_comuAndEmb_0_10_pos_0_90_4,0.09999999999999998,4,GT_pos + deepwalk,0.2867945429662611,0.8421401515151514,0.10892363553601705,0.8507371398037248,GT_pos_dist,0.7594465
artificial_graph_sbmv_4_comuAndEmb_0_00_pos_1_00_4,0.0,4,Inferred_Commu_normal,0.2202141855852689,0.8468765192027224,0.07634421490882023,0.8259939270979425,louvain_density,1.0
artificial_graph_sbmv_4_comuAndEmb_0_00_pos_1_00_4,0.0,4,Inferred_Commu_spatial_manuel_iter,0.1412901785448073,0.6509236752552262,0.02255918901051724,0.5241554445064746,spatial_louvain_density,1.0
artificial_graph_sbmv_4_comuAndEmb_0_00_pos_1_00_4,0.0,4,GT_pos,0.42941233508178533,0.916832766164317,0.15460273789939796,0.9010935308615079,GT_pos_dist,1.0
artificial_graph_sbmv_4_comuAndEmb_0_00_pos_1_00_4,0.0,4,GT_pos + Inferred_Commu normal,0.44356860271941134,0.9140374331550802,0.15316187072529575,0.8939315913454338,GT_pos_dist,0.8179685
artificial_graph_sbmv_4_comuAndEmb_0_00_pos_1_00_4,0.0,4,GT_pos + Inferred_Commu spatial manuel iter,0.443470749047809,0.8918570734078757,0.15158643404854538,0.8861234187987636,GT_pos_dist,0.779212
artificial_graph_sbmv_4_comuAndEmb_0_00_pos_1_00_4,0.0,4,SiNEcustom_spatial,0.19165646571532663,0.791370928536704,0.040615027471495355,0.7238976865783419,SiNEcustom_spatial_dist,1.0
artificial_graph_sbmv_4_comuAndEmb_0_00_pos_1_00_4,0.0,4,deepwalk,0.25330556400182763,0.8465483714146815,0.09122790227403237,0.8443234705409783,deepwalk_dist,1.0
artificial_graph_sbmv_4_comuAndEmb_0_00_pos_1_00_4,0.0,4,GT_pos + SiNEcustom_spatial,0.4536392032983662,0.9149611084103062,0.14013608593939406,0.8874488364809847,GT_pos_dist,0.7951196
artificial_graph_sbmv_4_comuAndEmb_0_00_pos_1_00_4,0.0,4,GT_pos + deepwalk,0.35739947492693636,0.9033787068546427,0.13115101978267585,0.8881936520472217,GT_pos_dist,0.79179615
artificial_graph_sbmv_4_comuAndEmb_1_00_pos_0_00_5,1.0,5,Inferred_Commu_normal,0.18595143517083312,0.8184006287454563,0.04979080026782058,0.7411475454152249,louvain_density,1.0
artificial_graph_sbmv_4_comuAndEmb_1_00_pos_0_00_5,1.0,5,Inferred_Commu_spatial_manuel_iter,0.2558985946235484,0.8203408979271047,0.06899373710244673,0.7957558391003459,spatial_louvain_density,1.0
artificial_graph_sbmv_4_comuAndEmb_1_00_pos_0_00_5,1.0,5,GT_pos,0.0793764065976666,0.5020753512132822,0.01800658016631986,0.47022383217993075,GT_pos_dist,1.0
artificial_graph_sbmv_4_comuAndEmb_1_00_pos_0_00_5,1.0,5,GT_pos + Inferred_Commu normal,0.18441474561916693,0.7812285096767855,0.0322717007617659,0.6234061418685121,louvain_density,0.79370624
artificial_graph_sbmv_4_comuAndEmb_1_00_pos_0_00_5,1.0,5,GT_pos + Inferred_Commu spatial manuel iter,0.24183246921398183,0.7912982611258473,0.050659793346703064,0.7193120134083045,spatial_louvain_density,0.7944418
artificial_graph_sbmv_4_comuAndEmb_1_00_pos_0_00_5,1.0,5,SiNEcustom_spatial,0.23066211106061246,0.7973278318105903,0.12133788785391315,0.8514588289359861,SiNEcustom_spatial_dist,1.0
artificial_graph_sbmv_4_comuAndEmb_1_00_pos_0_00_5,1.0,5,deepwalk,0.2672810239894268,0.8015767757147069,0.12437655212554138,0.8153120945069203,deepwalk_dist,1.0
artificial_graph_sbmv_4_comuAndEmb_1_00_pos_0_00_5,1.0,5,GT_pos + SiNEcustom_spatial,0.22201731574655806,0.7816828765104628,0.10490134365517592,0.8249671550605535,SiNEcustom_spatial_dist,0.7134995
artificial_graph_sbmv_4_comuAndEmb_1_00_pos_0_00_5,1.0,5,GT_pos + deepwalk,0.2241368652586607,0.7828126535023087,0.09447897422324117,0.7767887651384084,deepwalk_dist,0.6735744
artificial_graph_sbmv_4_comuAndEmb_0_90_pos_0_10_5,0.9,5,Inferred_Commu_normal,0.11767800635866604,0.6841244961934618,0.04419298024056803,0.7349803322809378,louvain_density,1.0
artificial_graph_sbmv_4_comuAndEmb_0_90_pos_0_10_5,0.9,5,Inferred_Commu_spatial_manuel_iter,0.17008263804492385,0.7442566054635019,0.049994873957155406,0.7639865948967444,spatial_louvain_density,1.0
artificial_graph_sbmv_4_comuAndEmb_0_90_pos_0_10_5,0.9,5,GT_pos,0.06800516583555072,0.4764554411106135,0.019365565975623958,0.4794989907354692,GT_pos_dist,1.0
artificial_graph_sbmv_4_comuAndEmb_0_90_pos_0_10_5,0.9,5,GT_pos + Inferred_Commu normal,0.14857836409028938,0.6414800716524854,0.0357930319196119,0.6868448838051862,louvain_density,0.8129277
artificial_graph_sbmv_4_comuAndEmb_0_90_pos_0_10_5,0.9,5,GT_pos + Inferred_Commu spatial manuel iter,0.1633440126862546,0.682064487236901,0.042462650580985056,0.7215113089384607,spatial_louvain_density,0.7432269
artificial_graph_sbmv_4_comuAndEmb_0_90_pos_0_10_5,0.9,5,SiNEcustom_spatial,0.2577296577933711,0.7628414688759518,0.09468564518685983,0.7743341441954351,SiNEcustom_spatial_dist,1.0
artificial_graph_sbmv_4_comuAndEmb_0_90_pos_0_10_5,0.9,5,deepwalk,0.2353953209384641,0.7106247201074787,0.09267414520471912,0.7645785673619379,deepwalk_dist,1.0
artificial_graph_sbmv_4_comuAndEmb_0_90_pos_0_10_5,0.9,5,GT_pos + SiNEcustom_spatial,0.2483742694854414,0.7301052395879981,0.07947688166387577,0.7533495937063299,SiNEcustom_spatial_dist,0.6947412
artificial_graph_sbmv_4_comuAndEmb_0_90_pos_0_10_5,0.9,5,GT_pos + deepwalk,0.22556377095878333,0.6876623376623376,0.07044606101068042,0.7361487500646965,deepwalk_dist,0.613358
artificial_graph_sbmv_4_comuAndEmb_0_80_pos_0_20_5,0.8,5,Inferred_Commu_normal,0.15501909875723022,0.7462514557453417,0.03669778541483727,0.6554618524597062,louvain_density,1.0
artificial_graph_sbmv_4_comuAndEmb_0_80_pos_0_20_5,0.8,5,Inferred_Commu_spatial_manuel_iter,0.18017316930609675,0.7756089868012424,0.04835713550541121,0.7049217971917126,spatial_louvain_density,1.0
artificial_graph_sbmv_4_comuAndEmb_0_80_pos_0_20_5,0.8,5,GT_pos,0.09014129204157184,0.5483550077639752,0.02383726797041617,0.5456237287660087,GT_pos_dist,1.0
artificial_graph_sbmv_4_comuAndEmb_0_80_pos_0_20_5,0.8,5,GT_pos + Inferred_Commu normal,0.1566617367324306,0.7453658773291925,0.04008673854486415,0.6961942235127438,louvain_density,0.7997557
artificial_graph_sbmv_4_comuAndEmb_0_80_pos_0_20_5,0.8,5,GT_pos + Inferred_Commu spatial manuel iter,0.19501256145729812,0.7606633346273293,0.04848261802023162,0.7055056179775281,spatial_louvain_density,0.7343313
artificial_graph_sbmv_4_comuAndEmb_0_80_pos_0_20_5,0.8,5,SiNEcustom_spatial,0.25377648065965197,0.7051509122670807,0.07632501618436219,0.7591109427821965,SiNEcustom_spatial_dist,1.0
artificial_graph_sbmv_4_comuAndEmb_0_80_pos_0_20_5,0.8,5,deepwalk,0.22005361059194423,0.6736825504658385,0.0636112980736934,0.7220853147049335,deepwalk_dist,1.0
artificial_graph_sbmv_4_comuAndEmb_0_80_pos_0_20_5,0.8,5,GT_pos + SiNEcustom_spatial,0.20424753939445384,0.7344477872670807,0.05535796526556647,0.746374054903281,SiNEcustom_spatial_dist,0.64343107
artificial_graph_sbmv_4_comuAndEmb_0_80_pos_0_20_5,0.8,5,GT_pos + deepwalk,0.15150439338794897,0.6476004464285714,0.04970939861119446,0.7010916130118251,deepwalk_dist,0.6267289
artificial_graph_sbmv_4_comuAndEmb_0_70_pos_0_30_5,0.7,5,Inferred_Commu_normal,0.13397916126681525,0.6782815096131023,0.04314956891294148,0.7106286756983826,louvain_density,1.0
artificial_graph_sbmv_4_comuAndEmb_0_70_pos_0_30_5,0.7,5,Inferred_Commu_spatial_manuel_iter,0.13082276835638526,0.6674341324471873,0.04326735928800179,0.7160147553035077,spatial_louvain_density,1.0
artificial_graph_sbmv_4_comuAndEmb_0_70_pos_0_30_5,0.7,5,GT_pos,0.1287723770427131,0.6073819131260384,0.03139430430550843,0.6073145085066163,GT_pos_dist,1.0
artificial_graph_sbmv_4_comuAndEmb_0_70_pos_0_30_5,0.7,5,GT_pos + Inferred_Commu normal,0.16593234009430743,0.7080821267505341,0.044809186205770846,0.7180556868304978,louvain_density,0.62347364
artificial_graph_sbmv_4_comuAndEmb_0_70_pos_0_30_5,0.7,5,GT_pos + Inferred_Commu spatial manuel iter,0.14161360112041377,0.7171730358414432,0.052695759293076294,0.7551839161940769,spatial_louvain_density,0.61854523
artificial_graph_sbmv_4_comuAndEmb_0_70_pos_0_30_5,0.7,5,SiNEcustom_spatial,0.16412910131785236,0.5880251602183717,0.054225568848242006,0.6453466971224533,SiNEcustom_spatial_dist,1.0
artificial_graph_sbmv_4_comuAndEmb_0_70_pos_0_30_5,0.7,5,deepwalk,0.0882463728910059,0.6062544505103251,0.03921125516231948,0.6370125761394665,deepwalk_dist,1.0
artificial_graph_sbmv_4_comuAndEmb_0_70_pos_0_30_5,0.7,5,GT_pos + SiNEcustom_spatial,0.18045321478182597,0.7005340612390221,0.054318252787025886,0.7029954316320101,SiNEcustom_spatial_dist,0.5076867
artificial_graph_sbmv_4_comuAndEmb_0_70_pos_0_30_5,0.7,5,GT_pos + deepwalk,0.1502834140754362,0.713339662948018,0.0464753099301701,0.6624490653224113,deepwalk_dist,0.5333932
artificial_graph_sbmv_4_comuAndEmb_0_60_pos_0_40_5,0.6,5,Inferred_Commu_normal,0.08795910953642391,0.5658831908831908,0.03212455339957612,0.6444497458910035,louvain_density,1.0
artificial_graph_sbmv_4_comuAndEmb_0_60_pos_0_40_5,0.6,5,Inferred_Commu_spatial_manuel_iter,0.10359221962188846,0.6095883682090578,0.023931519362445017,0.4808745134083044,spatial_louvain_density,1.0
artificial_graph_sbmv_4_comuAndEmb_0_60_pos_0_40_5,0.6,5,GT_pos,0.11933064177989505,0.6500884173297966,0.04510074193959535,0.6631559526384083,GT_pos_dist,1.0
artificial_graph_sbmv_4_comuAndEmb_0_60_pos_0_40_5,0.6,5,GT_pos + Inferred_Commu normal,0.1126562115565291,0.6528514588859415,0.04662855256401338,0.6808092290224914,GT_pos_dist,0.56179523
artificial_graph_sbmv_4_comuAndEmb_0_60_pos_0_40_5,0.6,5,GT_pos + Inferred_Commu spatial manuel iter,0.13589169225204897,0.7039124668435013,0.034776539911925315,0.6383250432525951,spatial_louvain_density,0.5188872
artificial_graph_sbmv_4_comuAndEmb_0_60_pos_0_40_5,0.6,5,SiNEcustom_spatial,0.13055143266173203,0.6646281560074663,0.04441356846342051,0.6510707720588236,SiNEcustom_spatial_dist,1.0
artificial_graph_sbmv_4_comuAndEmb_0_60_pos_0_40_5,0.6,5,deepwalk,0.1092219243870789,0.6579477355339425,0.03276621713056896,0.6148638894896193,deepwalk_dist,1.0
artificial_graph_sbmv_4_comuAndEmb_0_60_pos_0_40_5,0.6,5,GT_pos + SiNEcustom_spatial,0.1446134352437678,0.6830484330484331,0.04829428049370255,0.7114701827422145,GT_pos_dist,0.5230406
artificial_graph_sbmv_4_comuAndEmb_0_60_pos_0_40_5,0.6,5,GT_pos + deepwalk,0.13228787600033803,0.7074737204047549,0.04143416447558586,0.6821264057093426,GT_pos_dist,0.53754354
artificial_graph_sbmv_4_comuAndEmb_0_50_pos_0_50_5,0.5,5,Inferred_Commu_normal,0.10376442288567658,0.5955757548686796,0.03423040857529789,0.6324692602040817,louvain_density,1.0
artificial_graph_sbmv_4_comuAndEmb_0_50_pos_0_50_5,0.5,5,Inferred_Commu_spatial_manuel_iter,0.09669889785290664,0.5936774164731106,0.02484802298328529,0.5852797193877551,spatial_louvain_density,1.0
artificial_graph_sbmv_4_comuAndEmb_0_50_pos_0_50_5,0.5,5,GT_pos,0.18894816314820648,0.6867071645524387,0.04077686382481899,0.6548463010204082,GT_pos_dist,1.0
artificial_graph_sbmv_4_comuAndEmb_0_50_pos_0_50_5,0.5,5,GT_pos + Inferred_Commu normal,0.14910706802009727,0.6815034840092907,0.03901275053061709,0.6470674744897958,GT_pos_dist,0.599621
artificial_graph_sbmv_4_comuAndEmb_0_50_pos_0_50_5,0.5,5,GT_pos + Inferred_Commu spatial manuel iter,0.16114562951712672,0.7115307307486153,0.03710684914320973,0.6856099489795918,GT_pos_dist,0.55621815
artificial_graph_sbmv_4_comuAndEmb_0_50_pos_0_50_5,0.5,5,SiNEcustom_spatial,0.12312488832515228,0.5584799892799714,0.030758375981655796,0.5978343112244898,SiNEcustom_spatial_dist,1.0
artificial_graph_sbmv_4_comuAndEmb_0_50_pos_0_50_5,0.5,5,deepwalk,0.09127222427465385,0.5492897981061283,0.03309306650292056,0.6421911989795919,deepwalk_dist,1.0
artificial_graph_sbmv_4_comuAndEmb_0_50_pos_0_50_5,0.5,5,GT_pos + SiNEcustom_spatial,0.23534433097597882,0.7105033946757191,0.0337524966217896,0.6584005102040816,GT_pos_dist,0.5979478
artificial_graph_sbmv_4_comuAndEmb_0_50_pos_0_50_5,0.5,5,GT_pos + deepwalk,0.14096284562577893,0.6410130427014472,0.03939185340019747,0.6680795918367347,GT_pos_dist,0.5800749
artificial_graph_sbmv_4_comuAndEmb_0_40_pos_0_60_5,0.3999999999999999,5,Inferred_Commu_normal,0.10516455564361182,0.635463194568519,0.037353293188407556,0.6882183673469388,louvain_density,1.0
artificial_graph_sbmv_4_comuAndEmb_0_40_pos_0_60_5,0.3999999999999999,5,Inferred_Commu_spatial_manuel_iter,0.07499660572943975,0.5163592102912274,0.024793904295239276,0.530167219387755,spatial_louvain_density,1.0
artificial_graph_sbmv_4_comuAndEmb_0_40_pos_0_60_5,0.3999999999999999,5,GT_pos,0.1456865781671236,0.6722686260496695,0.08652541445978215,0.7606929846938775,GT_pos_dist,1.0
artificial_graph_sbmv_4_comuAndEmb_0_40_pos_0_60_5,0.3999999999999999,5,GT_pos + Inferred_Commu normal,0.13710680448430596,0.6866513310702161,0.0756731056143834,0.7433396683673469,GT_pos_dist,0.72640336
artificial_graph_sbmv_4_comuAndEmb_0_40_pos_0_60_5,0.3999999999999999,5,GT_pos + Inferred_Commu spatial manuel iter,0.13502748022069433,0.6814588172235126,0.08733092518494384,0.7476547193877551,GT_pos_dist,0.638591
artificial_graph_sbmv_4_comuAndEmb_0_40_pos_0_60_5,0.3999999999999999,5,SiNEcustom_spatial,0.10377577459571469,0.6313538502769341,0.026391742646367268,0.607609056122449,SiNEcustom_spatial_dist,1.0
artificial_graph_sbmv_4_comuAndEmb_0_40_pos_0_60_5,0.3999999999999999,5,deepwalk,0.10196792821485359,0.6262618366982312,0.03991533317880964,0.6649661989795919,deepwalk_dist,1.0
artificial_graph_sbmv_4_comuAndEmb_0_40_pos_0_60_5,0.3999999999999999,5,GT_pos + SiNEcustom_spatial,0.13028819705619027,0.6854006610684293,0.06952458580364322,0.7557288265306124,GT_pos_dist,0.62849706
artificial_graph_sbmv_4_comuAndEmb_0_40_pos_0_60_5,0.3999999999999999,5,GT_pos + deepwalk,0.14717051423212033,0.6671877791674111,0.06470904171036886,0.7377603316326531,GT_pos_dist,0.60851306
artificial_graph_sbmv_4_comuAndEmb_0_30_pos_0_70_5,0.29999999999999993,5,Inferred_Commu_normal,0.1423102440792497,0.7308060713233128,0.04209639283195199,0.7233117971453287,louvain_density,1.0
artificial_graph_sbmv_4_comuAndEmb_0_30_pos_0_70_5,0.29999999999999993,5,Inferred_Commu_spatial_manuel_iter,0.08315585791641214,0.5206307102858827,0.019445250051306803,0.5012602724913495,spatial_louvain_density,1.0
artificial_graph_sbmv_4_comuAndEmb_0_30_pos_0_70_5,0.29999999999999993,5,GT_pos,0.21817625385688427,0.7401881324295119,0.09515996629726581,0.7787075583910035,GT_pos_dist,1.0
artificial_graph_sbmv_4_comuAndEmb_0_30_pos_0_70_5,0.29999999999999993,5,GT_pos + Inferred_Commu normal,0.20231719003093102,0.7400039296591021,0.07722195073056333,0.7674875648788928,GT_pos_dist,0.6422956
artificial_graph_sbmv_4_comuAndEmb_0_30_pos_0_70_5,0.29999999999999993,5,GT_pos + Inferred_Commu spatial manuel iter,0.2200494663833337,0.7401512918754297,0.07389575107800242,0.7405793144463668,GT_pos_dist,0.6775675
artificial_graph_sbmv_4_comuAndEmb_0_30_pos_0_70_5,0.29999999999999993,5,SiNEcustom_spatial,0.10899089005838887,0.6084954317712938,0.029376568500031803,0.6009420955882354,SiNEcustom_spatial_dist,1.0
artificial_graph_sbmv_4_comuAndEmb_0_30_pos_0_70_5,0.29999999999999993,5,deepwalk,0.15632034114851281,0.6257613714510266,0.04142704335322678,0.6855282223183392,deepwalk_dist,1.0
artificial_graph_sbmv_4_comuAndEmb_0_30_pos_0_70_5,0.29999999999999993,5,GT_pos + SiNEcustom_spatial,0.19236381139289108,0.7264957264957266,0.0736362257392705,0.7512627054498271,GT_pos_dist,0.66115296
artificial_graph_sbmv_4_comuAndEmb_0_30_pos_0_70_5,0.29999999999999993,5,GT_pos + deepwalk,0.24629758759621379,0.7120665094803026,0.08556087125031944,0.7578360185986159,GT_pos_dist,0.65502703
artificial_graph_sbmv_4_comuAndEmb_0_20_pos_0_80_5,0.19999999999999996,5,Inferred_Commu_normal,0.19559314621132007,0.8055744854845306,0.05219983006631698,0.7336327933884299,louvain_density,1.0
artificial_graph_sbmv_4_comuAndEmb_0_20_pos_0_80_5,0.19999999999999996,5,Inferred_Commu_spatial_manuel_iter,0.05992884091675895,0.4016514470037708,0.02234388000350358,0.5401707107438016,spatial_louvain_density,1.0
artificial_graph_sbmv_4_comuAndEmb_0_20_pos_0_80_5,0.19999999999999996,5,GT_pos,0.25448955784265453,0.7853913952114852,0.08419830412436212,0.7761650247933884,GT_pos_dist,1.0
artificial_graph_sbmv_4_comuAndEmb_0_20_pos_0_80_5,0.19999999999999996,5,GT_pos + Inferred_Commu normal,0.24474086936056189,0.7719094997955567,0.08211636955970571,0.7698172561983472,GT_pos_dist,0.7711245
artificial_graph_sbmv_4_comuAndEmb_0_20_pos_0_80_5,0.19999999999999996,5,GT_pos + Inferred_Commu spatial manuel iter,0.20132420384097827,0.7616986961064922,0.07853673719279222,0.7680810578512397,GT_pos_dist,0.672448
artificial_graph_sbmv_4_comuAndEmb_0_20_pos_0_80_5,0.19999999999999996,5,SiNEcustom_spatial,0.09054747133732774,0.5704761255735769,0.02896714218607438,0.6142973884297521,SiNEcustom_spatial_dist,1.0
artificial_graph_sbmv_4_comuAndEmb_0_20_pos_0_80_5,0.19999999999999996,5,deepwalk,0.16295378801615829,0.6953682249784199,0.04762976030991088,0.7067308429752066,deepwalk_dist,1.0
artificial_graph_sbmv_4_comuAndEmb_0_20_pos_0_80_5,0.19999999999999996,5,GT_pos + SiNEcustom_spatial,0.19930253158155176,0.755042933078915,0.0698127513667373,0.7586411900826446,GT_pos_dist,0.6927932
artificial_graph_sbmv_4_comuAndEmb_0_20_pos_0_80_5,0.19999999999999996,5,GT_pos + deepwalk,0.17673874458301647,0.7534868929171777,0.06725083629607148,0.7591892892561984,GT_pos_dist,0.7177964
artificial_graph_sbmv_4_comuAndEmb_0_10_pos_0_90_5,0.09999999999999998,5,Inferred_Commu_normal,0.19236315359612702,0.8180180180180179,0.06258057893937305,0.8076521683673469,louvain_density,1.0
artificial_graph_sbmv_4_comuAndEmb_0_10_pos_0_90_5,0.09999999999999998,5,Inferred_Commu_spatial_manuel_iter,0.08550727332483658,0.5455364455364455,0.020363647732198797,0.5164554846938776,spatial_louvain_density,1.0
artificial_graph_sbmv_4_comuAndEmb_0_10_pos_0_90_5,0.09999999999999998,5,GT_pos,0.32615063034554526,0.860992160992161,0.1269739882217214,0.8707312500000001,GT_pos_dist,1.0
artificial_graph_sbmv_4_comuAndEmb_0_10_pos_0_90_5,0.09999999999999998,5,GT_pos + Inferred_Commu normal,0.2587024557294139,0.8452088452088451,0.11038077645155449,0.8617988520408163,GT_pos_dist,0.73844975
artificial_graph_sbmv_4_comuAndEmb_0_10_pos_0_90_5,0.09999999999999998,5,GT_pos + Inferred_Commu spatial manuel iter,0.322858598456244,0.8531531531531531,0.11185892904370143,0.8578178571428572,GT_pos_dist,0.7970603
artificial_graph_sbmv_4_comuAndEmb_0_10_pos_0_90_5,0.09999999999999998,5,SiNEcustom_spatial,0.11110879979073636,0.6332280332280331,0.04337228422476548,0.6825769132653061,SiNEcustom_spatial_dist,1.0
artificial_graph_sbmv_4_comuAndEmb_0_10_pos_0_90_5,0.09999999999999998,5,deepwalk,0.22891803733656482,0.8200772200772201,0.06993692161707041,0.7921241071428571,deepwalk_dist,1.0
artificial_graph_sbmv_4_comuAndEmb_0_10_pos_0_90_5,0.09999999999999998,5,GT_pos + SiNEcustom_spatial,0.22026935117668642,0.8248274248274248,0.10568509905201652,0.8504938775510205,GT_pos_dist,0.7537633
artificial_graph_sbmv_4_comuAndEmb_0_10_pos_0_90_5,0.09999999999999998,5,GT_pos + deepwalk,0.44713753429900566,0.8716742716742716,0.1186873597829357,0.852730357142857,GT_pos_dist,0.74761504
artificial_graph_sbmv_4_comuAndEmb_0_00_pos_1_00_5,0.0,5,Inferred_Commu_normal,0.20248725672424417,0.8268385518147627,0.06563469027883753,0.8165742491073303,louvain_density,1.0
artificial_graph_sbmv_4_comuAndEmb_0_00_pos_1_00_5,0.0,5,Inferred_Commu_spatial_manuel_iter,0.1144870358996807,0.6196927817300285,0.027025404320309133,0.5922749947490024,spatial_louvain_density,1.0
artificial_graph_sbmv_4_comuAndEmb_0_00_pos_1_00_5,0.0,5,GT_pos,0.4242433744323918,0.921416919661063,0.17487601370260933,0.9159018588531822,GT_pos_dist,1.0
artificial_graph_sbmv_4_comuAndEmb_0_00_pos_1_00_5,0.0,5,GT_pos + Inferred_Commu normal,0.38832261955716374,0.9178145815397164,0.1687189623742213,0.9076615994538961,GT_pos_dist,0.81773406
artificial_graph_sbmv_4_comuAndEmb_0_00_pos_1_00_5,0.0,5,GT_pos + Inferred_Commu spatial manuel iter,0.3893000680571562,0.9062599120938875,0.13622397715869172,0.9033942449065323,GT_pos_dist,0.81490344
artificial_graph_sbmv_4_comuAndEmb_0_00_pos_1_00_5,0.0,5,SiNEcustom_spatial,0.17493345630188023,0.7780597217816847,0.048907346652138875,0.768074459147238,SiNEcustom_spatial_dist,1.0
artificial_graph_sbmv_4_comuAndEmb_0_00_pos_1_00_5,0.0,5,deepwalk,0.22030977573781133,0.8277901128279487,0.10803833977418706,0.8840050672127705,deepwalk_dist,1.0
artificial_graph_sbmv_4_comuAndEmb_0_00_pos_1_00_5,0.0,5,GT_pos + SiNEcustom_spatial,0.48617412916914055,0.9131134170102859,0.14347589722673432,0.9038984719596723,GT_pos_dist,0.80919576
artificial_graph_sbmv_4_comuAndEmb_0_00_pos_1_00_5,0.0,5,GT_pos + deepwalk,0.4337762512707485,0.9103267026145271,0.15061231681184575,0.9071525152278934,GT_pos_dist,0.80819535
artificial_graph_sbmv_4_comuAndEmb_1_00_pos_0_00_6,1.0,6,Inferred_Commu_normal,0.14172497062893438,0.778515625,0.04879462827758817,0.7601805054151625,louvain_density,1.0
artificial_graph_sbmv_4_comuAndEmb_1_00_pos_0_00_6,1.0,6,Inferred_Commu_spatial_manuel_iter,0.14527180312859425,0.7889796401515151,0.05464506831005206,0.7940983200615153,spatial_louvain_density,1.0
artificial_graph_sbmv_4_comuAndEmb_1_00_pos_0_00_6,1.0,6,GT_pos,0.06574258117747539,0.4966264204545454,0.02120771212982648,0.5209632603057514,GT_pos_dist,1.0
artificial_graph_sbmv_4_comuAndEmb_1_00_pos_0_00_6,1.0,6,GT_pos + Inferred_Commu normal,0.12556282578209776,0.7437144886363636,0.05148891582066965,0.7563765981571505,louvain_density,0.8523207
artificial_graph_sbmv_4_comuAndEmb_1_00_pos_0_00_6,1.0,6,GT_pos + Inferred_Commu spatial manuel iter,0.14859532771392064,0.7620620265151515,0.055578282701063624,0.7822166325639589,spatial_louvain_density,0.83005166
artificial_graph_sbmv_4_comuAndEmb_1_00_pos_0_00_6,1.0,6,SiNEcustom_spatial,0.2986539901266875,0.8390506628787878,0.09488478069392273,0.8176009070885846,SiNEcustom_spatial_dist,1.0
artificial_graph_sbmv_4_comuAndEmb_1_00_pos_0_00_6,1.0,6,deepwalk,0.4162933328903734,0.8045691287878788,0.14106076120028885,0.7970019158336483,deepwalk_dist,1.0
artificial_graph_sbmv_4_comuAndEmb_1_00_pos_0_00_6,1.0,6,GT_pos + SiNEcustom_spatial,0.282377816951924,0.8243726325757575,0.08258263717451898,0.7882472077050398,SiNEcustom_spatial_dist,0.72319525
artificial_graph_sbmv_4_comuAndEmb_1_00_pos_0_00_6,1.0,6,GT_pos + deepwalk,0.3532391232421427,0.7878314393939394,0.10414352856210558,0.7820814815780213,deepwalk_dist,0.6977305
artificial_graph_sbmv_4_comuAndEmb_0_90_pos_0_10_6,0.9,6,Inferred_Commu_normal,0.1506185307116976,0.7548463462569234,0.04571036829904391,0.7288954407060546,louvain_density,1.0
artificial_graph_sbmv_4_comuAndEmb_0_90_pos_0_10_6,0.9,6,Inferred_Commu_spatial_manuel_iter,0.14480926296839264,0.6717661247096658,0.05157853602408047,0.7142701147210339,spatial_louvain_density,1.0
artificial_graph_sbmv_4_comuAndEmb_0_90_pos_0_10_6,0.9,6,GT_pos,0.07141057431199627,0.5168728783276755,0.02167795893218681,0.5195150370627304,GT_pos_dist,1.0
artificial_graph_sbmv_4_comuAndEmb_0_90_pos_0_10_6,0.9,6,GT_pos + Inferred_Commu normal,0.17231403778971421,0.75,0.046644607261269254,0.7203642039542143,louvain_density,0.75363696
artificial_graph_sbmv_4_comuAndEmb_0_90_pos_0_10_6,0.9,6,GT_pos + Inferred_Commu spatial manuel iter,0.17554741941255397,0.7033455422547793,0.04824889388958929,0.6960400046248121,spatial_louvain_density,0.7744272
artificial_graph_sbmv_4_comuAndEmb_0_90_pos_0_10_6,0.9,6,SiNEcustom_spatial,0.19213846180689836,0.7372587993567983,0.09045322125882517,0.7869436415256741,SiNEcustom_spatial_dist,1.0
artificial_graph_sbmv_4_comuAndEmb_0_90_pos_0_10_6,0.9,6,deepwalk,0.22838941992829317,0.7189565838842236,0.08398253526132324,0.7543785408717771,deepwalk_dist,1.0
artificial_graph_sbmv_4_comuAndEmb_0_90_pos_0_10_6,0.9,6,GT_pos + SiNEcustom_spatial,0.189622999539906,0.7348691263176702,0.07494202792394163,0.7621904908724194,SiNEcustom_spatial_dist,0.6515356
artificial_graph_sbmv_4_comuAndEmb_0_90_pos_0_10_6,0.9,6,GT_pos + deepwalk,0.19816033068903455,0.7182642487046631,0.06467990255920925,0.7181101219151861,deepwalk_dist,0.6360542
artificial_graph_sbmv_4_comuAndEmb_0_80_pos_0_20_6,0.8,6,Inferred_Commu_normal,0.12877617821854326,0.6982800982800983,0.04480338964608947,0.7461321428571428,louvain_density,1.0
artificial_graph_sbmv_4_comuAndEmb_0_80_pos_0_20_6,0.8,6,Inferred_Commu_spatial_manuel_iter,0.1518630186278525,0.7253188253188253,0.048558523427809086,0.754945280612245,spatial_louvain_density,1.0
artificial_graph_sbmv_4_comuAndEmb_0_80_pos_0_20_6,0.8,6,GT_pos,0.08791173875453649,0.5579267579267579,0.02551059661832416,0.5257669642857143,GT_pos_dist,1.0
artificial_graph_sbmv_4_comuAndEmb_0_80_pos_0_20_6,0.8,6,GT_pos + Inferred_Commu normal,0.15765615067672856,0.694910494910495,0.03551042439419129,0.6723877551020409,louvain_density,0.74424595
artificial_graph_sbmv_4_comuAndEmb_0_80_pos_0_20_6,0.8,6,GT_pos + Inferred_Commu spatial manuel iter,0.15156403294722381,0.6979524979524979,0.03919174362154585,0.6867196428571429,spatial_louvain_density,0.6515553
artificial_graph_sbmv_4_comuAndEmb_0_80_pos_0_20_6,0.8,6,SiNEcustom_spatial,0.2032098654418692,0.653071253071253,0.08431457604458165,0.755654336734694,SiNEcustom_spatial_dist,1.0
artificial_graph_sbmv_4_comuAndEmb_0_80_pos_0_20_6,0.8,6,deepwalk,0.19220297494171765,0.6729495729495729,0.08284868592618398,0.7232258928571429,deepwalk_dist,1.0
artificial_graph_sbmv_4_comuAndEmb_0_80_pos_0_20_6,0.8,6,GT_pos + SiNEcustom_spatial,0.19614385083623614,0.685971685971686,0.06610368622972096,0.7326147959183673,SiNEcustom_spatial_dist,0.57407624
artificial_graph_sbmv_4_comuAndEmb_0_80_pos_0_20_6,0.8,6,GT_pos + deepwalk,0.17716802022881567,0.6736047736047737,0.05898472655382715,0.7071983418367347,deepwalk_dist,0.5857343
artificial_graph_sbmv_4_comuAndEmb_0_70_pos_0_30_6,0.7,6,Inferred_Commu_normal,0.1371499209600858,0.7004961710997327,0.033499006681452725,0.6451531900826446,louvain_density,1.0
artificial_graph_sbmv_4_comuAndEmb_0_70_pos_0_30_6,0.7,6,Inferred_Commu_spatial_manuel_iter,0.12915380385765873,0.7062281933934478,0.035772028952702796,0.6826315371900826,spatial_louvain_density,1.0
artificial_graph_sbmv_4_comuAndEmb_0_70_pos_0_30_6,0.7,6,GT_pos,0.09421121429749368,0.5697471566450677,0.03301536088827989,0.5979800330578513,GT_pos_dist,1.0
artificial_graph_sbmv_4_comuAndEmb_0_70_pos_0_30_6,0.7,6,GT_pos + Inferred_Commu normal,0.15179351335444835,0.6989328922923558,0.03481460047491504,0.6608900495867768,louvain_density,0.6287944
artificial_graph_sbmv_4_comuAndEmb_0_70_pos_0_30_6,0.7,6,GT_pos + Inferred_Commu spatial manuel iter,0.13688161798454182,0.6757782409714985,0.045918608720609516,0.7026143471074381,spatial_louvain_density,0.65191644
artificial_graph_sbmv_4_comuAndEmb_0_70_pos_0_30_6,0.7,6,SiNEcustom_spatial,0.2080275058036034,0.6902895464225837,0.047556459899765306,0.669388958677686,SiNEcustom_spatial_dist,1.0
artificial_graph_sbmv_4_comuAndEmb_0_70_pos_0_30_6,0.7,6,deepwalk,0.15429264536656617,0.6859168970048484,0.03739527501794731,0.661430082644628,deepwalk_dist,1.0
artificial_graph_sbmv_4_comuAndEmb_0_70_pos_0_30_6,0.7,6,GT_pos + SiNEcustom_spatial,0.14921676871381143,0.6909805609678735,0.04806110122075956,0.69334426446281,SiNEcustom_spatial_dist,0.55790406
artificial_graph_sbmv_4_comuAndEmb_0_70_pos_0_30_6,0.7,6,GT_pos + deepwalk,0.1709144843211698,0.7051406950926639,0.03484511230288933,0.6649670082644628,deepwalk_dist,0.5305052
artificial_graph_sbmv_4_comuAndEmb_0_60_pos_0_40_6,0.6,6,Inferred_Commu_normal,0.1286416328600747,0.620257711650328,0.03291401046215883,0.6437980180084182,louvain_density,1.0
artificial_graph_sbmv_4_comuAndEmb_0_60_pos_0_40_6,0.6,6,Inferred_Commu_spatial_manuel_iter,0.14499930555236462,0.6461679297318594,0.03711941985741324,0.6454284991208907,spatial_louvain_density,1.0
artificial_graph_sbmv_4_comuAndEmb_0_60_pos_0_40_6,0.6,6,GT_pos,0.11192550331200504,0.622447797167953,0.0335939611031804,0.6081067185252278,GT_pos_dist,1.0
artificial_graph_sbmv_4_comuAndEmb_0_60_pos_0_40_6,0.6,6,GT_pos + Inferred_Commu normal,0.18842698214383174,0.6803286287051844,0.036289334137264824,0.6554796472907454,louvain_density,0.50097024
artificial_graph_sbmv_4_comuAndEmb_0_60_pos_0_40_6,0.6,6,GT_pos + Inferred_Commu spatial manuel iter,0.1817175570135079,0.6938283621868409,0.03907570474824357,0.6563117374393947,spatial_louvain_density,0.5531106
artificial_graph_sbmv_4_comuAndEmb_0_60_pos_0_40_6,0.6,6,SiNEcustom_spatial,0.10791172625415145,0.6158775406150779,0.04127216325169295,0.6247112259576963,SiNEcustom_spatial_dist,1.0
artificial_graph_sbmv_4_comuAndEmb_0_60_pos_0_40_6,0.6,6,deepwalk,0.13835595280602875,0.6695636051820436,0.036695274252944735,0.6312769726676968,deepwalk_dist,1.0
artificial_graph_sbmv_4_comuAndEmb_0_60_pos_0_40_6,0.6,6,GT_pos + SiNEcustom_spatial,0.14739434602947915,0.7053697652321027,0.039783644210726526,0.6926152165805317,SiNEcustom_spatial_dist,0.5147409
artificial_graph_sbmv_4_comuAndEmb_0_60_pos_0_40_6,0.6,6,GT_pos + deepwalk,0.15939723263478028,0.6887876891700851,0.03385544231786558,0.635244285790399,GT_pos_dist,0.506837
artificial_graph_sbmv_4_comuAndEmb_0_50_pos_0_50_6,0.5,6,Inferred_Commu_normal,0.10666544470793887,0.6192509855453351,0.03541490292025203,0.6450612892561984,louvain_density,1.0
artificial_graph_sbmv_4_comuAndEmb_0_50_pos_0_50_6,0.5,6,Inferred_Commu_spatial_manuel_iter,0.09144787242247701,0.586546739770719,0.026321679001011122,0.5932773553719008,spatial_louvain_density,1.0
artificial_graph_sbmv_4_comuAndEmb_0_50_pos_0_50_6,0.5,6,GT_pos,0.1648128497988267,0.6555802256558975,0.047838818610668944,0.6935299173553718,GT_pos_dist,1.0
artificial_graph_sbmv_4_comuAndEmb_0_50_pos_0_50_6,0.5,6,GT_pos + Inferred_Commu normal,0.17675394186556959,0.6707712175449727,0.04654461039265769,0.6951404958677686,louvain_density,0.50178325
artificial_graph_sbmv_4_comuAndEmb_0_50_pos_0_50_6,0.5,6,GT_pos + Inferred_Commu spatial manuel iter,0.1753583719873984,0.6651524763242558,0.04717174426899175,0.7014500495867768,GT_pos_dist,0.5556537
artificial_graph_sbmv_4_comuAndEmb_0_50_pos_0_50_6,0.5,6,SiNEcustom_spatial,0.10126745138559792,0.5532081199873126,0.03238262989534196,0.616537785123967,SiNEcustom_spatial_dist,1.0
artificial_graph_sbmv_4_comuAndEmb_0_50_pos_0_50_6,0.5,6,deepwalk,0.12251167844734859,0.6339095563913182,0.03345666806585185,0.6368563305785124,deepwalk_dist,1.0
artificial_graph_sbmv_4_comuAndEmb_0_50_pos_0_50_6,0.5,6,GT_pos + SiNEcustom_spatial,0.20726272519262814,0.675812225293398,0.046616162019714996,0.7055859834710745,GT_pos_dist,0.5598735
artificial_graph_sbmv_4_comuAndEmb_0_50_pos_0_50_6,0.5,6,GT_pos + deepwalk,0.14631661125840906,0.68378721283248,0.048283289367682954,0.6987920661157025,GT_pos_dist,0.5865809
artificial_graph_sbmv_4_comuAndEmb_0_40_pos_0_60_6,0.3999999999999999,6,Inferred_Commu_normal,0.14112817518870308,0.6914001177394036,0.04455935360545843,0.7043082883950903,louvain_density,1.0
artificial_graph_sbmv_4_comuAndEmb_0_40_pos_0_60_6,0.3999999999999999,6,Inferred_Commu_spatial_manuel_iter,0.09270504572758277,0.5784070839874411,0.022694467368091265,0.538702308837774,spatial_louvain_density,1.0
artificial_graph_sbmv_4_comuAndEmb_0_40_pos_0_60_6,0.3999999999999999,6,GT_pos,0.15799231325217994,0.695300235478807,0.061080194995872784,0.7328796136997788,GT_pos_dist,1.0
artificial_graph_sbmv_4_comuAndEmb_0_40_pos_0_60_6,0.3999999999999999,6,GT_pos + Inferred_Commu normal,0.15722581637633648,0.6892783555729984,0.053928927811199553,0.7289284216917984,GT_pos_dist,0.6606817
artificial_graph_sbmv_4_comuAndEmb_0_40_pos_0_60_6,0.3999999999999999,6,GT_pos + Inferred_Commu spatial manuel iter,0.20488269840151305,0.7208227040816327,0.050403615797106324,0.7266181381832902,GT_pos_dist,0.635138
artificial_graph_sbmv_4_comuAndEmb_0_40_pos_0_60_6,0.3999999999999999,6,SiNEcustom_spatial,0.09279774039966959,0.5384492739403455,0.03138550128759672,0.5832967080628604,SiNEcustom_spatial_dist,1.0
artificial_graph_sbmv_4_comuAndEmb_0_40_pos_0_60_6,0.3999999999999999,6,deepwalk,0.14944779853392698,0.663400215855573,0.03907364686216943,0.6499478089895763,deepwalk_dist,1.0
artificial_graph_sbmv_4_comuAndEmb_0_40_pos_0_60_6,0.3999999999999999,6,GT_pos + SiNEcustom_spatial,0.12418314076717002,0.6703419348508634,0.051806828490491515,0.7094509100897801,GT_pos_dist,0.62984866
artificial_graph_sbmv_4_comuAndEmb_0_40_pos_0_60_6,0.3999999999999999,6,GT_pos + deepwalk,0.15835414938498749,0.7104223901098901,0.05671767076534817,0.7094086946464456,GT_pos_dist,0.6304963
artificial_graph_sbmv_4_comuAndEmb_0_30_pos_0_70_6,0.29999999999999993,6,Inferred_Commu_normal,0.12912123994013466,0.7125182304326689,0.042183461585608206,0.7133526231941285,louvain_density,1.0
artificial_graph_sbmv_4_comuAndEmb_0_30_pos_0_70_6,0.29999999999999993,6,Inferred_Commu_spatial_manuel_iter,0.10417787314916852,0.5385877491492465,0.01958089077169685,0.5012202992878637,spatial_louvain_density,1.0
artificial_graph_sbmv_4_comuAndEmb_0_30_pos_0_70_6,0.29999999999999993,6,GT_pos,0.20222117719214625,0.7603548857559552,0.07773243402389139,0.7685230320937895,GT_pos_dist,1.0
artificial_graph_sbmv_4_comuAndEmb_0_30_pos_0_70_6,0.29999999999999993,6,GT_pos + Inferred_Commu normal,0.21184470062815147,0.7520053475935828,0.07322095672322929,0.7469596002233085,GT_pos_dist,0.69391245
artificial_graph_sbmv_4_comuAndEmb_0_30_pos_0_70_6,0.29999999999999993,6,GT_pos + Inferred_Commu spatial manuel iter,0.21799382143786533,0.7649732620320856,0.057760411198239006,0.7469010498223063,GT_pos_dist,0.7121442
artificial_graph_sbmv_4_comuAndEmb_0_30_pos_0_70_6,0.29999999999999993,6,SiNEcustom_spatial,0.1171868162956744,0.5849295089936801,0.023494185585247532,0.5695275118802848,SiNEcustom_spatial_dist,1.0
artificial_graph_sbmv_4_comuAndEmb_0_30_pos_0_70_6,0.29999999999999993,6,deepwalk,0.13120470998356268,0.6587992221682061,0.040363119997500266,0.6722909546438638,deepwalk_dist,1.0
artificial_graph_sbmv_4_comuAndEmb_0_30_pos_0_70_6,0.29999999999999993,6,GT_pos + SiNEcustom_spatial,0.2542955781800023,0.7599538162372386,0.06372271354590339,0.7361121172097331,GT_pos_dist,0.65639246
artificial_graph_sbmv_4_comuAndEmb_0_30_pos_0_70_6,0.29999999999999993,6,GT_pos + deepwalk,0.19130579974145706,0.7482134175984443,0.05772589879478239,0.7532221783472447,GT_pos_dist,0.6688617
artificial_graph_sbmv_4_comuAndEmb_0_20_pos_0_80_6,0.19999999999999996,6,Inferred_Commu_normal,0.14224267796824358,0.7101777622865111,0.05411488459478965,0.7668511586094005,louvain_density,1.0
artificial_graph_sbmv_4_comuAndEmb_0_20_pos_0_80_6,0.19999999999999996,6,Inferred_Commu_spatial_manuel_iter,0.06836313825903506,0.4717323109097246,0.021888964298226114,0.5301277355123509,spatial_louvain_density,1.0
artificial_graph_sbmv_4_comuAndEmb_0_20_pos_0_80_6,0.19999999999999996,6,GT_pos,0.266764339243488,0.7854537004763563,0.10873055117109362,0.8109019307920406,GT_pos_dist,1.0
artificial_graph_sbmv_4_comuAndEmb_0_20_pos_0_80_6,0.19999999999999996,6,GT_pos + Inferred_Commu normal,0.26203497913951257,0.7835250377599629,0.10693980443205665,0.8018539092165466,GT_pos_dist,0.74813044
artificial_graph_sbmv_4_comuAndEmb_0_20_pos_0_80_6,0.19999999999999996,6,GT_pos + Inferred_Commu spatial manuel iter,0.23474233549588963,0.7908098059718833,0.10363217932174408,0.8094222383233372,GT_pos_dist,0.72571206
artificial_graph_sbmv_4_comuAndEmb_0_20_pos_0_80_6,0.19999999999999996,6,SiNEcustom_spatial,0.10933186702741529,0.5663994423143952,0.03159981494287708,0.6006385433857961,SiNEcustom_spatial_dist,1.0
artificial_graph_sbmv_4_comuAndEmb_0_20_pos_0_80_6,0.19999999999999996,6,deepwalk,0.17112808358445789,0.7082258626699199,0.056804964160728944,0.7253471802922352,deepwalk_dist,1.0
artificial_graph_sbmv_4_comuAndEmb_0_20_pos_0_80_6,0.19999999999999996,6,GT_pos + SiNEcustom_spatial,0.23599392048613474,0.7341814801905426,0.09695208306703844,0.7893449529713267,GT_pos_dist,0.7105077
artificial_graph_sbmv_4_comuAndEmb_0_20_pos_0_80_6,0.19999999999999996,6,GT_pos + deepwalk,0.21921731410829734,0.7918670849308702,0.08389803555129856,0.7867130915482564,GT_pos_dist,0.69566965
artificial_graph_sbmv_4_comuAndEmb_0_10_pos_0_90_6,0.09999999999999998,6,Inferred_Commu_normal,0.19823106493164572,0.7897018371156302,0.064042989386588,0.7667287521626297,louvain_density,1.0
artificial_graph_sbmv_4_comuAndEmb_0_10_pos_0_90_6,0.09999999999999998,6,Inferred_Commu_spatial_manuel_iter,0.07326439440592258,0.5491821396993811,0.022230017525466234,0.5479525302768167,spatial_louvain_density,1.0
artificial_graph_sbmv_4_comuAndEmb_0_10_pos_0_90_6,0.09999999999999998,6,GT_pos,0.2729641514778426,0.8599322133804892,0.13621776589990914,0.8780414684256056,GT_pos_dist,1.0
artificial_graph_sbmv_4_comuAndEmb_0_10_pos_0_90_6,0.09999999999999998,6,GT_pos + Inferred_Commu normal,0.27468389903195595,0.8543815698988113,0.11827699303975081,0.8715591208910035,GT_pos_dist,0.7800542
artificial_graph_sbmv_4_comuAndEmb_0_10_pos_0_90_6,0.09999999999999998,6,GT_pos + Inferred_Commu spatial manuel iter,0.28255523997008775,0.8580410649376167,0.1205576058973583,0.8691575205449826,GT_pos_dist,0.7579915
artificial_graph_sbmv_4_comuAndEmb_0_10_pos_0_90_6,0.09999999999999998,6,SiNEcustom_spatial,0.13072753275189136,0.6772399056881815,0.04055227710389736,0.6930324124134948,SiNEcustom_spatial_dist,1.0
artificial_graph_sbmv_4_comuAndEmb_0_10_pos_0_90_6,0.09999999999999998,6,deepwalk,0.22559206300226764,0.8148762157382847,0.08515259404133053,0.8063631325692041,deepwalk_dist,1.0
artificial_graph_sbmv_4_comuAndEmb_0_10_pos_0_90_6,0.09999999999999998,6,GT_pos + SiNEcustom_spatial,0.28093205388263304,0.8438942921701542,0.11605935729344274,0.8630495782871972,GT_pos_dist,0.7524535
artificial_graph_sbmv_4_comuAndEmb_0_10_pos_0_90_6,0.09999999999999998,6,GT_pos + deepwalk,0.2603743797643833,0.8590971608212987,0.12771333029233928,0.8648578070934256,GT_pos_dist,0.77438474
artificial_graph_sbmv_4_comuAndEmb_0_00_pos_1_00_6,0.0,6,Inferred_Commu_normal,0.24126052486777722,0.8493887359432598,0.08159714903628822,0.8557223212296725,louvain_density,1.0
artificial_graph_sbmv_4_comuAndEmb_0_00_pos_1_00_6,0.0,6,Inferred_Commu_spatial_manuel_iter,0.09760200888998209,0.5831155802342401,0.021895131905636342,0.5429888338159946,spatial_louvain_density,1.0
artificial_graph_sbmv_4_comuAndEmb_0_00_pos_1_00_6,0.0,6,GT_pos,0.36724017773319556,0.8957234846717371,0.178244065260996,0.914784055468924,GT_pos_dist,1.0
artificial_graph_sbmv_4_comuAndEmb_0_00_pos_1_00_6,0.0,6,GT_pos + Inferred_Commu normal,0.34013845236097123,0.8889925808408381,0.15813875669078067,0.9112068389396303,GT_pos_dist,0.8590478
artificial_graph_sbmv_4_comuAndEmb_0_00_pos_1_00_6,0.0,6,GT_pos + Inferred_Commu spatial manuel iter,0.404675743059846,0.8953035322663431,0.12264428768000406,0.9014765259523279,GT_pos_dist,0.79576576
artificial_graph_sbmv_4_comuAndEmb_0_00_pos_1_00_6,0.0,6,SiNEcustom_spatial,0.1407400859402937,0.6980192244878913,0.05353697114566197,0.7588689017598574,SiNEcustom_spatial_dist,1.0
artificial_graph_sbmv_4_comuAndEmb_0_00_pos_1_00_6,0.0,6,deepwalk,0.24920340401360533,0.8107064532686296,0.09898524944039362,0.8424202216529294,deepwalk_dist,1.0
artificial_graph_sbmv_4_comuAndEmb_0_00_pos_1_00_6,0.0,6,GT_pos + SiNEcustom_spatial,0.31699144750770186,0.8690915029629975,0.14209354244633024,0.9061292882601916,GT_pos_dist,0.8113681
artificial_graph_sbmv_4_comuAndEmb_0_00_pos_1_00_6,0.0,6,GT_pos + deepwalk,0.3456925443255345,0.8895058560029863,0.14243405695079495,0.9029696201826688,GT_pos_dist,0.7934463
artificial_graph_sbmv_4_comuAndEmb_1_00_pos_0_00_7,1.0,7,Inferred_Commu_normal,0.145308703642037,0.7352919927754366,0.04555442342566256,0.7407847951803996,louvain_density,1.0
artificial_graph_sbmv_4_comuAndEmb_1_00_pos_0_00_7,1.0,7,Inferred_Commu_spatial_manuel_iter,0.21508563397646557,0.8087055990367249,0.0562838304228025,0.8003021642582082,spatial_louvain_density,1.0
artificial_graph_sbmv_4_comuAndEmb_1_00_pos_0_00_7,1.0,7,GT_pos,0.08935663817002143,0.5045394340758579,0.01925281697047579,0.4927936776288424,GT_pos_dist,1.0
artificial_graph_sbmv_4_comuAndEmb_1_00_pos_0_00_7,1.0,7,GT_pos + Inferred_Commu normal,0.15079043616602208,0.7140638169777243,0.044711835545632184,0.7136000751385367,louvain_density,0.8479442
artificial_graph_sbmv_4_comuAndEmb_1_00_pos_0_00_7,1.0,7,GT_pos + Inferred_Commu spatial manuel iter,0.20600910990279017,0.7718001204093919,0.048576625459927816,0.7360255739376618,spatial_louvain_density,0.801904
artificial_graph_sbmv_4_comuAndEmb_1_00_pos_0_00_7,1.0,7,SiNEcustom_spatial,0.30843023728747565,0.8661649608669476,0.10148553614250114,0.8179126246159214,SiNEcustom_spatial_dist,1.0
artificial_graph_sbmv_4_comuAndEmb_1_00_pos_0_00_7,1.0,7,deepwalk,0.29801872028854615,0.8275135460565923,0.11314966716449228,0.8064511800775538,deepwalk_dist,1.0
artificial_graph_sbmv_4_comuAndEmb_1_00_pos_0_00_7,1.0,7,GT_pos + SiNEcustom_spatial,0.26215710537605746,0.8646478025285972,0.08397832178681655,0.8060864898227537,SiNEcustom_spatial_dist,0.7316855
artificial_graph_sbmv_4_comuAndEmb_1_00_pos_0_00_7,1.0,7,GT_pos + deepwalk,0.3547197256153568,0.8186032510535822,0.09401743200785828,0.7775969085859196,deepwalk_dist,0.69330966
artificial_graph_sbmv_4_comuAndEmb_0_90_pos_0_10_7,0.9,7,Inferred_Commu_normal,0.1522896862378777,0.7794313794313795,0.04406882713731593,0.7479406887755102,louvain_density,1.0
artificial_graph_sbmv_4_comuAndEmb_0_90_pos_0_10_7,0.9,7,Inferred_Commu_spatial_manuel_iter,0.190929212761736,0.7696852696852696,0.057364803339821246,0.7795377551020408,spatial_louvain_density,1.0
artificial_graph_sbmv_4_comuAndEmb_0_90_pos_0_10_7,0.9,7,GT_pos,0.06691830943760725,0.475043875043875,0.022843032328209185,0.5254516581632653,GT_pos_dist,1.0
artificial_graph_sbmv_4_comuAndEmb_0_90_pos_0_10_7,0.9,7,GT_pos + Inferred_Commu normal,0.12536018905136573,0.726091026091026,0.04718273107279509,0.742448086734694,louvain_density,0.79696393
artificial_graph_sbmv_4_comuAndEmb_0_90_pos_0_10_7,0.9,7,GT_pos + Inferred_Commu spatial manuel iter,0.1461825457332125,0.7314379314379313,0.050064469967077536,0.7086373724489796,spatial_louvain_density,0.75562453
artificial_graph_sbmv_4_comuAndEmb_0_90_pos_0_10_7,0.9,7,SiNEcustom_spatial,0.3344115479980039,0.8509652509652509,0.10426374077925173,0.7805864795918366,SiNEcustom_spatial_dist,1.0
artificial_graph_sbmv_4_comuAndEmb_0_90_pos_0_10_7,0.9,7,deepwalk,0.24305947040431583,0.7784017784017785,0.10336840692519875,0.7792460459183674,deepwalk_dist,1.0
artificial_graph_sbmv_4_comuAndEmb_0_90_pos_0_10_7,0.9,7,GT_pos + SiNEcustom_spatial,0.2716050710313299,0.8417105417105417,0.0973729819822263,0.7591411989795918,SiNEcustom_spatial_dist,0.698614
artificial_graph_sbmv_4_comuAndEmb_0_90_pos_0_10_7,0.9,7,GT_pos + deepwalk,0.183114380743239,0.7516672516672517,0.10945772080866462,0.7593570153061225,deepwalk_dist,0.6710162
artificial_graph_sbmv_4_comuAndEmb_0_80_pos_0_20_7,0.8,7,Inferred_Commu_normal,0.17441207447143964,0.7582781456953642,0.03736825737398048,0.6729316105140282,louvain_density,1.0
artificial_graph_sbmv_4_comuAndEmb_0_80_pos_0_20_7,0.8,7,Inferred_Commu_spatial_manuel_iter,0.18210154125599068,0.7777965081276339,0.04393014890707068,0.7148430812167076,spatial_louvain_density,1.0
artificial_graph_sbmv_4_comuAndEmb_0_80_pos_0_20_7,0.8,7,GT_pos,0.10858474799708198,0.6292113184828417,0.027883300257342057,0.5669456184840801,GT_pos_dist,1.0
artificial_graph_sbmv_4_comuAndEmb_0_80_pos_0_20_7,0.8,7,GT_pos + Inferred_Commu normal,0.19492732507079724,0.7603973509933774,0.05035713312493291,0.7063245179728697,louvain_density,0.68849987
artificial_graph_sbmv_4_comuAndEmb_0_80_pos_0_20_7,0.8,7,GT_pos + Inferred_Commu spatial manuel iter,0.20003124048109147,0.7765924142083083,0.05349687536354207,0.7205580378107851,spatial_louvain_density,0.67184633
artificial_graph_sbmv_4_comuAndEmb_0_80_pos_0_20_7,0.8,7,SiNEcustom_spatial,0.34612851686986157,0.8022275737507526,0.07232174210990854,0.7107584966925626,SiNEcustom_spatial_dist,1.0
artificial_graph_sbmv_4_comuAndEmb_0_80_pos_0_20_7,0.8,7,deepwalk,0.22996286652453868,0.7040096327513546,0.058984483457969014,0.6893010774329456,deepwalk_dist,1.0
artificial_graph_sbmv_4_comuAndEmb_0_80_pos_0_20_7,0.8,7,GT_pos + SiNEcustom_spatial,0.3173257987268682,0.8069596628537027,0.06592322190774921,0.7228649250627273,SiNEcustom_spatial_dist,0.62175566
artificial_graph_sbmv_4_comuAndEmb_0_80_pos_0_20_7,0.8,7,GT_pos + deepwalk,0.188534353240871,0.7037206502107164,0.06341146734888527,0.7067800453514739,deepwalk_dist,0.60312283
artificial_graph_sbmv_4_comuAndEmb_0_70_pos_0_30_7,0.7,7,Inferred_Commu_normal,0.1384972767641623,0.6599976763099802,0.035752145597319714,0.6887773886674984,louvain_density,1.0
artificial_graph_sbmv_4_comuAndEmb_0_70_pos_0_30_7,0.7,7,Inferred_Commu_spatial_manuel_iter,0.10596145390357355,0.6086557453235738,0.031209230436239695,0.638249674623301,spatial_louvain_density,1.0
artificial_graph_sbmv_4_comuAndEmb_0_70_pos_0_30_7,0.7,7,GT_pos,0.11537233922503276,0.589008946206576,0.027456195359691335,0.5844044600088556,GT_pos_dist,1.0
artificial_graph_sbmv_4_comuAndEmb_0_70_pos_0_30_7,0.7,7,GT_pos + Inferred_Commu normal,0.12873093926885998,0.6867084930870222,0.03948927340078081,0.712016530478069,louvain_density,0.68373716
artificial_graph_sbmv_4_comuAndEmb_0_70_pos_0_30_7,0.7,7,GT_pos + Inferred_Commu spatial manuel iter,0.13148474787863307,0.6783780643662135,0.040811976757806095,0.6941758241758242,spatial_louvain_density,0.6829376
artificial_graph_sbmv_4_comuAndEmb_0_70_pos_0_30_7,0.7,7,SiNEcustom_spatial,0.15777971002102986,0.6382130823748111,0.055193310385726585,0.7026868735659945,SiNEcustom_spatial_dist,1.0
artificial_graph_sbmv_4_comuAndEmb_0_70_pos_0_30_7,0.7,7,deepwalk,0.14413625245628972,0.7161728825374695,0.048818609219284693,0.695534355754136,deepwalk_dist,1.0
artificial_graph_sbmv_4_comuAndEmb_0_70_pos_0_30_7,0.7,7,GT_pos + SiNEcustom_spatial,0.19593710790472074,0.6894853026606251,0.04746576129526331,0.7052386319419286,SiNEcustom_spatial_dist,0.5714451
artificial_graph_sbmv_4_comuAndEmb_0_70_pos_0_30_7,0.7,7,GT_pos + deepwalk,0.17578385055275528,0.7191472057627513,0.043650933903106204,0.6825384749560574,deepwalk_dist,0.5870138
artificial_graph_sbmv_4_comuAndEmb_0_60_pos_0_40_7,0.6,7,Inferred_Commu_normal,0.11163917060043083,0.6218302227573751,0.03402165821719278,0.6412969448134282,louvain_density,1.0
artificial_graph_sbmv_4_comuAndEmb_0_60_pos_0_40_7,0.6,7,Inferred_Commu_spatial_manuel_iter,0.10788990682828255,0.6246598434677905,0.03432180301178785,0.6527826752002575,spatial_louvain_density,1.0
artificial_graph_sbmv_4_comuAndEmb_0_60_pos_0_40_7,0.6,7,GT_pos,0.10678800155244404,0.6226490066225167,0.031733171584394475,0.6188589676501763,GT_pos_dist,1.0
artificial_graph_sbmv_4_comuAndEmb_0_60_pos_0_40_7,0.6,7,GT_pos + Inferred_Commu normal,0.12264276616584865,0.6741481035520771,0.03155924479254332,0.6403872318158033,louvain_density,0.56538343
artificial_graph_sbmv_4_comuAndEmb_0_60_pos_0_40_7,0.6,7,GT_pos + Inferred_Commu spatial manuel iter,0.12331438037532755,0.6919686935580975,0.045505848329616155,0.7246530880596814,spatial_louvain_density,0.5829065
artificial_graph_sbmv_4_comuAndEmb_0_60_pos_0_40_7,0.6,7,SiNEcustom_spatial,0.1198544445836228,0.5959060806742926,0.043349144408030546,0.6543400555488468,SiNEcustom_spatial_dist,1.0
artificial_graph_sbmv_4_comuAndEmb_0_60_pos_0_40_7,0.6,7,deepwalk,0.1171004105888635,0.5909572546658639,0.03679727188694256,0.6365830750446135,deepwalk_dist,1.0
artificial_graph_sbmv_4_comuAndEmb_0_60_pos_0_40_7,0.6,7,GT_pos + SiNEcustom_spatial,0.10384526346433726,0.6472968091511138,0.041578478670662444,0.6932161977216922,GT_pos_dist,0.50937146
artificial_graph_sbmv_4_comuAndEmb_0_60_pos_0_40_7,0.6,7,GT_pos + deepwalk,0.12630811928164395,0.6701986754966887,0.036193504712319316,0.6697484200780904,GT_pos_dist,0.54583
artificial_graph_sbmv_4_comuAndEmb_0_50_pos_0_50_7,0.5,7,Inferred_Commu_normal,0.13170499421127363,0.6800294800786135,0.027718853039449702,0.5959760280571935,louvain_density,1.0
artificial_graph_sbmv_4_comuAndEmb_0_50_pos_0_50_7,0.5,7,Inferred_Commu_spatial_manuel_iter,0.07802567456174114,0.5390499374664999,0.027631296655500293,0.6173041199367942,spatial_louvain_density,1.0
artificial_graph_sbmv_4_comuAndEmb_0_50_pos_0_50_7,0.5,7,GT_pos,0.1599561157214804,0.7137752367339647,0.05418422831733983,0.6966236302205779,GT_pos_dist,1.0
artificial_graph_sbmv_4_comuAndEmb_0_50_pos_0_50_7,0.5,7,GT_pos + Inferred_Commu normal,0.17210546354144232,0.7382749687332499,0.03896911343851348,0.6695656530620111,GT_pos_dist,0.6027452
artificial_graph_sbmv_4_comuAndEmb_0_50_pos_0_50_7,0.5,7,GT_pos + Inferred_Commu spatial manuel iter,0.1511646603228812,0.711631231016616,0.048294875757589124,0.7292222607623231,GT_pos_dist,0.57847935
artificial_graph_sbmv_4_comuAndEmb_0_50_pos_0_50_7,0.5,7,SiNEcustom_spatial,0.11713270318305144,0.6727822940861176,0.029465647995945674,0.6057650852378567,SiNEcustom_spatial_dist,1.0
artificial_graph_sbmv_4_comuAndEmb_0_50_pos_0_50_7,0.5,7,deepwalk,0.16131046495208903,0.7244170984455958,0.03330933136460466,0.6337426292056885,deepwalk_dist,1.0
artificial_graph_sbmv_4_comuAndEmb_0_50_pos_0_50_7,0.5,7,GT_pos + SiNEcustom_spatial,0.1942082728840685,0.775493567982848,0.04184779080127898,0.7034571755244665,GT_pos_dist,0.567833
artificial_graph_sbmv_4_comuAndEmb_0_50_pos_0_50_7,0.5,7,GT_pos + deepwalk,0.13025743358061154,0.7029323744863318,0.03912892737996267,0.6906061073213345,GT_pos_dist,0.57442653
artificial_graph_sbmv_4_comuAndEmb_0_40_pos_0_60_7,0.3999999999999999,7,Inferred_Commu_normal,0.12694148532367758,0.6907923706227259,0.03695284549199609,0.6990427033938942,louvain_density,1.0
artificial_graph_sbmv_4_comuAndEmb_0_40_pos_0_60_7,0.3999999999999999,7,Inferred_Commu_spatial_manuel_iter,0.086301759715486,0.5808709355952629,0.023750705778804587,0.5572832862699132,spatial_louvain_density,1.0
artificial_graph_sbmv_4_comuAndEmb_0_40_pos_0_60_7,0.3999999999999999,7,GT_pos,0.2683144683874557,0.7447333657790447,0.06019224388198503,0.7427639991475304,GT_pos_dist,1.0
artificial_graph_sbmv_4_comuAndEmb_0_40_pos_0_60_7,0.3999999999999999,7,GT_pos + Inferred_Commu normal,0.23367678592678137,0.7441076270597233,0.056011611231980514,0.7385630561031488,GT_pos_dist,0.63515
artificial_graph_sbmv_4_comuAndEmb_0_40_pos_0_60_7,0.3999999999999999,7,GT_pos + Inferred_Commu spatial manuel iter,0.2996473937624796,0.7701337226818699,0.05123143864299064,0.7258526026959348,GT_pos_dist,0.5907313
artificial_graph_sbmv_4_comuAndEmb_0_40_pos_0_60_7,0.3999999999999999,7,SiNEcustom_spatial,0.12177220467744371,0.6438387911654964,0.026600884005318893,0.5919644093984762,SiNEcustom_spatial_dist,1.0
artificial_graph_sbmv_4_comuAndEmb_0_40_pos_0_60_7,0.3999999999999999,7,deepwalk,0.10597021116840666,0.6098403207490324,0.03260580749805372,0.6494534871330385,deepwalk_dist,1.0
artificial_graph_sbmv_4_comuAndEmb_0_40_pos_0_60_7,0.3999999999999999,7,GT_pos + SiNEcustom_spatial,0.21199632824821127,0.7535052956036061,0.04922396290842339,0.724611593585167,GT_pos_dist,0.6054272
artificial_graph_sbmv_4_comuAndEmb_0_40_pos_0_60_7,0.3999999999999999,7,GT_pos + deepwalk,0.23576434862369566,0.726505828640293,0.05004783445177397,0.7070806915658799,GT_pos_dist,0.6128873
artificial_graph_sbmv_4_comuAndEmb_0_30_pos_0_70_7,0.29999999999999993,7,Inferred_Commu_normal,0.1617780308505324,0.74576760987357,0.04541863813519172,0.7133310523420413,louvain_density,1.0
artificial_graph_sbmv_4_comuAndEmb_0_30_pos_0_70_7,0.29999999999999993,7,Inferred_Commu_spatial_manuel_iter,0.0680786367948715,0.4841782059000602,0.01953675323016807,0.5011127212226112,spatial_louvain_density,1.0
artificial_graph_sbmv_4_comuAndEmb_0_30_pos_0_70_7,0.29999999999999993,7,GT_pos,0.291648571087299,0.8175436484045755,0.07343332285261801,0.7450277073353997,GT_pos_dist,1.0
artificial_graph_sbmv_4_comuAndEmb_0_30_pos_0_70_7,0.29999999999999993,7,GT_pos + Inferred_Commu normal,0.28701619834900227,0.8068392534617701,0.07549563402745661,0.7481172429524078,GT_pos_dist,0.71169424
artificial_graph_sbmv_4_comuAndEmb_0_30_pos_0_70_7,0.29999999999999993,7,GT_pos + Inferred_Commu spatial manuel iter,0.3488532665719254,0.8128356411800121,0.05743995460235377,0.7173861181553489,GT_pos_dist,0.69941413
artificial_graph_sbmv_4_comuAndEmb_0_30_pos_0_70_7,0.29999999999999993,7,SiNEcustom_spatial,0.08155670072368441,0.547778446718844,0.02873838203792949,0.6032322988366945,SiNEcustom_spatial_dist,1.0
artificial_graph_sbmv_4_comuAndEmb_0_30_pos_0_70_7,0.29999999999999993,7,deepwalk,0.10729996404068322,0.6552438290186633,0.03471527515646543,0.6581788297172912,deepwalk_dist,1.0
artificial_graph_sbmv_4_comuAndEmb_0_30_pos_0_70_7,0.29999999999999993,7,GT_pos + SiNEcustom_spatial,0.24707433266383771,0.756110776640578,0.07202064269650904,0.7307454816246025,GT_pos_dist,0.6637083
artificial_graph_sbmv_4_comuAndEmb_0_30_pos_0_70_7,0.29999999999999993,7,GT_pos + deepwalk,0.1978545177433128,0.7409993979530404,0.06090346123962781,0.7357903634826712,GT_pos_dist,0.67328596
artificial_graph_sbmv_4_comuAndEmb_0_20_pos_0_80_7,0.19999999999999996,7,Inferred_Commu_normal,0.17666157658482917,0.742216812578167,0.05350118829644336,0.7566938775510204,louvain_density,1.0
artificial_graph_sbmv_4_comuAndEmb_0_20_pos_0_80_7,0.19999999999999996,7,Inferred_Commu_spatial_manuel_iter,0.07912951054221996,0.5241423977130606,0.020521652489505014,0.5106479591836736,spatial_louvain_density,1.0
artificial_graph_sbmv_4_comuAndEmb_0_20_pos_0_80_7,0.19999999999999996,7,GT_pos,0.20995374158972524,0.7427639807039486,0.09087839725083063,0.8080385204081633,GT_pos_dist,1.0
artificial_graph_sbmv_4_comuAndEmb_0_20_pos_0_80_7,0.19999999999999996,7,GT_pos + Inferred_Commu normal,0.18405549930067033,0.7186997498659996,0.07086615008404028,0.7869766581632652,GT_pos_dist,0.7490754
artificial_graph_sbmv_4_comuAndEmb_0_20_pos_0_80_7,0.19999999999999996,7,GT_pos + Inferred_Commu spatial manuel iter,0.18915691335078677,0.7381409683759157,0.08595102638981052,0.7974227040816327,GT_pos_dist,0.7451009
artificial_graph_sbmv_4_comuAndEmb_0_20_pos_0_80_7,0.19999999999999996,7,SiNEcustom_spatial,0.10882239774744445,0.6259156691084511,0.03331152292540268,0.6185336734693878,SiNEcustom_spatial_dist,1.0
artificial_graph_sbmv_4_comuAndEmb_0_20_pos_0_80_7,0.19999999999999996,7,deepwalk,0.17378530521375243,0.7224740932642487,0.051991057234302744,0.7120470663265306,deepwalk_dist,1.0
artificial_graph_sbmv_4_comuAndEmb_0_20_pos_0_80_7,0.19999999999999996,7,GT_pos + SiNEcustom_spatial,0.21170487825106848,0.7606306950151869,0.08657438502043974,0.797057525510204,GT_pos_dist,0.7370985
artificial_graph_sbmv_4_comuAndEmb_0_20_pos_0_80_7,0.19999999999999996,7,GT_pos + deepwalk,0.2055199630301654,0.7448074861532964,0.08304838517616156,0.7952211734693878,GT_pos_dist,0.72915405
artificial_graph_sbmv_4_comuAndEmb_0_10_pos_0_90_7,0.09999999999999998,7,Inferred_Commu_normal,0.19663201452702164,0.7902268882245244,0.06692775041817434,0.8134371836538974,louvain_density,1.0
artificial_graph_sbmv_4_comuAndEmb_0_10_pos_0_90_7,0.09999999999999998,7,Inferred_Commu_spatial_manuel_iter,0.12253869408434206,0.593536350784491,0.020225318342024616,0.5200459534338537,spatial_louvain_density,1.0
artificial_graph_sbmv_4_comuAndEmb_0_10_pos_0_90_7,0.09999999999999998,7,GT_pos,0.43525567801766923,0.853797307005956,0.12564474443446014,0.8633203686930576,GT_pos_dist,1.0
artificial_graph_sbmv_4_comuAndEmb_0_10_pos_0_90_7,0.09999999999999998,7,GT_pos + Inferred_Commu normal,0.3857547220088575,0.8495909522816287,0.11116508157403907,0.855984868666418,GT_pos_dist,0.77397835
artificial_graph_sbmv_4_comuAndEmb_0_10_pos_0_90_7,0.09999999999999998,7,GT_pos + Inferred_Commu spatial manuel iter,0.3997921047176635,0.8547590905930612,0.09916541409804269,0.8545513879269007,GT_pos_dist,0.7458141
artificial_graph_sbmv_4_comuAndEmb_0_10_pos_0_90_7,0.09999999999999998,7,SiNEcustom_spatial,0.1624048957746751,0.7012792880483905,0.03838756245491813,0.6544225851137515,SiNEcustom_spatial_dist,1.0
artificial_graph_sbmv_4_comuAndEmb_0_10_pos_0_90_7,0.09999999999999998,7,deepwalk,0.2607589828131544,0.7789520035226771,0.07640570942286591,0.7883660557301935,deepwalk_dist,1.0
artificial_graph_sbmv_4_comuAndEmb_0_10_pos_0_90_7,0.09999999999999998,7,GT_pos + SiNEcustom_spatial,0.3636271084187614,0.8562654986210572,0.1068369949926026,0.8462591240875913,GT_pos_dist,0.76595765
artificial_graph_sbmv_4_comuAndEmb_0_10_pos_0_90_7,0.09999999999999998,7,GT_pos + deepwalk,0.37843742376206624,0.8316067579781686,0.10873063040021308,0.8470890830624966,GT_pos_dist,0.76338077
artificial_graph_sbmv_4_comuAndEmb_0_00_pos_1_00_7,0.0,7,Inferred_Commu_normal,0.21347999656758992,0.8438423645320197,0.07110226198967678,0.8021994835626469,louvain_density,1.0
artificial_graph_sbmv_4_comuAndEmb_0_00_pos_1_00_7,0.0,7,Inferred_Commu_spatial_manuel_iter,0.09533491583704186,0.5404836542767578,0.02665187088311895,0.5914317647512236,spatial_louvain_density,1.0
artificial_graph_sbmv_4_comuAndEmb_0_00_pos_1_00_7,0.0,7,GT_pos,0.3557359090562925,0.897357814599194,0.1638810562389255,0.9097309900951941,GT_pos_dist,1.0
artificial_graph_sbmv_4_comuAndEmb_0_00_pos_1_00_7,0.0,7,GT_pos + Inferred_Commu normal,0.35149610562919936,0.8935064935064935,0.1647171225995528,0.8970927917164477,GT_pos_dist,0.7659294
artificial_graph_sbmv_4_comuAndEmb_0_00_pos_1_00_7,0.0,7,GT_pos + Inferred_Commu spatial manuel iter,0.3685826034645969,0.8741043439319303,0.13676226499425473,0.8948321578602537,GT_pos_dist,0.7412948
artificial_graph_sbmv_4_comuAndEmb_0_00_pos_1_00_7,0.0,7,SiNEcustom_spatial,0.13565004392804647,0.7285714285714285,0.05274369574490777,0.7344358371552268,SiNEcustom_spatial_dist,1.0
artificial_graph_sbmv_4_comuAndEmb_0_00_pos_1_00_7,0.0,7,deepwalk,0.2585180607099465,0.812449619346171,0.09881502141565993,0.8381642065235544,deepwalk_dist,1.0
artificial_graph_sbmv_4_comuAndEmb_0_00_pos_1_00_7,0.0,7,GT_pos + SiNEcustom_spatial,0.333023594347001,0.8836430810568742,0.14183328355108082,0.8945377114888041,GT_pos_dist,0.7803318
artificial_graph_sbmv_4_comuAndEmb_0_00_pos_1_00_7,0.0,7,GT_pos + deepwalk,0.3246018166766384,0.8919502910882222,0.14627090574939847,0.8878328901221721,GT_pos_dist,0.7850247
artificial_graph_sbmv_4_comuAndEmb_1_00_pos_0_00_8,1.0,8,Inferred_Commu_normal,0.17817632462083982,0.7987381625266499,0.043676389612931896,0.7334846364883403,louvain_density,1.0
artificial_graph_sbmv_4_comuAndEmb_1_00_pos_0_00_8,1.0,8,Inferred_Commu_spatial_manuel_iter,0.17846047699639794,0.7935569438246814,0.05007209204027042,0.7539196159122085,spatial_louvain_density,1.0
artificial_graph_sbmv_4_comuAndEmb_1_00_pos_0_00_8,1.0,8,GT_pos,0.07222089573894769,0.5024790520105112,0.019827783382972537,0.49485582990397803,GT_pos_dist,1.0
artificial_graph_sbmv_4_comuAndEmb_1_00_pos_0_00_8,1.0,8,GT_pos + Inferred_Commu normal,0.14902337851223182,0.735460359958352,0.048776283907695284,0.7347773662551439,louvain_density,0.8317982
artificial_graph_sbmv_4_comuAndEmb_1_00_pos_0_00_8,1.0,8,GT_pos + Inferred_Commu spatial manuel iter,0.16081512256489608,0.7639322722990729,0.048036880527055424,0.716019341563786,spatial_louvain_density,0.80541706
artificial_graph_sbmv_4_comuAndEmb_1_00_pos_0_00_8,1.0,8,SiNEcustom_spatial,0.3073415232961271,0.8538970697605236,0.08647874270793623,0.8049772290809328,SiNEcustom_spatial_dist,1.0
artificial_graph_sbmv_4_comuAndEmb_1_00_pos_0_00_8,1.0,8,deepwalk,0.30304219280919453,0.7992215776686995,0.1261308744127133,0.7991810699588477,deepwalk_dist,1.0
artificial_graph_sbmv_4_comuAndEmb_1_00_pos_0_00_8,1.0,8,GT_pos + SiNEcustom_spatial,0.25899109617875393,0.8128439684664583,0.07065845939814017,0.7784108367626885,SiNEcustom_spatial_dist,0.72136647
artificial_graph_sbmv_4_comuAndEmb_1_00_pos_0_00_8,1.0,8,GT_pos + deepwalk,0.288731876916411,0.8018493727998413,0.10495143685042399,0.7850825788751714,deepwalk_dist,0.6915785
artificial_graph_sbmv_4_comuAndEmb_0_90_pos_0_10_8,0.9,8,Inferred_Commu_normal,0.17827236347143333,0.7401806140878988,0.05059137557629592,0.7192480779293966,louvain_density,1.0
artificial_graph_sbmv_4_comuAndEmb_0_90_pos_0_10_8,0.9,8,Inferred_Commu_spatial_manuel_iter,0.1637145492344797,0.7386514148103551,0.05744100752713692,0.7683556736303989,spatial_louvain_density,1.0
artificial_graph_sbmv_4_comuAndEmb_0_90_pos_0_10_8,0.9,8,GT_pos,0.08802578331732114,0.5391812161348585,0.02035645206008576,0.5186379798467711,GT_pos_dist,1.0
artificial_graph_sbmv_4_comuAndEmb_0_90_pos_0_10_8,0.9,8,GT_pos + Inferred_Commu normal,0.14439091127708495,0.7168573148705599,0.0403835962727025,0.7003909887426372,louvain_density,0.79845333
artificial_graph_sbmv_4_comuAndEmb_0_90_pos_0_10_8,0.9,8,GT_pos + Inferred_Commu spatial manuel iter,0.14596625025429455,0.735460565924142,0.04102415516647509,0.7332078788122743,spatial_louvain_density,0.7772732
artificial_graph_sbmv_4_comuAndEmb_0_90_pos_0_10_8,0.9,8,SiNEcustom_spatial,0.2436595036947152,0.7354726068633354,0.0962868976791698,0.7852092474070496,SiNEcustom_spatial_dist,1.0
artificial_graph_sbmv_4_comuAndEmb_0_90_pos_0_10_8,0.9,8,deepwalk,0.23198482683927885,0.7359301625526791,0.07327003534401283,0.765020193481732,deepwalk_dist,1.0
artificial_graph_sbmv_4_comuAndEmb_0_90_pos_0_10_8,0.9,8,GT_pos + SiNEcustom_spatial,0.2192738926159335,0.7571462974111981,0.06797506259823752,0.7718646432932148,SiNEcustom_spatial_dist,0.6752318
artificial_graph_sbmv_4_comuAndEmb_0_90_pos_0_10_8,0.9,8,GT_pos + deepwalk,0.27030100630571896,0.7557615894039736,0.05945707174976664,0.7502174992284882,deepwalk_dist,0.6613901
artificial_graph_sbmv_4_comuAndEmb_0_80_pos_0_20_8,0.8,8,Inferred_Commu_normal,0.13696699128353362,0.6957393781153574,0.034240131633295555,0.6719929883095047,louvain_density,1.0
artificial_graph_sbmv_4_comuAndEmb_0_80_pos_0_20_8,0.8,8,Inferred_Commu_spatial_manuel_iter,0.11260657879790642,0.6684310467600285,0.03625251213591818,0.6772379413259653,spatial_louvain_density,1.0
artificial_graph_sbmv_4_comuAndEmb_0_80_pos_0_20_8,0.8,8,GT_pos,0.0845916618708363,0.5678495134108711,0.02434132010818279,0.5725908066050646,GT_pos_dist,1.0
artificial_graph_sbmv_4_comuAndEmb_0_80_pos_0_20_8,0.8,8,GT_pos + Inferred_Commu normal,0.13722424684471235,0.7136244956088298,0.040249096684530056,0.701286736436028,louvain_density,0.71833247
artificial_graph_sbmv_4_comuAndEmb_0_80_pos_0_20_8,0.8,8,GT_pos + Inferred_Commu spatial manuel iter,0.12261873129886668,0.6958343223356279,0.03347352543731162,0.6457902487977166,spatial_louvain_density,0.6689706
artificial_graph_sbmv_4_comuAndEmb_0_80_pos_0_20_8,0.8,8,SiNEcustom_spatial,0.15523996379065613,0.6735699026821742,0.0748022641655941,0.707019119237837,SiNEcustom_spatial_dist,1.0
artificial_graph_sbmv_4_comuAndEmb_0_80_pos_0_20_8,0.8,8,deepwalk,0.17172206549607832,0.7225017802041303,0.068626361869251,0.7258380794745142,deepwalk_dist,1.0
artificial_graph_sbmv_4_comuAndEmb_0_80_pos_0_20_8,0.8,8,GT_pos + SiNEcustom_spatial,0.17211131793194157,0.6946356515547116,0.0661520297815233,0.7389470734663557,SiNEcustom_spatial_dist,0.62451357
artificial_graph_sbmv_4_comuAndEmb_0_80_pos_0_20_8,0.8,8,GT_pos + deepwalk,0.18797588488654587,0.743401376691194,0.06507489497574241,0.7264673070156004,deepwalk_dist,0.5900152
artificial_graph_sbmv_4_comuAndEmb_0_70_pos_0_30_8,0.7,8,Inferred_Commu_normal,0.09861464663686564,0.6353030749582473,0.03191314072562692,0.6548529411764705,louvain_density,1.0
artificial_graph_sbmv_4_comuAndEmb_0_70_pos_0_30_8,0.7,8,Inferred_Commu_spatial_manuel_iter,0.10479332682038245,0.6308208075449455,0.037015111322258015,0.6841767138840831,spatial_louvain_density,1.0
artificial_graph_sbmv_4_comuAndEmb_0_70_pos_0_30_8,0.7,8,GT_pos,0.09071069641192815,0.5641271244719521,0.0332881520980078,0.6286701178633218,GT_pos_dist,1.0
artificial_graph_sbmv_4_comuAndEmb_0_70_pos_0_30_8,0.7,8,GT_pos + Inferred_Commu normal,0.09085926518017644,0.6391958935062383,0.04282624957010153,0.7287767625432526,louvain_density,0.64350295
artificial_graph_sbmv_4_comuAndEmb_0_70_pos_0_30_8,0.7,8,GT_pos + Inferred_Commu spatial manuel iter,0.08925192365605313,0.6335715689163965,0.047124199207162196,0.7326354346885813,spatial_louvain_density,0.60643727
artificial_graph_sbmv_4_comuAndEmb_0_70_pos_0_30_8,0.7,8,SiNEcustom_spatial,0.11613423722081978,0.5696286472148542,0.06694330815939926,0.7028119593425606,SiNEcustom_spatial_dist,1.0
artificial_graph_sbmv_4_comuAndEmb_0_70_pos_0_30_8,0.7,8,deepwalk,0.12780689802372155,0.6747961489340799,0.04268740570205896,0.6717571366782007,deepwalk_dist,1.0
artificial_graph_sbmv_4_comuAndEmb_0_70_pos_0_30_8,0.7,8,GT_pos + SiNEcustom_spatial,0.09493958976188509,0.6220895962275272,0.06846149423827416,0.7468549956747406,SiNEcustom_spatial_dist,0.55956584
artificial_graph_sbmv_4_comuAndEmb_0_70_pos_0_30_8,0.7,8,GT_pos + deepwalk,0.12107521632220017,0.6482463896256999,0.04161961067632268,0.6815201935553632,deepwalk_dist,0.5363712
artificial_graph_sbmv_4_comuAndEmb_0_60_pos_0_40_8,0.6,8,Inferred_Commu_normal,0.13275153619206928,0.7125801091858533,0.03695097771511647,0.6948232089561965,louvain_density,1.0
artificial_graph_sbmv_4_comuAndEmb_0_60_pos_0_40_8,0.6,8,Inferred_Commu_spatial_manuel_iter,0.14690479480751492,0.7173747923095182,0.029939207968095266,0.5593835446832358,spatial_louvain_density,1.0
artificial_graph_sbmv_4_comuAndEmb_0_60_pos_0_40_8,0.6,8,GT_pos,0.09089847112623134,0.5797650130548303,0.04045682031369279,0.6686109554405766,GT_pos_dist,1.0
artificial_graph_sbmv_4_comuAndEmb_0_60_pos_0_40_8,0.6,8,GT_pos + Inferred_Commu normal,0.13803977196816405,0.7188108236411108,0.04525494408043741,0.7376677657730454,louvain_density,0.6170852
artificial_graph_sbmv_4_comuAndEmb_0_60_pos_0_40_8,0.6,8,GT_pos + Inferred_Commu spatial manuel iter,0.1513520646068096,0.7050913838120104,0.041750569947334344,0.6775478632590025,spatial_louvain_density,0.5654347
artificial_graph_sbmv_4_comuAndEmb_0_60_pos_0_40_8,0.6,8,SiNEcustom_spatial,0.1265404528338396,0.6189176358889152,0.04178078174492127,0.6604130120293501,SiNEcustom_spatial_dist,1.0
artificial_graph_sbmv_4_comuAndEmb_0_60_pos_0_40_8,0.6,8,deepwalk,0.10882288522575133,0.6077972940897223,0.04049717904795747,0.6395803412008498,deepwalk_dist,1.0
artificial_graph_sbmv_4_comuAndEmb_0_60_pos_0_40_8,0.6,8,GT_pos + SiNEcustom_spatial,0.13018854780341915,0.6798006171374318,0.05488092005480302,0.7334916394062219,SiNEcustom_spatial_dist,0.508844
artificial_graph_sbmv_4_comuAndEmb_0_60_pos_0_40_8,0.6,8,GT_pos + deepwalk,0.12343946623787064,0.6557559933539046,0.04446558112523847,0.7070058256982367,GT_pos_dist,0.53524077
artificial_graph_sbmv_4_comuAndEmb_0_50_pos_0_50_8,0.5,8,Inferred_Commu_normal,0.13653307865009237,0.65820644872369,0.03056402093652002,0.6362649503475033,louvain_density,1.0
artificial_graph_sbmv_4_comuAndEmb_0_50_pos_0_50_8,0.5,8,Inferred_Commu_spatial_manuel_iter,0.07314115707030151,0.5104903716972682,0.032151805649878594,0.6304945979625133,spatial_louvain_density,1.0
artificial_graph_sbmv_4_comuAndEmb_0_50_pos_0_50_8,0.5,8,GT_pos,0.15687550784918775,0.7013434841021049,0.044254315036532293,0.677743990955923,GT_pos_dist,1.0
artificial_graph_sbmv_4_comuAndEmb_0_50_pos_0_50_8,0.5,8,GT_pos + Inferred_Commu normal,0.15878170193693864,0.6917039856695029,0.04067520919070689,0.6592295833815085,GT_pos_dist,0.64935565
artificial_graph_sbmv_4_comuAndEmb_0_50_pos_0_50_8,0.5,8,GT_pos + Inferred_Commu spatial manuel iter,0.14029096572373317,0.6833855799373041,0.04919264780008846,0.702582572166339,GT_pos_dist,0.5836754
artificial_graph_sbmv_4_comuAndEmb_0_50_pos_0_50_8,0.5,8,SiNEcustom_spatial,0.09526503395901473,0.5932266009852216,0.038397926745685054,0.6371666602433165,SiNEcustom_spatial_dist,1.0
artificial_graph_sbmv_4_comuAndEmb_0_50_pos_0_50_8,0.5,8,deepwalk,0.13968420183067848,0.6287169726824899,0.03091021564090985,0.6218766459834791,deepwalk_dist,1.0
artificial_graph_sbmv_4_comuAndEmb_0_50_pos_0_50_8,0.5,8,GT_pos + SiNEcustom_spatial,0.14290381361686458,0.6856359158083297,0.044237578548580236,0.7087333153479529,GT_pos_dist,0.60321635
artificial_graph_sbmv_4_comuAndEmb_0_50_pos_0_50_8,0.5,8,GT_pos + deepwalk,0.22347426195216674,0.7197156291983879,0.03692489562349721,0.646804511761154,GT_pos_dist,0.620537
artificial_graph_sbmv_4_comuAndEmb_0_40_pos_0_60_8,0.3999999999999999,8,Inferred_Commu_normal,0.10836829815245355,0.6517923546035995,0.03686305254214315,0.6702145404663924,louvain_density,1.0
artificial_graph_sbmv_4_comuAndEmb_0_40_pos_0_60_8,0.3999999999999999,8,Inferred_Commu_spatial_manuel_iter,0.12825442694557065,0.5856636422232139,0.020082660999494486,0.5074555555555555,spatial_louvain_density,1.0
artificial_graph_sbmv_4_comuAndEmb_0_40_pos_0_60_8,0.3999999999999999,8,GT_pos,0.15104243334967657,0.7099881005503494,0.06035057512413794,0.7229189300411523,GT_pos_dist,1.0
artificial_graph_sbmv_4_comuAndEmb_0_40_pos_0_60_8,0.3999999999999999,8,GT_pos + Inferred_Commu normal,0.1920799348324449,0.7093063612474589,0.062421913591129294,0.7071688614540467,GT_pos_dist,0.61589795
artificial_graph_sbmv_4_comuAndEmb_0_40_pos_0_60_8,0.3999999999999999,8,GT_pos + Inferred_Commu spatial manuel iter,0.17276846010881036,0.7351876642371957,0.058994307668952715,0.7181282578875171,GT_pos_dist,0.58785343
artificial_graph_sbmv_4_comuAndEmb_0_40_pos_0_60_8,0.3999999999999999,8,SiNEcustom_spatial,0.11058342053328728,0.5658064356190193,0.029434149255856898,0.6030473251028807,SiNEcustom_spatial_dist,1.0
artificial_graph_sbmv_4_comuAndEmb_0_40_pos_0_60_8,0.3999999999999999,8,deepwalk,0.09441036681967481,0.6062893549506668,0.03413285565770231,0.6284181069958849,deepwalk_dist,1.0
artificial_graph_sbmv_4_comuAndEmb_0_40_pos_0_60_8,0.3999999999999999,8,GT_pos + SiNEcustom_spatial,0.1831712799993576,0.7147850661906887,0.06346294118801184,0.7241643347050755,GT_pos_dist,0.6219984
artificial_graph_sbmv_4_comuAndEmb_0_40_pos_0_60_8,0.3999999999999999,8,GT_pos + deepwalk,0.15603185202213796,0.7186399920670336,0.05015140600724726,0.7067444444444445,GT_pos_dist,0.63856083
artificial_graph_sbmv_4_comuAndEmb_0_30_pos_0_70_8,0.29999999999999993,8,Inferred_Commu_normal,0.11699851619635646,0.6629032258064514,0.04797641745643608,0.7233574715661751,louvain_density,1.0
artificial_graph_sbmv_4_comuAndEmb_0_30_pos_0_70_8,0.29999999999999993,8,Inferred_Commu_spatial_manuel_iter,0.07442629853541044,0.52977761485826,0.021223573208318417,0.5226447948480536,spatial_louvain_density,1.0
artificial_graph_sbmv_4_comuAndEmb_0_30_pos_0_70_8,0.29999999999999993,8,GT_pos,0.1848650302457877,0.7553885630498532,0.069227059622996,0.7559813988198063,GT_pos_dist,1.0
artificial_graph_sbmv_4_comuAndEmb_0_30_pos_0_70_8,0.29999999999999993,8,GT_pos + Inferred_Commu normal,0.22517750387608504,0.7662145650048875,0.06563389463416279,0.7602748718232197,GT_pos_dist,0.6483961
artificial_graph_sbmv_4_comuAndEmb_0_30_pos_0_70_8,0.29999999999999993,8,GT_pos + Inferred_Commu spatial manuel iter,0.18141579407904787,0.7555840664711633,0.06367887046422675,0.7389606279625764,GT_pos_dist,0.68034935
artificial_graph_sbmv_4_comuAndEmb_0_30_pos_0_70_8,0.29999999999999993,8,SiNEcustom_spatial,0.10194010582003421,0.5860826001955034,0.03012001362083122,0.6278792443443291,SiNEcustom_spatial_dist,1.0
artificial_graph_sbmv_4_comuAndEmb_0_30_pos_0_70_8,0.29999999999999993,8,deepwalk,0.16845490464386242,0.6694037145650049,0.043039721636198625,0.6961068807783198,deepwalk_dist,1.0
artificial_graph_sbmv_4_comuAndEmb_0_30_pos_0_70_8,0.29999999999999993,8,GT_pos + SiNEcustom_spatial,0.1596464850925097,0.7426564027370479,0.061504193525118676,0.7507002390790619,GT_pos_dist,0.64775634
artificial_graph_sbmv_4_comuAndEmb_0_30_pos_0_70_8,0.29999999999999993,8,GT_pos + deepwalk,0.1985762091870786,0.7704301075268818,0.055562055026533164,0.7470602949102417,GT_pos_dist,0.6833561
artificial_graph_sbmv_4_comuAndEmb_0_20_pos_0_80_8,0.19999999999999996,8,Inferred_Commu_normal,0.21946563850018935,0.8181410131987579,0.051013086933840254,0.7438714247639888,louvain_density,1.0
artificial_graph_sbmv_4_comuAndEmb_0_20_pos_0_80_8,0.19999999999999996,8,Inferred_Commu_spatial_manuel_iter,0.07507536758141138,0.5011282026397516,0.021885651831287427,0.5373009861268919,spatial_louvain_density,1.0
artificial_graph_sbmv_4_comuAndEmb_0_20_pos_0_80_8,0.19999999999999996,8,GT_pos,0.3234018857835199,0.8365076669254659,0.10337936816012418,0.7997302529141945,GT_pos_dist,1.0
artificial_graph_sbmv_4_comuAndEmb_0_20_pos_0_80_8,0.19999999999999996,8,GT_pos + Inferred_Commu normal,0.32462946130660864,0.8234544836956521,0.10645747004128171,0.7924065423838179,GT_pos_dist,0.7368308
artificial_graph_sbmv_4_comuAndEmb_0_20_pos_0_80_8,0.19999999999999996,8,GT_pos + Inferred_Commu spatial manuel iter,0.3267951283241837,0.8418575310559007,0.09561890335114202,0.7941787653074106,GT_pos_dist,0.74922514
artificial_graph_sbmv_4_comuAndEmb_0_20_pos_0_80_8,0.19999999999999996,8,SiNEcustom_spatial,0.12672718596197025,0.6589795225155279,0.02803313609279531,0.6110303132320554,SiNEcustom_spatial_dist,1.0
artificial_graph_sbmv_4_comuAndEmb_0_20_pos_0_80_8,0.19999999999999996,8,deepwalk,0.19422722032545586,0.7266110248447204,0.06492000576271975,0.7511832119962405,deepwalk_dist,1.0
artificial_graph_sbmv_4_comuAndEmb_0_20_pos_0_80_8,0.19999999999999996,8,GT_pos + SiNEcustom_spatial,0.3280019923589648,0.8324558423913044,0.08627494382530021,0.7880269045715328,GT_pos_dist,0.7240285
artificial_graph_sbmv_4_comuAndEmb_0_20_pos_0_80_8,0.19999999999999996,8,GT_pos + deepwalk,0.34908208269544744,0.8267905667701864,0.08700470767769206,0.7900002805481912,GT_pos_dist,0.7272465
artificial_graph_sbmv_4_comuAndEmb_0_10_pos_0_90_8,0.09999999999999998,8,Inferred_Commu_normal,0.20028975694524465,0.8200889200889201,0.061837829386927494,0.781788392857143,louvain_density,1.0
artificial_graph_sbmv_4_comuAndEmb_0_10_pos_0_90_8,0.09999999999999998,8,Inferred_Commu_spatial_manuel_iter,0.07935521424846347,0.5714636714636714,0.020288371488936925,0.5005718112244898,spatial_louvain_density,1.0
artificial_graph_sbmv_4_comuAndEmb_0_10_pos_0_90_8,0.09999999999999998,8,GT_pos,0.3062766988318374,0.8494559494559495,0.1310721389944236,0.8576622448979593,GT_pos_dist,1.0
artificial_graph_sbmv_4_comuAndEmb_0_10_pos_0_90_8,0.09999999999999998,8,GT_pos + Inferred_Commu normal,0.2575306910884237,0.8475839475839475,0.132971760245115,0.8607591836734694,GT_pos_dist,0.7713911
artificial_graph_sbmv_4_comuAndEmb_0_10_pos_0_90_8,0.09999999999999998,8,GT_pos + Inferred_Commu spatial manuel iter,0.27315343976042106,0.832151632151632,0.12959942237491007,0.8538724489795919,GT_pos_dist,0.7529593
artificial_graph_sbmv_4_comuAndEmb_0_10_pos_0_90_8,0.09999999999999998,8,SiNEcustom_spatial,0.11252837871924194,0.6587808587808588,0.029808150461191053,0.632106887755102,SiNEcustom_spatial_dist,1.0
artificial_graph_sbmv_4_comuAndEmb_0_10_pos_0_90_8,0.09999999999999998,8,deepwalk,0.1785682202797049,0.7423540423540425,0.07359854339027427,0.7766973214285714,deepwalk_dist,1.0
artificial_graph_sbmv_4_comuAndEmb_0_10_pos_0_90_8,0.09999999999999998,8,GT_pos + SiNEcustom_spatial,0.2731758596186783,0.832022932022932,0.12073945127626129,0.8404641581632653,GT_pos_dist,0.75431
artificial_graph_sbmv_4_comuAndEmb_0_10_pos_0_90_8,0.09999999999999998,8,GT_pos + deepwalk,0.2764870638241794,0.8419796419796421,0.11825581500784994,0.8500399234693878,GT_pos_dist,0.7694685
artificial_graph_sbmv_4_comuAndEmb_0_00_pos_1_00_8,0.0,8,Inferred_Commu_normal,0.22802342141075121,0.8429471203951244,0.06966978162284015,0.7836869880277253,louvain_density,1.0
artificial_graph_sbmv_4_comuAndEmb_0_00_pos_1_00_8,0.0,8,Inferred_Commu_spatial_manuel_iter,0.11081618351812914,0.6304431555575696,0.027597831488909607,0.5886616519638731,spatial_louvain_density,1.0
artificial_graph_sbmv_4_comuAndEmb_0_00_pos_1_00_8,0.0,8,GT_pos,0.4547086574044815,0.9310231546513209,0.1537492706988539,0.9106952320940978,GT_pos_dist,1.0
artificial_graph_sbmv_4_comuAndEmb_0_00_pos_1_00_8,0.0,8,GT_pos + Inferred_Commu normal,0.48678801986358655,0.9271942543839775,0.14449797865198205,0.9032313327032137,GT_pos_dist,0.83270437
artificial_graph_sbmv_4_comuAndEmb_0_00_pos_1_00_8,0.0,8,GT_pos + Inferred_Commu spatial manuel iter,0.4703710207207807,0.9350559608500612,0.12639237230348696,0.8879005198487713,GT_pos_dist,0.77843344
artificial_graph_sbmv_4_comuAndEmb_0_00_pos_1_00_8,0.0,8,SiNEcustom_spatial,0.18428948141078336,0.7453214916851691,0.051123771359656976,0.7602353759714345,SiNEcustom_spatial_dist,1.0
artificial_graph_sbmv_4_comuAndEmb_0_00_pos_1_00_8,0.0,8,deepwalk,0.2601539507578994,0.8114436539942906,0.08430296182158256,0.8305357330392775,deepwalk_dist,1.0
artificial_graph_sbmv_4_comuAndEmb_0_00_pos_1_00_8,0.0,8,GT_pos + SiNEcustom_spatial,0.38304229987993826,0.9150958357877567,0.14488945548373183,0.9055105282503676,GT_pos_dist,0.7971121
artificial_graph_sbmv_4_comuAndEmb_0_00_pos_1_00_8,0.0,8,GT_pos + deepwalk,0.3997102476043907,0.9249852734605103,0.12345813618103241,0.8963572516278093,GT_pos_dist,0.7774031
artificial_graph_sbmv_4_comuAndEmb_1_00_pos_0_00_9,1.0,9,Inferred_Commu_normal,0.1912031662427641,0.7736689841817928,0.046930948856469965,0.7478283025172644,louvain_density,1.0
artificial_graph_sbmv_4_comuAndEmb_1_00_pos_0_00_9,1.0,9,Inferred_Commu_spatial_manuel_iter,0.23773119423410208,0.8096215762213617,0.06229617209974088,0.7910003619959902,spatial_louvain_density,1.0
artificial_graph_sbmv_4_comuAndEmb_1_00_pos_0_00_9,1.0,9,GT_pos,0.08680046874426237,0.566235826606318,0.022962868918781684,0.5382550400980173,GT_pos_dist,1.0
artificial_graph_sbmv_4_comuAndEmb_1_00_pos_0_00_9,1.0,9,GT_pos + Inferred_Commu normal,0.1956318397863762,0.7871424571881853,0.05370250067791853,0.7260802795722878,louvain_density,0.8360506
artificial_graph_sbmv_4_comuAndEmb_1_00_pos_0_00_9,1.0,9,GT_pos + Inferred_Commu spatial manuel iter,0.22793117377031522,0.7850660258504035,0.05580763293339573,0.7735076019157942,spatial_louvain_density,0.7952144
artificial_graph_sbmv_4_comuAndEmb_1_00_pos_0_00_9,1.0,9,SiNEcustom_spatial,0.3271372867845219,0.8382133358219401,0.09235597374279722,0.8326052572956114,SiNEcustom_spatial_dist,1.0
artificial_graph_sbmv_4_comuAndEmb_1_00_pos_0_00_9,1.0,9,deepwalk,0.34586425190129694,0.8097732257010872,0.1280481696381731,0.8107522555134773,deepwalk_dist,1.0
artificial_graph_sbmv_4_comuAndEmb_1_00_pos_0_00_9,1.0,9,GT_pos + SiNEcustom_spatial,0.34317809663007726,0.8364635341327983,0.09443843508124368,0.8183140732902651,SiNEcustom_spatial_dist,0.70588714
artificial_graph_sbmv_4_comuAndEmb_1_00_pos_0_00_9,1.0,9,GT_pos + deepwalk,0.37320145580724545,0.7865358592692828,0.09810528577060873,0.7949697872577411,deepwalk_dist,0.6783318
artificial_graph_sbmv_4_comuAndEmb_0_90_pos_0_10_9,0.9,9,Inferred_Commu_normal,0.15879378168763278,0.7654515383569713,0.04814667307300724,0.7578181818181817,louvain_density,1.0
artificial_graph_sbmv_4_comuAndEmb_0_90_pos_0_10_9,0.9,9,Inferred_Commu_spatial_manuel_iter,0.19259305066227,0.7902714214509041,0.06441601294658084,0.7917867107438017,spatial_louvain_density,1.0
artificial_graph_sbmv_4_comuAndEmb_0_90_pos_0_10_9,0.9,9,GT_pos,0.0675463490500626,0.47471566450677416,0.021864483337836305,0.5308091239669421,GT_pos_dist,1.0
artificial_graph_sbmv_4_comuAndEmb_0_90_pos_0_10_9,0.9,9,GT_pos + Inferred_Commu normal,0.15429644202449583,0.7331551044451493,0.0457522249211399,0.7300169256198347,louvain_density,0.8072232
artificial_graph_sbmv_4_comuAndEmb_0_90_pos_0_10_9,0.9,9,GT_pos + Inferred_Commu spatial manuel iter,0.20100953060039348,0.7374371290044859,0.051726595830876285,0.7395719669421488,spatial_louvain_density,0.7977088
artificial_graph_sbmv_4_comuAndEmb_0_90_pos_0_10_9,0.9,9,SiNEcustom_spatial,0.2747078614934873,0.7990280483936744,0.10252423677829935,0.787618644628099,SiNEcustom_spatial_dist,1.0
artificial_graph_sbmv_4_comuAndEmb_0_90_pos_0_10_9,0.9,9,deepwalk,0.2645693873670818,0.7599347501019529,0.09466237314403392,0.776762049586777,deepwalk_dist,1.0
artificial_graph_sbmv_4_comuAndEmb_0_90_pos_0_10_9,0.9,9,GT_pos + SiNEcustom_spatial,0.28372927519706126,0.755131632606824,0.09298317024771854,0.769679867768595,SiNEcustom_spatial_dist,0.7074128
artificial_graph_sbmv_4_comuAndEmb_0_90_pos_0_10_9,0.9,9,GT_pos + deepwalk,0.2135892897470395,0.7489464860211155,0.08338282925297914,0.7687632396694215,deepwalk_dist,0.6612421
artificial_graph_sbmv_4_comuAndEmb_0_80_pos_0_20_9,0.8,9,Inferred_Commu_normal,0.13844685135885293,0.7108288770053477,0.04016311449465522,0.7138297408804346,louvain_density,1.0
artificial_graph_sbmv_4_comuAndEmb_0_80_pos_0_20_9,0.8,9,Inferred_Commu_spatial_manuel_iter,0.13080662184041694,0.6744044725328149,0.05063475170630527,0.7509685325635544,spatial_louvain_density,1.0
artificial_graph_sbmv_4_comuAndEmb_0_80_pos_0_20_9,0.8,9,GT_pos,0.08162107193908408,0.5157754010695187,0.026826489797793923,0.5581792186925559,GT_pos_dist,1.0
artificial_graph_sbmv_4_comuAndEmb_0_80_pos_0_20_9,0.8,9,GT_pos + Inferred_Commu normal,0.12409589247611857,0.6927442877977636,0.04258875947485608,0.7244373034136246,louvain_density,0.7225068
artificial_graph_sbmv_4_comuAndEmb_0_80_pos_0_20_9,0.8,9,GT_pos + Inferred_Commu spatial manuel iter,0.13784152261226987,0.6713417598444337,0.048368205987558276,0.7458603504854238,spatial_louvain_density,0.70142335
artificial_graph_sbmv_4_comuAndEmb_0_80_pos_0_20_9,0.8,9,SiNEcustom_spatial,0.17152286417041288,0.7039620807000486,0.0728931350906628,0.7565806565814737,SiNEcustom_spatial_dist,1.0
artificial_graph_sbmv_4_comuAndEmb_0_80_pos_0_20_9,0.8,9,deepwalk,0.19085961226716672,0.7096256684491979,0.06071018424978636,0.7261266867281219,deepwalk_dist,1.0
artificial_graph_sbmv_4_comuAndEmb_0_80_pos_0_20_9,0.8,9,GT_pos + SiNEcustom_spatial,0.17542017271751226,0.7537190082644629,0.077422529307963,0.7788846829427702,SiNEcustom_spatial_dist,0.60126054
artificial_graph_sbmv_4_comuAndEmb_0_80_pos_0_20_9,0.8,9,GT_pos + deepwalk,0.14239115213478012,0.7084953816237238,0.055206306231631155,0.7256806143707194,deepwalk_dist,0.59540915
artificial_graph_sbmv_4_comuAndEmb_0_70_pos_0_30_9,0.7,9,Inferred_Commu_normal,0.13565364963226667,0.7180279356060606,0.03714341739042978,0.6563853301880644,louvain_density,1.0
artificial_graph_sbmv_4_comuAndEmb_0_70_pos_0_30_9,0.7,9,Inferred_Commu_spatial_manuel_iter,0.1323112308784627,0.7060014204545454,0.043854063045813005,0.6978201201631716,spatial_louvain_density,1.0
artificial_graph_sbmv_4_comuAndEmb_0_70_pos_0_30_9,0.7,9,GT_pos,0.09786168534240439,0.6164535984848484,0.026721557383657567,0.5904333433252096,GT_pos_dist,1.0
artificial_graph_sbmv_4_comuAndEmb_0_70_pos_0_30_9,0.7,9,GT_pos + Inferred_Commu normal,0.13421831848796473,0.7162878787878788,0.0406248751769753,0.71985220711856,louvain_density,0.65302217
artificial_graph_sbmv_4_comuAndEmb_0_70_pos_0_30_9,0.7,9,GT_pos + Inferred_Commu spatial manuel iter,0.1348249426163038,0.7107599431818182,0.04090980985379702,0.7170609547889326,spatial_louvain_density,0.6443234
artificial_graph_sbmv_4_comuAndEmb_0_70_pos_0_30_9,0.7,9,SiNEcustom_spatial,0.21272316446453038,0.7485321969696969,0.06810684549933024,0.7250193538297124,SiNEcustom_spatial_dist,1.0
artificial_graph_sbmv_4_comuAndEmb_0_70_pos_0_30_9,0.7,9,deepwalk,0.22050874639177476,0.6612215909090908,0.07064241693706035,0.7067379999739343,deepwalk_dist,1.0
artificial_graph_sbmv_4_comuAndEmb_0_70_pos_0_30_9,0.7,9,GT_pos + SiNEcustom_spatial,0.25728308691058244,0.7905184659090909,0.061580415391543505,0.7448873307354456,SiNEcustom_spatial_dist,0.5451997
artificial_graph_sbmv_4_comuAndEmb_0_70_pos_0_30_9,0.7,9,GT_pos + deepwalk,0.15804197026306188,0.7176846590909091,0.056670259003976056,0.7170470096052339,deepwalk_dist,0.5394275
artificial_graph_sbmv_4_comuAndEmb_0_60_pos_0_40_9,0.6,9,Inferred_Commu_normal,0.128711641146214,0.6396770070872545,0.04068416114161961,0.6639650487505994,louvain_density,1.0
artificial_graph_sbmv_4_comuAndEmb_0_60_pos_0_40_9,0.6,9,Inferred_Commu_spatial_manuel_iter,0.1212365608886857,0.6089229696758452,0.031044939375015228,0.6356978262027811,spatial_louvain_density,1.0
artificial_graph_sbmv_4_comuAndEmb_0_60_pos_0_40_9,0.6,9,GT_pos,0.09961131691481925,0.6008597653073081,0.030914820091982757,0.6306389525281049,GT_pos_dist,1.0
artificial_graph_sbmv_4_comuAndEmb_0_60_pos_0_40_9,0.6,9,GT_pos + Inferred_Commu normal,0.13113243627613416,0.7014523062623446,0.0435453557220732,0.7029460813042783,louvain_density,0.61779785
artificial_graph_sbmv_4_comuAndEmb_0_60_pos_0_40_9,0.6,9,GT_pos + Inferred_Commu spatial manuel iter,0.1381910849236887,0.6833159056581852,0.03656428788900396,0.6684647557142095,spatial_louvain_density,0.6101471
artificial_graph_sbmv_4_comuAndEmb_0_60_pos_0_40_9,0.6,9,SiNEcustom_spatial,0.1661385108127852,0.6654583478563959,0.045612088516344435,0.6566444669401674,SiNEcustom_spatial_dist,1.0
artificial_graph_sbmv_4_comuAndEmb_0_60_pos_0_40_9,0.6,9,deepwalk,0.17279175898451102,0.6481352387591495,0.04485809313991966,0.6667467632798764,deepwalk_dist,1.0
artificial_graph_sbmv_4_comuAndEmb_0_60_pos_0_40_9,0.6,9,GT_pos + SiNEcustom_spatial,0.1392826276667996,0.7061113047519461,0.043703480204552565,0.6961949224785551,SiNEcustom_spatial_dist,0.5450582
artificial_graph_sbmv_4_comuAndEmb_0_60_pos_0_40_9,0.6,9,GT_pos + deepwalk,0.14405636291584603,0.686859532938306,0.037724093240311445,0.6737763066759018,GT_pos_dist,0.5033016
artificial_graph_sbmv_4_comuAndEmb_0_50_pos_0_50_9,0.5,9,Inferred_Commu_normal,0.12898292541340622,0.7080386089006778,0.026255323251480417,0.5927751946366782,louvain_density,1.0
artificial_graph_sbmv_4_comuAndEmb_0_50_pos_0_50_9,0.5,9,Inferred_Commu_spatial_manuel_iter,0.08759920111985493,0.548690932311622,0.028392784633549044,0.5909860240051903,spatial_louvain_density,1.0
artificial_graph_sbmv_4_comuAndEmb_0_50_pos_0_50_9,0.5,9,GT_pos,0.17225234766467143,0.7263483642793988,0.04271871472365292,0.6936576827422146,GT_pos_dist,1.0
artificial_graph_sbmv_4_comuAndEmb_0_50_pos_0_50_9,0.5,9,GT_pos + Inferred_Commu normal,0.1767437649147069,0.7199381078691424,0.029107068599732423,0.5977972264273357,GT_pos_dist,0.58356917
artificial_graph_sbmv_4_comuAndEmb_0_50_pos_0_50_9,0.5,9,GT_pos + Inferred_Commu spatial manuel iter,0.1650505503499993,0.7181574810885156,0.04407020894936078,0.6890989943771626,spatial_louvain_density,0.5229243
artificial_graph_sbmv_4_comuAndEmb_0_50_pos_0_50_9,0.5,9,SiNEcustom_spatial,0.12762956570147763,0.5977011494252874,0.033577302287796075,0.6289069258217993,SiNEcustom_spatial_dist,1.0
artificial_graph_sbmv_4_comuAndEmb_0_50_pos_0_50_9,0.5,9,deepwalk,0.10961982931475396,0.5942626977109735,0.03365057105508168,0.6248926794982699,deepwalk_dist,1.0
artificial_graph_sbmv_4_comuAndEmb_0_50_pos_0_50_9,0.5,9,GT_pos + SiNEcustom_spatial,0.16575333110424412,0.7448423224285293,0.04490168533023744,0.7073403708910035,GT_pos_dist,0.5135993
artificial_graph_sbmv_4_comuAndEmb_0_50_pos_0_50_9,0.5,9,GT_pos + deepwalk,0.14037932080872034,0.7115753020925435,0.03826683669209387,0.6850487943339101,GT_pos_dist,0.54335225
artificial_graph_sbmv_4_comuAndEmb_0_40_pos_0_60_9,0.3999999999999999,9,Inferred_Commu_normal,0.10352729399601254,0.6428795342588446,0.03299062277240645,0.6656989247311828,louvain_density,1.0
artificial_graph_sbmv_4_comuAndEmb_0_40_pos_0_60_9,0.3999999999999999,9,Inferred_Commu_spatial_manuel_iter,0.10435814314009138,0.5657859381997313,0.023265707404496218,0.5577890828740638,spatial_louvain_density,1.0
artificial_graph_sbmv_4_comuAndEmb_0_40_pos_0_60_9,0.3999999999999999,9,GT_pos,0.21085590220868536,0.7488692342140618,0.06718486406314741,0.7276990275047854,GT_pos_dist,1.0
artificial_graph_sbmv_4_comuAndEmb_0_40_pos_0_60_9,0.3999999999999999,9,GT_pos + Inferred_Commu normal,0.20290307990507972,0.7465629198387818,0.06748208376349747,0.7266305674387534,GT_pos_dist,0.6214098
artificial_graph_sbmv_4_comuAndEmb_0_40_pos_0_60_9,0.3999999999999999,9,GT_pos + Inferred_Commu spatial manuel iter,0.2546908567785838,0.7672749664128975,0.057798568706094594,0.7133396282164925,GT_pos_dist,0.62248665
artificial_graph_sbmv_4_comuAndEmb_0_40_pos_0_60_9,0.3999999999999999,9,SiNEcustom_spatial,0.10572197600756018,0.58038513210927,0.02844153946155773,0.6116901118947599,SiNEcustom_spatial_dist,1.0
artificial_graph_sbmv_4_comuAndEmb_0_40_pos_0_60_9,0.3999999999999999,9,deepwalk,0.1384766142125723,0.6048365427675773,0.04249797090764745,0.6897067098315797,deepwalk_dist,1.0
artificial_graph_sbmv_4_comuAndEmb_0_40_pos_0_60_9,0.3999999999999999,9,GT_pos + SiNEcustom_spatial,0.24244407382422759,0.708396775638155,0.06738056844244104,0.7356783700106627,GT_pos_dist,0.60983753
artificial_graph_sbmv_4_comuAndEmb_0_40_pos_0_60_9,0.3999999999999999,9,GT_pos + deepwalk,0.2571872404058722,0.7299708911777878,0.0647533390979859,0.7179667527395588,GT_pos_dist,0.6425341
artificial_graph_sbmv_4_comuAndEmb_0_30_pos_0_70_9,0.29999999999999993,9,Inferred_Commu_normal,0.1587218229933116,0.7458800036724201,0.03919611699120785,0.6952817213561124,louvain_density,1.0
artificial_graph_sbmv_4_comuAndEmb_0_30_pos_0_70_9,0.29999999999999993,9,Inferred_Commu_spatial_manuel_iter,0.08620202517993508,0.5204852185089973,0.020498556893574015,0.5035589721508086,spatial_louvain_density,1.0
artificial_graph_sbmv_4_comuAndEmb_0_30_pos_0_70_9,0.29999999999999993,9,GT_pos,0.238434574745983,0.7890079875137717,0.07988648389866572,0.7608681500994162,GT_pos_dist,1.0
artificial_graph_sbmv_4_comuAndEmb_0_30_pos_0_70_9,0.29999999999999993,9,GT_pos + Inferred_Commu normal,0.24157843847226446,0.7906605765699596,0.07767738713358312,0.750461367003964,GT_pos_dist,0.6507227
artificial_graph_sbmv_4_comuAndEmb_0_30_pos_0_70_9,0.29999999999999993,9,GT_pos + Inferred_Commu spatial manuel iter,0.2571043215541604,0.7788170216672787,0.06511734133916053,0.7381989843087094,GT_pos_dist,0.68168294
artificial_graph_sbmv_4_comuAndEmb_0_30_pos_0_70_9,0.29999999999999993,9,SiNEcustom_spatial,0.09005791478845764,0.6108152772677196,0.02780053182400962,0.6091893466394802,SiNEcustom_spatial_dist,1.0
artificial_graph_sbmv_4_comuAndEmb_0_30_pos_0_70_9,0.29999999999999993,9,deepwalk,0.14379273417222704,0.672052882849798,0.04094162553208716,0.6746070845100746,deepwalk_dist,1.0
artificial_graph_sbmv_4_comuAndEmb_0_30_pos_0_70_9,0.29999999999999993,9,GT_pos + SiNEcustom_spatial,0.2651006402802309,0.7873209695189131,0.07304871448458586,0.7571302288471524,GT_pos_dist,0.66831887
artificial_graph_sbmv_4_comuAndEmb_0_30_pos_0_70_9,0.29999999999999993,9,GT_pos + deepwalk,0.2777815636172861,0.7819844840249723,0.0687828478953196,0.7394074289839287,GT_pos_dist,0.65691847
artificial_graph_sbmv_4_comuAndEmb_0_20_pos_0_80_9,0.19999999999999996,9,Inferred_Commu_normal,0.1282989339943539,0.7160984848484849,0.05279657604969662,0.7576581181098286,louvain_density,1.0
artificial_graph_sbmv_4_comuAndEmb_0_20_pos_0_80_9,0.19999999999999996,9,Inferred_Commu_spatial_manuel_iter,0.06969021754914582,0.5192116477272728,0.02079333629099657,0.5064649862843538,spatial_louvain_density,1.0
artificial_graph_sbmv_4_comuAndEmb_0_20_pos_0_80_9,0.19999999999999996,9,GT_pos,0.24969629584743605,0.8279592803030302,0.11582695788374292,0.8261356813829512,GT_pos_dist,1.0
artificial_graph_sbmv_4_comuAndEmb_0_20_pos_0_80_9,0.19999999999999996,9,GT_pos + Inferred_Commu normal,0.30280724723035146,0.8182883522727271,0.10769244989886716,0.8214977226851612,GT_pos_dist,0.73866916
artificial_graph_sbmv_4_comuAndEmb_0_20_pos_0_80_9,0.19999999999999996,9,GT_pos + Inferred_Commu spatial manuel iter,0.21991671363532403,0.7922703598484849,0.098004605505454,0.800191760260856,GT_pos_dist,0.7310243
artificial_graph_sbmv_4_comuAndEmb_0_20_pos_0_80_9,0.19999999999999996,9,SiNEcustom_spatial,0.09449869846603692,0.6095999053030303,0.02887782326095137,0.6071040577609854,SiNEcustom_spatial_dist,1.0
artificial_graph_sbmv_4_comuAndEmb_0_20_pos_0_80_9,0.19999999999999996,9,deepwalk,0.1426099917099736,0.7093868371212122,0.04672965114536782,0.706927048289426,deepwalk_dist,1.0
artificial_graph_sbmv_4_comuAndEmb_0_20_pos_0_80_9,0.19999999999999996,9,GT_pos + SiNEcustom_spatial,0.2586783459967379,0.7788825757575759,0.10184309677724979,0.8040575021996791,GT_pos_dist,0.7199924
artificial_graph_sbmv_4_comuAndEmb_0_20_pos_0_80_9,0.19999999999999996,9,GT_pos + deepwalk,0.24833718131741414,0.7929214015151516,0.08308149705278083,0.8038869623725481,GT_pos_dist,0.7142656
artificial_graph_sbmv_4_comuAndEmb_0_10_pos_0_90_9,0.09999999999999998,9,Inferred_Commu_normal,0.1849751508867987,0.7798858372713237,0.07078406225113128,0.8259281020271775,louvain_density,1.0
artificial_graph_sbmv_4_comuAndEmb_0_10_pos_0_90_9,0.09999999999999998,9,Inferred_Commu_spatial_manuel_iter,0.0875967995987309,0.5643452018902354,0.025157353968178763,0.5651420138115393,spatial_louvain_density,1.0
artificial_graph_sbmv_4_comuAndEmb_0_10_pos_0_90_9,0.09999999999999998,9,GT_pos,0.304449520679956,0.8437982501286673,0.12064963353819651,0.8627677378035197,GT_pos_dist,1.0
artificial_graph_sbmv_4_comuAndEmb_0_10_pos_0_90_9,0.09999999999999998,9,GT_pos + Inferred_Commu normal,0.3117793120917066,0.8494128105553738,0.07736508069945486,0.8427980897750056,GT_pos_dist,0.7589054
artificial_graph_sbmv_4_comuAndEmb_0_10_pos_0_90_9,0.09999999999999998,9,GT_pos + Inferred_Commu spatial manuel iter,0.2763093536051083,0.8324521592663641,0.11703486886185742,0.8609294943194474,GT_pos_dist,0.7755889
artificial_graph_sbmv_4_comuAndEmb_0_10_pos_0_90_9,0.09999999999999998,9,SiNEcustom_spatial,0.14254283463807443,0.6721213680812239,0.03967066824313288,0.6611585263978614,SiNEcustom_spatial_dist,1.0
artificial_graph_sbmv_4_comuAndEmb_0_10_pos_0_90_9,0.09999999999999998,9,deepwalk,0.17703429354330108,0.7201024657277874,0.07167453048178096,0.7819471207395856,deepwalk_dist,1.0
artificial_graph_sbmv_4_comuAndEmb_0_10_pos_0_90_9,0.09999999999999998,9,GT_pos + SiNEcustom_spatial,0.265936950062701,0.8091283394937538,0.10325055108658601,0.8418322566273112,GT_pos_dist,0.7678786
artificial_graph_sbmv_4_comuAndEmb_0_10_pos_0_90_9,0.09999999999999998,9,GT_pos + deepwalk,0.3374283033038806,0.8200533383240537,0.11913802483901396,0.8576186233014035,GT_pos_dist,0.74543995
artificial_graph_sbmv_4_comuAndEmb_0_00_pos_1_00_9,0.0,9,Inferred_Commu_normal,0.19481352743791872,0.8275739267118578,0.07236732421083322,0.8355238970588235,louvain_density,1.0
artificial_graph_sbmv_4_comuAndEmb_0_00_pos_1_00_9,0.0,9,Inferred_Commu_spatial_manuel_iter,0.11033697053218684,0.6594581982513017,0.029697872147697504,0.620168820285467,spatial_louvain_density,1.0
artificial_graph_sbmv_4_comuAndEmb_0_00_pos_1_00_9,0.0,9,GT_pos,0.35628798809398915,0.892732586698104,0.18745741037302915,0.9191165657439446,GT_pos_dist,1.0
artificial_graph_sbmv_4_comuAndEmb_0_00_pos_1_00_9,0.0,9,GT_pos + Inferred_Commu normal,0.3154778700383922,0.8872556243245898,0.1851930203005204,0.9137670307093425,GT_pos_dist,0.8414283
artificial_graph_sbmv_4_comuAndEmb_0_00_pos_1_00_9,0.0,9,GT_pos + Inferred_Commu spatial manuel iter,0.2920180093000472,0.8806734453286178,0.14661628694954051,0.9072231833910034,GT_pos_dist,0.79682106
artificial_graph_sbmv_4_comuAndEmb_0_00_pos_1_00_9,0.0,9,SiNEcustom_spatial,0.16487933048574271,0.7618258178603006,0.035578962482970884,0.6997321042387544,SiNEcustom_spatial_dist,1.0
artificial_graph_sbmv_4_comuAndEmb_0_00_pos_1_00_9,0.0,9,deepwalk,0.30961569241529524,0.8473941448079378,0.0971836760820073,0.8499487727076125,deepwalk_dist,1.0
artificial_graph_sbmv_4_comuAndEmb_0_00_pos_1_00_9,0.0,9,GT_pos + SiNEcustom_spatial,0.2940500508760115,0.8818523430592397,0.14179478444578061,0.8943482374567474,GT_pos_dist,0.7892521
artificial_graph_sbmv_4_comuAndEmb_0_00_pos_1_00_9,0.0,9,GT_pos + deepwalk,0.37233031061721633,0.8900677866195106,0.15044203280729365,0.9023540224913495,GT_pos_dist,0.7952139
artificial_graph_sbmv_4_comuAndEmb_1_00_pos_0_00_10,1.0,10,Inferred_Commu_normal,0.17295545718253297,0.8051287399476232,0.05024779606096586,0.7616168948798552,louvain_density,1.0
artificial_graph_sbmv_4_comuAndEmb_1_00_pos_0_00_10,1.0,10,Inferred_Commu_spatial_manuel_iter,0.25989620332033825,0.8556513476557973,0.06772111042670552,0.7712953540412382,spatial_louvain_density,1.0
artificial_graph_sbmv_4_comuAndEmb_1_00_pos_0_00_10,1.0,10,GT_pos,0.06659126937038976,0.4845535238360101,0.01851707281609038,0.4799106239011135,GT_pos_dist,1.0
artificial_graph_sbmv_4_comuAndEmb_1_00_pos_0_00_10,1.0,10,GT_pos + Inferred_Commu normal,0.1621238294019979,0.7737606897031217,0.04974980731932407,0.7449866801641004,louvain_density,0.87468207
artificial_graph_sbmv_4_comuAndEmb_1_00_pos_0_00_10,1.0,10,GT_pos + Inferred_Commu spatial manuel iter,0.2694095453229036,0.815615657373288,0.04354300685316506,0.7175547445255475,spatial_louvain_density,0.81826556
artificial_graph_sbmv_4_comuAndEmb_1_00_pos_0_00_10,1.0,10,SiNEcustom_spatial,0.3800787167649952,0.8436348466940137,0.09805405430143595,0.8145986733443443,SiNEcustom_spatial_dist,1.0
artificial_graph_sbmv_4_comuAndEmb_1_00_pos_0_00_10,1.0,10,deepwalk,0.3383371623729411,0.7922083941690422,0.15174147511855546,0.8372003036922586,deepwalk_dist,1.0
artificial_graph_sbmv_4_comuAndEmb_1_00_pos_0_00_10,1.0,10,GT_pos + SiNEcustom_spatial,0.35245655190767694,0.8246888688034485,0.07848302946862612,0.782849112898929,SiNEcustom_spatial_dist,0.7192433
artificial_graph_sbmv_4_comuAndEmb_1_00_pos_0_00_10,1.0,10,GT_pos + deepwalk,0.31044004535732095,0.7890449373102504,0.08860030722463798,0.7969779956310938,deepwalk_dist,0.6836856
artificial_graph_sbmv_4_comuAndEmb_0_90_pos_0_10_10,0.9,10,Inferred_Commu_normal,0.14668065939960268,0.7546296296296297,0.04572721850819099,0.7570862618944637,louvain_density,1.0
artificial_graph_sbmv_4_comuAndEmb_0_90_pos_0_10_10,0.9,10,Inferred_Commu_spatial_manuel_iter,0.14307770545389872,0.7497543963061204,0.05457189863821065,0.7805693122837369,spatial_louvain_density,1.0
artificial_graph_sbmv_4_comuAndEmb_0_90_pos_0_10_10,0.9,10,GT_pos,0.07353455655178431,0.4888618724825622,0.020990340632749994,0.5273433445069204,GT_pos_dist,1.0
artificial_graph_sbmv_4_comuAndEmb_0_90_pos_0_10_10,0.9,10,GT_pos + Inferred_Commu normal,0.17461895897324892,0.7267290500049121,0.04268725194981753,0.7354775356833909,louvain_density,0.76474947
artificial_graph_sbmv_4_comuAndEmb_0_90_pos_0_10_10,0.9,10,GT_pos + Inferred_Commu spatial manuel iter,0.17796785132923654,0.730069260241674,0.05355080302604962,0.7172253460207613,spatial_louvain_density,0.76963085
artificial_graph_sbmv_4_comuAndEmb_0_90_pos_0_10_10,0.9,10,SiNEcustom_spatial,0.24516973956506843,0.8034556439728854,0.08595502977479799,0.7818447231833912,SiNEcustom_spatial_dist,1.0
artificial_graph_sbmv_4_comuAndEmb_0_90_pos_0_10_10,0.9,10,deepwalk,0.2869744807939676,0.7908684546615581,0.07976793450061258,0.7760310337370242,deepwalk_dist,1.0
artificial_graph_sbmv_4_comuAndEmb_0_90_pos_0_10_10,0.9,10,GT_pos + SiNEcustom_spatial,0.21351485060839961,0.7934964141860693,0.07628826808536819,0.7602154519896194,SiNEcustom_spatial_dist,0.67403257
artificial_graph_sbmv_4_comuAndEmb_0_90_pos_0_10_10,0.9,10,GT_pos + deepwalk,0.2578059899371766,0.7701149425287355,0.0632855418302339,0.7497026384083045,deepwalk_dist,0.6269579
artificial_graph_sbmv_4_comuAndEmb_0_80_pos_0_20_10,0.8,10,Inferred_Commu_normal,0.12255251966575535,0.6573650947982499,0.04083350085867017,0.6986939175664819,louvain_density,1.0
artificial_graph_sbmv_4_comuAndEmb_0_80_pos_0_20_10,0.8,10,Inferred_Commu_spatial_manuel_iter,0.13115933047285364,0.7162007778317938,0.04313397541833852,0.6828123255402296,spatial_louvain_density,1.0
artificial_graph_sbmv_4_comuAndEmb_0_80_pos_0_20_10,0.8,10,GT_pos,0.11171309948874152,0.6287797763733592,0.02415174296181085,0.538835936329843,GT_pos_dist,1.0
artificial_graph_sbmv_4_comuAndEmb_0_80_pos_0_20_10,0.8,10,GT_pos + Inferred_Commu normal,0.14667333220098994,0.7349416626154595,0.04149573866441243,0.694126986288313,louvain_density,0.74716187
artificial_graph_sbmv_4_comuAndEmb_0_80_pos_0_20_10,0.8,10,GT_pos + Inferred_Commu spatial manuel iter,0.1648604983241866,0.7251093825960135,0.04341877437988516,0.6927805993927098,spatial_louvain_density,0.7472342
artificial_graph_sbmv_4_comuAndEmb_0_80_pos_0_20_10,0.8,10,SiNEcustom_spatial,0.24579704004954744,0.6914681575109383,0.06186401480790702,0.7297657983959913,SiNEcustom_spatial_dist,1.0
artificial_graph_sbmv_4_comuAndEmb_0_80_pos_0_20_10,0.8,10,deepwalk,0.1855665353362766,0.7004982984929509,0.0549770526031463,0.7132899878814286,deepwalk_dist,1.0
artificial_graph_sbmv_4_comuAndEmb_0_80_pos_0_20_10,0.8,10,GT_pos + SiNEcustom_spatial,0.20406646294229025,0.7107438016528926,0.06869893405494973,0.7334397679770156,SiNEcustom_spatial_dist,0.61384875
artificial_graph_sbmv_4_comuAndEmb_0_80_pos_0_20_10,0.8,10,GT_pos + deepwalk,0.18245998483206288,0.7008264462809918,0.049816604210805346,0.7018431121580588,deepwalk_dist,0.58376926
artificial_graph_sbmv_4_comuAndEmb_0_70_pos_0_30_10,0.7,10,Inferred_Commu_normal,0.1135643686780608,0.6841087111322098,0.03985021635735054,0.6890796178759009,louvain_density,1.0
artificial_graph_sbmv_4_comuAndEmb_0_70_pos_0_30_10,0.7,10,Inferred_Commu_spatial_manuel_iter,0.14134961074796182,0.7325896036078804,0.03548188925704821,0.6460570318914621,spatial_louvain_density,1.0
artificial_graph_sbmv_4_comuAndEmb_0_70_pos_0_30_10,0.7,10,GT_pos,0.12959497970616157,0.640030856871588,0.034285815686825635,0.6115209373248707,GT_pos_dist,1.0
artificial_graph_sbmv_4_comuAndEmb_0_70_pos_0_30_10,0.7,10,GT_pos + Inferred_Commu normal,0.11487664536647872,0.6920009494422027,0.043070432754563764,0.7195708271970181,louvain_density,0.5821169
artificial_graph_sbmv_4_comuAndEmb_0_70_pos_0_30_10,0.7,10,GT_pos + Inferred_Commu spatial manuel iter,0.1750074645540831,0.753845240920959,0.03238410815281062,0.64893886275072,spatial_louvain_density,0.5515261
artificial_graph_sbmv_4_comuAndEmb_0_70_pos_0_30_10,0.7,10,SiNEcustom_spatial,0.1326043406424401,0.6149893187752196,0.055879519575546883,0.6999874884333173,SiNEcustom_spatial_dist,1.0
artificial_graph_sbmv_4_comuAndEmb_0_70_pos_0_30_10,0.7,10,deepwalk,0.11132124824306971,0.616710182767624,0.04491769038678205,0.6576878364112657,deepwalk_dist,1.0
artificial_graph_sbmv_4_comuAndEmb_0_70_pos_0_30_10,0.7,10,GT_pos + SiNEcustom_spatial,0.22484572075762668,0.7100166152385474,0.05659272812947876,0.7318530151572417,SiNEcustom_spatial_dist,0.55290663
artificial_graph_sbmv_4_comuAndEmb_0_70_pos_0_30_10,0.7,10,GT_pos + deepwalk,0.13715832510188067,0.6633990030856872,0.04696268217860036,0.6998277053004731,deepwalk_dist,0.5816789
artificial_graph_sbmv_4_comuAndEmb_0_60_pos_0_40_10,0.6,10,Inferred_Commu_normal,0.12175999629213742,0.6658755038065383,0.036988445701076164,0.6578274945080356,louvain_density,1.0
artificial_graph_sbmv_4_comuAndEmb_0_60_pos_0_40_10,0.6,10,Inferred_Commu_spatial_manuel_iter,0.09907552396414458,0.6168831168831169,0.0354641098442502,0.6589698231009365,spatial_louvain_density,1.0
artificial_graph_sbmv_4_comuAndEmb_0_60_pos_0_40_10,0.6,10,GT_pos,0.16128505599224202,0.6383788625167935,0.038149604636921255,0.6334720776968435,GT_pos_dist,1.0
artificial_graph_sbmv_4_comuAndEmb_0_60_pos_0_40_10,0.6,10,GT_pos + Inferred_Commu normal,0.1896560183245988,0.7293551276309898,0.03345111519595955,0.6418264153852083,louvain_density,0.5157522
artificial_graph_sbmv_4_comuAndEmb_0_60_pos_0_40_10,0.6,10,GT_pos + Inferred_Commu spatial manuel iter,0.17572974919537387,0.6716300940438871,0.03894937439024064,0.6691396564792332,spatial_louvain_density,0.5268376
artificial_graph_sbmv_4_comuAndEmb_0_60_pos_0_40_10,0.6,10,SiNEcustom_spatial,0.13792340367456735,0.6059001343484102,0.03878551461127017,0.6066231163525648,SiNEcustom_spatial_dist,1.0
artificial_graph_sbmv_4_comuAndEmb_0_60_pos_0_40_10,0.6,10,deepwalk,0.1615554708619382,0.6845723242274966,0.038126976600449614,0.6503575236700454,deepwalk_dist,1.0
artificial_graph_sbmv_4_comuAndEmb_0_60_pos_0_40_10,0.6,10,GT_pos + SiNEcustom_spatial,0.14216534780298312,0.7095275414240931,0.042372108483151864,0.6875989517092534,GT_pos_dist,0.5632367
artificial_graph_sbmv_4_comuAndEmb_0_60_pos_0_40_10,0.6,10,GT_pos + deepwalk,0.18288905118401597,0.7389162561576356,0.04403376923483582,0.6865880448606775,GT_pos_dist,0.5766183
artificial_graph_sbmv_4_comuAndEmb_0_50_pos_0_50_10,0.5,10,Inferred_Commu_normal,0.1260544236859227,0.6831321022727272,0.034535341328246566,0.6443003297319136,louvain_density,1.0
artificial_graph_sbmv_4_comuAndEmb_0_50_pos_0_50_10,0.5,10,Inferred_Commu_spatial_manuel_iter,0.08114106290806027,0.5342329545454546,0.027009420032175095,0.5883019458092769,spatial_louvain_density,1.0
artificial_graph_sbmv_4_comuAndEmb_0_50_pos_0_50_10,0.5,10,GT_pos,0.13718602305687633,0.6440696022727272,0.06116111265470218,0.6969496539769839,GT_pos_dist,1.0
artificial_graph_sbmv_4_comuAndEmb_0_50_pos_0_50_10,0.5,10,GT_pos + Inferred_Commu normal,0.14912347424174968,0.7120975378787878,0.05020522376284435,0.6936776186318081,GT_pos_dist,0.58366543
artificial_graph_sbmv_4_comuAndEmb_0_50_pos_0_50_10,0.5,10,GT_pos + Inferred_Commu spatial manuel iter,0.12071641095612594,0.6931226325757576,0.04266842971616955,0.6953756728225311,spatial_louvain_density,0.54215074
artificial_graph_sbmv_4_comuAndEmb_0_50_pos_0_50_10,0.5,10,SiNEcustom_spatial,0.09620556604392583,0.5994081439393939,0.03181000121491101,0.6137938719389019,SiNEcustom_spatial_dist,1.0
artificial_graph_sbmv_4_comuAndEmb_0_50_pos_0_50_10,0.5,10,deepwalk,0.10073457314206231,0.6275449810606061,0.029354839301776476,0.6225537932202948,deepwalk_dist,1.0
artificial_graph_sbmv_4_comuAndEmb_0_50_pos_0_50_10,0.5,10,GT_pos + SiNEcustom_spatial,0.20913858798288734,0.6724786931818182,0.053067463273545286,0.715327060172816,GT_pos_dist,0.54613364
artificial_graph_sbmv_4_comuAndEmb_0_50_pos_0_50_10,0.5,10,GT_pos + deepwalk,0.1897343770816325,0.7037642045454544,0.041715044928096544,0.6930311876865332,GT_pos_dist,0.58324105
artificial_graph_sbmv_4_comuAndEmb_0_40_pos_0_60_10,0.3999999999999999,10,Inferred_Commu_normal,0.11655141389266394,0.6687511166696445,0.038594733574749934,0.6938454081632652,louvain_density,1.0
artificial_graph_sbmv_4_comuAndEmb_0_40_pos_0_60_10,0.3999999999999999,10,Inferred_Commu_spatial_manuel_iter,0.09791323509239401,0.5893894050384133,0.023168179924969924,0.5489387755102041,spatial_louvain_density,1.0
artificial_graph_sbmv_4_comuAndEmb_0_40_pos_0_60_10,0.3999999999999999,10,GT_pos,0.14305476895965594,0.6855569948186528,0.07343790245597505,0.7224785714285714,GT_pos_dist,1.0
artificial_graph_sbmv_4_comuAndEmb_0_40_pos_0_60_10,0.3999999999999999,10,GT_pos + Inferred_Commu normal,0.13125079243760815,0.6803421475790602,0.06819516915546181,0.7089565051020408,GT_pos_dist,0.5880596
artificial_graph_sbmv_4_comuAndEmb_0_40_pos_0_60_10,0.3999999999999999,10,GT_pos + Inferred_Commu spatial manuel iter,0.13204546912178605,0.7086832231552618,0.05385382441875342,0.6927593112244897,GT_pos_dist,0.5929824
artificial_graph_sbmv_4_comuAndEmb_0_40_pos_0_60_10,0.3999999999999999,10,SiNEcustom_spatial,0.09529940511855091,0.573074861532964,0.02576596039435363,0.5913897959183674,SiNEcustom_spatial_dist,1.0
artificial_graph_sbmv_4_comuAndEmb_0_40_pos_0_60_10,0.3999999999999999,10,deepwalk,0.1495617722142139,0.6606999285331427,0.0413612910122893,0.6545042091836735,deepwalk_dist,1.0
artificial_graph_sbmv_4_comuAndEmb_0_40_pos_0_60_10,0.3999999999999999,10,GT_pos + SiNEcustom_spatial,0.14463138659270958,0.6774388065034841,0.05789690260061014,0.7076747448979592,GT_pos_dist,0.6112254
artificial_graph_sbmv_4_comuAndEmb_0_40_pos_0_60_10,0.3999999999999999,10,GT_pos + deepwalk,0.20167851934321426,0.7283589422905128,0.057019047567707655,0.7093985969387755,GT_pos_dist,0.60362923
artificial_graph_sbmv_4_comuAndEmb_0_30_pos_0_70_10,0.29999999999999993,10,Inferred_Commu_normal,0.13685296430246963,0.7401562029247492,0.049533859331665396,0.7346506207043529,louvain_density,1.0
artificial_graph_sbmv_4_comuAndEmb_0_30_pos_0_70_10,0.29999999999999993,10,Inferred_Commu_spatial_manuel_iter,0.0736812551096628,0.491830633386637,0.023112740969658516,0.5364149661676169,spatial_louvain_density,1.0
artificial_graph_sbmv_4_comuAndEmb_0_30_pos_0_70_10,0.29999999999999993,10,GT_pos,0.18887507973797632,0.7752902732392408,0.08778202679940615,0.7777990303159463,GT_pos_dist,1.0
artificial_graph_sbmv_4_comuAndEmb_0_30_pos_0_70_10,0.29999999999999993,10,GT_pos + Inferred_Commu normal,0.1878700353670749,0.7743632529143202,0.07090804265527212,0.7618582503063562,GT_pos_dist,0.7644716
artificial_graph_sbmv_4_comuAndEmb_0_30_pos_0_70_10,0.29999999999999993,10,GT_pos + Inferred_Commu spatial manuel iter,0.202917530397659,0.7586502584069155,0.07491044563070323,0.7512528637647183,GT_pos_dist,0.70396894
artificial_graph_sbmv_4_comuAndEmb_0_30_pos_0_70_10,0.29999999999999993,10,SiNEcustom_spatial,0.09133608743562037,0.5655866879881342,0.02661335672639357,0.5941647130907348,SiNEcustom_spatial_dist,1.0
artificial_graph_sbmv_4_comuAndEmb_0_30_pos_0_70_10,0.29999999999999993,10,deepwalk,0.1602711158814518,0.6734339150385872,0.04080967892619513,0.6429352922371996,deepwalk_dist,1.0
artificial_graph_sbmv_4_comuAndEmb_0_30_pos_0_70_10,0.29999999999999993,10,GT_pos + SiNEcustom_spatial,0.18795438027050432,0.7153931724953069,0.06867636312982234,0.756902605359902,GT_pos_dist,0.6831024
artificial_graph_sbmv_4_comuAndEmb_0_30_pos_0_70_10,0.29999999999999993,10,GT_pos + deepwalk,0.18624246698862154,0.7553477484993858,0.07780036092442053,0.7389337471362353,GT_pos_dist,0.712648
artificial_graph_sbmv_4_comuAndEmb_0_20_pos_0_80_10,0.19999999999999996,10,Inferred_Commu_normal,0.14810644273761234,0.7446022727272726,0.04863427583906786,0.7607130289720965,louvain_density,1.0
artificial_graph_sbmv_4_comuAndEmb_0_20_pos_0_80_10,0.19999999999999996,10,Inferred_Commu_spatial_manuel_iter,0.11873110511628608,0.6015861742424242,0.020197203782630554,0.5059742730910085,spatial_louvain_density,1.0
artificial_graph_sbmv_4_comuAndEmb_0_20_pos_0_80_10,0.19999999999999996,10,GT_pos,0.2340877002263828,0.8053622159090909,0.10338645044638192,0.818854540004431,GT_pos_dist,1.0
artificial_graph_sbmv_4_comuAndEmb_0_20_pos_0_80_10,0.19999999999999996,10,GT_pos + Inferred_Commu normal,0.22187334577177845,0.7723366477272728,0.09959827967919699,0.8148512296524131,GT_pos_dist,0.69949204
artificial_graph_sbmv_4_comuAndEmb_0_20_pos_0_80_10,0.19999999999999996,10,GT_pos + Inferred_Commu spatial manuel iter,0.23958367440581133,0.8048295454545454,0.08858858272876159,0.807200797612376,GT_pos_dist,0.73460484
artificial_graph_sbmv_4_comuAndEmb_0_20_pos_0_80_10,0.19999999999999996,10,SiNEcustom_spatial,0.09397155742240262,0.638861268939394,0.027065770775919363,0.5879561834508464,SiNEcustom_spatial_dist,1.0
artificial_graph_sbmv_4_comuAndEmb_0_20_pos_0_80_10,0.19999999999999996,10,deepwalk,0.14752194364627186,0.742471590909091,0.04826937112477371,0.7275959545934393,deepwalk_dist,1.0
artificial_graph_sbmv_4_comuAndEmb_0_20_pos_0_80_10,0.19999999999999996,10,GT_pos + SiNEcustom_spatial,0.25770826818193765,0.8094578598484847,0.08610683613212385,0.813614148496657,GT_pos_dist,0.72435176
artificial_graph_sbmv_4_comuAndEmb_0_20_pos_0_80_10,0.19999999999999996,10,GT_pos + deepwalk,0.23760425005790167,0.8121448863636364,0.08589169116175949,0.8033142618827303,GT_pos_dist,0.74153066
artificial_graph_sbmv_4_comuAndEmb_0_10_pos_0_90_10,0.09999999999999998,10,Inferred_Commu_normal,0.22689663855683018,0.8450933172787477,0.05965716869355892,0.7989240429899771,louvain_density,1.0
artificial_graph_sbmv_4_comuAndEmb_0_10_pos_0_90_10,0.09999999999999998,10,Inferred_Commu_spatial_manuel_iter,0.07211569800145197,0.5448765803732691,0.019927633798191433,0.4823046062606502,spatial_louvain_density,1.0
artificial_graph_sbmv_4_comuAndEmb_0_10_pos_0_90_10,0.09999999999999998,10,GT_pos,0.3404076596502877,0.8781336544250451,0.1314938344953792,0.8592164124032255,GT_pos_dist,1.0
artificial_graph_sbmv_4_comuAndEmb_0_10_pos_0_90_10,0.09999999999999998,10,GT_pos + Inferred_Commu normal,0.284908221293931,0.8615773630343168,0.12714178466233989,0.8516113190838466,GT_pos_dist,0.74944496
artificial_graph_sbmv_4_comuAndEmb_0_10_pos_0_90_10,0.09999999999999998,10,GT_pos + Inferred_Commu spatial manuel iter,0.30868066545923667,0.864310656231186,0.1007300508762435,0.8333588267654202,GT_pos_dist,0.77578247
artificial_graph_sbmv_4_comuAndEmb_0_10_pos_0_90_10,0.09999999999999998,10,SiNEcustom_spatial,0.13112845006079749,0.7250331125827814,0.03821081724520702,0.6766069583652,SiNEcustom_spatial_dist,1.0
artificial_graph_sbmv_4_comuAndEmb_0_10_pos_0_90_10,0.09999999999999998,10,deepwalk,0.2345299443071634,0.846887417218543,0.07043707991988067,0.7983383649317716,deepwalk_dist,1.0
artificial_graph_sbmv_4_comuAndEmb_0_10_pos_0_90_10,0.09999999999999998,10,GT_pos + SiNEcustom_spatial,0.3022858293143475,0.8631547260686334,0.10652555072907233,0.8536193964765393,GT_pos_dist,0.7253675
artificial_graph_sbmv_4_comuAndEmb_0_10_pos_0_90_10,0.09999999999999998,10,GT_pos + deepwalk,0.3048963530863684,0.8749548464780252,0.10063551377351572,0.8477029075930175,GT_pos_dist,0.74455446
artificial_graph_sbmv_4_comuAndEmb_0_00_pos_1_00_10,0.0,10,Inferred_Commu_normal,0.23075461404858394,0.8375630822981366,0.06742062971895871,0.7993550197085104,louvain_density,1.0
artificial_graph_sbmv_4_comuAndEmb_0_00_pos_1_00_10,0.0,10,Inferred_Commu_spatial_manuel_iter,0.11988195143972971,0.6248665566770186,0.022112005369837755,0.5481030734054343,spatial_louvain_density,1.0
artificial_graph_sbmv_4_comuAndEmb_0_00_pos_1_00_10,0.0,10,GT_pos,0.46644536564461003,0.9217415566770186,0.14762097759232232,0.8911732525354542,GT_pos_dist,1.0
artificial_graph_sbmv_4_comuAndEmb_0_00_pos_1_00_10,0.0,10,GT_pos + Inferred_Commu normal,0.45874517911453616,0.9098165760869565,0.12462359242724907,0.8659476216527094,GT_pos_dist,0.8269311
artificial_graph_sbmv_4_comuAndEmb_0_00_pos_1_00_10,0.0,10,GT_pos + Inferred_Commu spatial manuel iter,0.415127807239604,0.9080939440993787,0.1592932936761596,0.8795512631682307,GT_pos_dist,0.80843973
artificial_graph_sbmv_4_comuAndEmb_0_00_pos_1_00_10,0.0,10,SiNEcustom_spatial,0.24041572564101965,0.7920710403726707,0.04850879184808103,0.7467121154736354,SiNEcustom_spatial_dist,1.0
artificial_graph_sbmv_4_comuAndEmb_0_00_pos_1_00_10,0.0,10,deepwalk,0.3066929567153711,0.8066770186335404,0.10667674027147978,0.8395208236894893,deepwalk_dist,1.0
artificial_graph_sbmv_4_comuAndEmb_0_00_pos_1_00_10,0.0,10,GT_pos + SiNEcustom_spatial,0.44354333756900366,0.914159549689441,0.13018183412151796,0.8857659666989297,GT_pos_dist,0.7965586
artificial_graph_sbmv_4_comuAndEmb_0_00_pos_1_00_10,0.0,10,GT_pos + deepwalk,0.4345323866496208,0.9097437888198758,0.12450347101127873,0.8761814585700458,GT_pos_dist,0.8125218
artificial_graph_sbmv_4_comuAndEmb_1_00_pos_0_00_11,1.0,11,Inferred_Commu_normal,0.19458444430855162,0.7885119006234212,0.05251434159027243,0.7747487878949332,louvain_density,1.0
artificial_graph_sbmv_4_comuAndEmb_1_00_pos_0_00_11,1.0,11,Inferred_Commu_spatial_manuel_iter,0.16254669359422622,0.7686736656701199,0.05096230727455903,0.7459241302147158,spatial_louvain_density,1.0
artificial_graph_sbmv_4_comuAndEmb_1_00_pos_0_00_11,1.0,11,GT_pos,0.09358910049940569,0.5042179424783888,0.02226821854871521,0.5345607118120305,GT_pos_dist,1.0
artificial_graph_sbmv_4_comuAndEmb_1_00_pos_0_00_11,1.0,11,GT_pos + Inferred_Commu normal,0.16369289110410956,0.7438295209622472,0.058826035050395874,0.7647972720976077,louvain_density,0.79065603
artificial_graph_sbmv_4_comuAndEmb_1_00_pos_0_00_11,1.0,11,GT_pos + Inferred_Commu spatial manuel iter,0.1836233932854208,0.7298315140559457,0.05493053021433941,0.7278963983163728,spatial_louvain_density,0.767147
artificial_graph_sbmv_4_comuAndEmb_1_00_pos_0_00_11,1.0,11,SiNEcustom_spatial,0.3078769965197288,0.8056501888803913,0.09766653886195104,0.8267587511321861,SiNEcustom_spatial_dist,1.0
artificial_graph_sbmv_4_comuAndEmb_1_00_pos_0_00_11,1.0,11,deepwalk,0.3164137794837782,0.8383855941041507,0.15670181797212995,0.8179102509457084,deepwalk_dist,1.0
artificial_graph_sbmv_4_comuAndEmb_1_00_pos_0_00_11,1.0,11,GT_pos + SiNEcustom_spatial,0.24811521788399157,0.7815592481865163,0.092002578274909,0.796200650007992,SiNEcustom_spatial_dist,0.690908
artificial_graph_sbmv_4_comuAndEmb_1_00_pos_0_00_11,1.0,11,GT_pos + deepwalk,0.2661587004578469,0.7773528934621892,0.11486485244355324,0.7941485960892961,deepwalk_dist,0.6709775
artificial_graph_sbmv_4_comuAndEmb_0_90_pos_0_10_11,0.9,11,Inferred_Commu_normal,0.160514041253551,0.7389003037341434,0.04938894905249895,0.7224230161483023,louvain_density,1.0
artificial_graph_sbmv_4_comuAndEmb_0_90_pos_0_10_11,0.9,11,Inferred_Commu_spatial_manuel_iter,0.22082028111474075,0.7916071109522957,0.06500902389612073,0.8052311763723488,spatial_louvain_density,1.0
artificial_graph_sbmv_4_comuAndEmb_0_90_pos_0_10_11,0.9,11,GT_pos,0.08405116693557854,0.5434719492585314,0.022060232237031054,0.5068135044513817,GT_pos_dist,1.0
artificial_graph_sbmv_4_comuAndEmb_0_90_pos_0_10_11,0.9,11,GT_pos + Inferred_Commu normal,0.1793915353300689,0.7371582990887976,0.0511030133987201,0.6943113526290773,louvain_density,0.81273204
artificial_graph_sbmv_4_comuAndEmb_0_90_pos_0_10_11,0.9,11,GT_pos + Inferred_Commu spatial manuel iter,0.22706819222418023,0.7930922815794176,0.05716669513841976,0.7531198211739315,spatial_louvain_density,0.7871595
artificial_graph_sbmv_4_comuAndEmb_0_90_pos_0_10_11,0.9,11,SiNEcustom_spatial,0.27493637398621695,0.7869282651420404,0.07703840016207297,0.7853306098328645,SiNEcustom_spatial_dist,1.0
artificial_graph_sbmv_4_comuAndEmb_0_90_pos_0_10_11,0.9,11,deepwalk,0.24401643559991154,0.7658455422547793,0.08708658709009219,0.7767428475995941,deepwalk_dist,1.0
artificial_graph_sbmv_4_comuAndEmb_0_90_pos_0_10_11,0.9,11,GT_pos + SiNEcustom_spatial,0.29710808248322984,0.7840025906735751,0.06672470047471256,0.7614474377256202,SiNEcustom_spatial_dist,0.6718014
artificial_graph_sbmv_4_comuAndEmb_0_90_pos_0_10_11,0.9,11,GT_pos + deepwalk,0.23351737835625883,0.753986510630695,0.07609179647551594,0.7439479194768823,deepwalk_dist,0.63020724
artificial_graph_sbmv_4_comuAndEmb_0_80_pos_0_20_11,0.8,11,Inferred_Commu_normal,0.17998455867288604,0.7346164302868277,0.042154241970856814,0.7151201165721488,louvain_density,1.0
artificial_graph_sbmv_4_comuAndEmb_0_80_pos_0_20_11,0.8,11,Inferred_Commu_spatial_manuel_iter,0.16049199915235468,0.7232769948796955,0.03949564731314972,0.7107708464608276,spatial_louvain_density,1.0
artificial_graph_sbmv_4_comuAndEmb_0_80_pos_0_20_11,0.8,11,GT_pos,0.1101236035280811,0.6512868729892609,0.02188996247542659,0.5274372505776097,GT_pos_dist,1.0
artificial_graph_sbmv_4_comuAndEmb_0_80_pos_0_20_11,0.8,11,GT_pos + Inferred_Commu normal,0.1982259460362758,0.7667202863745526,0.044544750798424175,0.7009815427431212,louvain_density,0.7434334
artificial_graph_sbmv_4_comuAndEmb_0_80_pos_0_20_11,0.8,11,GT_pos + Inferred_Commu spatial manuel iter,0.17389965159988424,0.7415039195251258,0.03668590544131245,0.6756264440243646,spatial_louvain_density,0.7118204
artificial_graph_sbmv_4_comuAndEmb_0_80_pos_0_20_11,0.8,11,SiNEcustom_spatial,0.20314199444394404,0.6805247179301283,0.06642787787139096,0.7270075876916613,SiNEcustom_spatial_dist,1.0
artificial_graph_sbmv_4_comuAndEmb_0_80_pos_0_20_11,0.8,11,deepwalk,0.1883664944014209,0.6862340840092438,0.05937611616102964,0.7175544791010292,deepwalk_dist,1.0
artificial_graph_sbmv_4_comuAndEmb_0_80_pos_0_20_11,0.8,11,GT_pos + SiNEcustom_spatial,0.20933533502454954,0.7282047215551225,0.051106556511707084,0.7339433679899181,SiNEcustom_spatial_dist,0.6255194
artificial_graph_sbmv_4_comuAndEmb_0_80_pos_0_20_11,0.8,11,GT_pos + deepwalk,0.16885876948040562,0.7265734741039467,0.05234053008895456,0.6943479573618987,deepwalk_dist,0.60869414
artificial_graph_sbmv_4_comuAndEmb_0_70_pos_0_30_11,0.7,11,Inferred_Commu_normal,0.1151975942468097,0.6859602649006622,0.03699137613526913,0.6821072123702421,louvain_density,1.0
artificial_graph_sbmv_4_comuAndEmb_0_70_pos_0_30_11,0.7,11,Inferred_Commu_spatial_manuel_iter,0.13754850688386894,0.6914148103552078,0.03708463143947554,0.659020599048443,spatial_louvain_density,1.0
artificial_graph_sbmv_4_comuAndEmb_0_70_pos_0_30_11,0.7,11,GT_pos,0.10905387767069238,0.636435881998796,0.03241595674446452,0.5860327908737024,GT_pos_dist,1.0
artificial_graph_sbmv_4_comuAndEmb_0_70_pos_0_30_11,0.7,11,GT_pos + Inferred_Commu normal,0.13157885859474538,0.720469596628537,0.047543753741927125,0.6912410791522491,louvain_density,0.6557581
artificial_graph_sbmv_4_comuAndEmb_0_70_pos_0_30_11,0.7,11,GT_pos + Inferred_Commu spatial manuel iter,0.142457678195888,0.7341360626128839,0.03810676652016118,0.650388597534602,spatial_louvain_density,0.6547843
artificial_graph_sbmv_4_comuAndEmb_0_70_pos_0_30_11,0.7,11,SiNEcustom_spatial,0.1732011614056113,0.6228296207104154,0.0616914552697139,0.7091176470588235,SiNEcustom_spatial_dist,1.0
artificial_graph_sbmv_4_comuAndEmb_0_70_pos_0_30_11,0.7,11,deepwalk,0.16200344842457517,0.7119446116797111,0.04064833970352887,0.6394689392301038,deepwalk_dist,1.0
artificial_graph_sbmv_4_comuAndEmb_0_70_pos_0_30_11,0.7,11,GT_pos + SiNEcustom_spatial,0.18323670890604413,0.67264298615292,0.054038954834965264,0.7090934526384083,SiNEcustom_spatial_dist,0.5682951
artificial_graph_sbmv_4_comuAndEmb_0_70_pos_0_30_11,0.7,11,GT_pos + deepwalk,0.13805990913265334,0.7262612883804936,0.043642157100886,0.6761555201124567,deepwalk_dist,0.5465182
artificial_graph_sbmv_4_comuAndEmb_0_60_pos_0_40_11,0.6,11,Inferred_Commu_normal,0.10894383112576064,0.6557801789241315,0.031046010531944872,0.6394092652778517,louvain_density,1.0
artificial_graph_sbmv_4_comuAndEmb_0_60_pos_0_40_11,0.6,11,Inferred_Commu_spatial_manuel_iter,0.12396518682558504,0.6368653421633554,0.031123616448265487,0.6301347967393041,spatial_louvain_density,1.0
artificial_graph_sbmv_4_comuAndEmb_0_60_pos_0_40_11,0.6,11,GT_pos,0.13643091147546169,0.6561984431276868,0.03599803800343783,0.6149258085140391,GT_pos_dist,1.0
artificial_graph_sbmv_4_comuAndEmb_0_60_pos_0_40_11,0.6,11,GT_pos + Inferred_Commu normal,0.15540228141611118,0.7287091901940281,0.03796081958776191,0.6672706324258085,louvain_density,0.5230445
artificial_graph_sbmv_4_comuAndEmb_0_60_pos_0_40_11,0.6,11,GT_pos + Inferred_Commu spatial manuel iter,0.16960463494344402,0.7281050307888928,0.03651782632434907,0.6668733017209227,GT_pos_dist,0.51401114
artificial_graph_sbmv_4_comuAndEmb_0_60_pos_0_40_11,0.6,11,SiNEcustom_spatial,0.15659950509557266,0.6401417450912047,0.03293714300537338,0.6397499866801641,SiNEcustom_spatial_dist,1.0
artificial_graph_sbmv_4_comuAndEmb_0_60_pos_0_40_11,0.6,11,deepwalk,0.18127429778909424,0.5836528407110491,0.03024056004396807,0.61820195535191,deepwalk_dist,1.0
artificial_graph_sbmv_4_comuAndEmb_0_60_pos_0_40_11,0.6,11,GT_pos + SiNEcustom_spatial,0.1555288902498635,0.7044382479377251,0.041027568878979966,0.6901702275027972,GT_pos_dist,0.5348557
artificial_graph_sbmv_4_comuAndEmb_0_60_pos_0_40_11,0.6,11,GT_pos + deepwalk,0.16085702144539238,0.6912629255257349,0.03339170736306731,0.6566501944696042,GT_pos_dist,0.5432212
artificial_graph_sbmv_4_comuAndEmb_0_50_pos_0_50_11,0.5,11,Inferred_Commu_normal,0.07956414616549537,0.5810961174242424,0.026852435746619146,0.5561899672874663,louvain_density,1.0
artificial_graph_sbmv_4_comuAndEmb_0_50_pos_0_50_11,0.5,11,Inferred_Commu_spatial_manuel_iter,0.08563467195064359,0.540826231060606,0.02998059067420055,0.5840386294621329,spatial_louvain_density,1.0
artificial_graph_sbmv_4_comuAndEmb_0_50_pos_0_50_11,0.5,11,GT_pos,0.21036009407587727,0.6713186553030304,0.05937802242547528,0.693949614878338,GT_pos_dist,1.0
artificial_graph_sbmv_4_comuAndEmb_0_50_pos_0_50_11,0.5,11,GT_pos + Inferred_Commu normal,0.2183547526856589,0.6642163825757577,0.05492938943042166,0.6813332638246294,GT_pos_dist,0.5688267
artificial_graph_sbmv_4_comuAndEmb_0_50_pos_0_50_11,0.5,11,GT_pos + Inferred_Commu spatial manuel iter,0.17110673628646153,0.6953598484848484,0.0531798079840619,0.7213370433603983,spatial_louvain_density,0.5120332
artificial_graph_sbmv_4_comuAndEmb_0_50_pos_0_50_11,0.5,11,SiNEcustom_spatial,0.08000395002605558,0.5713304924242425,0.03989571233916085,0.6533460621147155,SiNEcustom_spatial_dist,1.0
artificial_graph_sbmv_4_comuAndEmb_0_50_pos_0_50_11,0.5,11,deepwalk,0.11074945941238695,0.6132339015151516,0.03493327281400045,0.6312089301307198,deepwalk_dist,1.0
artificial_graph_sbmv_4_comuAndEmb_0_50_pos_0_50_11,0.5,11,GT_pos + SiNEcustom_spatial,0.15077369913058047,0.6676846590909092,0.055516708109766916,0.7385537410887669,GT_pos_dist,0.56171566
artificial_graph_sbmv_4_comuAndEmb_0_50_pos_0_50_11,0.5,11,GT_pos + deepwalk,0.2041142917227647,0.6726444128787878,0.04840415447638636,0.7094471451472064,GT_pos_dist,0.55960786
artificial_graph_sbmv_4_comuAndEmb_0_40_pos_0_60_11,0.3999999999999999,11,Inferred_Commu_normal,0.16659304541374345,0.7533644478680502,0.03500460472896283,0.6678775467338794,louvain_density,1.0
artificial_graph_sbmv_4_comuAndEmb_0_40_pos_0_60_11,0.3999999999999999,11,Inferred_Commu_spatial_manuel_iter,0.1121521164178031,0.579863156463818,0.020422588484333898,0.500152147658055,spatial_louvain_density,1.0
artificial_graph_sbmv_4_comuAndEmb_0_40_pos_0_60_11,0.3999999999999999,11,GT_pos,0.18291040963253052,0.7537609316235444,0.05529910233835609,0.7073588794370931,GT_pos_dist,1.0
artificial_graph_sbmv_4_comuAndEmb_0_40_pos_0_60_11,0.3999999999999999,11,GT_pos + Inferred_Commu normal,0.1914380743392718,0.7636390411889982,0.04683470214680934,0.7046526465028355,GT_pos_dist,0.6607352
artificial_graph_sbmv_4_comuAndEmb_0_40_pos_0_60_11,0.3999999999999999,11,GT_pos + Inferred_Commu spatial manuel iter,0.21907398668276987,0.7439054782726902,0.04652125078093781,0.6858846618357488,GT_pos_dist,0.616432
artificial_graph_sbmv_4_comuAndEmb_0_40_pos_0_60_11,0.3999999999999999,11,SiNEcustom_spatial,0.1061969793621424,0.5956885223616839,0.026881956536451396,0.5944565217391303,SiNEcustom_spatial_dist,1.0
artificial_graph_sbmv_4_comuAndEmb_0_40_pos_0_60_11,0.3999999999999999,11,deepwalk,0.1348106909881079,0.641556028818705,0.02652403459543263,0.5824809651333753,deepwalk_dist,1.0
artificial_graph_sbmv_4_comuAndEmb_0_40_pos_0_60_11,0.3999999999999999,11,GT_pos + SiNEcustom_spatial,0.19625597587052,0.7236734786351896,0.04957614599237066,0.6966325351816846,GT_pos_dist,0.64634335
artificial_graph_sbmv_4_comuAndEmb_0_40_pos_0_60_11,0.3999999999999999,11,GT_pos + deepwalk,0.1682267117087945,0.7433957134441977,0.041382830098657994,0.663097038437303,GT_pos_dist,0.628288
artificial_graph_sbmv_4_comuAndEmb_0_30_pos_0_70_11,0.29999999999999993,11,Inferred_Commu_normal,0.13976144024667803,0.7191210114388922,0.041201433187782154,0.7203890030276817,louvain_density,1.0
artificial_graph_sbmv_4_comuAndEmb_0_30_pos_0_70_11,0.29999999999999993,11,Inferred_Commu_spatial_manuel_iter,0.08832615736830501,0.5237206502107163,0.020518511174181228,0.5254414467993079,spatial_louvain_density,1.0
artificial_graph_sbmv_4_comuAndEmb_0_30_pos_0_70_11,0.29999999999999993,11,GT_pos,0.23791882555441324,0.7943166767007827,0.08629118683052524,0.7653968425605536,GT_pos_dist,1.0
artificial_graph_sbmv_4_comuAndEmb_0_30_pos_0_70_11,0.29999999999999993,11,GT_pos + Inferred_Commu normal,0.23721209814590233,0.7931727874774233,0.07081714351973357,0.7451671983131487,GT_pos_dist,0.69243175
artificial_graph_sbmv_4_comuAndEmb_0_30_pos_0_70_11,0.29999999999999993,11,GT_pos + Inferred_Commu spatial manuel iter,0.17835194542705687,0.7604093919325707,0.08432283785978344,0.7516121053200693,GT_pos_dist,0.70586234
artificial_graph_sbmv_4_comuAndEmb_0_30_pos_0_70_11,0.29999999999999993,11,SiNEcustom_spatial,0.08522991865045083,0.5641180012040938,0.03506924341386929,0.6172907655709342,SiNEcustom_spatial_dist,1.0
artificial_graph_sbmv_4_comuAndEmb_0_30_pos_0_70_11,0.29999999999999993,11,deepwalk,0.16308267517500874,0.697049969897652,0.03930508593241203,0.6775528492647059,deepwalk_dist,1.0
artificial_graph_sbmv_4_comuAndEmb_0_30_pos_0_70_11,0.29999999999999993,11,GT_pos + SiNEcustom_spatial,0.22063649853531447,0.7588681517158339,0.08196488169831485,0.7546205936418685,GT_pos_dist,0.6718196
artificial_graph_sbmv_4_comuAndEmb_0_30_pos_0_70_11,0.29999999999999993,11,GT_pos + deepwalk,0.23585522143949644,0.8163154726068633,0.08860990855529788,0.7563898951124568,GT_pos_dist,0.67626065
artificial_graph_sbmv_4_comuAndEmb_0_20_pos_0_80_11,0.19999999999999996,11,Inferred_Commu_normal,0.10416327452698275,0.6606297348484849,0.05495906065675813,0.7725932828526372,louvain_density,1.0
artificial_graph_sbmv_4_comuAndEmb_0_20_pos_0_80_11,0.19999999999999996,11,Inferred_Commu_spatial_manuel_iter,0.07104719475068923,0.5265861742424243,0.02261750765323929,0.5484390517275085,spatial_louvain_density,1.0
artificial_graph_sbmv_4_comuAndEmb_0_20_pos_0_80_11,0.19999999999999996,11,GT_pos,0.2045398483454748,0.7301136363636362,0.11089566184893866,0.8244941286866765,GT_pos_dist,1.0
artificial_graph_sbmv_4_comuAndEmb_0_20_pos_0_80_11,0.19999999999999996,11,GT_pos + Inferred_Commu normal,0.22888521915701127,0.7263967803030303,0.10288218945370085,0.8226025361988296,GT_pos_dist,0.7530137
artificial_graph_sbmv_4_comuAndEmb_0_20_pos_0_80_11,0.19999999999999996,11,GT_pos + Inferred_Commu spatial manuel iter,0.20056426660402477,0.7210345643939393,0.08448175202515698,0.8051056315082954,GT_pos_dist,0.70649403
artificial_graph_sbmv_4_comuAndEmb_0_20_pos_0_80_11,0.19999999999999996,11,SiNEcustom_spatial,0.0977297457232964,0.5854640151515151,0.030103585371841934,0.6125451915182003,SiNEcustom_spatial_dist,1.0
artificial_graph_sbmv_4_comuAndEmb_0_20_pos_0_80_11,0.19999999999999996,11,deepwalk,0.11481288584763757,0.6147845643939394,0.05010424664069096,0.7082932137783629,deepwalk_dist,1.0
artificial_graph_sbmv_4_comuAndEmb_0_20_pos_0_80_11,0.19999999999999996,11,GT_pos + SiNEcustom_spatial,0.22226629546273272,0.6927083333333333,0.0890695264984348,0.8033197356931538,GT_pos_dist,0.7355265
artificial_graph_sbmv_4_comuAndEmb_0_20_pos_0_80_11,0.19999999999999996,11,GT_pos + deepwalk,0.1980060700016592,0.6736624053030303,0.08647290221015648,0.8072589242659229,GT_pos_dist,0.7253988
artificial_graph_sbmv_4_comuAndEmb_0_10_pos_0_90_11,0.09999999999999998,11,Inferred_Commu_normal,0.1796191418583886,0.7692789968652037,0.060453571684111765,0.8043505350650685,louvain_density,1.0
artificial_graph_sbmv_4_comuAndEmb_0_10_pos_0_90_11,0.09999999999999998,11,Inferred_Commu_spatial_manuel_iter,0.07178376743532441,0.5087326466636811,0.02228623883554338,0.5520198866921031,spatial_louvain_density,1.0
artificial_graph_sbmv_4_comuAndEmb_0_10_pos_0_90_11,0.09999999999999998,11,GT_pos,0.37887093074386585,0.8459807433945365,0.12752940996575438,0.8498502074742103,GT_pos_dist,1.0
artificial_graph_sbmv_4_comuAndEmb_0_10_pos_0_90_11,0.09999999999999998,11,GT_pos + Inferred_Commu normal,0.3657439698437597,0.8313255709807434,0.11935353129535158,0.8372595418866664,GT_pos_dist,0.76613545
artificial_graph_sbmv_4_comuAndEmb_0_10_pos_0_90_11,0.09999999999999998,11,GT_pos + Inferred_Commu spatial manuel iter,0.305021962624559,0.8474361845051501,0.12004117999312851,0.8463302115851543,GT_pos_dist,0.7653409
artificial_graph_sbmv_4_comuAndEmb_0_10_pos_0_90_11,0.09999999999999998,11,SiNEcustom_spatial,0.10546698225565673,0.6036609941782356,0.036486378430072235,0.6482083991726725,SiNEcustom_spatial_dist,1.0
artificial_graph_sbmv_4_comuAndEmb_0_10_pos_0_90_11,0.09999999999999998,11,deepwalk,0.23409254907342703,0.7772167487684729,0.07004711092075029,0.7755451497282922,deepwalk_dist,1.0
artificial_graph_sbmv_4_comuAndEmb_0_10_pos_0_90_11,0.09999999999999998,11,GT_pos + SiNEcustom_spatial,0.3218169554368364,0.8294894760412002,0.10964822193383864,0.840127824668234,GT_pos_dist,0.72966534
artificial_graph_sbmv_4_comuAndEmb_0_10_pos_0_90_11,0.09999999999999998,11,GT_pos + deepwalk,0.4173176738891334,0.8510300044782804,0.11687294814750475,0.835642527716756,GT_pos_dist,0.7433124
artificial_graph_sbmv_4_comuAndEmb_0_00_pos_1_00_11,0.0,11,Inferred_Commu_normal,0.22991304735325035,0.8527360251498182,0.0698861652959572,0.8314098994377163,louvain_density,1.0
artificial_graph_sbmv_4_comuAndEmb_0_00_pos_1_00_11,0.0,11,Inferred_Commu_spatial_manuel_iter,0.12384369904410011,0.636555653797033,0.022740337380821193,0.5268213397491349,spatial_louvain_density,1.0
artificial_graph_sbmv_4_comuAndEmb_0_00_pos_1_00_11,0.0,11,GT_pos,0.48350820934836214,0.9193314667452598,0.1788090822888779,0.9062641922577854,GT_pos_dist,1.0
artificial_graph_sbmv_4_comuAndEmb_0_00_pos_1_00_11,0.0,11,GT_pos + Inferred_Commu normal,0.4637900958481018,0.9158561744768642,0.16072928539601614,0.8973552389705882,GT_pos_dist,0.7524034
artificial_graph_sbmv_4_comuAndEmb_0_00_pos_1_00_11,0.0,11,GT_pos + Inferred_Commu spatial manuel iter,0.39589755961554507,0.9059583456135181,0.17096406875809433,0.8903243944636678,GT_pos_dist,0.78125083
artificial_graph_sbmv_4_comuAndEmb_0_00_pos_1_00_11,0.0,11,SiNEcustom_spatial,0.11669901059186513,0.6942111209352588,0.049064089216430753,0.7379992971453289,SiNEcustom_spatial_dist,1.0
artificial_graph_sbmv_4_comuAndEmb_0_00_pos_1_00_11,0.0,11,deepwalk,0.265984062564261,0.8554253855977993,0.11035053217534196,0.8252516760380623,deepwalk_dist,1.0
artificial_graph_sbmv_4_comuAndEmb_0_00_pos_1_00_11,0.0,11,GT_pos + SiNEcustom_spatial,0.4502535277065475,0.9139159052952156,0.14456887154882717,0.8947330503892734,GT_pos_dist,0.7906681
artificial_graph_sbmv_4_comuAndEmb_0_00_pos_1_00_11,0.0,11,GT_pos + deepwalk,0.453886557222492,0.9051110128696336,0.15979920738511083,0.8971176200259515,GT_pos_dist,0.79687923
artificial_graph_sbmv_4_comuAndEmb_1_00_pos_0_00_12,1.0,12,Inferred_Commu_normal,0.2020100885724639,0.8190674702070778,0.05415713778005789,0.7451173553719008,louvain_density,1.0
artificial_graph_sbmv_4_comuAndEmb_1_00_pos_0_00_12,1.0,12,Inferred_Commu_spatial_manuel_iter,0.27892665483569545,0.8492682042684309,0.0682869137482774,0.7242202975206611,spatial_louvain_density,1.0
artificial_graph_sbmv_4_comuAndEmb_1_00_pos_0_00_12,1.0,12,GT_pos,0.08388047659689503,0.5196089537360098,0.019748439569350407,0.5036650578512397,GT_pos_dist,1.0
artificial_graph_sbmv_4_comuAndEmb_1_00_pos_0_00_12,1.0,12,GT_pos + Inferred_Commu normal,0.2328700541443318,0.8065952240699623,0.052606490142467766,0.7387863801652893,louvain_density,0.8160937
artificial_graph_sbmv_4_comuAndEmb_1_00_pos_0_00_12,1.0,12,GT_pos + Inferred_Commu spatial manuel iter,0.29391341611671323,0.8223752775386288,0.0689505837352786,0.7267804297520661,spatial_louvain_density,0.79571724
artificial_graph_sbmv_4_comuAndEmb_1_00_pos_0_00_12,1.0,12,SiNEcustom_spatial,0.3025043112795779,0.8418143096651411,0.1239039328949687,0.8419386446280992,SiNEcustom_spatial_dist,1.0
artificial_graph_sbmv_4_comuAndEmb_1_00_pos_0_00_12,1.0,12,deepwalk,0.32545351925937693,0.8007612488105489,0.1252105345606223,0.8128532892561986,deepwalk_dist,1.0
artificial_graph_sbmv_4_comuAndEmb_1_00_pos_0_00_12,1.0,12,GT_pos + SiNEcustom_spatial,0.3798563720180738,0.8471498482033623,0.0943928633975453,0.8213049917355371,SiNEcustom_spatial_dist,0.7248657
artificial_graph_sbmv_4_comuAndEmb_1_00_pos_0_00_12,1.0,12,GT_pos + deepwalk,0.3220486712417168,0.8100276405818115,0.09744477262196692,0.7879723636363636,deepwalk_dist,0.7217259
artificial_graph_sbmv_4_comuAndEmb_0_90_pos_0_10_12,0.9,12,Inferred_Commu_normal,0.17525221009474196,0.790909090909091,0.04484916191359485,0.7123417524972828,louvain_density,1.0
artificial_graph_sbmv_4_comuAndEmb_0_90_pos_0_10_12,0.9,12,Inferred_Commu_spatial_manuel_iter,0.19195283751264722,0.8079265562024183,0.04747637045700065,0.751103462553698,spatial_louvain_density,1.0
artificial_graph_sbmv_4_comuAndEmb_0_90_pos_0_10_12,0.9,12,GT_pos,0.06422944984646319,0.47869458128078823,0.018703156776137674,0.47927268257336575,GT_pos_dist,1.0
artificial_graph_sbmv_4_comuAndEmb_0_90_pos_0_10_12,0.9,12,GT_pos + Inferred_Commu normal,0.1690906606118292,0.7526869682042095,0.04326385870916862,0.7288085502820765,louvain_density,0.7990886
artificial_graph_sbmv_4_comuAndEmb_0_90_pos_0_10_12,0.9,12,GT_pos + Inferred_Commu spatial manuel iter,0.16293409979552148,0.7435064935064936,0.037191132223430984,0.6790355054086228,spatial_louvain_density,0.80377805
artificial_graph_sbmv_4_comuAndEmb_0_90_pos_0_10_12,0.9,12,SiNEcustom_spatial,0.30638831293708996,0.7882221227048813,0.08429066000856118,0.7822529889757259,SiNEcustom_spatial_dist,1.0
artificial_graph_sbmv_4_comuAndEmb_0_90_pos_0_10_12,0.9,12,deepwalk,0.2284579154107904,0.7562136139722346,0.07506617600982463,0.7631275555095491,deepwalk_dist,1.0
artificial_graph_sbmv_4_comuAndEmb_0_90_pos_0_10_12,0.9,12,GT_pos + SiNEcustom_spatial,0.25201505729164947,0.7747424988804299,0.06994766440578734,0.7540098856166865,SiNEcustom_spatial_dist,0.663903
artificial_graph_sbmv_4_comuAndEmb_0_90_pos_0_10_12,0.9,12,GT_pos + deepwalk,0.2187664585815452,0.7408866995073893,0.06669010522232559,0.7106564101236996,deepwalk_dist,0.6143869
artificial_graph_sbmv_4_comuAndEmb_0_80_pos_0_20_12,0.8,12,Inferred_Commu_normal,0.16258518866107158,0.7157622136157902,0.054654986727137395,0.7643290543550902,louvain_density,1.0
artificial_graph_sbmv_4_comuAndEmb_0_80_pos_0_20_12,0.8,12,Inferred_Commu_spatial_manuel_iter,0.18948732614782302,0.7644183659185292,0.050784920935000706,0.6882789875250612,spatial_louvain_density,1.0
artificial_graph_sbmv_4_comuAndEmb_0_80_pos_0_20_12,0.8,12,GT_pos,0.107601425221777,0.6000769912743222,0.021581449272941367,0.5331378090888839,GT_pos_dist,1.0
artificial_graph_sbmv_4_comuAndEmb_0_80_pos_0_20_12,0.8,12,GT_pos + Inferred_Commu normal,0.15016114102104308,0.7022187485418319,0.039502069590684995,0.7150320227222098,louvain_density,0.708745
artificial_graph_sbmv_4_comuAndEmb_0_80_pos_0_20_12,0.8,12,GT_pos + Inferred_Commu spatial manuel iter,0.2084734279695519,0.735511642013905,0.03773722113183278,0.6868220928937403,spatial_louvain_density,0.6623807
artificial_graph_sbmv_4_comuAndEmb_0_80_pos_0_20_12,0.8,12,SiNEcustom_spatial,0.21369370842885424,0.7113877093929355,0.06064710815531739,0.7169514368456226,SiNEcustom_spatial_dist,1.0
artificial_graph_sbmv_4_comuAndEmb_0_80_pos_0_20_12,0.8,12,deepwalk,0.19670943315617356,0.7301105874667537,0.0682540672529946,0.7231599465359768,deepwalk_dist,1.0
artificial_graph_sbmv_4_comuAndEmb_0_80_pos_0_20_12,0.8,12,GT_pos + SiNEcustom_spatial,0.2062630256433173,0.706651579487658,0.048345242627761076,0.7115943138783694,SiNEcustom_spatial_dist,0.55508304
artificial_graph_sbmv_4_comuAndEmb_0_80_pos_0_20_12,0.8,12,GT_pos + deepwalk,0.1956138071098772,0.7242429191358313,0.05085988056224497,0.6969675874359547,deepwalk_dist,0.5492307
artificial_graph_sbmv_4_comuAndEmb_0_70_pos_0_30_12,0.7,12,Inferred_Commu_normal,0.10686912143085928,0.6793346224403788,0.04259584373536981,0.6449108367626886,louvain_density,1.0
artificial_graph_sbmv_4_comuAndEmb_0_70_pos_0_30_12,0.7,12,Inferred_Commu_spatial_manuel_iter,0.15969022218350046,0.7157147106946304,0.03528689107710155,0.6505064471879287,spatial_louvain_density,1.0
artificial_graph_sbmv_4_comuAndEmb_0_70_pos_0_30_12,0.7,12,GT_pos,0.17332908256534743,0.6003148396053349,0.031462035525475135,0.5850803840877915,GT_pos_dist,1.0
artificial_graph_sbmv_4_comuAndEmb_0_70_pos_0_30_12,0.7,12,GT_pos + Inferred_Commu normal,0.17018592193780685,0.7168178888393079,0.03909602146382793,0.6569935528120714,louvain_density,0.6151642
artificial_graph_sbmv_4_comuAndEmb_0_70_pos_0_30_12,0.7,12,GT_pos + Inferred_Commu spatial manuel iter,0.20221511377127047,0.7415092468639992,0.039283640894734254,0.6632482853223594,spatial_louvain_density,0.6189827
artificial_graph_sbmv_4_comuAndEmb_0_70_pos_0_30_12,0.7,12,SiNEcustom_spatial,0.19690182300242054,0.7517849174475681,0.049712231065378046,0.691044718792867,SiNEcustom_spatial_dist,1.0
artificial_graph_sbmv_4_comuAndEmb_0_70_pos_0_30_12,0.7,12,deepwalk,0.16539535037717606,0.6562918340026774,0.056667659822222965,0.6738480109739369,deepwalk_dist,1.0
artificial_graph_sbmv_4_comuAndEmb_0_70_pos_0_30_12,0.7,12,GT_pos + SiNEcustom_spatial,0.23638253880723972,0.7753607020675293,0.053663286154726916,0.7207550068587105,SiNEcustom_spatial_dist,0.5255601
artificial_graph_sbmv_4_comuAndEmb_0_70_pos_0_30_12,0.7,12,GT_pos + deepwalk,0.2566080123012261,0.7032698696018642,0.04940332993575378,0.6791231824417009,deepwalk_dist,0.54075444
artificial_graph_sbmv_4_comuAndEmb_0_60_pos_0_40_12,0.6,12,Inferred_Commu_normal,0.11409196107463451,0.6551166747690811,0.03442066789604479,0.6360249657064472,louvain_density,1.0
artificial_graph_sbmv_4_comuAndEmb_0_60_pos_0_40_12,0.6,12,Inferred_Commu_spatial_manuel_iter,0.16345752332317953,0.689742343218279,0.029241242646848468,0.6162500685871056,spatial_louvain_density,1.0
artificial_graph_sbmv_4_comuAndEmb_0_60_pos_0_40_12,0.6,12,GT_pos,0.10037137621154782,0.5752430724355858,0.03555077373240248,0.6333267489711933,GT_pos_dist,1.0
artificial_graph_sbmv_4_comuAndEmb_0_60_pos_0_40_12,0.6,12,GT_pos + Inferred_Commu normal,0.11676929962670671,0.6484078755469129,0.04081851096710437,0.6890631001371742,louvain_density,0.55917
artificial_graph_sbmv_4_comuAndEmb_0_60_pos_0_40_12,0.6,12,GT_pos + Inferred_Commu spatial manuel iter,0.11689452131565356,0.6745260087506076,0.03931083100833784,0.7002234567901234,spatial_louvain_density,0.5844496
artificial_graph_sbmv_4_comuAndEmb_0_60_pos_0_40_12,0.6,12,SiNEcustom_spatial,0.22718974545706933,0.7072557122022363,0.04869563548987395,0.6503156378600823,SiNEcustom_spatial_dist,1.0
artificial_graph_sbmv_4_comuAndEmb_0_60_pos_0_40_12,0.6,12,deepwalk,0.13590357387494198,0.6748298492950899,0.031538263463478156,0.6249803840877916,deepwalk_dist,1.0
artificial_graph_sbmv_4_comuAndEmb_0_60_pos_0_40_12,0.6,12,GT_pos + SiNEcustom_spatial,0.14759132712951417,0.6786339329120078,0.05210600089362742,0.7145489711934156,SiNEcustom_spatial_dist,0.50352395
artificial_graph_sbmv_4_comuAndEmb_0_60_pos_0_40_12,0.6,12,GT_pos + deepwalk,0.14935242597735437,0.6744287797763734,0.03483883449105322,0.6774824417009602,GT_pos_dist,0.5099225
artificial_graph_sbmv_4_comuAndEmb_0_50_pos_0_50_12,0.5,12,Inferred_Commu_normal,0.09147759572569125,0.576598207249803,0.02961843211200245,0.565978454801038,louvain_density,1.0
artificial_graph_sbmv_4_comuAndEmb_0_50_pos_0_50_12,0.5,12,Inferred_Commu_spatial_manuel_iter,0.09266726901150883,0.5956954294720253,0.033610805339238076,0.6254748323961937,spatial_louvain_density,1.0
artificial_graph_sbmv_4_comuAndEmb_0_50_pos_0_50_12,0.5,12,GT_pos,0.14446465946243028,0.6709638494877855,0.051013040654550056,0.6930101102941177,GT_pos_dist,1.0
artificial_graph_sbmv_4_comuAndEmb_0_50_pos_0_50_12,0.5,12,GT_pos + Inferred_Commu normal,0.12368927210445087,0.6515834318360914,0.042154361703292106,0.6720592290224914,GT_pos_dist,0.6184037
artificial_graph_sbmv_4_comuAndEmb_0_50_pos_0_50_12,0.5,12,GT_pos + Inferred_Commu spatial manuel iter,0.12647103855680059,0.6733156028368794,0.04728167607028427,0.7030214641003459,GT_pos_dist,0.5166579
artificial_graph_sbmv_4_comuAndEmb_0_50_pos_0_50_12,0.5,12,SiNEcustom_spatial,0.08888391000854902,0.5890341804570528,0.03085443503324759,0.6216085910467127,SiNEcustom_spatial_dist,1.0
artificial_graph_sbmv_4_comuAndEmb_0_50_pos_0_50_12,0.5,12,deepwalk,0.13823709965570496,0.6420286643026005,0.038694985588812535,0.6441292711937716,deepwalk_dist,1.0
artificial_graph_sbmv_4_comuAndEmb_0_50_pos_0_50_12,0.5,12,GT_pos + SiNEcustom_spatial,0.15595904813408745,0.6996650906225375,0.0429430697918135,0.7008978968425605,GT_pos_dist,0.58074754
artificial_graph_sbmv_4_comuAndEmb_0_50_pos_0_50_12,0.5,12,GT_pos + deepwalk,0.14317507922654077,0.7004407998423956,0.047364586659322014,0.6993702692474049,GT_pos_dist,0.58232903
artificial_graph_sbmv_4_comuAndEmb_0_40_pos_0_60_12,0.3999999999999999,12,Inferred_Commu_normal,0.12628088221849906,0.660956380783967,0.042910258471231776,0.6916657655709342,louvain_density,1.0
artificial_graph_sbmv_4_comuAndEmb_0_40_pos_0_60_12,0.3999999999999999,12,Inferred_Commu_spatial_manuel_iter,0.07465230569722127,0.5720355634148738,0.01813913925859883,0.4503667009083046,spatial_louvain_density,1.0
artificial_graph_sbmv_4_comuAndEmb_0_40_pos_0_60_12,0.3999999999999999,12,GT_pos,0.14193176871902458,0.6696630317319971,0.06318410425880769,0.7325168955449826,GT_pos_dist,1.0
artificial_graph_sbmv_4_comuAndEmb_0_40_pos_0_60_12,0.3999999999999999,12,GT_pos + Inferred_Commu normal,0.12191668972089659,0.6598757245308969,0.0562336132764856,0.7195789630190311,GT_pos_dist,0.6571373
artificial_graph_sbmv_4_comuAndEmb_0_40_pos_0_60_12,0.3999999999999999,12,GT_pos + Inferred_Commu spatial manuel iter,0.13594951596845878,0.6687665782493368,0.05989392510527061,0.6973605103806229,GT_pos_dist,0.62289476
artificial_graph_sbmv_4_comuAndEmb_0_40_pos_0_60_12,0.3999999999999999,12,SiNEcustom_spatial,0.08210196870025264,0.5498821102269378,0.0316002983498304,0.6090662846020761,SiNEcustom_spatial_dist,1.0
artificial_graph_sbmv_4_comuAndEmb_0_40_pos_0_60_12,0.3999999999999999,12,deepwalk,0.1310506032176329,0.6497814127124472,0.042900741257521045,0.6590188419117646,deepwalk_dist,1.0
artificial_graph_sbmv_4_comuAndEmb_0_40_pos_0_60_12,0.3999999999999999,12,GT_pos + SiNEcustom_spatial,0.14129032764461685,0.6760118872187837,0.06144874897958935,0.7307261029411765,GT_pos_dist,0.64968735
artificial_graph_sbmv_4_comuAndEmb_0_40_pos_0_60_12,0.3999999999999999,12,GT_pos + deepwalk,0.14043366631236062,0.6730646428922291,0.05391419271991004,0.7375297361591696,GT_pos_dist,0.6490256
artificial_graph_sbmv_4_comuAndEmb_0_30_pos_0_70_12,0.29999999999999993,12,Inferred_Commu_normal,0.14977665014137415,0.7350141305964599,0.048480384161229406,0.7374962962962963,louvain_density,1.0
artificial_graph_sbmv_4_comuAndEmb_0_30_pos_0_70_12,0.29999999999999993,12,Inferred_Commu_spatial_manuel_iter,0.06159705751773285,0.4493281769051515,0.021791897828775757,0.5263377229080933,spatial_louvain_density,1.0
artificial_graph_sbmv_4_comuAndEmb_0_30_pos_0_70_12,0.29999999999999993,12,GT_pos,0.23336122357367298,0.7934082007040508,0.08081066808644273,0.7867761316872428,GT_pos_dist,1.0
artificial_graph_sbmv_4_comuAndEmb_0_30_pos_0_70_12,0.29999999999999993,12,GT_pos + Inferred_Commu normal,0.21124500254030387,0.7783975407804056,0.06982823851411678,0.7796777777777777,GT_pos_dist,0.70417833
artificial_graph_sbmv_4_comuAndEmb_0_30_pos_0_70_12,0.29999999999999993,12,GT_pos + Inferred_Commu spatial manuel iter,0.19688850792562584,0.7689151668402003,0.07739557832297882,0.783176817558299,GT_pos_dist,0.7090833
artificial_graph_sbmv_4_comuAndEmb_0_30_pos_0_70_12,0.29999999999999993,12,SiNEcustom_spatial,0.10654154301607163,0.6295304675492092,0.032642840928774654,0.6249058984910837,SiNEcustom_spatial_dist,1.0
artificial_graph_sbmv_4_comuAndEmb_0_30_pos_0_70_12,0.29999999999999993,12,deepwalk,0.14008732683258798,0.6645966582378898,0.053078765217233655,0.7050566529492456,deepwalk_dist,1.0
artificial_graph_sbmv_4_comuAndEmb_0_30_pos_0_70_12,0.29999999999999993,12,GT_pos + SiNEcustom_spatial,0.24401462415771974,0.7928380187416333,0.0832072613789349,0.768177914951989,GT_pos_dist,0.6819987
artificial_graph_sbmv_4_comuAndEmb_0_30_pos_0_70_12,0.29999999999999993,12,GT_pos + deepwalk,0.2884958113050275,0.7808518022708116,0.08051128615230606,0.7774938271604939,GT_pos_dist,0.68124175
artificial_graph_sbmv_4_comuAndEmb_0_20_pos_0_80_12,0.19999999999999996,12,Inferred_Commu_normal,0.1346503067730625,0.7027296463327795,0.056889085630035606,0.770781479731149,louvain_density,1.0
artificial_graph_sbmv_4_comuAndEmb_0_20_pos_0_80_12,0.19999999999999996,12,Inferred_Commu_spatial_manuel_iter,0.1114361323180724,0.6150011868027534,0.02051154108621157,0.5162393667296786,spatial_louvain_density,1.0
artificial_graph_sbmv_4_comuAndEmb_0_20_pos_0_80_12,0.19999999999999996,12,GT_pos,0.3248216901893784,0.7794208402563494,0.12014886193385411,0.8247017433312329,GT_pos_dist,1.0
artificial_graph_sbmv_4_comuAndEmb_0_20_pos_0_80_12,0.19999999999999996,12,GT_pos + Inferred_Commu normal,0.30529118060559673,0.7662354616662711,0.09956621135471999,0.8152658317580339,GT_pos_dist,0.7148169
artificial_graph_sbmv_4_comuAndEmb_0_20_pos_0_80_12,0.19999999999999996,12,GT_pos + Inferred_Commu spatial manuel iter,0.3301458053522446,0.7518514122952766,0.09674160076728655,0.8227874921235034,GT_pos_dist,0.7174789
artificial_graph_sbmv_4_comuAndEmb_0_20_pos_0_80_12,0.19999999999999996,12,SiNEcustom_spatial,0.08203999210876481,0.566508426299549,0.03969713206008505,0.6497303612686411,SiNEcustom_spatial_dist,1.0
artificial_graph_sbmv_4_comuAndEmb_0_20_pos_0_80_12,0.19999999999999996,12,deepwalk,0.19826692371220192,0.7072513648231664,0.06845301387643937,0.7723310491493383,deepwalk_dist,1.0
artificial_graph_sbmv_4_comuAndEmb_0_20_pos_0_80_12,0.19999999999999996,12,GT_pos + SiNEcustom_spatial,0.21760565544866659,0.7528483266081176,0.09686220716348837,0.8006801354757405,GT_pos_dist,0.6870983
artificial_graph_sbmv_4_comuAndEmb_0_20_pos_0_80_12,0.19999999999999996,12,GT_pos + deepwalk,0.28927333670383615,0.7739734156183243,0.10644020763382898,0.8246431947069943,GT_pos_dist,0.7071853
artificial_graph_sbmv_4_comuAndEmb_0_10_pos_0_90_12,0.09999999999999998,12,Inferred_Commu_normal,0.1780893086819463,0.781613083850497,0.06444283960198337,0.7840925038984182,louvain_density,1.0
artificial_graph_sbmv_4_comuAndEmb_0_10_pos_0_90_12,0.09999999999999998,12,Inferred_Commu_spatial_manuel_iter,0.08248245557627062,0.5221524893845364,0.019640362742902935,0.4776154210291824,spatial_louvain_density,1.0
artificial_graph_sbmv_4_comuAndEmb_0_10_pos_0_90_12,0.09999999999999998,12,GT_pos,0.2999814410576969,0.8296743035789277,0.11727931930220986,0.8636604756070395,GT_pos_dist,1.0
artificial_graph_sbmv_4_comuAndEmb_0_10_pos_0_90_12,0.09999999999999998,12,GT_pos + Inferred_Commu normal,0.3150676278181437,0.8327422892072232,0.11847335156398187,0.8643602417019381,GT_pos_dist,0.7617096
artificial_graph_sbmv_4_comuAndEmb_0_10_pos_0_90_12,0.09999999999999998,12,GT_pos + Inferred_Commu spatial manuel iter,0.3023371024442598,0.826139704166861,0.1140881871617444,0.8572502227667631,GT_pos_dist,0.6798903
artificial_graph_sbmv_4_comuAndEmb_0_10_pos_0_90_12,0.09999999999999998,12,SiNEcustom_spatial,0.12467687217543102,0.6579137697727591,0.040068518228841964,0.677490950100245,SiNEcustom_spatial_dist,1.0
artificial_graph_sbmv_4_comuAndEmb_0_10_pos_0_90_12,0.09999999999999998,12,deepwalk,0.1529936960990189,0.6664178059819887,0.0672225929928601,0.7733009857429272,deepwalk_dist,1.0
artificial_graph_sbmv_4_comuAndEmb_0_10_pos_0_90_12,0.09999999999999998,12,GT_pos + SiNEcustom_spatial,0.26667614019597147,0.8298842797816247,0.1087411282889942,0.8544939017598575,GT_pos_dist,0.73100936
artificial_graph_sbmv_4_comuAndEmb_0_10_pos_0_90_12,0.09999999999999998,12,GT_pos + deepwalk,0.2290756689721866,0.7957048201203862,0.10980669168758027,0.8387609991089329,GT_pos_dist,0.7254982
artificial_graph_sbmv_4_comuAndEmb_0_00_pos_1_00_12,0.0,12,Inferred_Commu_normal,0.18129623648357568,0.8204250295159385,0.07829416449250198,0.847674162828011,louvain_density,1.0
artificial_graph_sbmv_4_comuAndEmb_0_00_pos_1_00_12,0.0,12,Inferred_Commu_spatial_manuel_iter,0.10295532715660413,0.5619480519480519,0.03286745682609529,0.6361101909839035,spatial_louvain_density,1.0
artificial_graph_sbmv_4_comuAndEmb_0_00_pos_1_00_12,0.0,12,GT_pos,0.364405818935817,0.8749940968122788,0.17353515947658993,0.9116416075772477,GT_pos_dist,1.0
artificial_graph_sbmv_4_comuAndEmb_0_00_pos_1_00_12,0.0,12,GT_pos + Inferred_Commu normal,0.3330041587412537,0.8676151121605666,0.17240506597650254,0.9079634853268463,GT_pos_dist,0.84842485
artificial_graph_sbmv_4_comuAndEmb_0_00_pos_1_00_12,0.0,12,GT_pos + Inferred_Commu spatial manuel iter,0.33842252278965357,0.8673081463990555,0.15781040839392152,0.897174706278143,GT_pos_dist,0.7782751
artificial_graph_sbmv_4_comuAndEmb_0_00_pos_1_00_12,0.0,12,SiNEcustom_spatial,0.15191560966608034,0.7441086186540733,0.05006942969924247,0.7628498783706847,SiNEcustom_spatial_dist,1.0
artificial_graph_sbmv_4_comuAndEmb_0_00_pos_1_00_12,0.0,12,deepwalk,0.2490504455263349,0.8042621015348289,0.0930599206061741,0.8329940220485483,deepwalk_dist,1.0
artificial_graph_sbmv_4_comuAndEmb_0_00_pos_1_00_12,0.0,12,GT_pos + SiNEcustom_spatial,0.3395462448379758,0.8609327036599763,0.13013800728049596,0.8975445111536671,GT_pos_dist,0.79122496
artificial_graph_sbmv_4_comuAndEmb_0_00_pos_1_00_12,0.0,12,GT_pos + deepwalk,0.37977598269846524,0.8644628099173555,0.13643403668615955,0.9015824750271724,GT_pos_dist,0.7960323
artificial_graph_sbmv_4_comuAndEmb_1_00_pos_0_00_13,1.0,13,Inferred_Commu_normal,0.1847065425496798,0.7728356411800121,0.047981153134554505,0.753690241382549,louvain_density,1.0
artificial_graph_sbmv_4_comuAndEmb_1_00_pos_0_00_13,1.0,13,Inferred_Commu_spatial_manuel_iter,0.2041021038078078,0.8291149909692956,0.06079650829927923,0.7725107005326786,spatial_louvain_density,1.0
artificial_graph_sbmv_4_comuAndEmb_1_00_pos_0_00_13,1.0,13,GT_pos,0.08951387240249835,0.5877182420228778,0.021851033679793595,0.5075264662077849,GT_pos_dist,1.0
artificial_graph_sbmv_4_comuAndEmb_1_00_pos_0_00_13,1.0,13,GT_pos + Inferred_Commu normal,0.20770716684959273,0.7801083684527393,0.04717844707526263,0.7363450468944975,louvain_density,0.84616214
artificial_graph_sbmv_4_comuAndEmb_1_00_pos_0_00_13,1.0,13,GT_pos + Inferred_Commu spatial manuel iter,0.2092003837259558,0.8033473810957253,0.053630214002612864,0.7248055119483692,spatial_louvain_density,0.817964
artificial_graph_sbmv_4_comuAndEmb_1_00_pos_0_00_13,1.0,13,SiNEcustom_spatial,0.3117918326534348,0.8127152317880795,0.10976349698724353,0.8535148734049832,SiNEcustom_spatial_dist,1.0
artificial_graph_sbmv_4_comuAndEmb_1_00_pos_0_00_13,1.0,13,deepwalk,0.3826440759744455,0.7793618302227573,0.1017471879397465,0.8378696883092487,deepwalk_dist,1.0
artificial_graph_sbmv_4_comuAndEmb_1_00_pos_0_00_13,1.0,13,GT_pos + SiNEcustom_spatial,0.3279624028457952,0.8174593618302228,0.07680406224092336,0.8009810946074684,SiNEcustom_spatial_dist,0.6948075
artificial_graph_sbmv_4_comuAndEmb_1_00_pos_0_00_13,1.0,13,GT_pos + deepwalk,0.4312841263350516,0.7807224563515954,0.10051536827947882,0.8067234230970495,deepwalk_dist,0.697966
artificial_graph_sbmv_4_comuAndEmb_0_90_pos_0_10_13,0.9,13,Inferred_Commu_normal,0.16842449191987446,0.7830630139475716,0.04196408203737795,0.7186373553719008,louvain_density,1.0
artificial_graph_sbmv_4_comuAndEmb_0_90_pos_0_10_13,0.9,13,Inferred_Commu_spatial_manuel_iter,0.16869107343720788,0.751215301440189,0.051353813635178186,0.7591299173553718,spatial_louvain_density,1.0
artificial_graph_sbmv_4_comuAndEmb_0_90_pos_0_10_13,0.9,13,GT_pos,0.07328647305224631,0.5011585116532642,0.02058404410146829,0.5180158677685951,GT_pos_dist,1.0
artificial_graph_sbmv_4_comuAndEmb_0_90_pos_0_10_13,0.9,13,GT_pos + Inferred_Commu normal,0.13499457593628308,0.7203102993957566,0.04047779301035715,0.7153410909090909,louvain_density,0.7032723
artificial_graph_sbmv_4_comuAndEmb_0_90_pos_0_10_13,0.9,13,GT_pos + Inferred_Commu spatial manuel iter,0.14172634631370803,0.6965040207169142,0.04135921267906505,0.7122887933884298,spatial_louvain_density,0.63950115
artificial_graph_sbmv_4_comuAndEmb_0_90_pos_0_10_13,0.9,13,SiNEcustom_spatial,0.229639745018719,0.7477170505656263,0.10181244641023009,0.7943180165289256,SiNEcustom_spatial_dist,1.0
artificial_graph_sbmv_4_comuAndEmb_0_90_pos_0_10_13,0.9,13,deepwalk,0.2825147632390566,0.7156421789105446,0.07681220945868499,0.7848370247933885,deepwalk_dist,1.0
artificial_graph_sbmv_4_comuAndEmb_0_90_pos_0_10_13,0.9,13,GT_pos + SiNEcustom_spatial,0.16108171178194394,0.7165394575439554,0.06167180930128319,0.7518680330578513,SiNEcustom_spatial_dist,0.6124662
artificial_graph_sbmv_4_comuAndEmb_0_90_pos_0_10_13,0.9,13,GT_pos + deepwalk,0.22027910447737503,0.7211621461996274,0.05628256594686669,0.7434240000000001,deepwalk_dist,0.5866598
artificial_graph_sbmv_4_comuAndEmb_0_80_pos_0_20_13,0.8,13,Inferred_Commu_normal,0.09944857160019284,0.6469008264462811,0.0367312444606398,0.675962962962963,louvain_density,1.0
artificial_graph_sbmv_4_comuAndEmb_0_80_pos_0_20_13,0.8,13,Inferred_Commu_spatial_manuel_iter,0.1381584084308316,0.694980554205153,0.04331743105312112,0.6997722908093278,spatial_louvain_density,1.0
artificial_graph_sbmv_4_comuAndEmb_0_80_pos_0_20_13,0.8,13,GT_pos,0.10265337573153746,0.5342732134175984,0.0220298607002268,0.5224149519890261,GT_pos_dist,1.0
artificial_graph_sbmv_4_comuAndEmb_0_80_pos_0_20_13,0.8,13,GT_pos + Inferred_Commu normal,0.1483381739101744,0.6871900826446282,0.03835972422987654,0.6633683127572015,louvain_density,0.75387233
artificial_graph_sbmv_4_comuAndEmb_0_80_pos_0_20_13,0.8,13,GT_pos + Inferred_Commu spatial manuel iter,0.12930174571670464,0.671645600388916,0.035119254122319296,0.6456735253772291,spatial_louvain_density,0.6961773
artificial_graph_sbmv_4_comuAndEmb_0_80_pos_0_20_13,0.8,13,SiNEcustom_spatial,0.19529445510763066,0.6648395721925133,0.062479152166116415,0.6971004115226336,SiNEcustom_spatial_dist,1.0
artificial_graph_sbmv_4_comuAndEmb_0_80_pos_0_20_13,0.8,13,deepwalk,0.18834811523528927,0.6844798249878463,0.06582399265435236,0.6926906721536351,deepwalk_dist,1.0
artificial_graph_sbmv_4_comuAndEmb_0_80_pos_0_20_13,0.8,13,GT_pos + SiNEcustom_spatial,0.1758147720226742,0.6883325230918813,0.0555823111921035,0.7172980795610426,SiNEcustom_spatial_dist,0.6397853
artificial_graph_sbmv_4_comuAndEmb_0_80_pos_0_20_13,0.8,13,GT_pos + deepwalk,0.15124495384390008,0.6782207097715119,0.051260597877435705,0.6873946502057613,deepwalk_dist,0.6003101
artificial_graph_sbmv_4_comuAndEmb_0_70_pos_0_30_13,0.7,13,Inferred_Commu_normal,0.12723337128139162,0.646514148103552,0.0436885954732138,0.707727193441479,louvain_density,1.0
artificial_graph_sbmv_4_comuAndEmb_0_70_pos_0_30_13,0.7,13,Inferred_Commu_spatial_manuel_iter,0.13171746031900677,0.6493919325707405,0.040590890464913675,0.69161185578768,spatial_louvain_density,1.0
artificial_graph_sbmv_4_comuAndEmb_0_70_pos_0_30_13,0.7,13,GT_pos,0.11744118194025834,0.5934617700180613,0.02791189078116582,0.5666629097398328,GT_pos_dist,1.0
artificial_graph_sbmv_4_comuAndEmb_0_70_pos_0_30_13,0.7,13,GT_pos + Inferred_Commu normal,0.13734539585098676,0.7168091511137868,0.037374037430959545,0.7053862254961156,louvain_density,0.6679467
artificial_graph_sbmv_4_comuAndEmb_0_70_pos_0_30_13,0.7,13,GT_pos + Inferred_Commu spatial manuel iter,0.13431772369005862,0.7047441300421433,0.03730328598560323,0.6928745857317287,spatial_louvain_density,0.6612563
artificial_graph_sbmv_4_comuAndEmb_0_70_pos_0_30_13,0.7,13,SiNEcustom_spatial,0.16188110612548956,0.6864057796508127,0.05492956161888822,0.6977541628091078,SiNEcustom_spatial_dist,1.0
artificial_graph_sbmv_4_comuAndEmb_0_70_pos_0_30_13,0.7,13,deepwalk,0.21075640073075425,0.6922456351595424,0.060511745278365475,0.6857137490104523,deepwalk_dist,1.0
artificial_graph_sbmv_4_comuAndEmb_0_70_pos_0_30_13,0.7,13,GT_pos + SiNEcustom_spatial,0.18064933214159512,0.7456110776640577,0.04576329517172262,0.7103642877269252,SiNEcustom_spatial_dist,0.57333213
artificial_graph_sbmv_4_comuAndEmb_0_70_pos_0_30_13,0.7,13,GT_pos + deepwalk,0.18990959542066413,0.7227573750752558,0.04333809637081436,0.7037435092380148,deepwalk_dist,0.52795
artificial_graph_sbmv_4_comuAndEmb_0_60_pos_0_40_13,0.6,13,Inferred_Commu_normal,0.0990483174903931,0.6504142992424242,0.0329333054440478,0.6415364111588426,louvain_density,1.0
artificial_graph_sbmv_4_comuAndEmb_0_60_pos_0_40_13,0.6,13,Inferred_Commu_spatial_manuel_iter,0.11556738365321695,0.6234966856060606,0.03726209283199696,0.6539055949485015,spatial_louvain_density,1.0
artificial_graph_sbmv_4_comuAndEmb_0_60_pos_0_40_13,0.6,13,GT_pos,0.240163463220374,0.727047821969697,0.04409179221115378,0.658463071269603,GT_pos_dist,1.0
artificial_graph_sbmv_4_comuAndEmb_0_60_pos_0_40_13,0.6,13,GT_pos + Inferred_Commu normal,0.24606700792997183,0.758203125,0.043939359687338,0.6757218829253144,louvain_density,0.56771773
artificial_graph_sbmv_4_comuAndEmb_0_60_pos_0_40_13,0.6,13,GT_pos + Inferred_Commu spatial manuel iter,0.21488609366163697,0.7619791666666667,0.04142370641474125,0.6866984110553284,spatial_louvain_density,0.54226214
artificial_graph_sbmv_4_comuAndEmb_0_60_pos_0_40_13,0.6,13,SiNEcustom_spatial,0.0849034639340331,0.5521188446969698,0.04482228820058147,0.6766995755913254,SiNEcustom_spatial_dist,1.0
artificial_graph_sbmv_4_comuAndEmb_0_60_pos_0_40_13,0.6,13,deepwalk,0.11621301125156178,0.659670928030303,0.03985119225014712,0.6399875782826976,deepwalk_dist,1.0
artificial_graph_sbmv_4_comuAndEmb_0_60_pos_0_40_13,0.6,13,GT_pos + SiNEcustom_spatial,0.2122157183373884,0.7180042613636364,0.051088184907673376,0.7416760260856063,SiNEcustom_spatial_dist,0.5240728
artificial_graph_sbmv_4_comuAndEmb_0_60_pos_0_40_13,0.6,13,GT_pos + deepwalk,0.16593931696902753,0.7525686553030304,0.04727701667461558,0.6753762745199524,GT_pos_dist,0.52410793
artificial_graph_sbmv_4_comuAndEmb_0_50_pos_0_50_13,0.5,13,Inferred_Commu_normal,0.1048461607088089,0.633392518939394,0.029980460979088054,0.6199483722374619,louvain_density,1.0
artificial_graph_sbmv_4_comuAndEmb_0_50_pos_0_50_13,0.5,13,Inferred_Commu_spatial_manuel_iter,0.10073895418688632,0.6148200757575758,0.025318193051750194,0.5418349205527665,spatial_louvain_density,1.0
artificial_graph_sbmv_4_comuAndEmb_0_50_pos_0_50_13,0.5,13,GT_pos,0.14321058524124253,0.6165719696969697,0.0459123249945757,0.6416577816883184,GT_pos_dist,1.0
artificial_graph_sbmv_4_comuAndEmb_0_50_pos_0_50_13,0.5,13,GT_pos + Inferred_Commu normal,0.14814816830219268,0.6372869318181819,0.036628566804059556,0.629908907406449,GT_pos_dist,0.60682017
artificial_graph_sbmv_4_comuAndEmb_0_50_pos_0_50_13,0.5,13,GT_pos + Inferred_Commu spatial manuel iter,0.2102458567446944,0.713387784090909,0.04130853475758739,0.646349309041975,GT_pos_dist,0.5146436
artificial_graph_sbmv_4_comuAndEmb_0_50_pos_0_50_13,0.5,13,SiNEcustom_spatial,0.12939413777886158,0.6676254734848485,0.030637709978433403,0.6128039438952435,SiNEcustom_spatial_dist,1.0
artificial_graph_sbmv_4_comuAndEmb_0_50_pos_0_50_13,0.5,13,deepwalk,0.12295895714719537,0.6575639204545455,0.0367716268471518,0.6371446871279954,deepwalk_dist,1.0
artificial_graph_sbmv_4_comuAndEmb_0_50_pos_0_50_13,0.5,13,GT_pos + SiNEcustom_spatial,0.1599226487204244,0.71484375,0.04269924692745737,0.6768655866673567,GT_pos_dist,0.5748151
artificial_graph_sbmv_4_comuAndEmb_0_50_pos_0_50_13,0.5,13,GT_pos + deepwalk,0.12191764005548122,0.6766690340909091,0.04535206406000068,0.6634115728999533,GT_pos_dist,0.59970665
artificial_graph_sbmv_4_comuAndEmb_0_40_pos_0_60_13,0.3999999999999999,13,Inferred_Commu_normal,0.1435003569098742,0.7191051136363638,0.032845083614131965,0.6668002971497088,louvain_density,1.0
artificial_graph_sbmv_4_comuAndEmb_0_40_pos_0_60_13,0.3999999999999999,13,Inferred_Commu_spatial_manuel_iter,0.08221347483977322,0.5449810606060606,0.022968099818948495,0.541755268542533,spatial_louvain_density,1.0
artificial_graph_sbmv_4_comuAndEmb_0_40_pos_0_60_13,0.3999999999999999,13,GT_pos,0.18086959713804765,0.7451941287878787,0.05687819457131138,0.7127344289642769,GT_pos_dist,1.0
artificial_graph_sbmv_4_comuAndEmb_0_40_pos_0_60_13,0.3999999999999999,13,GT_pos + Inferred_Commu normal,0.16639238216303798,0.7355350378787879,0.04907125064352061,0.7055684291467372,GT_pos_dist,0.650311
artificial_graph_sbmv_4_comuAndEmb_0_40_pos_0_60_13,0.3999999999999999,13,GT_pos + Inferred_Commu spatial manuel iter,0.18851346383697892,0.7521898674242424,0.05083945237567795,0.7221267056784267,GT_pos_dist,0.6019796
artificial_graph_sbmv_4_comuAndEmb_0_40_pos_0_60_13,0.3999999999999999,13,SiNEcustom_spatial,0.1291970147717472,0.6323982007575758,0.03139000526600211,0.6136841350727886,SiNEcustom_spatial_dist,1.0
artificial_graph_sbmv_4_comuAndEmb_0_40_pos_0_60_13,0.3999999999999999,13,deepwalk,0.13350803825746024,0.654486268939394,0.048192047163834226,0.6602103507148536,deepwalk_dist,1.0
artificial_graph_sbmv_4_comuAndEmb_0_40_pos_0_60_13,0.3999999999999999,13,GT_pos + SiNEcustom_spatial,0.25943206640745287,0.7816998106060606,0.055875454658616125,0.7078573942055807,GT_pos_dist,0.62477374
artificial_graph_sbmv_4_comuAndEmb_0_40_pos_0_60_13,0.3999999999999999,13,GT_pos + deepwalk,0.1846213500755843,0.7256392045454545,0.058081810037122795,0.7054957056653939,GT_pos_dist,0.6300927
artificial_graph_sbmv_4_comuAndEmb_0_30_pos_0_70_13,0.29999999999999993,13,Inferred_Commu_normal,0.18043956693122695,0.7401672028637456,0.04189700291381427,0.7290390674228102,louvain_density,1.0
artificial_graph_sbmv_4_comuAndEmb_0_30_pos_0_70_13,0.29999999999999993,13,Inferred_Commu_spatial_manuel_iter,0.09671390714768717,0.5906588427205582,0.020814669060900813,0.5168467758874186,spatial_louvain_density,1.0
artificial_graph_sbmv_4_comuAndEmb_0_30_pos_0_70_13,0.29999999999999993,13,GT_pos,0.2632068671740536,0.7834065884272056,0.08345730347669847,0.7765222642302038,GT_pos_dist,1.0
artificial_graph_sbmv_4_comuAndEmb_0_30_pos_0_70_13,0.29999999999999993,13,GT_pos + Inferred_Commu normal,0.2592596132914881,0.7848792423761838,0.07921049440541124,0.7757965763495064,GT_pos_dist,0.7457095
artificial_graph_sbmv_4_comuAndEmb_0_30_pos_0_70_13,0.29999999999999993,13,GT_pos + Inferred_Commu spatial manuel iter,0.24822764933810934,0.7959014907789206,0.07437437264203835,0.7494113631590003,GT_pos_dist,0.69271016
artificial_graph_sbmv_4_comuAndEmb_0_30_pos_0_70_13,0.29999999999999993,13,SiNEcustom_spatial,0.12672851258354534,0.6569849109610766,0.025940640176620518,0.5896726002940558,SiNEcustom_spatial_dist,1.0
artificial_graph_sbmv_4_comuAndEmb_0_30_pos_0_70_13,0.29999999999999993,13,deepwalk,0.1775266641188954,0.7096492817979971,0.04660980350435164,0.6830415091367359,deepwalk_dist,1.0
artificial_graph_sbmv_4_comuAndEmb_0_30_pos_0_70_13,0.29999999999999993,13,GT_pos + SiNEcustom_spatial,0.24996674230595076,0.7807444832117449,0.070950043264883,0.7777423335433732,GT_pos_dist,0.6968369
artificial_graph_sbmv_4_comuAndEmb_0_30_pos_0_70_13,0.29999999999999993,13,GT_pos + deepwalk,0.25083316496478747,0.7948366486927363,0.07953587150168565,0.7486592890149129,GT_pos_dist,0.7081582
artificial_graph_sbmv_4_comuAndEmb_0_20_pos_0_80_13,0.19999999999999996,13,Inferred_Commu_normal,0.16590585857795892,0.7497734378540033,0.05110584024588234,0.7696006616257088,louvain_density,1.0
artificial_graph_sbmv_4_comuAndEmb_0_20_pos_0_80_13,0.19999999999999996,13,Inferred_Commu_spatial_manuel_iter,0.07222985539296836,0.5038628845892428,0.020829315857039142,0.5112989655534551,spatial_louvain_density,1.0
artificial_graph_sbmv_4_comuAndEmb_0_20_pos_0_80_13,0.19999999999999996,13,GT_pos,0.2771982728111987,0.7764058181159093,0.0924503815080952,0.8094520583910942,GT_pos_dist,1.0
artificial_graph_sbmv_4_comuAndEmb_0_20_pos_0_80_13,0.19999999999999996,13,GT_pos + Inferred_Commu normal,0.250143338471338,0.7456613349041643,0.07940943859351429,0.8036164933837429,GT_pos_dist,0.74978626
artificial_graph_sbmv_4_comuAndEmb_0_20_pos_0_80_13,0.19999999999999996,13,GT_pos + Inferred_Commu spatial manuel iter,0.25054472066355804,0.7844147899768906,0.08992610792542938,0.8051244486452425,GT_pos_dist,0.74099624
artificial_graph_sbmv_4_comuAndEmb_0_20_pos_0_80_13,0.19999999999999996,13,SiNEcustom_spatial,0.17580206851156133,0.6553876478318003,0.03538515479262669,0.610091761184625,SiNEcustom_spatial_dist,1.0
artificial_graph_sbmv_4_comuAndEmb_0_20_pos_0_80_13,0.19999999999999996,13,deepwalk,0.21447250626957645,0.7362023653088042,0.05647582682773161,0.7116704736399916,deepwalk_dist,1.0
artificial_graph_sbmv_4_comuAndEmb_0_20_pos_0_80_13,0.19999999999999996,13,GT_pos + SiNEcustom_spatial,0.280340395048272,0.752231637138067,0.08462268761613216,0.7872344307918505,GT_pos_dist,0.71998435
artificial_graph_sbmv_4_comuAndEmb_0_20_pos_0_80_13,0.19999999999999996,13,GT_pos + deepwalk,0.2280795284376602,0.7714554352258826,0.07320924553400751,0.7718911468178955,GT_pos_dist,0.6878293
artificial_graph_sbmv_4_comuAndEmb_0_10_pos_0_90_13,0.09999999999999998,13,Inferred_Commu_normal,0.1682221357277104,0.7645041115805734,0.057535037679874,0.7877035371900828,louvain_density,1.0
artificial_graph_sbmv_4_comuAndEmb_0_10_pos_0_90_13,0.09999999999999998,13,Inferred_Commu_spatial_manuel_iter,0.0841061490272945,0.5186951978556176,0.020821340602606195,0.5188407272727273,spatial_louvain_density,1.0
artificial_graph_sbmv_4_comuAndEmb_0_10_pos_0_90_13,0.09999999999999998,13,GT_pos,0.3413609676519893,0.8230203080278043,0.1645743312265651,0.8786741157024793,GT_pos_dist,1.0
artificial_graph_sbmv_4_comuAndEmb_0_10_pos_0_90_13,0.09999999999999998,13,GT_pos + Inferred_Commu normal,0.32586584703530275,0.8236109218118214,0.14637400514905807,0.8699268760330577,GT_pos_dist,0.73317796
artificial_graph_sbmv_4_comuAndEmb_0_10_pos_0_90_13,0.09999999999999998,13,GT_pos + Inferred_Commu spatial manuel iter,0.30443275000079095,0.8167961473808552,0.12418965271769881,0.8580737851239669,GT_pos_dist,0.742458
artificial_graph_sbmv_4_comuAndEmb_0_10_pos_0_90_13,0.09999999999999998,13,SiNEcustom_spatial,0.08841926136473752,0.5805165599018672,0.030771342006951308,0.6372122975206612,SiNEcustom_spatial_dist,1.0
artificial_graph_sbmv_4_comuAndEmb_0_10_pos_0_90_13,0.09999999999999998,13,deepwalk,0.14505209443119377,0.7166189632456498,0.0659643541426006,0.7870501818181819,deepwalk_dist,1.0
artificial_graph_sbmv_4_comuAndEmb_0_10_pos_0_90_13,0.09999999999999998,13,GT_pos + SiNEcustom_spatial,0.24773277945685163,0.7722161646449501,0.11464254259881596,0.8511065123966942,GT_pos_dist,0.73085904
artificial_graph_sbmv_4_comuAndEmb_0_10_pos_0_90_13,0.09999999999999998,13,GT_pos + deepwalk,0.2520253911393531,0.8120598791513335,0.13230548167721323,0.8583431404958678,GT_pos_dist,0.76497847
artificial_graph_sbmv_4_comuAndEmb_0_00_pos_1_00_13,0.0,13,Inferred_Commu_normal,0.1896721791274863,0.822227147360126,0.07256830908136923,0.7997057501940333,louvain_density,1.0
artificial_graph_sbmv_4_comuAndEmb_0_00_pos_1_00_13,0.0,13,Inferred_Commu_spatial_manuel_iter,0.1015524997521386,0.605755023640662,0.022583752666623557,0.5533970125679116,spatial_louvain_density,1.0
artificial_graph_sbmv_4_comuAndEmb_0_00_pos_1_00_13,0.0,13,GT_pos,0.39289180277934377,0.8944789204097714,0.1758537657750185,0.9051254748709849,GT_pos_dist,1.0
artificial_graph_sbmv_4_comuAndEmb_0_00_pos_1_00_13,0.0,13,GT_pos + Inferred_Commu normal,0.3446038993167799,0.8877561071710008,0.17482774833677647,0.90403248866437,GT_pos_dist,0.84287727
artificial_graph_sbmv_4_comuAndEmb_0_00_pos_1_00_13,0.0,13,GT_pos + Inferred_Commu spatial manuel iter,0.31389916131112516,0.8836682427107959,0.14721139449721357,0.8903792159692814,GT_pos_dist,0.77745193
artificial_graph_sbmv_4_comuAndEmb_0_00_pos_1_00_13,0.0,13,SiNEcustom_spatial,0.1838309190520795,0.7578186564223798,0.05173300597801151,0.7405289960648684,SiNEcustom_spatial_dist,1.0
artificial_graph_sbmv_4_comuAndEmb_0_00_pos_1_00_13,0.0,13,deepwalk,0.4015188625051298,0.8310185185185185,0.10727242496488988,0.8412099508448959,deepwalk_dist,1.0
artificial_graph_sbmv_4_comuAndEmb_0_00_pos_1_00_13,0.0,13,GT_pos + SiNEcustom_spatial,0.39401541511842125,0.8821537628053585,0.16917828932063236,0.9005514630792064,GT_pos_dist,0.7797964
artificial_graph_sbmv_4_comuAndEmb_0_00_pos_1_00_13,0.0,13,GT_pos + deepwalk,0.37041385620151895,0.8811687352245863,0.1318936500813161,0.8856738061845563,GT_pos_dist,0.7772778
artificial_graph_sbmv_4_comuAndEmb_1_00_pos_0_00_14,1.0,14,Inferred_Commu_normal,0.23062601836480334,0.7975195822454308,0.04573756638059713,0.7186952781868655,louvain_density,1.0
artificial_graph_sbmv_4_comuAndEmb_1_00_pos_0_00_14,1.0,14,Inferred_Commu_spatial_manuel_iter,0.2359409540162663,0.8143128412057916,0.0583089533535139,0.7443041092676824,spatial_louvain_density,1.0
artificial_graph_sbmv_4_comuAndEmb_1_00_pos_0_00_14,1.0,14,GT_pos,0.07945595578890763,0.5459055305008307,0.019790500822255943,0.4994214703697428,GT_pos_dist,1.0
artificial_graph_sbmv_4_comuAndEmb_1_00_pos_0_00_14,1.0,14,GT_pos + Inferred_Commu normal,0.17257851633448967,0.7538096368383576,0.045462306791523605,0.7313864379830312,louvain_density,0.8291339
artificial_graph_sbmv_4_comuAndEmb_1_00_pos_0_00_14,1.0,14,GT_pos + Inferred_Commu spatial manuel iter,0.1688098917199567,0.7643365772608592,0.05026360288901034,0.7350051479883747,spatial_louvain_density,0.83038694
artificial_graph_sbmv_4_comuAndEmb_1_00_pos_0_00_14,1.0,14,SiNEcustom_spatial,0.3403309341903103,0.8536553524804177,0.0916859110588008,0.8232295481499823,SiNEcustom_spatial_dist,1.0
artificial_graph_sbmv_4_comuAndEmb_1_00_pos_0_00_14,1.0,14,deepwalk,0.2914203681686014,0.8199026821742227,0.13552120598690665,0.8159420818725643,deepwalk_dist,1.0
artificial_graph_sbmv_4_comuAndEmb_1_00_pos_0_00_14,1.0,14,GT_pos + SiNEcustom_spatial,0.3276041946601441,0.8561357702349869,0.0882957365191557,0.8069191570331948,SiNEcustom_spatial_dist,0.71699965
artificial_graph_sbmv_4_comuAndEmb_1_00_pos_0_00_14,1.0,14,GT_pos + deepwalk,0.2681349554228706,0.8224899121765962,0.10511753208794136,0.7844762736383897,deepwalk_dist,0.7100359
artificial_graph_sbmv_4_comuAndEmb_0_90_pos_0_10_14,0.9,14,Inferred_Commu_normal,0.19056697561913918,0.7909930465015211,0.043819223979160944,0.7347872340425532,louvain_density,1.0
artificial_graph_sbmv_4_comuAndEmb_0_90_pos_0_10_14,0.9,14,Inferred_Commu_spatial_manuel_iter,0.1823436010222031,0.7281399391568883,0.04619202296363475,0.7701151853528494,spatial_louvain_density,1.0
artificial_graph_sbmv_4_comuAndEmb_0_90_pos_0_10_14,0.9,14,GT_pos,0.07784712130803002,0.5511408083441982,0.018748241875201056,0.4696739349127307,GT_pos_dist,1.0
artificial_graph_sbmv_4_comuAndEmb_0_90_pos_0_10_14,0.9,14,GT_pos + Inferred_Commu normal,0.16763760116876872,0.7469578444154716,0.04059212365776687,0.7077584125547004,louvain_density,0.7450563
artificial_graph_sbmv_4_comuAndEmb_0_90_pos_0_10_14,0.9,14,GT_pos + Inferred_Commu spatial manuel iter,0.16369080680745032,0.6778791829639288,0.035387279980873584,0.6739313917810975,spatial_louvain_density,0.72761667
artificial_graph_sbmv_4_comuAndEmb_0_90_pos_0_10_14,0.9,14,SiNEcustom_spatial,0.31548335387461357,0.8556497175141243,0.07865854502774457,0.7802342688999547,SiNEcustom_spatial_dist,1.0
artificial_graph_sbmv_4_comuAndEmb_0_90_pos_0_10_14,0.9,14,deepwalk,0.24262263486496305,0.7804106910039115,0.0722349361033483,0.7494565162718173,deepwalk_dist,1.0
artificial_graph_sbmv_4_comuAndEmb_0_90_pos_0_10_14,0.9,14,GT_pos + SiNEcustom_spatial,0.23872535178295853,0.8145154280747502,0.05714704250741477,0.7424315929782204,SiNEcustom_spatial_dist,0.6505277
artificial_graph_sbmv_4_comuAndEmb_0_90_pos_0_10_14,0.9,14,GT_pos + deepwalk,0.26252644468584563,0.7654172099087353,0.06136082375233883,0.7124571198631859,deepwalk_dist,0.66206336
artificial_graph_sbmv_4_comuAndEmb_0_80_pos_0_20_14,0.8,14,Inferred_Commu_normal,0.1961623811407222,0.7787550117036316,0.046394601998437486,0.714896771271778,louvain_density,1.0
artificial_graph_sbmv_4_comuAndEmb_0_80_pos_0_20_14,0.8,14,Inferred_Commu_spatial_manuel_iter,0.18154981333942388,0.7081392384528031,0.036017119787095514,0.6139686451062922,spatial_louvain_density,1.0
artificial_graph_sbmv_4_comuAndEmb_0_80_pos_0_20_14,0.8,14,GT_pos,0.0897218226903707,0.5968736239542052,0.02789541791250525,0.5666556556023229,GT_pos_dist,1.0
artificial_graph_sbmv_4_comuAndEmb_0_80_pos_0_20_14,0.8,14,GT_pos + Inferred_Commu normal,0.181246434520422,0.7938886185079608,0.050011184824963584,0.6990211252597368,louvain_density,0.66298884
artificial_graph_sbmv_4_comuAndEmb_0_80_pos_0_20_14,0.8,14,GT_pos + Inferred_Commu spatial manuel iter,0.15322965904074715,0.7319636608032631,0.04695435358197507,0.6706916990782674,spatial_louvain_density,0.6602742
artificial_graph_sbmv_4_comuAndEmb_0_80_pos_0_20_14,0.8,14,SiNEcustom_spatial,0.2256790092418524,0.7835639296391573,0.08662883423890584,0.7476642335766424,SiNEcustom_spatial_dist,1.0
artificial_graph_sbmv_4_comuAndEmb_0_80_pos_0_20_14,0.8,14,deepwalk,0.2014971645945356,0.7027161695520174,0.06429102363564221,0.6891018434652885,deepwalk_dist,1.0
artificial_graph_sbmv_4_comuAndEmb_0_80_pos_0_20_14,0.8,14,GT_pos + SiNEcustom_spatial,0.22495541560754737,0.7922547451852882,0.07803697401671326,0.7600131866375406,SiNEcustom_spatial_dist,0.6000889
artificial_graph_sbmv_4_comuAndEmb_0_80_pos_0_20_14,0.8,14,GT_pos + deepwalk,0.17825784287329702,0.7051380101508726,0.05397371536014081,0.6984812723107252,deepwalk_dist,0.5609895
artificial_graph_sbmv_4_comuAndEmb_0_70_pos_0_30_14,0.7,14,Inferred_Commu_normal,0.12451342610722282,0.705958549222798,0.03496306425686285,0.6700619210955666,louvain_density,1.0
artificial_graph_sbmv_4_comuAndEmb_0_70_pos_0_30_14,0.7,14,Inferred_Commu_spatial_manuel_iter,0.11455707412139844,0.6653787743433982,0.04278995347578653,0.7084246091391426,spatial_louvain_density,1.0
artificial_graph_sbmv_4_comuAndEmb_0_70_pos_0_30_14,0.7,14,GT_pos,0.10822356840290565,0.5833147221725925,0.028454531723663704,0.5815376215619019,GT_pos_dist,1.0
artificial_graph_sbmv_4_comuAndEmb_0_70_pos_0_30_14,0.7,14,GT_pos + Inferred_Commu normal,0.14410316224866893,0.6824638199035198,0.03864585617454579,0.6866782286969593,louvain_density,0.6646998
artificial_graph_sbmv_4_comuAndEmb_0_70_pos_0_30_14,0.7,14,GT_pos + Inferred_Commu spatial manuel iter,0.1311138978746688,0.6760764695372521,0.0380978686657623,0.7013086933621099,spatial_louvain_density,0.5819498
artificial_graph_sbmv_4_comuAndEmb_0_70_pos_0_30_14,0.7,14,SiNEcustom_spatial,0.14072501568229606,0.661794264784706,0.0689735463025726,0.691955653190478,SiNEcustom_spatial_dist,1.0
artificial_graph_sbmv_4_comuAndEmb_0_70_pos_0_30_14,0.7,14,deepwalk,0.11901958080279043,0.611164463105235,0.0502407440151241,0.6839029560257448,deepwalk_dist,1.0
artificial_graph_sbmv_4_comuAndEmb_0_70_pos_0_30_14,0.7,14,GT_pos + SiNEcustom_spatial,0.1321872033680856,0.6683491155976415,0.05374945308377492,0.7258036253388316,SiNEcustom_spatial_dist,0.52984023
artificial_graph_sbmv_4_comuAndEmb_0_70_pos_0_30_14,0.7,14,GT_pos + deepwalk,0.11637669029926583,0.6225991602644274,0.040758328800765596,0.6905006359116661,deepwalk_dist,0.5271379
artificial_graph_sbmv_4_comuAndEmb_0_60_pos_0_40_14,0.6,14,Inferred_Commu_normal,0.1286161147830837,0.6405547226386806,0.04071635900505996,0.6801594710743802,louvain_density,1.0
artificial_graph_sbmv_4_comuAndEmb_0_60_pos_0_40_14,0.6,14,Inferred_Commu_spatial_manuel_iter,0.13754782772795893,0.6414406433147062,0.03445093123704958,0.6360524958677685,spatial_louvain_density,1.0
artificial_graph_sbmv_4_comuAndEmb_0_60_pos_0_40_14,0.6,14,GT_pos,0.17101624249703137,0.7262959429376221,0.04441762138802986,0.6313257520661157,GT_pos_dist,1.0
artificial_graph_sbmv_4_comuAndEmb_0_60_pos_0_40_14,0.6,14,GT_pos + Inferred_Commu normal,0.18515256826598198,0.780973149788742,0.05206381932825479,0.7325897520661158,louvain_density,0.55567193
artificial_graph_sbmv_4_comuAndEmb_0_60_pos_0_40_14,0.6,14,GT_pos + Inferred_Commu spatial manuel iter,0.2240521527185545,0.7789968652037618,0.046510074042925675,0.6893556363636364,spatial_louvain_density,0.5274814
artificial_graph_sbmv_4_comuAndEmb_0_60_pos_0_40_14,0.6,14,SiNEcustom_spatial,0.14871136446264224,0.6835786652128482,0.041000945773342366,0.6418849586776859,SiNEcustom_spatial_dist,1.0
artificial_graph_sbmv_4_comuAndEmb_0_60_pos_0_40_14,0.6,14,deepwalk,0.14399964856680045,0.6836695288719277,0.03832596646136419,0.6574873388429752,deepwalk_dist,1.0
artificial_graph_sbmv_4_comuAndEmb_0_60_pos_0_40_14,0.6,14,GT_pos + SiNEcustom_spatial,0.20682049122299972,0.7500227159147699,0.055758209954788064,0.7093252231404958,GT_pos_dist,0.5068816
artificial_graph_sbmv_4_comuAndEmb_0_60_pos_0_40_14,0.6,14,GT_pos + deepwalk,0.17832452432008078,0.7393575939303076,0.04560113740604862,0.6895916694214876,GT_pos_dist,0.52787143
artificial_graph_sbmv_4_comuAndEmb_0_50_pos_0_50_14,0.5,14,Inferred_Commu_normal,0.12308983302201987,0.646955897008042,0.033196217991102304,0.6404166444669402,louvain_density,1.0
artificial_graph_sbmv_4_comuAndEmb_0_50_pos_0_50_14,0.5,14,Inferred_Commu_spatial_manuel_iter,0.12771035749105003,0.6465619133699505,0.03094657895476212,0.5916431349565774,spatial_louvain_density,1.0
artificial_graph_sbmv_4_comuAndEmb_0_50_pos_0_50_14,0.5,14,GT_pos,0.1280304284858517,0.6439894319682958,0.04641258297404143,0.6802087218285472,GT_pos_dist,1.0
artificial_graph_sbmv_4_comuAndEmb_0_50_pos_0_50_14,0.5,14,GT_pos + Inferred_Commu normal,0.1316250835235372,0.6523905536628891,0.042784926850966104,0.6781887687143695,GT_pos_dist,0.61445713
artificial_graph_sbmv_4_comuAndEmb_0_50_pos_0_50_14,0.5,14,GT_pos + Inferred_Commu spatial manuel iter,0.17435632964284298,0.7268766367702612,0.04508796847157503,0.6861873301720923,spatial_louvain_density,0.5071637
artificial_graph_sbmv_4_comuAndEmb_0_50_pos_0_50_14,0.5,14,SiNEcustom_spatial,0.13496969720649962,0.6104312962061693,0.04071569866182035,0.6488931216367415,SiNEcustom_spatial_dist,1.0
artificial_graph_sbmv_4_comuAndEmb_0_50_pos_0_50_14,0.5,14,deepwalk,0.10826640261191088,0.6071751373148856,0.034289454010594016,0.6340602855772817,deepwalk_dist,1.0
artificial_graph_sbmv_4_comuAndEmb_0_50_pos_0_50_14,0.5,14,GT_pos + SiNEcustom_spatial,0.16485750815232303,0.7107117198544577,0.046252493051589204,0.7107869359049496,GT_pos_dist,0.54092026
artificial_graph_sbmv_4_comuAndEmb_0_50_pos_0_50_14,0.5,14,GT_pos + deepwalk,0.18991356501532847,0.6800852858698926,0.04339380126860065,0.6743206883691193,GT_pos_dist,0.5615554
artificial_graph_sbmv_4_comuAndEmb_0_40_pos_0_60_14,0.3999999999999999,14,Inferred_Commu_normal,0.1307929172617562,0.6555706521739131,0.025090372827829555,0.4831275512351134,louvain_density,1.0
artificial_graph_sbmv_4_comuAndEmb_0_40_pos_0_60_14,0.3999999999999999,14,Inferred_Commu_spatial_manuel_iter,0.07472117240071036,0.5207686335403727,0.019692881261132583,0.4877696418802339,spatial_louvain_density,1.0
artificial_graph_sbmv_4_comuAndEmb_0_40_pos_0_60_14,0.3999999999999999,14,GT_pos,0.21105046105959346,0.7160447399068322,0.05963626762048923,0.7202212122487339,GT_pos_dist,1.0
artificial_graph_sbmv_4_comuAndEmb_0_40_pos_0_60_14,0.3999999999999999,14,GT_pos + Inferred_Commu normal,0.18329705399306032,0.710852581521739,0.054434055889410894,0.7086160557729804,GT_pos_dist,0.64243513
artificial_graph_sbmv_4_comuAndEmb_0_40_pos_0_60_14,0.3999999999999999,14,GT_pos + Inferred_Commu spatial manuel iter,0.20622694520126095,0.7209578804347826,0.05167464830814976,0.7285389050204099,GT_pos_dist,0.6291722
artificial_graph_sbmv_4_comuAndEmb_0_40_pos_0_60_14,0.3999999999999999,14,SiNEcustom_spatial,0.07763834658137239,0.4990173718944099,0.029956392299201898,0.5899565150303694,SiNEcustom_spatial_dist,1.0
artificial_graph_sbmv_4_comuAndEmb_0_40_pos_0_60_14,0.3999999999999999,14,deepwalk,0.10095740936020979,0.5720957880434783,0.03216240810171988,0.6107323710530376,deepwalk_dist,1.0
artificial_graph_sbmv_4_comuAndEmb_0_40_pos_0_60_14,0.3999999999999999,14,GT_pos + SiNEcustom_spatial,0.17884259617319986,0.7155958850931676,0.05371849660009389,0.7024637742148158,GT_pos_dist,0.63040847
artificial_graph_sbmv_4_comuAndEmb_0_40_pos_0_60_14,0.3999999999999999,14,GT_pos + deepwalk,0.15561881581829065,0.6800029114906833,0.0511152867755539,0.710604160529675,GT_pos_dist,0.6234246
artificial_graph_sbmv_4_comuAndEmb_0_30_pos_0_70_14,0.29999999999999993,14,Inferred_Commu_normal,0.15477418918657687,0.7074533413606262,0.045562643769031935,0.731723221833112,louvain_density,1.0
artificial_graph_sbmv_4_comuAndEmb_0_30_pos_0_70_14,0.29999999999999993,14,Inferred_Commu_spatial_manuel_iter,0.06782676401949404,0.5000361228175798,0.019519313297745283,0.49100283111272114,spatial_louvain_density,1.0
artificial_graph_sbmv_4_comuAndEmb_0_30_pos_0_70_14,0.29999999999999993,14,GT_pos,0.2974849432636498,0.7965442504515352,0.0734384349470484,0.7613656429041045,GT_pos_dist,1.0
artificial_graph_sbmv_4_comuAndEmb_0_30_pos_0_70_14,0.29999999999999993,14,GT_pos + Inferred_Commu normal,0.28760341804936623,0.7989403973509932,0.07658645999514649,0.7616082330368045,GT_pos_dist,0.65454304
artificial_graph_sbmv_4_comuAndEmb_0_30_pos_0_70_14,0.29999999999999993,14,GT_pos + Inferred_Commu spatial manuel iter,0.24144796959254042,0.7833112582781456,0.062093580476917855,0.7436819224731313,GT_pos_dist,0.65240526
artificial_graph_sbmv_4_comuAndEmb_0_30_pos_0_70_14,0.29999999999999993,14,SiNEcustom_spatial,0.0994520994709736,0.5916917519566526,0.02485822628927372,0.5685766614338043,SiNEcustom_spatial_dist,1.0
artificial_graph_sbmv_4_comuAndEmb_0_30_pos_0_70_14,0.29999999999999993,14,deepwalk,0.14109024362520975,0.6545093317278747,0.03882922956730893,0.6849180855774263,deepwalk_dist,1.0
artificial_graph_sbmv_4_comuAndEmb_0_30_pos_0_70_14,0.29999999999999993,14,GT_pos + SiNEcustom_spatial,0.2711886059201443,0.7865984346779049,0.0537235554567382,0.7326452790189054,GT_pos_dist,0.65762055
artificial_graph_sbmv_4_comuAndEmb_0_30_pos_0_70_14,0.29999999999999993,14,GT_pos + deepwalk,0.23747250065115164,0.7803371462974112,0.05622596371019877,0.7185419098605912,GT_pos_dist,0.6547373
artificial_graph_sbmv_4_comuAndEmb_0_20_pos_0_80_14,0.19999999999999996,14,Inferred_Commu_normal,0.15346344695471933,0.7509588068181818,0.04752946930560653,0.7414355719480248,louvain_density,1.0
artificial_graph_sbmv_4_comuAndEmb_0_20_pos_0_80_14,0.19999999999999996,14,Inferred_Commu_spatial_manuel_iter,0.08757791241239736,0.5489228219696969,0.020420233025948954,0.5069834091412634,spatial_louvain_density,1.0
artificial_graph_sbmv_4_comuAndEmb_0_20_pos_0_80_14,0.19999999999999996,14,GT_pos,0.33551794113313277,0.8240530303030303,0.10923522174146899,0.807682362600842,GT_pos_dist,1.0
artificial_graph_sbmv_4_comuAndEmb_0_20_pos_0_80_14,0.19999999999999996,14,GT_pos + Inferred_Commu normal,0.32404402787158293,0.8234966856060606,0.10674503525085208,0.8044538570814163,GT_pos_dist,0.7258079
artificial_graph_sbmv_4_comuAndEmb_0_20_pos_0_80_14,0.19999999999999996,14,GT_pos + Inferred_Commu spatial manuel iter,0.3869693194920981,0.8270123106060606,0.10131209530270481,0.8088794328089771,GT_pos_dist,0.7119259
artificial_graph_sbmv_4_comuAndEmb_0_20_pos_0_80_14,0.19999999999999996,14,SiNEcustom_spatial,0.10791402213634893,0.6118016098484849,0.02697357039172317,0.6065526723924461,SiNEcustom_spatial_dist,1.0
artificial_graph_sbmv_4_comuAndEmb_0_20_pos_0_80_14,0.19999999999999996,14,deepwalk,0.20627659782289165,0.7255326704545455,0.05833208190472604,0.7417302454091674,deepwalk_dist,1.0
artificial_graph_sbmv_4_comuAndEmb_0_20_pos_0_80_14,0.19999999999999996,14,GT_pos + SiNEcustom_spatial,0.29690025668411996,0.8147727272727272,0.08381052893858049,0.7996216554366669,GT_pos_dist,0.7115762
artificial_graph_sbmv_4_comuAndEmb_0_20_pos_0_80_14,0.19999999999999996,14,GT_pos + deepwalk,0.3671946908263748,0.8048413825757577,0.08592713276459438,0.7903740437122861,GT_pos_dist,0.700649
artificial_graph_sbmv_4_comuAndEmb_0_10_pos_0_90_14,0.09999999999999998,14,Inferred_Commu_normal,0.16762218023543002,0.7629900512214343,0.06609127840612827,0.8168278276384082,louvain_density,1.0
artificial_graph_sbmv_4_comuAndEmb_0_10_pos_0_90_14,0.09999999999999998,14,Inferred_Commu_spatial_manuel_iter,0.09201834797715722,0.5453482072498029,0.02256127843967852,0.5287514868079585,spatial_louvain_density,1.0
artificial_graph_sbmv_4_comuAndEmb_0_10_pos_0_90_14,0.09999999999999998,14,GT_pos,0.33097030101922664,0.8632042947202521,0.13050758589116188,0.8662755460640138,GT_pos_dist,1.0
artificial_graph_sbmv_4_comuAndEmb_0_10_pos_0_90_14,0.09999999999999998,14,GT_pos + Inferred_Commu normal,0.35274493297621673,0.8684865051221433,0.11223581147803019,0.8626396247837371,GT_pos_dist,0.7537185
artificial_graph_sbmv_4_comuAndEmb_0_10_pos_0_90_14,0.09999999999999998,14,GT_pos + Inferred_Commu spatial manuel iter,0.3621941554927793,0.8519503546099292,0.09769591745138098,0.8465865592560553,GT_pos_dist,0.73685426
artificial_graph_sbmv_4_comuAndEmb_0_10_pos_0_90_14,0.09999999999999998,14,SiNEcustom_spatial,0.18055884955641532,0.7266671591804572,0.03912387393550313,0.6892440257352941,SiNEcustom_spatial_dist,1.0
artificial_graph_sbmv_4_comuAndEmb_0_10_pos_0_90_14,0.09999999999999998,14,deepwalk,0.3262871789108831,0.823224487785658,0.07614713404562191,0.8109972426470587,deepwalk_dist,1.0
artificial_graph_sbmv_4_comuAndEmb_0_10_pos_0_90_14,0.09999999999999998,14,GT_pos + SiNEcustom_spatial,0.3002919644970944,0.8382954097714735,0.10968446058044225,0.8626021842560554,GT_pos_dist,0.73714423
artificial_graph_sbmv_4_comuAndEmb_0_10_pos_0_90_14,0.09999999999999998,14,GT_pos + deepwalk,0.3428002620910184,0.8432082348305754,0.10811974069769759,0.8522249405276817,GT_pos_dist,0.74262285
artificial_graph_sbmv_4_comuAndEmb_0_00_pos_1_00_14,0.0,14,Inferred_Commu_normal,0.25176598124099764,0.8476442095992955,0.07390752523141575,0.8442170600458203,louvain_density,1.0
artificial_graph_sbmv_4_comuAndEmb_0_00_pos_1_00_14,0.0,14,Inferred_Commu_spatial_manuel_iter,0.10786168404415573,0.6145333611439431,0.027314931885552944,0.5887183653897384,spatial_louvain_density,1.0
artificial_graph_sbmv_4_comuAndEmb_0_00_pos_1_00_14,0.0,14,GT_pos,0.460000220477619,0.9141347424042273,0.1496721295880552,0.9012773722627736,GT_pos_dist,1.0
artificial_graph_sbmv_4_comuAndEmb_0_00_pos_1_00_14,0.0,14,GT_pos + Inferred_Commu normal,0.5502300990078207,0.9135205914389672,0.13623800933060592,0.894825110554638,GT_pos_dist,0.76818407
artificial_graph_sbmv_4_comuAndEmb_0_00_pos_1_00_14,0.0,14,GT_pos + Inferred_Commu spatial manuel iter,0.4311232214478636,0.8958376787411063,0.13186397882979292,0.8916282167403697,GT_pos_dist,0.7825136
artificial_graph_sbmv_4_comuAndEmb_0_00_pos_1_00_14,0.0,14,SiNEcustom_spatial,0.14004545126425497,0.7450925861549513,0.05341524153499765,0.7508643241515264,SiNEcustom_spatial_dist,1.0
artificial_graph_sbmv_4_comuAndEmb_0_00_pos_1_00_14,0.0,14,deepwalk,0.26254820237801746,0.8171800041715914,0.08407288483651466,0.8322670360701157,deepwalk_dist,1.0
artificial_graph_sbmv_4_comuAndEmb_0_00_pos_1_00_14,0.0,14,GT_pos + SiNEcustom_spatial,0.4480407938598542,0.9028830332105031,0.12870381743931955,0.8877256380201396,GT_pos_dist,0.7857116
artificial_graph_sbmv_4_comuAndEmb_0_00_pos_1_00_14,0.0,14,GT_pos + deepwalk,0.3423600185452057,0.8784676354029062,0.1098090361405096,0.8819265810645214,GT_pos_dist,0.7482641
artificial_graph_sbmv_4_comuAndEmb_1_00_pos_0_00_15,1.0,15,Inferred_Commu_normal,0.2160830816028971,0.7813532868160118,0.0559956932238452,0.7346957358696065,louvain_density,1.0
artificial_graph_sbmv_4_comuAndEmb_1_00_pos_0_00_15,1.0,15,Inferred_Commu_spatial_manuel_iter,0.1880733314418257,0.7819615313991921,0.062411571119884934,0.7924346196223451,spatial_louvain_density,1.0
artificial_graph_sbmv_4_comuAndEmb_1_00_pos_0_00_15,1.0,15,GT_pos,0.07364476993971136,0.5187408189496878,0.020370343085860353,0.4924504502222616,GT_pos_dist,1.0
artificial_graph_sbmv_4_comuAndEmb_1_00_pos_0_00_15,1.0,15,GT_pos + Inferred_Commu normal,0.19628826524371493,0.7834993573264781,0.043970157761154205,0.6996814883296817,louvain_density,0.7975176
artificial_graph_sbmv_4_comuAndEmb_1_00_pos_0_00_15,1.0,15,GT_pos + Inferred_Commu spatial manuel iter,0.18559428687185847,0.757780940139552,0.04986120116376469,0.7298605640759362,spatial_louvain_density,0.77073604
artificial_graph_sbmv_4_comuAndEmb_1_00_pos_0_00_15,1.0,15,SiNEcustom_spatial,0.46776054047157883,0.890504498714653,0.10603623913749358,0.8159857397955953,SiNEcustom_spatial_dist,1.0
artificial_graph_sbmv_4_comuAndEmb_1_00_pos_0_00_15,1.0,15,deepwalk,0.3004069853599675,0.8295538009548293,0.08074113290642917,0.7966197236610478,deepwalk_dist,1.0
artificial_graph_sbmv_4_comuAndEmb_1_00_pos_0_00_15,1.0,15,GT_pos + SiNEcustom_spatial,0.4698303234842221,0.8929145244215938,0.0719455170759148,0.7884332771874724,SiNEcustom_spatial_dist,0.6899699
artificial_graph_sbmv_4_comuAndEmb_1_00_pos_0_00_15,1.0,15,GT_pos + deepwalk,0.27510211184101385,0.8246075100991552,0.06258719377330545,0.7717635288306885,deepwalk_dist,0.68115586
artificial_graph_sbmv_4_comuAndEmb_0_90_pos_0_10_15,0.9,15,Inferred_Commu_normal,0.16774912786261093,0.7657510938259602,0.03971372729468395,0.7076882030178326,louvain_density,1.0
artificial_graph_sbmv_4_comuAndEmb_0_90_pos_0_10_15,0.9,15,Inferred_Commu_spatial_manuel_iter,0.1813912391523423,0.793084589207584,0.046781643982014974,0.7614064471879287,spatial_louvain_density,1.0
artificial_graph_sbmv_4_comuAndEmb_0_90_pos_0_10_15,0.9,15,GT_pos,0.0792933934918792,0.5260209042294605,0.022716501147154747,0.5400163237311385,GT_pos_dist,1.0
artificial_graph_sbmv_4_comuAndEmb_0_90_pos_0_10_15,0.9,15,GT_pos + Inferred_Commu normal,0.17015961698465795,0.711728245017015,0.038531981509991486,0.6860224965706447,louvain_density,0.7982454
artificial_graph_sbmv_4_comuAndEmb_0_90_pos_0_10_15,0.9,15,GT_pos + Inferred_Commu spatial manuel iter,0.21000628408768235,0.7330700048614487,0.04135804039834383,0.7132621399176954,spatial_louvain_density,0.75544226
artificial_graph_sbmv_4_comuAndEmb_0_90_pos_0_10_15,0.9,15,SiNEcustom_spatial,0.22116041078247536,0.7595527467185221,0.10625565987758828,0.768833744855967,SiNEcustom_spatial_dist,1.0
artificial_graph_sbmv_4_comuAndEmb_0_90_pos_0_10_15,0.9,15,deepwalk,0.18235121312189084,0.6980068060281963,0.06364533605750275,0.7412670781893004,deepwalk_dist,1.0
artificial_graph_sbmv_4_comuAndEmb_0_90_pos_0_10_15,0.9,15,GT_pos + SiNEcustom_spatial,0.19345033666779698,0.7271633446767138,0.09720154344995921,0.7517823045267489,SiNEcustom_spatial_dist,0.669464
artificial_graph_sbmv_4_comuAndEmb_0_90_pos_0_10_15,0.9,15,GT_pos + deepwalk,0.18653997808284548,0.7086290714632961,0.057852453006510554,0.727487242798354,deepwalk_dist,0.62867117
artificial_graph_sbmv_4_comuAndEmb_0_80_pos_0_20_15,0.8,15,Inferred_Commu_normal,0.11961308803743588,0.7159858121330724,0.03756511326947392,0.665698748852158,louvain_density,1.0
artificial_graph_sbmv_4_comuAndEmb_0_80_pos_0_20_15,0.8,15,Inferred_Commu_spatial_manuel_iter,0.17229116125165866,0.7504158512720156,0.023181235938565956,0.44100622704315884,spatial_louvain_density,1.0
artificial_graph_sbmv_4_comuAndEmb_0_80_pos_0_20_15,0.8,15,GT_pos,0.08249570821177936,0.5047211350293542,0.025581893994705174,0.569784779614325,GT_pos_dist,1.0
artificial_graph_sbmv_4_comuAndEmb_0_80_pos_0_20_15,0.8,15,GT_pos + Inferred_Commu normal,0.12785145889596344,0.6364726027397261,0.036087926648835714,0.6703097738751147,louvain_density,0.7342394
artificial_graph_sbmv_4_comuAndEmb_0_80_pos_0_20_15,0.8,15,GT_pos + Inferred_Commu spatial manuel iter,0.1492946793357122,0.6275562622309198,0.025315192553065337,0.5762343606519743,spatial_louvain_density,0.63314945
artificial_graph_sbmv_4_comuAndEmb_0_80_pos_0_20_15,0.8,15,SiNEcustom_spatial,0.15550430698274792,0.725587084148728,0.0678465020398768,0.7435118227731863,SiNEcustom_spatial_dist,1.0
artificial_graph_sbmv_4_comuAndEmb_0_80_pos_0_20_15,0.8,15,deepwalk,0.18170982789983336,0.6818615459882583,0.059397387687378914,0.708180383379247,deepwalk_dist,1.0
artificial_graph_sbmv_4_comuAndEmb_0_80_pos_0_20_15,0.8,15,GT_pos + SiNEcustom_spatial,0.17251792194810558,0.6997798434442271,0.057896724689082475,0.7301344410009183,SiNEcustom_spatial_dist,0.6113261
artificial_graph_sbmv_4_comuAndEmb_0_80_pos_0_20_15,0.8,15,GT_pos + deepwalk,0.1620398377440703,0.637133072407045,0.0526969992460161,0.7035377926997246,deepwalk_dist,0.5891046
artificial_graph_sbmv_4_comuAndEmb_0_70_pos_0_30_15,0.7,15,Inferred_Commu_normal,0.14889981592188187,0.6792655620241828,0.03839007873619375,0.6878844262719321,louvain_density,1.0
artificial_graph_sbmv_4_comuAndEmb_0_70_pos_0_30_15,0.7,15,Inferred_Commu_spatial_manuel_iter,0.16505733209067036,0.6698275862068965,0.031001040846671216,0.6383463588841157,spatial_louvain_density,1.0
artificial_graph_sbmv_4_comuAndEmb_0_70_pos_0_30_15,0.7,15,GT_pos,0.1344400223246622,0.6138042991491267,0.027280028786769897,0.5767685420009316,GT_pos_dist,1.0
artificial_graph_sbmv_4_comuAndEmb_0_70_pos_0_30_15,0.7,15,GT_pos + Inferred_Commu normal,0.16528054043845228,0.709896999552172,0.03879271512289486,0.6700200558977278,louvain_density,0.6163808
artificial_graph_sbmv_4_comuAndEmb_0_70_pos_0_30_15,0.7,15,GT_pos + Inferred_Commu spatial manuel iter,0.18748894637287888,0.694704433497537,0.03721520299780349,0.6723062988458155,spatial_louvain_density,0.60716766
artificial_graph_sbmv_4_comuAndEmb_0_70_pos_0_30_15,0.7,15,SiNEcustom_spatial,0.16474966166617272,0.6385579937304074,0.04621281330876142,0.6735937580870556,SiNEcustom_spatial_dist,1.0
artificial_graph_sbmv_4_comuAndEmb_0_70_pos_0_30_15,0.7,15,deepwalk,0.18201431619165964,0.6480631437527989,0.040281785497232804,0.667624864137467,deepwalk_dist,1.0
artificial_graph_sbmv_4_comuAndEmb_0_70_pos_0_30_15,0.7,15,GT_pos + SiNEcustom_spatial,0.19305043215902154,0.6751343484102105,0.04125791226493271,0.6891304797888308,SiNEcustom_spatial_dist,0.5066453
artificial_graph_sbmv_4_comuAndEmb_0_70_pos_0_30_15,0.7,15,GT_pos + deepwalk,0.18506782712988026,0.6357702642185401,0.040542784729633026,0.6757898141918119,deepwalk_dist,0.5203898
artificial_graph_sbmv_4_comuAndEmb_0_60_pos_0_40_15,0.6,15,Inferred_Commu_normal,0.10953137451882139,0.6117877657121294,0.030641616105210982,0.6271649040442507,louvain_density,1.0
artificial_graph_sbmv_4_comuAndEmb_0_60_pos_0_40_15,0.6,15,Inferred_Commu_spatial_manuel_iter,0.1066698038544195,0.5966102050228501,0.037012833494663035,0.6693967960643783,spatial_louvain_density,1.0
artificial_graph_sbmv_4_comuAndEmb_0_60_pos_0_40_15,0.6,15,GT_pos,0.1414403190965554,0.6010544631252359,0.03467755821193697,0.6156916680193285,GT_pos_dist,1.0
artificial_graph_sbmv_4_comuAndEmb_0_60_pos_0_40_15,0.6,15,GT_pos + Inferred_Commu normal,0.16223324520778332,0.664951155087837,0.03891304261824552,0.6672504338922949,GT_pos_dist,0.5166468
artificial_graph_sbmv_4_comuAndEmb_0_60_pos_0_40_15,0.6,15,GT_pos + Inferred_Commu spatial manuel iter,0.14870226087448607,0.6393547440358895,0.03893374564471798,0.6596345315836133,GT_pos_dist,0.5192889
artificial_graph_sbmv_4_comuAndEmb_0_60_pos_0_40_15,0.6,15,SiNEcustom_spatial,0.13666997506868167,0.6573414112615823,0.03209229153142934,0.6203588507785089,SiNEcustom_spatial_dist,1.0
artificial_graph_sbmv_4_comuAndEmb_0_60_pos_0_40_15,0.6,15,deepwalk,0.09408727706967437,0.5851746258018532,0.03179693820583022,0.6457324975964239,deepwalk_dist,1.0
artificial_graph_sbmv_4_comuAndEmb_0_60_pos_0_40_15,0.6,15,GT_pos + SiNEcustom_spatial,0.12629656647422263,0.6461678755607732,0.05007410702863249,0.6857160159322754,GT_pos_dist,0.55596024
artificial_graph_sbmv_4_comuAndEmb_0_60_pos_0_40_15,0.6,15,GT_pos + deepwalk,0.12365511406166174,0.6316821097647898,0.03995659201406011,0.6684328684338674,GT_pos_dist,0.5379586
artificial_graph_sbmv_4_comuAndEmb_0_50_pos_0_50_15,0.5,15,Inferred_Commu_normal,0.10757899486785898,0.6037184399253364,0.029013867458775336,0.6085633380190311,louvain_density,1.0
artificial_graph_sbmv_4_comuAndEmb_0_50_pos_0_50_15,0.5,15,Inferred_Commu_spatial_manuel_iter,0.10690872106432454,0.6096497691325278,0.02405069589420504,0.5565798010380623,spatial_louvain_density,1.0
artificial_graph_sbmv_4_comuAndEmb_0_50_pos_0_50_15,0.5,15,GT_pos,0.13848341173517217,0.622703605462226,0.042681777192225365,0.6610318447231835,GT_pos_dist,1.0
artificial_graph_sbmv_4_comuAndEmb_0_50_pos_0_50_15,0.5,15,GT_pos + Inferred_Commu normal,0.12414343544099322,0.6095883682090578,0.03945978055051022,0.6371799307958477,GT_pos_dist,0.6458442
artificial_graph_sbmv_4_comuAndEmb_0_50_pos_0_50_15,0.5,15,GT_pos + Inferred_Commu spatial manuel iter,0.16311046355651856,0.6629703310737793,0.03977291554396275,0.6755340343858132,GT_pos_dist,0.55274016
artificial_graph_sbmv_4_comuAndEmb_0_50_pos_0_50_15,0.5,15,SiNEcustom_spatial,0.10832405590408943,0.5750933294036741,0.023418751845940597,0.5465834504757786,SiNEcustom_spatial_dist,1.0
artificial_graph_sbmv_4_comuAndEmb_0_50_pos_0_50_15,0.5,15,deepwalk,0.12994566355960996,0.601790450928382,0.02884533217775987,0.6085487402681662,deepwalk_dist,1.0
artificial_graph_sbmv_4_comuAndEmb_0_50_pos_0_50_15,0.5,15,GT_pos + SiNEcustom_spatial,0.14455488557644952,0.693633952254642,0.036201017818898666,0.6581970426038063,GT_pos_dist,0.5827425
artificial_graph_sbmv_4_comuAndEmb_0_50_pos_0_50_15,0.5,15,GT_pos + deepwalk,0.11350962587597155,0.6262525788387857,0.038719043815079054,0.6501999080882352,GT_pos_dist,0.60472554
artificial_graph_sbmv_4_comuAndEmb_0_40_pos_0_60_15,0.3999999999999999,15,Inferred_Commu_normal,0.10998030377891442,0.5923932463819903,0.03712309244832369,0.6690201530612245,louvain_density,1.0
artificial_graph_sbmv_4_comuAndEmb_0_40_pos_0_60_15,0.3999999999999999,15,Inferred_Commu_spatial_manuel_iter,0.10019330407444939,0.5451692871180991,0.023606716448579007,0.528504719387755,spatial_louvain_density,1.0
artificial_graph_sbmv_4_comuAndEmb_0_40_pos_0_60_15,0.3999999999999999,15,GT_pos,0.16553852059729873,0.6975053600142933,0.06073829967386714,0.720753443877551,GT_pos_dist,1.0
artificial_graph_sbmv_4_comuAndEmb_0_40_pos_0_60_15,0.3999999999999999,15,GT_pos + Inferred_Commu normal,0.17007912458345603,0.7108607289619439,0.06663639695214356,0.7233070153061225,GT_pos_dist,0.6760515
artificial_graph_sbmv_4_comuAndEmb_0_40_pos_0_60_15,0.3999999999999999,15,GT_pos + Inferred_Commu spatial manuel iter,0.16529979015391844,0.7204194211184562,0.06334026540538232,0.7205494897959184,GT_pos_dist,0.6030784
artificial_graph_sbmv_4_comuAndEmb_0_40_pos_0_60_15,0.3999999999999999,15,SiNEcustom_spatial,0.11861290942888844,0.5671453457209219,0.032624004028631054,0.594150637755102,SiNEcustom_spatial_dist,1.0
artificial_graph_sbmv_4_comuAndEmb_0_40_pos_0_60_15,0.3999999999999999,15,deepwalk,0.1475057387589575,0.6399745399321064,0.036555844782073764,0.6584026785714285,deepwalk_dist,1.0
artificial_graph_sbmv_4_comuAndEmb_0_40_pos_0_60_15,0.3999999999999999,15,GT_pos + SiNEcustom_spatial,0.1634710092454626,0.7000178667143112,0.06051119401721823,0.7221817602040816,GT_pos_dist,0.62574565
artificial_graph_sbmv_4_comuAndEmb_0_40_pos_0_60_15,0.3999999999999999,15,GT_pos + deepwalk,0.1998238923014229,0.730815615508308,0.05615569127574649,0.7150427295918369,GT_pos_dist,0.6300833
artificial_graph_sbmv_4_comuAndEmb_0_30_pos_0_70_15,0.29999999999999993,15,Inferred_Commu_normal,0.14256638844541977,0.739031239031239,0.04738080428787687,0.7350298469387755,louvain_density,1.0
artificial_graph_sbmv_4_comuAndEmb_0_30_pos_0_70_15,0.29999999999999993,15,Inferred_Commu_spatial_manuel_iter,0.07686148794029991,0.5332046332046333,0.01867776077985201,0.47759910714285714,spatial_louvain_density,1.0
artificial_graph_sbmv_4_comuAndEmb_0_30_pos_0_70_15,0.29999999999999993,15,GT_pos,0.21546551943551565,0.7502632502632504,0.08972673647300879,0.7694252551020409,GT_pos_dist,1.0
artificial_graph_sbmv_4_comuAndEmb_0_30_pos_0_70_15,0.29999999999999993,15,GT_pos + Inferred_Commu normal,0.1917645463168663,0.7530010530010529,0.08508874506365369,0.7691426020408163,GT_pos_dist,0.7342343
artificial_graph_sbmv_4_comuAndEmb_0_30_pos_0_70_15,0.29999999999999993,15,GT_pos + Inferred_Commu spatial manuel iter,0.22542715981267086,0.745080145080145,0.0738053985995541,0.7540804846938777,GT_pos_dist,0.68662554
artificial_graph_sbmv_4_comuAndEmb_0_30_pos_0_70_15,0.29999999999999993,15,SiNEcustom_spatial,0.07225695050307027,0.5076986076986078,0.03021180321058211,0.6032730867346938,SiNEcustom_spatial_dist,1.0
artificial_graph_sbmv_4_comuAndEmb_0_30_pos_0_70_15,0.29999999999999993,15,deepwalk,0.16755042568072837,0.7368433368433368,0.045619234019463814,0.6916797193877552,deepwalk_dist,1.0
artificial_graph_sbmv_4_comuAndEmb_0_30_pos_0_70_15,0.29999999999999993,15,GT_pos + SiNEcustom_spatial,0.16819883272552666,0.7199134199134198,0.07254365304413828,0.7519772959183674,GT_pos_dist,0.66501576
artificial_graph_sbmv_4_comuAndEmb_0_30_pos_0_70_15,0.29999999999999993,15,GT_pos + deepwalk,0.21237212014186221,0.7643149643149643,0.0754418541522502,0.7570567602040816,GT_pos_dist,0.6752887
artificial_graph_sbmv_4_comuAndEmb_0_20_pos_0_80_15,0.19999999999999996,15,Inferred_Commu_normal,0.15556851024927854,0.7701337226818697,0.056028662247145485,0.7569143268154936,louvain_density,1.0
artificial_graph_sbmv_4_comuAndEmb_0_20_pos_0_80_15,0.19999999999999996,15,Inferred_Commu_spatial_manuel_iter,0.09296259336676728,0.5458759183295093,0.021866419693264395,0.5442767329106506,spatial_louvain_density,1.0
artificial_graph_sbmv_4_comuAndEmb_0_20_pos_0_80_15,0.19999999999999996,15,GT_pos,0.2754370537062116,0.8423138427310018,0.10490174439282073,0.8273461558953593,GT_pos_dist,1.0
artificial_graph_sbmv_4_comuAndEmb_0_20_pos_0_80_15,0.19999999999999996,15,GT_pos + Inferred_Commu normal,0.3018299913443258,0.84645067093096,0.10194562419152028,0.809048830518408,GT_pos_dist,0.7731965
artificial_graph_sbmv_4_comuAndEmb_0_20_pos_0_80_15,0.19999999999999996,15,GT_pos + Inferred_Commu spatial manuel iter,0.27548773593452464,0.841085540800482,0.08645231206656544,0.807499200809846,GT_pos_dist,0.71077174
artificial_graph_sbmv_4_comuAndEmb_0_20_pos_0_80_15,0.19999999999999996,15,SiNEcustom_spatial,0.10971636171760622,0.6106051125170919,0.034211826911463995,0.6449960040492301,SiNEcustom_spatial_dist,1.0
artificial_graph_sbmv_4_comuAndEmb_0_20_pos_0_80_15,0.19999999999999996,15,deepwalk,0.13603501203770807,0.7088460914505551,0.060733592515342646,0.7416395386008845,deepwalk_dist,1.0
artificial_graph_sbmv_4_comuAndEmb_0_20_pos_0_80_15,0.19999999999999996,15,GT_pos + SiNEcustom_spatial,0.24433768190071717,0.8233794525944982,0.08563369559375714,0.7997823538814002,GT_pos_dist,0.68380165
artificial_graph_sbmv_4_comuAndEmb_0_20_pos_0_80_15,0.19999999999999996,15,GT_pos + deepwalk,0.24286426872331154,0.8174001714987601,0.0849966256813173,0.7988634184026854,GT_pos_dist,0.7136462
artificial_graph_sbmv_4_comuAndEmb_0_10_pos_0_90_15,0.09999999999999998,15,Inferred_Commu_normal,0.1491221004139198,0.7544050544050543,0.05873309904797354,0.7755065051020408,louvain_density,1.0
artificial_graph_sbmv_4_comuAndEmb_0_10_pos_0_90_15,0.09999999999999998,15,Inferred_Commu_spatial_manuel_iter,0.08139876838440016,0.5840060840060839,0.02259007566068794,0.5601473214285714,spatial_louvain_density,1.0
artificial_graph_sbmv_4_comuAndEmb_0_10_pos_0_90_15,0.09999999999999998,15,GT_pos,0.2111332688262665,0.776014976014976,0.13243587913729446,0.8525373724489795,GT_pos_dist,1.0
artificial_graph_sbmv_4_comuAndEmb_0_10_pos_0_90_15,0.09999999999999998,15,GT_pos + Inferred_Commu normal,0.21026390913972473,0.7912717912717913,0.14378757823102467,0.8451552295918368,GT_pos_dist,0.7819484
artificial_graph_sbmv_4_comuAndEmb_0_10_pos_0_90_15,0.09999999999999998,15,GT_pos + Inferred_Commu spatial manuel iter,0.21111941379101107,0.7798642798642799,0.1156213567064395,0.8344201530612245,GT_pos_dist,0.75673276
artificial_graph_sbmv_4_comuAndEmb_0_10_pos_0_90_15,0.09999999999999998,15,SiNEcustom_spatial,0.1063032049046645,0.6306774306774305,0.03736196310350019,0.6764466836734694,SiNEcustom_spatial_dist,1.0
artificial_graph_sbmv_4_comuAndEmb_0_10_pos_0_90_15,0.09999999999999998,15,deepwalk,0.20002525667577312,0.7354978354978355,0.07352947441770005,0.7886489795918368,deepwalk_dist,1.0
artificial_graph_sbmv_4_comuAndEmb_0_10_pos_0_90_15,0.09999999999999998,15,GT_pos + SiNEcustom_spatial,0.2176973938475706,0.7674856674856676,0.12569858431133593,0.8419147959183673,GT_pos_dist,0.7705802
artificial_graph_sbmv_4_comuAndEmb_0_10_pos_0_90_15,0.09999999999999998,15,GT_pos + deepwalk,0.2127011505177986,0.7673335673335674,0.11206802518887665,0.8394610969387755,GT_pos_dist,0.7518134
artificial_graph_sbmv_4_comuAndEmb_0_00_pos_1_00_15,0.0,15,Inferred_Commu_normal,0.23838171582397377,0.8452008772339136,0.06494286005041605,0.7966065974765413,louvain_density,1.0
artificial_graph_sbmv_4_comuAndEmb_0_00_pos_1_00_15,0.0,15,Inferred_Commu_spatial_manuel_iter,0.1005032908191123,0.5898931454435163,0.022386594858965696,0.526351349483838,spatial_louvain_density,1.0
artificial_graph_sbmv_4_comuAndEmb_0_00_pos_1_00_15,0.0,15,GT_pos,0.4793467915714988,0.9115183612523914,0.14459460160647516,0.9034040436146543,GT_pos_dist,1.0
artificial_graph_sbmv_4_comuAndEmb_0_00_pos_1_00_15,0.0,15,GT_pos + Inferred_Commu normal,0.39062054039367466,0.9036909150296301,0.1294579175264275,0.900639985627617,GT_pos_dist,0.7908353
artificial_graph_sbmv_4_comuAndEmb_0_00_pos_1_00_15,0.0,15,GT_pos + Inferred_Commu spatial manuel iter,0.3786361869430968,0.901684475759414,0.12362194306273261,0.8879611945661336,GT_pos_dist,0.80541444
artificial_graph_sbmv_4_comuAndEmb_0_00_pos_1_00_15,0.0,15,SiNEcustom_spatial,0.18058899131635214,0.7378563762773552,0.04665993044102932,0.7317286936333107,SiNEcustom_spatial_dist,1.0
artificial_graph_sbmv_4_comuAndEmb_0_00_pos_1_00_15,0.0,15,deepwalk,0.256787384907088,0.8271312584573748,0.10434594814311203,0.8378958278630754,deepwalk_dist,1.0
artificial_graph_sbmv_4_comuAndEmb_0_00_pos_1_00_15,0.0,15,GT_pos + SiNEcustom_spatial,0.4057046648386682,0.8991880920162383,0.12165324322332034,0.8901965146971434,GT_pos_dist,0.7863347
artificial_graph_sbmv_4_comuAndEmb_0_00_pos_1_00_15,0.0,15,GT_pos + deepwalk,0.41548087538448547,0.9164178059819886,0.1274226005638097,0.8916290543248435,GT_pos_dist,0.77273375
artificial_graph_sbmv_4_comuAndEmb_1_00_pos_0_00_16,1.0,16,Inferred_Commu_normal,0.16300383535137083,0.7797052075366753,0.044517849107504254,0.7364233576642336,louvain_density,1.0
artificial_graph_sbmv_4_comuAndEmb_1_00_pos_0_00_16,1.0,16,Inferred_Commu_spatial_manuel_iter,0.18659837826185896,0.7732971795406614,0.05076387951147091,0.7214019127284352,spatial_louvain_density,1.0
artificial_graph_sbmv_4_comuAndEmb_1_00_pos_0_00_16,1.0,16,GT_pos,0.07067829468154509,0.502282787550117,0.020110331278943502,0.5012403431189727,GT_pos_dist,1.0
artificial_graph_sbmv_4_comuAndEmb_1_00_pos_0_00_16,1.0,16,GT_pos + Inferred_Commu normal,0.154530962415798,0.7582794502769474,0.046293909361814246,0.733520299429911,louvain_density,0.8462014
artificial_graph_sbmv_4_comuAndEmb_1_00_pos_0_00_16,1.0,16,GT_pos + Inferred_Commu spatial manuel iter,0.17912216772110973,0.7740851468168439,0.04590585473448039,0.7243605146784593,spatial_louvain_density,0.8260692
artificial_graph_sbmv_4_comuAndEmb_1_00_pos_0_00_16,1.0,16,SiNEcustom_spatial,0.2746910943469296,0.8300308234258036,0.11306724441874105,0.8312271564814321,SiNEcustom_spatial_dist,1.0
artificial_graph_sbmv_4_comuAndEmb_1_00_pos_0_00_16,1.0,16,deepwalk,0.30148377606394533,0.7918259982850124,0.10459874966934989,0.8064907560338856,deepwalk_dist,1.0
artificial_graph_sbmv_4_comuAndEmb_1_00_pos_0_00_16,1.0,16,GT_pos + SiNEcustom_spatial,0.3258053861811774,0.824016779067881,0.09175380418352647,0.8233419468272152,SiNEcustom_spatial_dist,0.7155235
artificial_graph_sbmv_4_comuAndEmb_1_00_pos_0_00_16,1.0,16,GT_pos + deepwalk,0.2975201631163371,0.7829497786738975,0.0838900425797428,0.7826260056476105,deepwalk_dist,0.6981955
artificial_graph_sbmv_4_comuAndEmb_0_90_pos_0_10_16,0.9,16,Inferred_Commu_normal,0.12639489989425723,0.6883376493571396,0.040272764920309886,0.7001818181818181,louvain_density,1.0
artificial_graph_sbmv_4_comuAndEmb_0_90_pos_0_10_16,0.9,16,Inferred_Commu_spatial_manuel_iter,0.24200798811024787,0.8021784562264322,0.04287272035120782,0.7294254545454545,spatial_louvain_density,1.0
artificial_graph_sbmv_4_comuAndEmb_0_90_pos_0_10_16,0.9,16,GT_pos,0.08622138795108192,0.5935895688519377,0.020642366307027236,0.5020913719008264,GT_pos_dist,1.0
artificial_graph_sbmv_4_comuAndEmb_0_90_pos_0_10_16,0.9,16,GT_pos + Inferred_Commu normal,0.19074821741308906,0.7388464858479851,0.039340499182581326,0.662899041322314,louvain_density,0.8131521
artificial_graph_sbmv_4_comuAndEmb_0_90_pos_0_10_16,0.9,16,GT_pos + Inferred_Commu spatial manuel iter,0.2798543340633278,0.8014401889964108,0.041909933377655834,0.6922472727272728,spatial_louvain_density,0.80066395
artificial_graph_sbmv_4_comuAndEmb_0_90_pos_0_10_16,0.9,16,SiNEcustom_spatial,0.40226388497700716,0.7814615419562946,0.0819783768395393,0.7583623140495868,SiNEcustom_spatial_dist,1.0
artificial_graph_sbmv_4_comuAndEmb_0_90_pos_0_10_16,0.9,16,deepwalk,0.22532098167645856,0.7277270455681252,0.06828990571704292,0.7346470082644629,deepwalk_dist,1.0
artificial_graph_sbmv_4_comuAndEmb_0_90_pos_0_10_16,0.9,16,GT_pos + SiNEcustom_spatial,0.3811748116099439,0.7733292444686748,0.06732389962971,0.739814611570248,SiNEcustom_spatial_dist,0.6771353
artificial_graph_sbmv_4_comuAndEmb_0_90_pos_0_10_16,0.9,16,GT_pos + deepwalk,0.24836814037480898,0.7361432919903683,0.05649877484068502,0.7275582148760331,deepwalk_dist,0.6342557
artificial_graph_sbmv_4_comuAndEmb_0_80_pos_0_20_16,0.8,16,Inferred_Commu_normal,0.14372441326093524,0.7628573533745948,0.038642523599743905,0.7243151221885813,louvain_density,1.0
artificial_graph_sbmv_4_comuAndEmb_0_80_pos_0_20_16,0.8,16,Inferred_Commu_spatial_manuel_iter,0.14451551172309735,0.7315551625896455,0.03405208010714985,0.6571947988754325,spatial_louvain_density,1.0
artificial_graph_sbmv_4_comuAndEmb_0_80_pos_0_20_16,0.8,16,GT_pos,0.11850813637997337,0.5808650162098438,0.024057519690829584,0.5556037791955017,GT_pos_dist,1.0
artificial_graph_sbmv_4_comuAndEmb_0_80_pos_0_20_16,0.8,16,GT_pos + Inferred_Commu normal,0.1534137491606386,0.7354111405835544,0.040221518090677345,0.7222827908737025,louvain_density,0.7467674
artificial_graph_sbmv_4_comuAndEmb_0_80_pos_0_20_16,0.8,16,GT_pos + Inferred_Commu spatial manuel iter,0.15386561236387564,0.7203924747028195,0.04216913927180493,0.6748487510813148,spatial_louvain_density,0.6787949
artificial_graph_sbmv_4_comuAndEmb_0_80_pos_0_20_16,0.8,16,SiNEcustom_spatial,0.24431356738250598,0.8046959426269771,0.06886251095106563,0.7400198691608997,SiNEcustom_spatial_dist,1.0
artificial_graph_sbmv_4_comuAndEmb_0_80_pos_0_20_16,0.8,16,deepwalk,0.22612430895397906,0.7510438156989881,0.06504107064164821,0.7111221345155709,deepwalk_dist,1.0
artificial_graph_sbmv_4_comuAndEmb_0_80_pos_0_20_16,0.8,16,GT_pos + SiNEcustom_spatial,0.2973685977316785,0.8407260045191078,0.06360906013088943,0.7500385218425605,SiNEcustom_spatial_dist,0.60790235
artificial_graph_sbmv_4_comuAndEmb_0_80_pos_0_20_16,0.8,16,GT_pos + deepwalk,0.32162671495911727,0.7834880636604774,0.06602889888910517,0.7086405168685121,deepwalk_dist,0.60569036
artificial_graph_sbmv_4_comuAndEmb_0_70_pos_0_30_16,0.7,16,Inferred_Commu_normal,0.12555006931041446,0.6997051992138645,0.037276688795048536,0.6791049744897959,louvain_density,1.0
artificial_graph_sbmv_4_comuAndEmb_0_70_pos_0_30_16,0.7,16,Inferred_Commu_spatial_manuel_iter,0.11973293504581563,0.6661381097016259,0.03583302536646005,0.6489682397959183,spatial_louvain_density,1.0
artificial_graph_sbmv_4_comuAndEmb_0_70_pos_0_30_16,0.7,16,GT_pos,0.16062800897826474,0.6408455422547793,0.03425570107278655,0.6136522959183673,GT_pos_dist,1.0
artificial_graph_sbmv_4_comuAndEmb_0_70_pos_0_30_16,0.7,16,GT_pos + Inferred_Commu normal,0.16828044267149447,0.7386658031088082,0.04523251916644869,0.721554081632653,louvain_density,0.70842797
artificial_graph_sbmv_4_comuAndEmb_0_70_pos_0_30_16,0.7,16,GT_pos + Inferred_Commu spatial manuel iter,0.15123781418335275,0.73030194747186,0.04315363726905644,0.700179081632653,spatial_louvain_density,0.6615095
artificial_graph_sbmv_4_comuAndEmb_0_70_pos_0_30_16,0.7,16,SiNEcustom_spatial,0.17598730484419098,0.6714199571198858,0.05660386929635303,0.69494375,SiNEcustom_spatial_dist,1.0
artificial_graph_sbmv_4_comuAndEmb_0_70_pos_0_30_16,0.7,16,deepwalk,0.15135110231676396,0.6560434161157763,0.05287855729937564,0.7104681122448979,deepwalk_dist,1.0
artificial_graph_sbmv_4_comuAndEmb_0_70_pos_0_30_16,0.7,16,GT_pos + SiNEcustom_spatial,0.19095658386720926,0.7663592102912276,0.06054611723177958,0.746279081632653,SiNEcustom_spatial_dist,0.56442344
artificial_graph_sbmv_4_comuAndEmb_0_70_pos_0_30_16,0.7,16,GT_pos + deepwalk,0.1655468205858891,0.7181637484366625,0.0569682580661491,0.7028336734693877,deepwalk_dist,0.5534457
artificial_graph_sbmv_4_comuAndEmb_0_60_pos_0_40_16,0.6,16,Inferred_Commu_normal,0.12687643446680516,0.6848563968668407,0.031772207619373403,0.6033563580914647,louvain_density,1.0
artificial_graph_sbmv_4_comuAndEmb_0_60_pos_0_40_16,0.6,16,Inferred_Commu_spatial_manuel_iter,0.1260829752922291,0.7047472110135296,0.026231781353004826,0.567164175214065,spatial_louvain_density,1.0
artificial_graph_sbmv_4_comuAndEmb_0_60_pos_0_40_16,0.6,16,GT_pos,0.13167571472656478,0.6278423925943508,0.04492159671579954,0.6381879080921165,GT_pos_dist,1.0
artificial_graph_sbmv_4_comuAndEmb_0_60_pos_0_40_16,0.6,16,GT_pos + Inferred_Commu normal,0.15860599499358305,0.7117612152860194,0.04646960982914586,0.6887420662331063,louvain_density,0.521444
artificial_graph_sbmv_4_comuAndEmb_0_60_pos_0_40_16,0.6,16,GT_pos + Inferred_Commu spatial manuel iter,0.18202127496049125,0.7336695941134583,0.0426265920835812,0.6695338138122483,spatial_louvain_density,0.53138185
artificial_graph_sbmv_4_comuAndEmb_0_60_pos_0_40_16,0.6,16,SiNEcustom_spatial,0.1608409869808783,0.696700688345597,0.04404315425609147,0.6678284612076268,SiNEcustom_spatial_dist,1.0
artificial_graph_sbmv_4_comuAndEmb_0_60_pos_0_40_16,0.6,16,deepwalk,0.11436763006144954,0.6360194635651555,0.03469392494289977,0.6350134890328298,deepwalk_dist,1.0
artificial_graph_sbmv_4_comuAndEmb_0_60_pos_0_40_16,0.6,16,GT_pos + SiNEcustom_spatial,0.1655494015025947,0.7287918347970568,0.059758453133857276,0.7313603722191089,GT_pos_dist,0.5210573
artificial_graph_sbmv_4_comuAndEmb_0_60_pos_0_40_16,0.6,16,GT_pos + deepwalk,0.16782275295826304,0.6922501780204131,0.04504014569634171,0.6796750902527076,GT_pos_dist,0.51049984
artificial_graph_sbmv_4_comuAndEmb_0_50_pos_0_50_16,0.5,16,Inferred_Commu_normal,0.10944925283765372,0.6195207840819543,0.03559327826674301,0.6375388407020601,louvain_density,1.0
artificial_graph_sbmv_4_comuAndEmb_0_50_pos_0_50_16,0.5,16,Inferred_Commu_spatial_manuel_iter,0.11798953277831632,0.5900192080378251,0.029365957263665268,0.5729552974496535,spatial_louvain_density,1.0
artificial_graph_sbmv_4_comuAndEmb_0_50_pos_0_50_16,0.5,16,GT_pos,0.14392393179059462,0.6398985421591804,0.05040384801828186,0.693192630819297,GT_pos_dist,1.0
artificial_graph_sbmv_4_comuAndEmb_0_50_pos_0_50_16,0.5,16,GT_pos + Inferred_Commu normal,0.16840063955505633,0.6790903270291568,0.048232217499304876,0.6850445936193679,GT_pos_dist,0.58250266
artificial_graph_sbmv_4_comuAndEmb_0_50_pos_0_50_16,0.5,16,GT_pos + Inferred_Commu spatial manuel iter,0.16508026577939738,0.7006501182033097,0.05161566886693101,0.720039078988576,GT_pos_dist,0.5029248
artificial_graph_sbmv_4_comuAndEmb_0_50_pos_0_50_16,0.5,16,SiNEcustom_spatial,0.08722582000920354,0.5695429472025216,0.024017513079755356,0.5665272804019553,SiNEcustom_spatial_dist,1.0
artificial_graph_sbmv_4_comuAndEmb_0_50_pos_0_50_16,0.5,16,deepwalk,0.0930461255477578,0.5974315405831363,0.034795996406663476,0.6437387835132965,deepwalk_dist,1.0
artificial_graph_sbmv_4_comuAndEmb_0_50_pos_0_50_16,0.5,16,GT_pos + SiNEcustom_spatial,0.1420246105223722,0.7152654649330181,0.03860191846954754,0.6830041802263042,GT_pos_dist,0.55455375
artificial_graph_sbmv_4_comuAndEmb_0_50_pos_0_50_16,0.5,16,GT_pos + deepwalk,0.1372998758156247,0.6559791174152876,0.045310499907490726,0.6870515107365096,GT_pos_dist,0.58399963
artificial_graph_sbmv_4_comuAndEmb_0_40_pos_0_60_16,0.3999999999999999,16,Inferred_Commu_normal,0.12582491809892649,0.6771188208301466,0.03516386989129674,0.6427951675635357,louvain_density,1.0
artificial_graph_sbmv_4_comuAndEmb_0_40_pos_0_60_16,0.3999999999999999,16,Inferred_Commu_spatial_manuel_iter,0.10837779402547898,0.571287862986396,0.023848664443910747,0.5714802333635249,spatial_louvain_density,1.0
artificial_graph_sbmv_4_comuAndEmb_0_40_pos_0_60_16,0.3999999999999999,16,GT_pos,0.2202851968334596,0.777851166886834,0.053649147995099296,0.6819729340934519,GT_pos_dist,1.0
artificial_graph_sbmv_4_comuAndEmb_0_40_pos_0_60_16,0.3999999999999999,16,GT_pos + Inferred_Commu normal,0.22091355718160086,0.7776078240515423,0.05190922709528707,0.6591042410357504,GT_pos_dist,0.69701934
artificial_graph_sbmv_4_comuAndEmb_0_40_pos_0_60_16,0.3999999999999999,16,GT_pos + Inferred_Commu spatial manuel iter,0.2632739867804266,0.7930427124614706,0.05507115142763458,0.6797499866801642,GT_pos_dist,0.5996673
artificial_graph_sbmv_4_comuAndEmb_0_40_pos_0_60_16,0.3999999999999999,16,SiNEcustom_spatial,0.09025354111845782,0.5471853345384597,0.02737676568238937,0.5888510309552986,SiNEcustom_spatial_dist,1.0
artificial_graph_sbmv_4_comuAndEmb_0_40_pos_0_60_16,0.3999999999999999,16,deepwalk,0.1135649720433784,0.6577209205311825,0.0385998179716405,0.6345730992594171,deepwalk_dist,1.0
artificial_graph_sbmv_4_comuAndEmb_0_40_pos_0_60_16,0.3999999999999999,16,GT_pos + SiNEcustom_spatial,0.19956036511738723,0.7483835083084196,0.04207375257723806,0.6776272044328413,GT_pos_dist,0.6215566
artificial_graph_sbmv_4_comuAndEmb_0_40_pos_0_60_16,0.3999999999999999,16,GT_pos + deepwalk,0.17937171830040935,0.7557880831537231,0.04273039001346034,0.6781032553678938,GT_pos_dist,0.6259821
artificial_graph_sbmv_4_comuAndEmb_0_30_pos_0_70_16,0.29999999999999993,16,Inferred_Commu_normal,0.16033972212401243,0.7419598583234946,0.04407552591373091,0.7188178665700533,louvain_density,1.0
artificial_graph_sbmv_4_comuAndEmb_0_30_pos_0_70_16,0.29999999999999993,16,Inferred_Commu_spatial_manuel_iter,0.08838344741025785,0.5428217237308146,0.020066715906193508,0.5138454272553181,spatial_louvain_density,1.0
artificial_graph_sbmv_4_comuAndEmb_0_30_pos_0_70_16,0.29999999999999993,16,GT_pos,0.2521706447727997,0.7859622195985831,0.07254045344423338,0.758164950054345,GT_pos_dist,1.0
artificial_graph_sbmv_4_comuAndEmb_0_30_pos_0_70_16,0.29999999999999993,16,GT_pos + Inferred_Commu normal,0.23533808533213604,0.7709681227863046,0.071541748529258,0.7561446094922623,GT_pos_dist,0.6887923
artificial_graph_sbmv_4_comuAndEmb_0_30_pos_0_70_16,0.29999999999999993,16,GT_pos + Inferred_Commu spatial manuel iter,0.22092569330635284,0.7797402597402597,0.06403592252738446,0.7440625485223332,GT_pos_dist,0.6930388
artificial_graph_sbmv_4_comuAndEmb_0_30_pos_0_70_16,0.29999999999999993,16,SiNEcustom_spatial,0.09262932299698574,0.5512042502951594,0.02455805707636939,0.5722418611873091,SiNEcustom_spatial_dist,1.0
artificial_graph_sbmv_4_comuAndEmb_0_30_pos_0_70_16,0.29999999999999993,16,deepwalk,0.19011580805700212,0.705879574970484,0.040393949778544096,0.689597588116557,deepwalk_dist,1.0
artificial_graph_sbmv_4_comuAndEmb_0_30_pos_0_70_16,0.29999999999999993,16,GT_pos + SiNEcustom_spatial,0.2012275931291025,0.7577213695395513,0.0612637290968424,0.7403192122560943,GT_pos_dist,0.67796576
artificial_graph_sbmv_4_comuAndEmb_0_30_pos_0_70_16,0.29999999999999993,16,GT_pos + deepwalk,0.24083776906584958,0.7572609208972845,0.053934383567215256,0.7287007660059004,GT_pos_dist,0.67807615
artificial_graph_sbmv_4_comuAndEmb_0_20_pos_0_80_16,0.19999999999999996,16,Inferred_Commu_normal,0.1832627735137496,0.7819244391971666,0.045333526530432294,0.73802455877025,louvain_density,1.0
artificial_graph_sbmv_4_comuAndEmb_0_20_pos_0_80_16,0.19999999999999996,16,Inferred_Commu_spatial_manuel_iter,0.08172029142536266,0.575608028335301,0.020542689559158812,0.5266482066145645,spatial_louvain_density,1.0
artificial_graph_sbmv_4_comuAndEmb_0_20_pos_0_80_16,0.19999999999999996,16,GT_pos,0.31628318816359763,0.8473435655253838,0.09954338330226017,0.8026339216396665,GT_pos_dist,1.0
artificial_graph_sbmv_4_comuAndEmb_0_20_pos_0_80_16,0.19999999999999996,16,GT_pos + Inferred_Commu normal,0.33858312883926645,0.8420425029515938,0.10702489047317633,0.803515087210807,GT_pos_dist,0.6910909
artificial_graph_sbmv_4_comuAndEmb_0_20_pos_0_80_16,0.19999999999999996,16,GT_pos + Inferred_Commu spatial manuel iter,0.3236111482071096,0.8332231404958679,0.07677779528535897,0.7688829511930024,GT_pos_dist,0.7143284
artificial_graph_sbmv_4_comuAndEmb_0_20_pos_0_80_16,0.19999999999999996,16,SiNEcustom_spatial,0.07430300694576558,0.5326800472255018,0.0333456298339547,0.6359271000465814,SiNEcustom_spatial_dist,1.0
artificial_graph_sbmv_4_comuAndEmb_0_20_pos_0_80_16,0.19999999999999996,16,deepwalk,0.1818557571437268,0.7388075560802834,0.046517051640005254,0.7105501785621863,deepwalk_dist,1.0
artificial_graph_sbmv_4_comuAndEmb_0_20_pos_0_80_16,0.19999999999999996,16,GT_pos + SiNEcustom_spatial,0.293712654072513,0.7966115702479339,0.08487708526520081,0.7868500595207288,GT_pos_dist,0.7110033
artificial_graph_sbmv_4_comuAndEmb_0_20_pos_0_80_16,0.19999999999999996,16,GT_pos + deepwalk,0.311712088835755,0.8346044864226683,0.08169888420666747,0.7685136638890326,GT_pos_dist,0.70692235
artificial_graph_sbmv_4_comuAndEmb_0_10_pos_0_90_16,0.09999999999999998,16,Inferred_Commu_normal,0.16692310563886292,0.7728676367379405,0.05318222500652235,0.7815796948095344,louvain_density,1.0
artificial_graph_sbmv_4_comuAndEmb_0_10_pos_0_90_16,0.09999999999999998,16,Inferred_Commu_spatial_manuel_iter,0.08131386251700753,0.5196041734899172,0.01957914324624384,0.5028814880819782,spatial_louvain_density,1.0
artificial_graph_sbmv_4_comuAndEmb_0_10_pos_0_90_16,0.09999999999999998,16,GT_pos,0.30604411534615855,0.841692789968652,0.11338613010130708,0.8432361049231455,GT_pos_dist,1.0
artificial_graph_sbmv_4_comuAndEmb_0_10_pos_0_90_16,0.09999999999999998,16,GT_pos + Inferred_Commu normal,0.25673562972301345,0.8274809338885509,0.11002928980689329,0.8389098351525953,GT_pos_dist,0.73002666
artificial_graph_sbmv_4_comuAndEmb_0_10_pos_0_90_16,0.09999999999999998,16,GT_pos + Inferred_Commu spatial manuel iter,0.32957894656663395,0.8151172039489075,0.11819518615205143,0.835621658498552,GT_pos_dist,0.7670343
artificial_graph_sbmv_4_comuAndEmb_0_10_pos_0_90_16,0.09999999999999998,16,SiNEcustom_spatial,0.12751883605696146,0.6539910167033174,0.034182911457266735,0.6507089552238807,SiNEcustom_spatial_dist,1.0
artificial_graph_sbmv_4_comuAndEmb_0_10_pos_0_90_16,0.09999999999999998,16,deepwalk,0.20924975315773126,0.7450170776212979,0.06575055512336138,0.7796861773223436,deepwalk_dist,1.0
artificial_graph_sbmv_4_comuAndEmb_0_10_pos_0_90_16,0.09999999999999998,16,GT_pos + SiNEcustom_spatial,0.29554528980327577,0.81952697328405,0.10463545326196072,0.8186515649365115,GT_pos_dist,0.75202614
artificial_graph_sbmv_4_comuAndEmb_0_10_pos_0_90_16,0.09999999999999998,16,GT_pos + deepwalk,0.26606845695389947,0.8036541430777149,0.09984969991446595,0.818530853196703,GT_pos_dist,0.7277004
artificial_graph_sbmv_4_comuAndEmb_0_00_pos_1_00_16,0.0,16,Inferred_Commu_normal,0.20874610822925432,0.8346041055718474,0.07173283181700627,0.835459708959246,louvain_density,1.0
artificial_graph_sbmv_4_comuAndEmb_0_00_pos_1_00_16,0.0,16,Inferred_Commu_spatial_manuel_iter,0.07891242898466752,0.5349095796676442,0.02449528753321598,0.5838068849241995,spatial_louvain_density,1.0
artificial_graph_sbmv_4_comuAndEmb_0_00_pos_1_00_16,0.0,16,GT_pos,0.4376844573113178,0.9280547409579667,0.1737745102568915,0.9013026353975206,GT_pos_dist,1.0
artificial_graph_sbmv_4_comuAndEmb_0_00_pos_1_00_16,0.0,16,GT_pos + Inferred_Commu normal,0.42607144703036487,0.9260019550342131,0.14244100703955917,0.8960218902447451,GT_pos_dist,0.7630106
artificial_graph_sbmv_4_comuAndEmb_0_00_pos_1_00_16,0.0,16,GT_pos + Inferred_Commu spatial manuel iter,0.3982599546854379,0.9114858260019552,0.15321914843438866,0.8963325548292589,GT_pos_dist,0.787619
artificial_graph_sbmv_4_comuAndEmb_0_00_pos_1_00_16,0.0,16,SiNEcustom_spatial,0.17929178270884774,0.7354227761485825,0.05088393920874594,0.7547032241124363,SiNEcustom_spatial_dist,1.0
artificial_graph_sbmv_4_comuAndEmb_0_00_pos_1_00_16,0.0,16,deepwalk,0.22222126184265062,0.8118523949169111,0.09919886893297387,0.8195480991141637,deepwalk_dist,1.0
artificial_graph_sbmv_4_comuAndEmb_0_00_pos_1_00_16,0.0,16,GT_pos + SiNEcustom_spatial,0.4268085707649442,0.9120112414467253,0.16086963688833134,0.8919937535412723,GT_pos_dist,0.7872464
artificial_graph_sbmv_4_comuAndEmb_0_00_pos_1_00_16,0.0,16,GT_pos + deepwalk,0.3771350036865306,0.9042766373411535,0.13692612349402697,0.8821486712455604,GT_pos_dist,0.7624604
artificial_graph_sbmv_4_comuAndEmb_1_00_pos_0_00_17,1.0,17,Inferred_Commu_normal,0.13349184365307087,0.7230362091681433,0.04996369405928799,0.7499851900826446,louvain_density,1.0
artificial_graph_sbmv_4_comuAndEmb_1_00_pos_0_00_17,1.0,17,Inferred_Commu_spatial_manuel_iter,0.14921234500675956,0.7639475716687111,0.0526838891502622,0.7579252892561983,spatial_louvain_density,1.0
artificial_graph_sbmv_4_comuAndEmb_1_00_pos_0_00_17,1.0,17,GT_pos,0.07819072625612984,0.5052473763118441,0.019358012209481322,0.4922714710743802,GT_pos_dist,1.0
artificial_graph_sbmv_4_comuAndEmb_1_00_pos_0_00_17,1.0,17,GT_pos + Inferred_Commu normal,0.14633140545639833,0.7101562854936168,0.048322029533698754,0.7409725619834711,louvain_density,0.82995063
artificial_graph_sbmv_4_comuAndEmb_1_00_pos_0_00_17,1.0,17,GT_pos + Inferred_Commu spatial manuel iter,0.14439503075286814,0.7418336286402254,0.04255559071498981,0.6859592727272728,spatial_louvain_density,0.8335304
artificial_graph_sbmv_4_comuAndEmb_1_00_pos_0_00_17,1.0,17,SiNEcustom_spatial,0.23095297971892287,0.8035754849847803,0.09682013314177557,0.8193990082644628,SiNEcustom_spatial_dist,1.0
artificial_graph_sbmv_4_comuAndEmb_1_00_pos_0_00_17,1.0,17,deepwalk,0.24594298621443605,0.726897914679024,0.11767890383811427,0.8204018512396695,deepwalk_dist,1.0
artificial_graph_sbmv_4_comuAndEmb_1_00_pos_0_00_17,1.0,17,GT_pos + SiNEcustom_spatial,0.20792279641358696,0.7924219708327653,0.09459054836665214,0.7886747768595042,SiNEcustom_spatial_dist,0.7070856
artificial_graph_sbmv_4_comuAndEmb_1_00_pos_0_00_17,1.0,17,GT_pos + deepwalk,0.2623549436630496,0.6967198219072281,0.1110364270449885,0.7955254214876033,deepwalk_dist,0.6792071
artificial_graph_sbmv_4_comuAndEmb_0_90_pos_0_10_17,0.9,17,Inferred_Commu_normal,0.14120111842294059,0.7363102998696219,0.059431239572325545,0.7621231326392033,louvain_density,1.0
artificial_graph_sbmv_4_comuAndEmb_0_90_pos_0_10_17,0.9,17,Inferred_Commu_spatial_manuel_iter,0.14891181996017658,0.7568448500651891,0.06348944033852383,0.7654369750012575,spatial_louvain_density,1.0
artificial_graph_sbmv_4_comuAndEmb_0_90_pos_0_10_17,0.9,17,GT_pos,0.08887450697244192,0.5522924815297696,0.024435640526535476,0.5531015793974146,GT_pos_dist,1.0
artificial_graph_sbmv_4_comuAndEmb_0_90_pos_0_10_17,0.9,17,GT_pos + Inferred_Commu normal,0.16380116441833292,0.7411777488048674,0.053706072051271654,0.7371848750062875,louvain_density,0.7885376
artificial_graph_sbmv_4_comuAndEmb_0_90_pos_0_10_17,0.9,17,GT_pos + Inferred_Commu spatial manuel iter,0.17305963814866868,0.7245219469795741,0.05242496519073517,0.7623162818771692,spatial_louvain_density,0.7490194
artificial_graph_sbmv_4_comuAndEmb_0_90_pos_0_10_17,0.9,17,SiNEcustom_spatial,0.2098897388971678,0.70625814863103,0.08801231504958885,0.7606365373975152,SiNEcustom_spatial_dist,1.0
artificial_graph_sbmv_4_comuAndEmb_0_90_pos_0_10_17,0.9,17,deepwalk,0.19587176668177433,0.7042590178183399,0.06718290325834378,0.7597982998843117,deepwalk_dist,1.0
artificial_graph_sbmv_4_comuAndEmb_0_90_pos_0_10_17,0.9,17,GT_pos + SiNEcustom_spatial,0.23357253669806427,0.7248044328552802,0.07588188942887436,0.7657795131029626,SiNEcustom_spatial_dist,0.64047724
artificial_graph_sbmv_4_comuAndEmb_0_90_pos_0_10_17,0.9,17,GT_pos + deepwalk,0.22144289939981035,0.7349739243807041,0.06207673281069326,0.7533581057290881,deepwalk_dist,0.618211
artificial_graph_sbmv_4_comuAndEmb_0_80_pos_0_20_17,0.8,17,Inferred_Commu_normal,0.1325055095869831,0.7145899145899146,0.03972350683972879,0.7174848214285714,louvain_density,1.0
artificial_graph_sbmv_4_comuAndEmb_0_80_pos_0_20_17,0.8,17,Inferred_Commu_spatial_manuel_iter,0.14282199948673785,0.7233766233766233,0.041378246058327864,0.6917872448979591,spatial_louvain_density,1.0
artificial_graph_sbmv_4_comuAndEmb_0_80_pos_0_20_17,0.8,17,GT_pos,0.09467279808364248,0.5729495729495729,0.02421669313630774,0.5347498724489795,GT_pos_dist,1.0
artificial_graph_sbmv_4_comuAndEmb_0_80_pos_0_20_17,0.8,17,GT_pos + Inferred_Commu normal,0.1420203453176622,0.7247689247689247,0.04006491842707627,0.7101551020408163,louvain_density,0.75817674
artificial_graph_sbmv_4_comuAndEmb_0_80_pos_0_20_17,0.8,17,GT_pos + Inferred_Commu spatial manuel iter,0.14795996168383851,0.6927342927342928,0.03757848149056898,0.679532525510204,spatial_louvain_density,0.7170352
artificial_graph_sbmv_4_comuAndEmb_0_80_pos_0_20_17,0.8,17,SiNEcustom_spatial,0.2192453738512251,0.7143910143910144,0.054732015005265554,0.7150460459183674,SiNEcustom_spatial_dist,1.0
artificial_graph_sbmv_4_comuAndEmb_0_80_pos_0_20_17,0.8,17,deepwalk,0.18467362770630025,0.706002106002106,0.05748216308597018,0.6780647959183674,deepwalk_dist,1.0
artificial_graph_sbmv_4_comuAndEmb_0_80_pos_0_20_17,0.8,17,GT_pos + SiNEcustom_spatial,0.20584839664571397,0.708037908037908,0.04395657747005896,0.7180512755102041,SiNEcustom_spatial_dist,0.6089672
artificial_graph_sbmv_4_comuAndEmb_0_80_pos_0_20_17,0.8,17,GT_pos + deepwalk,0.18145761082373196,0.7293202293202292,0.04144939235885197,0.6815286989795918,deepwalk_dist,0.56800354
artificial_graph_sbmv_4_comuAndEmb_0_70_pos_0_30_17,0.7,17,Inferred_Commu_normal,0.1501282774233431,0.7314511444173346,0.03802174885285726,0.6881490426545371,louvain_density,1.0
artificial_graph_sbmv_4_comuAndEmb_0_70_pos_0_30_17,0.7,17,Inferred_Commu_spatial_manuel_iter,0.18183558792582027,0.7520855117927268,0.042612041676986505,0.7181146936091991,spatial_louvain_density,1.0
artificial_graph_sbmv_4_comuAndEmb_0_70_pos_0_30_17,0.7,17,GT_pos,0.08920744619207668,0.5738003950273034,0.023480604026655475,0.5411282856337801,GT_pos_dist,1.0
artificial_graph_sbmv_4_comuAndEmb_0_70_pos_0_30_17,0.7,17,GT_pos + Inferred_Commu normal,0.13734942555705817,0.7256767747182526,0.03295933124659065,0.6642123200364959,louvain_density,0.60887176
artificial_graph_sbmv_4_comuAndEmb_0_70_pos_0_30_17,0.7,17,GT_pos + Inferred_Commu spatial manuel iter,0.14615021625776498,0.7364238410596027,0.03757380546906098,0.6884414120677856,spatial_louvain_density,0.60121113
artificial_graph_sbmv_4_comuAndEmb_0_70_pos_0_30_17,0.7,17,SiNEcustom_spatial,0.18833148874289218,0.6799000813291506,0.06746804850130658,0.702175260636799,SiNEcustom_spatial_dist,1.0
artificial_graph_sbmv_4_comuAndEmb_0_70_pos_0_30_17,0.7,17,deepwalk,0.2057134183298296,0.6971186243755084,0.03858664352185971,0.6539051912678286,deepwalk_dist,1.0
artificial_graph_sbmv_4_comuAndEmb_0_70_pos_0_30_17,0.7,17,GT_pos + SiNEcustom_spatial,0.1798370622268971,0.7172650168467527,0.06119989668691412,0.7009107864052919,SiNEcustom_spatial_dist,0.552043
artificial_graph_sbmv_4_comuAndEmb_0_70_pos_0_30_17,0.7,17,GT_pos + deepwalk,0.18380224742315326,0.7383757406761937,0.035810744621130854,0.6532520227025722,deepwalk_dist,0.55868506
artificial_graph_sbmv_4_comuAndEmb_0_60_pos_0_40_17,0.6,17,Inferred_Commu_normal,0.10670272492372908,0.6515833835039133,0.03205654001173364,0.6584635511009138,louvain_density,1.0
artificial_graph_sbmv_4_comuAndEmb_0_60_pos_0_40_17,0.6,17,Inferred_Commu_spatial_manuel_iter,0.11594695310148556,0.6189283564118001,0.03178120118387018,0.6168408270606073,spatial_louvain_density,1.0
artificial_graph_sbmv_4_comuAndEmb_0_60_pos_0_40_17,0.6,17,GT_pos,0.11443010053493259,0.546044551475015,0.04179093430537814,0.6475965060580444,GT_pos_dist,1.0
artificial_graph_sbmv_4_comuAndEmb_0_60_pos_0_40_17,0.6,17,GT_pos + Inferred_Commu normal,0.11657859766188101,0.6226008428657436,0.04132332228724058,0.6975833568141261,louvain_density,0.54709023
artificial_graph_sbmv_4_comuAndEmb_0_60_pos_0_40_17,0.6,17,GT_pos + Inferred_Commu spatial manuel iter,0.15265775791561154,0.6128597230583985,0.04409508841119998,0.6799455245609092,GT_pos_dist,0.51345557
artificial_graph_sbmv_4_comuAndEmb_0_60_pos_0_40_17,0.6,17,SiNEcustom_spatial,0.13200472075870184,0.6342203491872366,0.04912076945428205,0.6887528344671201,SiNEcustom_spatial_dist,1.0
artificial_graph_sbmv_4_comuAndEmb_0_60_pos_0_40_17,0.6,17,deepwalk,0.12585926126715255,0.6501384708007224,0.03928457449267434,0.6671335990017309,deepwalk_dist,1.0
artificial_graph_sbmv_4_comuAndEmb_0_60_pos_0_40_17,0.6,17,GT_pos + SiNEcustom_spatial,0.16346947863671296,0.6802408187838651,0.051533678382709926,0.7252260194018436,SiNEcustom_spatial_dist,0.5106724
artificial_graph_sbmv_4_comuAndEmb_0_60_pos_0_40_17,0.6,17,GT_pos + deepwalk,0.19136832387576197,0.6393016255267912,0.04119931534016804,0.6934035073595513,deepwalk_dist,0.5088815
artificial_graph_sbmv_4_comuAndEmb_0_50_pos_0_50_17,0.5,17,Inferred_Commu_normal,0.129113689065246,0.6400695349847891,0.03235770027991602,0.6391553147123825,louvain_density,1.0
artificial_graph_sbmv_4_comuAndEmb_0_50_pos_0_50_17,0.5,17,Inferred_Commu_spatial_manuel_iter,0.11480049848218249,0.6000325945241199,0.03338427224783716,0.6100677995729751,spatial_louvain_density,1.0
artificial_graph_sbmv_4_comuAndEmb_0_50_pos_0_50_17,0.5,17,GT_pos,0.18442754591749508,0.7315080399826162,0.05367432266437859,0.6751462747693191,GT_pos_dist,1.0
artificial_graph_sbmv_4_comuAndEmb_0_50_pos_0_50_17,0.5,17,GT_pos + Inferred_Commu normal,0.1935565776243343,0.7173728813559321,0.054682839129269675,0.6706761228133702,GT_pos_dist,0.65236
artificial_graph_sbmv_4_comuAndEmb_0_50_pos_0_50_17,0.5,17,GT_pos + Inferred_Commu spatial manuel iter,0.2143555221835792,0.7431334202520643,0.054742128233627105,0.6990302038981633,GT_pos_dist,0.60649925
artificial_graph_sbmv_4_comuAndEmb_0_50_pos_0_50_17,0.5,17,SiNEcustom_spatial,0.10200369768545957,0.5763363754889179,0.04627379890364405,0.6185218943924884,SiNEcustom_spatial_dist,1.0
artificial_graph_sbmv_4_comuAndEmb_0_50_pos_0_50_17,0.5,17,deepwalk,0.12669905750829275,0.6278248587570621,0.04999099668140794,0.6634651450261584,deepwalk_dist,1.0
artificial_graph_sbmv_4_comuAndEmb_0_50_pos_0_50_17,0.5,17,GT_pos + SiNEcustom_spatial,0.17451745349708303,0.7512820512820513,0.05970434258720319,0.698716303112787,GT_pos_dist,0.627029
artificial_graph_sbmv_4_comuAndEmb_0_50_pos_0_50_17,0.5,17,GT_pos + deepwalk,0.14244592665725264,0.7074858757062148,0.04532819302827714,0.6885228932812246,GT_pos_dist,0.61891633
artificial_graph_sbmv_4_comuAndEmb_0_40_pos_0_60_17,0.3999999999999999,17,Inferred_Commu_normal,0.10438617028861581,0.6184546615581098,0.036167957142657775,0.6640708801903115,louvain_density,1.0
artificial_graph_sbmv_4_comuAndEmb_0_40_pos_0_60_17,0.3999999999999999,17,Inferred_Commu_spatial_manuel_iter,0.08457321680448611,0.6051429413498379,0.020278341776242693,0.5047610294117647,spatial_louvain_density,1.0
artificial_graph_sbmv_4_comuAndEmb_0_40_pos_0_60_17,0.3999999999999999,17,GT_pos,0.12811899904999988,0.6118970429315256,0.06745341458183558,0.7477589749134949,GT_pos_dist,1.0
artificial_graph_sbmv_4_comuAndEmb_0_40_pos_0_60_17,0.3999999999999999,17,GT_pos + Inferred_Commu normal,0.12298523969624757,0.6009553983691914,0.054630295563749647,0.727644625865052,GT_pos_dist,0.6483333
artificial_graph_sbmv_4_comuAndEmb_0_40_pos_0_60_17,0.3999999999999999,17,GT_pos + Inferred_Commu spatial manuel iter,0.1755690424598794,0.6296050692602417,0.055367610734818044,0.7358397761678201,GT_pos_dist,0.6538387
artificial_graph_sbmv_4_comuAndEmb_0_40_pos_0_60_17,0.3999999999999999,17,SiNEcustom_spatial,0.07895644543028368,0.5542415757932999,0.030348834539141747,0.6107774653979239,SiNEcustom_spatial_dist,1.0
artificial_graph_sbmv_4_comuAndEmb_0_40_pos_0_60_17,0.3999999999999999,17,deepwalk,0.10616118708147187,0.59184350132626,0.041437821850029866,0.6850608239619377,deepwalk_dist,1.0
artificial_graph_sbmv_4_comuAndEmb_0_40_pos_0_60_17,0.3999999999999999,17,GT_pos + SiNEcustom_spatial,0.13734769769234123,0.6236491796836624,0.05262670553928988,0.7324347156141868,GT_pos_dist,0.62083304
artificial_graph_sbmv_4_comuAndEmb_0_40_pos_0_60_17,0.3999999999999999,17,GT_pos + deepwalk,0.14687062493021835,0.6298752333235091,0.058473382944303307,0.7433447772491348,GT_pos_dist,0.6114871
artificial_graph_sbmv_4_comuAndEmb_0_30_pos_0_70_17,0.29999999999999993,17,Inferred_Commu_normal,0.14797403454055774,0.7312136139722346,0.04006244302032666,0.7038777764931077,louvain_density,1.0
artificial_graph_sbmv_4_comuAndEmb_0_30_pos_0_70_17,0.29999999999999993,17,Inferred_Commu_spatial_manuel_iter,0.10672589355429947,0.5485109717868338,0.021654353811776796,0.5342625351678422,spatial_louvain_density,1.0
artificial_graph_sbmv_4_comuAndEmb_0_30_pos_0_70_17,0.29999999999999993,17,GT_pos,0.24477598763753083,0.7611845051500223,0.08638580593060828,0.7516980768489614,GT_pos_dist,1.0
artificial_graph_sbmv_4_comuAndEmb_0_30_pos_0_70_17,0.29999999999999993,17,GT_pos + Inferred_Commu normal,0.27236628905017224,0.7579377519032691,0.07765153496588997,0.7532471319741524,GT_pos_dist,0.61265326
artificial_graph_sbmv_4_comuAndEmb_0_30_pos_0_70_17,0.29999999999999993,17,GT_pos + Inferred_Commu spatial manuel iter,0.2535202156891401,0.750705329153605,0.07491246281720466,0.7399238190670727,GT_pos_dist,0.67742723
artificial_graph_sbmv_4_comuAndEmb_0_30_pos_0_70_17,0.29999999999999993,17,SiNEcustom_spatial,0.12677020877625655,0.6431930138826691,0.027841508638931246,0.595935689418173,SiNEcustom_spatial_dist,1.0
artificial_graph_sbmv_4_comuAndEmb_0_30_pos_0_70_17,0.29999999999999993,17,deepwalk,0.19072201720960175,0.7396215853112404,0.042236497655927976,0.6883422617900592,deepwalk_dist,1.0
artificial_graph_sbmv_4_comuAndEmb_0_30_pos_0_70_17,0.29999999999999993,17,GT_pos + SiNEcustom_spatial,0.21807406219405387,0.7183385579937305,0.054432851716586725,0.7299780321424442,GT_pos_dist,0.66690016
artificial_graph_sbmv_4_comuAndEmb_0_30_pos_0_70_17,0.29999999999999993,17,GT_pos + deepwalk,0.22400569812932225,0.7535602328705777,0.06909441528976386,0.7483115581762825,GT_pos_dist,0.673721
artificial_graph_sbmv_4_comuAndEmb_0_20_pos_0_80_17,0.19999999999999996,17,Inferred_Commu_normal,0.167062134869855,0.7297357814599192,0.05550948972794769,0.7510796366953149,louvain_density,1.0
artificial_graph_sbmv_4_comuAndEmb_0_20_pos_0_80_17,0.19999999999999996,17,Inferred_Commu_spatial_manuel_iter,0.07311724886552526,0.5242722794446932,0.02143847590154498,0.5312522963476831,spatial_louvain_density,1.0
artificial_graph_sbmv_4_comuAndEmb_0_20_pos_0_80_17,0.19999999999999996,17,GT_pos,0.30026281919204534,0.8591356918943127,0.11594823834426819,0.8238333269099831,GT_pos_dist,1.0
artificial_graph_sbmv_4_comuAndEmb_0_20_pos_0_80_17,0.19999999999999996,17,GT_pos + Inferred_Commu normal,0.3170455310898238,0.8431594267801164,0.10447146420738479,0.8171446923857608,GT_pos_dist,0.7217409
artificial_graph_sbmv_4_comuAndEmb_0_20_pos_0_80_17,0.19999999999999996,17,GT_pos + Inferred_Commu spatial manuel iter,0.2681111524627746,0.848152709359606,0.12200524688885708,0.8136902146683624,GT_pos_dist,0.77399987
artificial_graph_sbmv_4_comuAndEmb_0_20_pos_0_80_17,0.19999999999999996,17,SiNEcustom_spatial,0.12287883436449229,0.6895991939095388,0.02838250246984318,0.6246471653755734,SiNEcustom_spatial_dist,1.0
artificial_graph_sbmv_4_comuAndEmb_0_20_pos_0_80_17,0.19999999999999996,17,deepwalk,0.18096292458686333,0.7307545902373488,0.05871465861002232,0.7508191056127234,deepwalk_dist,1.0
artificial_graph_sbmv_4_comuAndEmb_0_20_pos_0_80_17,0.19999999999999996,17,GT_pos + SiNEcustom_spatial,0.29709027052831205,0.8447716077026421,0.1018676329932747,0.8098609987024833,GT_pos_dist,0.7657495
artificial_graph_sbmv_4_comuAndEmb_0_20_pos_0_80_17,0.19999999999999996,17,GT_pos + deepwalk,0.2923767203562724,0.8442006269592477,0.10475316783641574,0.8084754820724297,GT_pos_dist,0.7481578
artificial_graph_sbmv_4_comuAndEmb_0_10_pos_0_90_17,0.09999999999999998,17,Inferred_Commu_normal,0.16970473025748403,0.7785748106060606,0.05111478606006132,0.7672073140533566,louvain_density,1.0
artificial_graph_sbmv_4_comuAndEmb_0_10_pos_0_90_17,0.09999999999999998,17,Inferred_Commu_spatial_manuel_iter,0.06572715778715213,0.5072206439393939,0.020613013762087483,0.5219192221976044,spatial_louvain_density,1.0
artificial_graph_sbmv_4_comuAndEmb_0_10_pos_0_90_17,0.09999999999999998,17,GT_pos,0.257004164376479,0.8398555871212121,0.11431816875421322,0.8410921555083474,GT_pos_dist,1.0
artificial_graph_sbmv_4_comuAndEmb_0_10_pos_0_90_17,0.09999999999999998,17,GT_pos + Inferred_Commu normal,0.26276043717464925,0.8362215909090909,0.09733986209427384,0.8358722256252524,GT_pos_dist,0.760464
artificial_graph_sbmv_4_comuAndEmb_0_10_pos_0_90_17,0.09999999999999998,17,GT_pos + Inferred_Commu spatial manuel iter,0.23783022463577763,0.8186434659090909,0.10162143498434985,0.8212163588734376,GT_pos_dist,0.72623616
artificial_graph_sbmv_4_comuAndEmb_0_10_pos_0_90_17,0.09999999999999998,17,SiNEcustom_spatial,0.10123289623610676,0.6512192234848485,0.035288541533648354,0.6640155612610616,SiNEcustom_spatial_dist,1.0
artificial_graph_sbmv_4_comuAndEmb_0_10_pos_0_90_17,0.09999999999999998,17,deepwalk,0.22040473679565503,0.7412878787878787,0.059389655951570884,0.7572082263550939,deepwalk_dist,1.0
artificial_graph_sbmv_4_comuAndEmb_0_10_pos_0_90_17,0.09999999999999998,17,GT_pos + SiNEcustom_spatial,0.24560597585968563,0.8185842803030303,0.09532698712532119,0.8223628614995634,GT_pos_dist,0.7397069
artificial_graph_sbmv_4_comuAndEmb_0_10_pos_0_90_17,0.09999999999999998,17,GT_pos + deepwalk,0.3348253703607524,0.848638731060606,0.09935461668858546,0.8170484432222498,GT_pos_dist,0.7377316
artificial_graph_sbmv_4_comuAndEmb_0_00_pos_1_00_17,0.0,17,Inferred_Commu_normal,0.3001611593020902,0.8648453175306798,0.08006603390844183,0.8301702574591285,louvain_density,1.0
artificial_graph_sbmv_4_comuAndEmb_0_00_pos_1_00_17,0.0,17,Inferred_Commu_spatial_manuel_iter,0.12448114529986679,0.651847790583734,0.02836632554878385,0.5867876342228547,spatial_louvain_density,1.0
artificial_graph_sbmv_4_comuAndEmb_0_00_pos_1_00_17,0.0,17,GT_pos,0.4387604256682327,0.9035859269282815,0.16369609727253237,0.8987446276309062,GT_pos_dist,1.0
artificial_graph_sbmv_4_comuAndEmb_0_00_pos_1_00_17,0.0,17,GT_pos + Inferred_Commu normal,0.40783815169884624,0.8936237226447669,0.16771585069899192,0.8928151905031716,GT_pos_dist,0.80490327
artificial_graph_sbmv_4_comuAndEmb_0_00_pos_1_00_17,0.0,17,GT_pos + Inferred_Commu spatial manuel iter,0.3631790402820291,0.8747025337128458,0.15916377666712112,0.8913070576691864,GT_pos_dist,0.77902454
artificial_graph_sbmv_4_comuAndEmb_0_00_pos_1_00_17,0.0,17,SiNEcustom_spatial,0.15360572973223563,0.7585856936213896,0.05011721490077386,0.7364572076118352,SiNEcustom_spatial_dist,1.0
artificial_graph_sbmv_4_comuAndEmb_0_00_pos_1_00_17,0.0,17,deepwalk,0.31543431846858694,0.8380616863422146,0.11037359258569368,0.8213894224789596,deepwalk_dist,1.0
artificial_graph_sbmv_4_comuAndEmb_0_00_pos_1_00_17,0.0,17,GT_pos + SiNEcustom_spatial,0.3478051006307101,0.8895175213475806,0.13451778296812433,0.8830455632177554,GT_pos_dist,0.7804901
artificial_graph_sbmv_4_comuAndEmb_0_00_pos_1_00_17,0.0,17,GT_pos + deepwalk,0.40708111853658296,0.8989081237459755,0.15435003870363234,0.886834897251282,GT_pos_dist,0.7939694
artificial_graph_sbmv_4_comuAndEmb_1_00_pos_0_00_18,1.0,18,Inferred_Commu_normal,0.15573228594176014,0.7716027006207804,0.049881831317288385,0.7297921322314049,louvain_density,1.0
artificial_graph_sbmv_4_comuAndEmb_1_00_pos_0_00_18,1.0,18,Inferred_Commu_spatial_manuel_iter,0.21678641174940008,0.8187616113099824,0.05621709653666485,0.7948112396694216,spatial_louvain_density,1.0
artificial_graph_sbmv_4_comuAndEmb_1_00_pos_0_00_18,1.0,18,GT_pos,0.07119372516931934,0.52364175993475,0.020386952580823157,0.5152848925619835,GT_pos_dist,1.0
artificial_graph_sbmv_4_comuAndEmb_1_00_pos_0_00_18,1.0,18,GT_pos + Inferred_Commu normal,0.171709825544516,0.7666070053015542,0.056058213907456786,0.7415468429752066,louvain_density,0.8695151
artificial_graph_sbmv_4_comuAndEmb_1_00_pos_0_00_18,1.0,18,GT_pos + Inferred_Commu spatial manuel iter,0.2133774122564378,0.7970909420454031,0.05794506182926318,0.7671859834710745,spatial_louvain_density,0.83573973
artificial_graph_sbmv_4_comuAndEmb_1_00_pos_0_00_18,1.0,18,SiNEcustom_spatial,0.30137027648652465,0.809597172504418,0.11484233883322836,0.8325027438016529,SiNEcustom_spatial_dist,1.0
artificial_graph_sbmv_4_comuAndEmb_1_00_pos_0_00_18,1.0,18,deepwalk,0.34097552706665846,0.8417463410213422,0.1386517439784844,0.839993123966942,deepwalk_dist,1.0
artificial_graph_sbmv_4_comuAndEmb_1_00_pos_0_00_18,1.0,18,GT_pos + SiNEcustom_spatial,0.2930292568586806,0.8068557705378586,0.08740693548349052,0.8216567272727273,SiNEcustom_spatial_dist,0.73477596
artificial_graph_sbmv_4_comuAndEmb_1_00_pos_0_00_18,1.0,18,GT_pos + deepwalk,0.2904984127598778,0.8339072907698581,0.10297349897054707,0.8212445619834712,deepwalk_dist,0.6990129
artificial_graph_sbmv_4_comuAndEmb_0_90_pos_0_10_18,0.9,18,Inferred_Commu_normal,0.14002308528207483,0.7381697772426249,0.05279732871092233,0.7589832145876102,louvain_density,1.0
artificial_graph_sbmv_4_comuAndEmb_0_90_pos_0_10_18,0.9,18,Inferred_Commu_spatial_manuel_iter,0.15091885348078538,0.755316074653823,0.056427164619127675,0.7551914020045889,spatial_louvain_density,1.0
artificial_graph_sbmv_4_comuAndEmb_0_90_pos_0_10_18,0.9,18,GT_pos,0.06824753903929914,0.4801806140878988,0.019892774514700885,0.49932496075353217,GT_pos_dist,1.0
artificial_graph_sbmv_4_comuAndEmb_0_90_pos_0_10_18,0.9,18,GT_pos + Inferred_Commu normal,0.1319033852808144,0.6516195063214931,0.040997980796754895,0.6911264071703631,louvain_density,0.72168714
artificial_graph_sbmv_4_comuAndEmb_0_90_pos_0_10_18,0.9,18,GT_pos + Inferred_Commu spatial manuel iter,0.15008855371815935,0.6723419626730885,0.04214806870646193,0.6893652135410376,spatial_louvain_density,0.720086
artificial_graph_sbmv_4_comuAndEmb_0_90_pos_0_10_18,0.9,18,SiNEcustom_spatial,0.25651846273531276,0.8151234196267308,0.10383718088921737,0.7769004011861155,SiNEcustom_spatial_dist,1.0
artificial_graph_sbmv_4_comuAndEmb_0_90_pos_0_10_18,0.9,18,deepwalk,0.2697079152321322,0.7522335942203491,0.13111877868337465,0.7918802077043836,deepwalk_dist,1.0
artificial_graph_sbmv_4_comuAndEmb_0_90_pos_0_10_18,0.9,18,GT_pos + SiNEcustom_spatial,0.2624538592096408,0.7356291390728477,0.07588054080463505,0.7599711521689543,SiNEcustom_spatial_dist,0.6592653
artificial_graph_sbmv_4_comuAndEmb_0_90_pos_0_10_18,0.9,18,GT_pos + deepwalk,0.1981428981517721,0.7330042143287175,0.07918554867748212,0.7571022018274766,deepwalk_dist,0.6187859
artificial_graph_sbmv_4_comuAndEmb_0_80_pos_0_20_18,0.8,18,Inferred_Commu_normal,0.11487688692274006,0.6559711696678949,0.044097142945007994,0.6928649256198347,louvain_density,1.0
artificial_graph_sbmv_4_comuAndEmb_0_80_pos_0_20_18,0.8,18,Inferred_Commu_spatial_manuel_iter,0.16153095669502457,0.7542005608472967,0.04260373120495123,0.7129906776859505,spatial_louvain_density,1.0
artificial_graph_sbmv_4_comuAndEmb_0_80_pos_0_20_18,0.8,18,GT_pos,0.08940551758010729,0.5657952675612412,0.023323544740447358,0.5377582809917355,GT_pos_dist,1.0
artificial_graph_sbmv_4_comuAndEmb_0_80_pos_0_20_18,0.8,18,GT_pos + Inferred_Commu normal,0.12762667456321047,0.6918584439963846,0.04268158441236129,0.6674105123966942,louvain_density,0.7204852
artificial_graph_sbmv_4_comuAndEmb_0_80_pos_0_20_18,0.8,18,GT_pos + Inferred_Commu spatial manuel iter,0.18665303752076023,0.7326009872766461,0.03954839810636676,0.6647115371900827,spatial_louvain_density,0.69269216
artificial_graph_sbmv_4_comuAndEmb_0_80_pos_0_20_18,0.8,18,SiNEcustom_spatial,0.15970766211549645,0.6719390947646526,0.06632430981659561,0.7428167933884298,SiNEcustom_spatial_dist,1.0
artificial_graph_sbmv_4_comuAndEmb_0_80_pos_0_20_18,0.8,18,deepwalk,0.17253174299259258,0.6807226123432756,0.0850561483121528,0.7268358347107438,deepwalk_dist,1.0
artificial_graph_sbmv_4_comuAndEmb_0_80_pos_0_20_18,0.8,18,GT_pos + SiNEcustom_spatial,0.16412068855772904,0.6753343067046744,0.05142463239378127,0.7258701487603305,SiNEcustom_spatial_dist,0.63074327
artificial_graph_sbmv_4_comuAndEmb_0_80_pos_0_20_18,0.8,18,GT_pos + deepwalk,0.16647228006103162,0.6548819207861132,0.05685885882270741,0.7163977520661157,deepwalk_dist,0.5874452
artificial_graph_sbmv_4_comuAndEmb_0_70_pos_0_30_18,0.7,18,Inferred_Commu_normal,0.1317960716575585,0.7004531195538515,0.0351478256670463,0.676424210709925,louvain_density,1.0
artificial_graph_sbmv_4_comuAndEmb_0_70_pos_0_30_18,0.7,18,Inferred_Commu_spatial_manuel_iter,0.143226119728813,0.6975368885790635,0.032424466057630635,0.6205992298299989,spatial_louvain_density,1.0
artificial_graph_sbmv_4_comuAndEmb_0_70_pos_0_30_18,0.7,18,GT_pos,0.150473771841728,0.6400023236900197,0.03149698536907752,0.6063627581209998,GT_pos_dist,1.0
artificial_graph_sbmv_4_comuAndEmb_0_70_pos_0_30_18,0.7,18,GT_pos + Inferred_Commu normal,0.16780567595415685,0.7432322528174742,0.0415235495932217,0.7034962229467724,louvain_density,0.6200328
artificial_graph_sbmv_4_comuAndEmb_0_70_pos_0_30_18,0.7,18,GT_pos + Inferred_Commu spatial manuel iter,0.20934208188071174,0.7384803067270825,0.03885886854514853,0.6880675978478176,spatial_louvain_density,0.6119547
artificial_graph_sbmv_4_comuAndEmb_0_70_pos_0_30_18,0.7,18,SiNEcustom_spatial,0.19409455234195427,0.6758800975949808,0.05850696956109662,0.6950799017831985,SiNEcustom_spatial_dist,1.0
artificial_graph_sbmv_4_comuAndEmb_0_70_pos_0_30_18,0.7,18,deepwalk,0.13437681312884442,0.6349366794469617,0.05065865128736797,0.6921140763997906,deepwalk_dist,1.0
artificial_graph_sbmv_4_comuAndEmb_0_70_pos_0_30_18,0.7,18,GT_pos + SiNEcustom_spatial,0.23864761935890103,0.7762635064482398,0.05293978970907935,0.7257981456882556,SiNEcustom_spatial_dist,0.53899986
artificial_graph_sbmv_4_comuAndEmb_0_70_pos_0_30_18,0.7,18,GT_pos + deepwalk,0.1378950310798318,0.6888927617055884,0.03998130430997173,0.7046179339585933,deepwalk_dist,0.551109
artificial_graph_sbmv_4_comuAndEmb_0_60_pos_0_40_18,0.6,18,Inferred_Commu_normal,0.12675300948691468,0.6326068240518374,0.031314231090073315,0.6466573461457676,louvain_density,1.0
artificial_graph_sbmv_4_comuAndEmb_0_60_pos_0_40_18,0.6,18,Inferred_Commu_spatial_manuel_iter,0.1196577154457632,0.6241560560061625,0.02472099248779113,0.532747715816005,spatial_louvain_density,1.0
artificial_graph_sbmv_4_comuAndEmb_0_60_pos_0_40_18,0.6,18,GT_pos,0.12861314705230642,0.6128506049209299,0.03713140206735629,0.636865679479101,GT_pos_dist,1.0
artificial_graph_sbmv_4_comuAndEmb_0_60_pos_0_40_18,0.6,18,GT_pos + Inferred_Commu normal,0.16782871274322653,0.7126059178032534,0.03814721850668998,0.7001917926906112,louvain_density,0.56747794
artificial_graph_sbmv_4_comuAndEmb_0_60_pos_0_40_18,0.6,18,GT_pos + Inferred_Commu spatial manuel iter,0.16759296729098577,0.6751438669627079,0.03020802643243783,0.6195150703633691,spatial_louvain_density,0.52116925
artificial_graph_sbmv_4_comuAndEmb_0_60_pos_0_40_18,0.6,18,SiNEcustom_spatial,0.17564514865511585,0.6613802165934115,0.04442045370429157,0.6598960302457467,SiNEcustom_spatial_dist,1.0
artificial_graph_sbmv_4_comuAndEmb_0_60_pos_0_40_18,0.6,18,deepwalk,0.1318933124032666,0.6604399836875257,0.036579805641356204,0.65036350031506,deepwalk_dist,1.0
artificial_graph_sbmv_4_comuAndEmb_0_60_pos_0_40_18,0.6,18,GT_pos + SiNEcustom_spatial,0.1672978418977661,0.6994539852281481,0.044118512524864484,0.6987326717076244,GT_pos_dist,0.50938034
artificial_graph_sbmv_4_comuAndEmb_0_60_pos_0_40_18,0.6,18,GT_pos + deepwalk,0.1893251082129898,0.7015723412932167,0.05470400060000376,0.7046367622348246,GT_pos_dist,0.5016306
artificial_graph_sbmv_4_comuAndEmb_0_50_pos_0_50_18,0.5,18,Inferred_Commu_normal,0.11561679180850523,0.6697374214929662,0.031441356521753235,0.6624204958677686,louvain_density,1.0
artificial_graph_sbmv_4_comuAndEmb_0_50_pos_0_50_18,0.5,18,Inferred_Commu_spatial_manuel_iter,0.07717476010737587,0.5460613223944935,0.02925257221096607,0.6251739504132232,spatial_louvain_density,1.0
artificial_graph_sbmv_4_comuAndEmb_0_50_pos_0_50_18,0.5,18,GT_pos,0.1770742052283465,0.6184268465086097,0.04854801054854295,0.6651914049586777,GT_pos_dist,1.0
artificial_graph_sbmv_4_comuAndEmb_0_50_pos_0_50_18,0.5,18,GT_pos + Inferred_Commu normal,0.1807918503260801,0.6788685716934343,0.04332508972568998,0.6720215537190083,GT_pos_dist,0.6506561
artificial_graph_sbmv_4_comuAndEmb_0_50_pos_0_50_18,0.5,18,GT_pos + Inferred_Commu spatial manuel iter,0.12970679650338182,0.6498180722612343,0.05708622524534801,0.7195693223140496,GT_pos_dist,0.5261078
artificial_graph_sbmv_4_comuAndEmb_0_50_pos_0_50_18,0.5,18,SiNEcustom_spatial,0.1433238080407739,0.6364689795823774,0.03252379329737916,0.6262852231404958,SiNEcustom_spatial_dist,1.0
artificial_graph_sbmv_4_comuAndEmb_0_50_pos_0_50_18,0.5,18,deepwalk,0.13175456292234533,0.6168624997103062,0.02937492299363681,0.6209328925619835,deepwalk_dist,1.0
artificial_graph_sbmv_4_comuAndEmb_0_50_pos_0_50_18,0.5,18,GT_pos + SiNEcustom_spatial,0.13629648309501724,0.674546339428492,0.039659733935147594,0.7060572561983471,GT_pos_dist,0.5854946
artificial_graph_sbmv_4_comuAndEmb_0_50_pos_0_50_18,0.5,18,GT_pos + deepwalk,0.14889841380663388,0.6434448075274051,0.03653976010347106,0.6851065123966942,GT_pos_dist,0.59450716
artificial_graph_sbmv_4_comuAndEmb_0_40_pos_0_60_18,0.3999999999999999,18,Inferred_Commu_normal,0.1101634281214897,0.6494065986233087,0.03386008793612323,0.6701658002520479,louvain_density,1.0
artificial_graph_sbmv_4_comuAndEmb_0_40_pos_0_60_18,0.3999999999999999,18,Inferred_Commu_spatial_manuel_iter,0.07182495536926052,0.5279136007595538,0.02196213064493278,0.5124069260659525,spatial_louvain_density,1.0
artificial_graph_sbmv_4_comuAndEmb_0_40_pos_0_60_18,0.3999999999999999,18,GT_pos,0.17852747840951125,0.6840137669119393,0.055404868787530814,0.7250892669607225,GT_pos_dist,1.0
artificial_graph_sbmv_4_comuAndEmb_0_40_pos_0_60_18,0.3999999999999999,18,GT_pos + Inferred_Commu normal,0.15032034527660537,0.6796344647519582,0.05039915077058781,0.7208515805503046,GT_pos_dist,0.68472815
artificial_graph_sbmv_4_comuAndEmb_0_40_pos_0_60_18,0.3999999999999999,18,GT_pos + Inferred_Commu spatial manuel iter,0.14285508494705906,0.6756942796107287,0.046883526837846086,0.7094179269061122,GT_pos_dist,0.63477176
artificial_graph_sbmv_4_comuAndEmb_0_40_pos_0_60_18,0.3999999999999999,18,SiNEcustom_spatial,0.12223470986356377,0.5700094944220271,0.03028000083949841,0.6114059546313799,SiNEcustom_spatial_dist,1.0
artificial_graph_sbmv_4_comuAndEmb_0_40_pos_0_60_18,0.3999999999999999,18,deepwalk,0.11067543362606201,0.6018039401851412,0.03640135238190731,0.6568152699012813,deepwalk_dist,1.0
artificial_graph_sbmv_4_comuAndEmb_0_40_pos_0_60_18,0.3999999999999999,18,GT_pos + SiNEcustom_spatial,0.14941125783929,0.6682174222644195,0.0486724488487,0.7299316057550935,GT_pos_dist,0.6316231
artificial_graph_sbmv_4_comuAndEmb_0_40_pos_0_60_18,0.3999999999999999,18,GT_pos + deepwalk,0.13303400490899694,0.6654640398765725,0.048403492721322466,0.7102642564587272,GT_pos_dist,0.6398145
artificial_graph_sbmv_4_comuAndEmb_0_30_pos_0_70_18,0.29999999999999993,18,Inferred_Commu_normal,0.1335927553704454,0.6808687396154759,0.048130661744709965,0.7462805458170965,louvain_density,1.0
artificial_graph_sbmv_4_comuAndEmb_0_30_pos_0_70_18,0.29999999999999993,18,Inferred_Commu_spatial_manuel_iter,0.07223007443288973,0.5399952527889865,0.01896785656659604,0.49335427283035094,spatial_louvain_density,1.0
artificial_graph_sbmv_4_comuAndEmb_0_30_pos_0_70_18,0.29999999999999993,18,GT_pos,0.2575959800579775,0.7578447661998574,0.09345880673276251,0.7915497399940049,GT_pos_dist,1.0
artificial_graph_sbmv_4_comuAndEmb_0_30_pos_0_70_18,0.29999999999999993,18,GT_pos + Inferred_Commu normal,0.25520268715712185,0.7577854260621885,0.08803402524462858,0.7865412034563203,GT_pos_dist,0.715933
artificial_graph_sbmv_4_comuAndEmb_0_30_pos_0_70_18,0.29999999999999993,18,GT_pos + Inferred_Commu spatial manuel iter,0.24429432871409723,0.7195347733206742,0.0711225722864795,0.7549466303483691,GT_pos_dist,0.6550815
artificial_graph_sbmv_4_comuAndEmb_0_30_pos_0_70_18,0.29999999999999993,18,SiNEcustom_spatial,0.15583654914573175,0.652219321148825,0.027268525578824705,0.5919215681163575,SiNEcustom_spatial_dist,1.0
artificial_graph_sbmv_4_comuAndEmb_0_30_pos_0_70_18,0.29999999999999993,18,deepwalk,0.15042284450155236,0.6610728696890577,0.05030093010442731,0.6997527662291962,deepwalk_dist,1.0
artificial_graph_sbmv_4_comuAndEmb_0_30_pos_0_70_18,0.29999999999999993,18,GT_pos + SiNEcustom_spatial,0.249301380593752,0.7641110847377166,0.0657921175140962,0.7588622294047883,GT_pos_dist,0.68338734
artificial_graph_sbmv_4_comuAndEmb_0_30_pos_0_70_18,0.29999999999999993,18,GT_pos + deepwalk,0.2682565295098171,0.7258604319962023,0.10004949848136224,0.7822165022351393,GT_pos_dist,0.6906259
artificial_graph_sbmv_4_comuAndEmb_0_20_pos_0_80_18,0.19999999999999996,18,Inferred_Commu_normal,0.16356716798340556,0.7753396029258098,0.052603632787982066,0.7366210909090909,louvain_density,1.0
artificial_graph_sbmv_4_comuAndEmb_0_20_pos_0_80_18,0.19999999999999996,18,Inferred_Commu_spatial_manuel_iter,0.08455321174521814,0.559901867248194,0.02184836786613026,0.5366627438016528,spatial_louvain_density,1.0
artificial_graph_sbmv_4_comuAndEmb_0_20_pos_0_80_18,0.19999999999999996,18,GT_pos,0.35989628817332464,0.8156603516423606,0.09344104813529906,0.809843173553719,GT_pos_dist,1.0
artificial_graph_sbmv_4_comuAndEmb_0_20_pos_0_80_18,0.19999999999999996,18,GT_pos + Inferred_Commu normal,0.33532499919131253,0.8117986461314796,0.08857285000296897,0.8028366280991737,GT_pos_dist,0.71161
artificial_graph_sbmv_4_comuAndEmb_0_20_pos_0_80_18,0.19999999999999996,18,GT_pos + Inferred_Commu spatial manuel iter,0.295543329722581,0.8203284721275728,0.08410518534470354,0.7997369917355373,GT_pos_dist,0.72269446
artificial_graph_sbmv_4_comuAndEmb_0_20_pos_0_80_18,0.19999999999999996,18,SiNEcustom_spatial,0.11559723061698807,0.6117963745400028,0.03332117951607438,0.6504823801652893,SiNEcustom_spatial_dist,1.0
artificial_graph_sbmv_4_comuAndEmb_0_20_pos_0_80_18,0.19999999999999996,18,deepwalk,0.19576493487983723,0.745354595429558,0.04723839731770097,0.7392963966942149,deepwalk_dist,1.0
artificial_graph_sbmv_4_comuAndEmb_0_20_pos_0_80_18,0.19999999999999996,18,GT_pos + SiNEcustom_spatial,0.241080895723941,0.816205533596838,0.08360153014807642,0.7926234710743801,GT_pos_dist,0.7064379
artificial_graph_sbmv_4_comuAndEmb_0_20_pos_0_80_18,0.19999999999999996,18,GT_pos + deepwalk,0.3456334737123351,0.8307550770069511,0.07538473187414416,0.7967988099173555,GT_pos_dist,0.73132885
artificial_graph_sbmv_4_comuAndEmb_0_10_pos_0_90_18,0.09999999999999998,18,Inferred_Commu_normal,0.1730761419186243,0.7873591262925526,0.06256909782524939,0.7678345342081606,louvain_density,1.0
artificial_graph_sbmv_4_comuAndEmb_0_10_pos_0_90_18,0.09999999999999998,18,Inferred_Commu_spatial_manuel_iter,0.09866059845552305,0.5608574416172882,0.022718524882160404,0.5474525352547331,spatial_louvain_density,1.0
artificial_graph_sbmv_4_comuAndEmb_0_10_pos_0_90_18,0.09999999999999998,18,GT_pos,0.2743935692176525,0.8307772743116068,0.1473097023592143,0.8596585221859948,GT_pos_dist,1.0
artificial_graph_sbmv_4_comuAndEmb_0_10_pos_0_90_18,0.09999999999999998,18,GT_pos + Inferred_Commu normal,0.3024454632859833,0.8375740676193796,0.1470552307986266,0.8574931905701135,GT_pos_dist,0.7601698
artificial_graph_sbmv_4_comuAndEmb_0_10_pos_0_90_18,0.09999999999999998,18,GT_pos + Inferred_Commu spatial manuel iter,0.2882886506748612,0.8263390263738818,0.1413338449749383,0.8548073904117861,GT_pos_dist,0.74512774
artificial_graph_sbmv_4_comuAndEmb_0_10_pos_0_90_18,0.09999999999999998,18,SiNEcustom_spatial,0.1848380699455558,0.703055652375973,0.046091062815930256,0.6813979793100673,SiNEcustom_spatial_dist,1.0
artificial_graph_sbmv_4_comuAndEmb_0_10_pos_0_90_18,0.09999999999999998,18,deepwalk,0.16817029605462355,0.7420704078075985,0.08834923330784704,0.7914717760871607,deepwalk_dist,1.0
artificial_graph_sbmv_4_comuAndEmb_0_10_pos_0_90_18,0.09999999999999998,18,GT_pos + SiNEcustom_spatial,0.2654954951547667,0.8431044498663878,0.13165019368916347,0.8483806303586523,GT_pos_dist,0.75420874
artificial_graph_sbmv_4_comuAndEmb_0_10_pos_0_90_18,0.09999999999999998,18,GT_pos + deepwalk,0.24331336228271574,0.8308934588125944,0.1232213599906959,0.8484828724389163,GT_pos_dist,0.75564706
artificial_graph_sbmv_4_comuAndEmb_0_00_pos_1_00_18,0.0,18,Inferred_Commu_normal,0.2133199649558419,0.8234661889834304,0.06593419500898745,0.7694203198592205,louvain_density,1.0
artificial_graph_sbmv_4_comuAndEmb_0_00_pos_1_00_18,0.0,18,Inferred_Commu_spatial_manuel_iter,0.11520020397082817,0.5762875055978506,0.022860749396530933,0.5489418249573004,spatial_louvain_density,1.0
artificial_graph_sbmv_4_comuAndEmb_0_00_pos_1_00_18,0.0,18,GT_pos,0.3633036510618756,0.8894984326018809,0.17809781099253147,0.8972729154805652,GT_pos_dist,1.0
artificial_graph_sbmv_4_comuAndEmb_0_00_pos_1_00_18,0.0,18,GT_pos + Inferred_Commu normal,0.30455453005084376,0.8804075235109718,0.16697731614625447,0.8891157289995343,GT_pos_dist,0.77052253
artificial_graph_sbmv_4_comuAndEmb_0_00_pos_1_00_18,0.0,18,GT_pos + Inferred_Commu spatial manuel iter,0.3918695326406398,0.8716300940438872,0.1429149201951438,0.8851449200351948,GT_pos_dist,0.8066382
artificial_graph_sbmv_4_comuAndEmb_0_00_pos_1_00_18,0.0,18,SiNEcustom_spatial,0.18628142508556716,0.7315047021943575,0.042301107531519055,0.7178039438952435,SiNEcustom_spatial_dist,1.0
artificial_graph_sbmv_4_comuAndEmb_0_00_pos_1_00_18,0.0,18,deepwalk,0.20428021827645465,0.8026645768025079,0.08882037720462872,0.829854821179028,deepwalk_dist,1.0
artificial_graph_sbmv_4_comuAndEmb_0_00_pos_1_00_18,0.0,18,GT_pos + SiNEcustom_spatial,0.39808512330558854,0.8789968652037617,0.14974297872133283,0.8832596656487759,GT_pos_dist,0.77517945
artificial_graph_sbmv_4_comuAndEmb_0_00_pos_1_00_18,0.0,18,GT_pos + deepwalk,0.32535781280243636,0.8909650694133453,0.12666884640669468,0.880125769887687,GT_pos_dist,0.7681168
artificial_graph_sbmv_4_comuAndEmb_1_00_pos_0_00_19,1.0,19,Inferred_Commu_normal,0.161587573358433,0.7444289531776461,0.04764787472987241,0.7560583941605841,louvain_density,1.0
artificial_graph_sbmv_4_comuAndEmb_1_00_pos_0_00_19,1.0,19,Inferred_Commu_spatial_manuel_iter,0.1603742091241315,0.7899035668641803,0.047712664955125245,0.7543134956577335,spatial_louvain_density,1.0
artificial_graph_sbmv_4_comuAndEmb_1_00_pos_0_00_19,1.0,19,GT_pos,0.10973471644946309,0.5365748809108865,0.020103744101634242,0.5087176993979434,GT_pos_dist,1.0
artificial_graph_sbmv_4_comuAndEmb_1_00_pos_0_00_19,1.0,19,GT_pos + Inferred_Commu normal,0.2093914768603792,0.7205530382247007,0.045699747802641,0.7216488624860141,louvain_density,0.78843236
artificial_graph_sbmv_4_comuAndEmb_1_00_pos_0_00_19,1.0,19,GT_pos + Inferred_Commu spatial manuel iter,0.21049490048262473,0.7808179388869524,0.055960523202074564,0.7519477596036017,spatial_louvain_density,0.80383253
artificial_graph_sbmv_4_comuAndEmb_1_00_pos_0_00_19,1.0,19,SiNEcustom_spatial,0.3043583804721808,0.8395027303357732,0.1057880323640921,0.8139506633278278,SiNEcustom_spatial_dist,1.0
artificial_graph_sbmv_4_comuAndEmb_1_00_pos_0_00_19,1.0,19,deepwalk,0.2038556809068627,0.7880794701986755,0.07373142143872355,0.8003403218072354,deepwalk_dist,1.0
artificial_graph_sbmv_4_comuAndEmb_1_00_pos_0_00_19,1.0,19,GT_pos + SiNEcustom_spatial,0.2839114852571856,0.8114441733472755,0.09525525611680642,0.7955106825083915,SiNEcustom_spatial_dist,0.68815666
artificial_graph_sbmv_4_comuAndEmb_1_00_pos_0_00_19,1.0,19,GT_pos + deepwalk,0.1732160578359149,0.7728012083188103,0.06522515594574428,0.7683579306302946,deepwalk_dist,0.65715134
artificial_graph_sbmv_4_comuAndEmb_0_90_pos_0_10_19,0.9,19,Inferred_Commu_normal,0.137930547031544,0.7280061892130858,0.04341244922951523,0.724172794117647,louvain_density,1.0
artificial_graph_sbmv_4_comuAndEmb_0_90_pos_0_10_19,0.9,19,Inferred_Commu_spatial_manuel_iter,0.18303427923835558,0.7849371254543668,0.05156214666755147,0.7492387543252594,spatial_louvain_density,1.0
artificial_graph_sbmv_4_comuAndEmb_0_90_pos_0_10_19,0.9,19,GT_pos,0.06657482767161407,0.4358728755280479,0.023084802899053625,0.5327059904844291,GT_pos_dist,1.0
artificial_graph_sbmv_4_comuAndEmb_0_90_pos_0_10_19,0.9,19,GT_pos + Inferred_Commu normal,0.15591319711445795,0.6756803222320463,0.04258116480957873,0.7142380785034602,louvain_density,0.77988005
artificial_graph_sbmv_4_comuAndEmb_0_90_pos_0_10_19,0.9,19,GT_pos + Inferred_Commu spatial manuel iter,0.15806479600269677,0.7402495333529816,0.04908213261204697,0.760150437932526,spatial_louvain_density,0.73703307
artificial_graph_sbmv_4_comuAndEmb_0_90_pos_0_10_19,0.9,19,SiNEcustom_spatial,0.15399628687614664,0.7209082424599665,0.0945426522884532,0.7758765408737024,SiNEcustom_spatial_dist,1.0
artificial_graph_sbmv_4_comuAndEmb_0_90_pos_0_10_19,0.9,19,deepwalk,0.19294212159090068,0.7609539247470282,0.07614334198419019,0.7390870999134949,deepwalk_dist,1.0
artificial_graph_sbmv_4_comuAndEmb_0_90_pos_0_10_19,0.9,19,GT_pos + SiNEcustom_spatial,0.15050362448984675,0.6865360055015228,0.08143375895481388,0.7841832017733564,SiNEcustom_spatial_dist,0.6656976
artificial_graph_sbmv_4_comuAndEmb_0_90_pos_0_10_19,0.9,19,GT_pos + deepwalk,0.21311257330810457,0.7435283426662738,0.06845402777409632,0.7290989943771626,deepwalk_dist,0.656157
artificial_graph_sbmv_4_comuAndEmb_0_80_pos_0_20_19,0.8,19,Inferred_Commu_normal,0.13580724527738328,0.7261350205103247,0.0403431569162361,0.7282781448132559,louvain_density,1.0
artificial_graph_sbmv_4_comuAndEmb_0_80_pos_0_20_19,0.8,19,Inferred_Commu_spatial_manuel_iter,0.17802511235280388,0.7543975526663422,0.04148583470648878,0.7121863178645639,spatial_louvain_density,1.0
artificial_graph_sbmv_4_comuAndEmb_0_80_pos_0_20_19,0.8,19,GT_pos,0.07998382915871356,0.5231870958770771,0.026914704194285,0.5590403058234323,GT_pos_dist,1.0
artificial_graph_sbmv_4_comuAndEmb_0_80_pos_0_20_19,0.8,19,GT_pos + Inferred_Commu normal,0.1512543875487178,0.7262972490671858,0.04074721528035065,0.6894324417923171,louvain_density,0.78254986
artificial_graph_sbmv_4_comuAndEmb_0_80_pos_0_20_19,0.8,19,GT_pos + Inferred_Commu spatial manuel iter,0.15747084620101198,0.742415814966743,0.04426698901302549,0.7086060791731046,spatial_louvain_density,0.75268865
artificial_graph_sbmv_4_comuAndEmb_0_80_pos_0_20_19,0.8,19,SiNEcustom_spatial,0.21708830797470213,0.7304688405293285,0.08931044982563592,0.7617797964729074,SiNEcustom_spatial_dist,1.0
artificial_graph_sbmv_4_comuAndEmb_0_80_pos_0_20_19,0.8,19,deepwalk,0.20881360749961386,0.7305731303158822,0.04780530129529413,0.6999750919068678,deepwalk_dist,1.0
artificial_graph_sbmv_4_comuAndEmb_0_80_pos_0_20_19,0.8,19,GT_pos + SiNEcustom_spatial,0.25115080206870827,0.762311988690352,0.08435705872259346,0.7703637647184186,SiNEcustom_spatial_dist,0.6197957
artificial_graph_sbmv_4_comuAndEmb_0_80_pos_0_20_19,0.8,19,GT_pos + deepwalk,0.1818187938749682,0.6903288604602656,0.04259436030761,0.6737195641749694,deepwalk_dist,0.58117455
artificial_graph_sbmv_4_comuAndEmb_0_70_pos_0_30_19,0.7,19,Inferred_Commu_normal,0.13356006662373643,0.7274029356060606,0.03597568221202977,0.666974807439169,louvain_density,1.0
artificial_graph_sbmv_4_comuAndEmb_0_70_pos_0_30_19,0.7,19,Inferred_Commu_spatial_manuel_iter,0.12876302459618547,0.7204427083333332,0.03672142305046836,0.6577584746314952,spatial_louvain_density,1.0
artificial_graph_sbmv_4_comuAndEmb_0_70_pos_0_30_19,0.7,19,GT_pos,0.08928735824567632,0.5887192234848484,0.034595096900785174,0.57514772771703,GT_pos_dist,1.0
artificial_graph_sbmv_4_comuAndEmb_0_70_pos_0_30_19,0.7,19,GT_pos + Inferred_Commu normal,0.1076826050410362,0.6722419507575758,0.04360341990821006,0.6866659281366889,louvain_density,0.61149234
artificial_graph_sbmv_4_comuAndEmb_0_70_pos_0_30_19,0.7,19,GT_pos + Inferred_Commu spatial manuel iter,0.12432797450230808,0.7009114583333333,0.0373633171514495,0.6389071928475543,spatial_louvain_density,0.624027
artificial_graph_sbmv_4_comuAndEmb_0_70_pos_0_30_19,0.7,19,SiNEcustom_spatial,0.15843599896380836,0.6515269886363636,0.050973507992319686,0.6599263642169193,SiNEcustom_spatial_dist,1.0
artificial_graph_sbmv_4_comuAndEmb_0_70_pos_0_30_19,0.7,19,deepwalk,0.1196163840605431,0.6266216856060605,0.044219465889718944,0.6661095544057658,deepwalk_dist,1.0
artificial_graph_sbmv_4_comuAndEmb_0_70_pos_0_30_19,0.7,19,GT_pos + SiNEcustom_spatial,0.161469741412542,0.7128077651515151,0.05694414565340124,0.6933765590585046,SiNEcustom_spatial_dist,0.5428269
artificial_graph_sbmv_4_comuAndEmb_0_70_pos_0_30_19,0.7,19,GT_pos + deepwalk,0.13990836959669994,0.6844460227272726,0.04553212207266526,0.6754818908105149,GT_pos_dist,0.50362444
artificial_graph_sbmv_4_comuAndEmb_0_60_pos_0_40_19,0.6,19,Inferred_Commu_normal,0.14792176566042364,0.7241477272727272,0.029049771642223075,0.6036155821136728,louvain_density,1.0
artificial_graph_sbmv_4_comuAndEmb_0_60_pos_0_40_19,0.6,19,Inferred_Commu_spatial_manuel_iter,0.15551742921736178,0.7069957386363636,0.029846431856233112,0.6124480965475896,spatial_louvain_density,1.0
artificial_graph_sbmv_4_comuAndEmb_0_60_pos_0_40_19,0.6,19,GT_pos,0.11388425963079096,0.6288707386363636,0.04177563735627259,0.6582715791943072,GT_pos_dist,1.0
artificial_graph_sbmv_4_comuAndEmb_0_60_pos_0_40_19,0.6,19,GT_pos + Inferred_Commu normal,0.14214495947641556,0.7015861742424243,0.04215515405014209,0.6991939162507005,louvain_density,0.5684122
artificial_graph_sbmv_4_comuAndEmb_0_60_pos_0_40_19,0.6,19,GT_pos + Inferred_Commu spatial manuel iter,0.1678848942775833,0.7091974431818182,0.0459235792152531,0.7393130367918258,spatial_louvain_density,0.54046994
artificial_graph_sbmv_4_comuAndEmb_0_60_pos_0_40_19,0.6,19,SiNEcustom_spatial,0.16394194826156291,0.6429805871212121,0.040369718706951115,0.6472329888308201,SiNEcustom_spatial_dist,1.0
artificial_graph_sbmv_4_comuAndEmb_0_60_pos_0_40_19,0.6,19,deepwalk,0.11136424603196335,0.5772608901515152,0.041026306949330245,0.6569632081742236,deepwalk_dist,1.0
artificial_graph_sbmv_4_comuAndEmb_0_60_pos_0_40_19,0.6,19,GT_pos + SiNEcustom_spatial,0.2007208696912722,0.7561789772727273,0.05327963927543521,0.7355986654328872,GT_pos_dist,0.5128318
artificial_graph_sbmv_4_comuAndEmb_0_60_pos_0_40_19,0.6,19,GT_pos + deepwalk,0.14445925691605704,0.645111268939394,0.04918391280300685,0.7085407082068058,GT_pos_dist,0.5481556
artificial_graph_sbmv_4_comuAndEmb_0_50_pos_0_50_19,0.5,19,Inferred_Commu_normal,0.09041124486105805,0.5939985795454544,0.028891546593003584,0.61589320856521,louvain_density,1.0
artificial_graph_sbmv_4_comuAndEmb_0_50_pos_0_50_19,0.5,19,Inferred_Commu_spatial_manuel_iter,0.1012258491347684,0.6297230113636364,0.02658294118203311,0.5839043907779328,spatial_louvain_density,1.0
artificial_graph_sbmv_4_comuAndEmb_0_50_pos_0_50_19,0.5,19,GT_pos,0.17003175491820538,0.720324337121212,0.05150804538155515,0.6786083488641843,GT_pos_dist,1.0
artificial_graph_sbmv_4_comuAndEmb_0_50_pos_0_50_19,0.5,19,GT_pos + Inferred_Commu normal,0.16174197358671397,0.7380681818181819,0.04400192268671503,0.6658088858189211,GT_pos_dist,0.5868793
artificial_graph_sbmv_4_comuAndEmb_0_50_pos_0_50_19,0.5,19,GT_pos + Inferred_Commu spatial manuel iter,0.1665852887582718,0.7233783143939394,0.05060078815461558,0.7040847658642755,spatial_louvain_density,0.5378652
artificial_graph_sbmv_4_comuAndEmb_0_50_pos_0_50_19,0.5,19,SiNEcustom_spatial,0.10752616237843401,0.5427083333333333,0.03611049249769243,0.6156278590884802,SiNEcustom_spatial_dist,1.0
artificial_graph_sbmv_4_comuAndEmb_0_50_pos_0_50_19,0.5,19,deepwalk,0.11045022917263003,0.6477035984848485,0.03907976232819288,0.6268330096834314,deepwalk_dist,1.0
artificial_graph_sbmv_4_comuAndEmb_0_50_pos_0_50_19,0.5,19,GT_pos + SiNEcustom_spatial,0.15363115554456144,0.6963778409090908,0.04827148420651971,0.7074161008223749,GT_pos_dist,0.5415517
artificial_graph_sbmv_4_comuAndEmb_0_50_pos_0_50_19,0.5,19,GT_pos + deepwalk,0.13617141512007366,0.7114346590909091,0.03899820246583285,0.6742682688422892,GT_pos_dist,0.5673403
artificial_graph_sbmv_4_comuAndEmb_0_40_pos_0_60_19,0.3999999999999999,19,Inferred_Commu_normal,0.177122044113637,0.7066909613763696,0.04549158058128887,0.718581970951203,louvain_density,1.0
artificial_graph_sbmv_4_comuAndEmb_0_40_pos_0_60_19,0.3999999999999999,19,Inferred_Commu_spatial_manuel_iter,0.0994307779250291,0.5815484158857652,0.023398607151917956,0.539149127292326,spatial_louvain_density,1.0
artificial_graph_sbmv_4_comuAndEmb_0_40_pos_0_60_19,0.3999999999999999,19,GT_pos,0.27712839412629253,0.8015642818186326,0.061192226706588214,0.7367845939110846,GT_pos_dist,1.0
artificial_graph_sbmv_4_comuAndEmb_0_40_pos_0_60_19,0.3999999999999999,19,GT_pos + Inferred_Commu normal,0.27478170539374597,0.8053944171748724,0.04634649310771823,0.7230233136634374,GT_pos_dist,0.6254575
artificial_graph_sbmv_4_comuAndEmb_0_40_pos_0_60_19,0.3999999999999999,19,GT_pos + Inferred_Commu spatial manuel iter,0.24784056674761157,0.7787570033219298,0.06473571060649476,0.7470919417918491,GT_pos_dist,0.5825325
artificial_graph_sbmv_4_comuAndEmb_0_40_pos_0_60_19,0.3999999999999999,19,SiNEcustom_spatial,0.08594286311776701,0.5496802022906441,0.026975286796816763,0.5759667500449137,SiNEcustom_spatial_dist,1.0
artificial_graph_sbmv_4_comuAndEmb_0_40_pos_0_60_19,0.3999999999999999,19,deepwalk,0.13870084753108056,0.6605062224205464,0.03394845319334808,0.6268735921283564,deepwalk_dist,1.0
artificial_graph_sbmv_4_comuAndEmb_0_40_pos_0_60_19,0.3999999999999999,19,GT_pos + SiNEcustom_spatial,0.23460678814984728,0.7725345827755467,0.04874435258103267,0.7030378242423404,GT_pos_dist,0.6142072
artificial_graph_sbmv_4_comuAndEmb_0_40_pos_0_60_19,0.3999999999999999,19,GT_pos + deepwalk,0.23578303117695049,0.735125687936933,0.0487400950291397,0.7041298489517833,GT_pos_dist,0.598016
artificial_graph_sbmv_4_comuAndEmb_0_30_pos_0_70_19,0.29999999999999993,19,Inferred_Commu_normal,0.11049363664313733,0.6790657013396375,0.04513885564468833,0.7281563431870481,louvain_density,1.0
artificial_graph_sbmv_4_comuAndEmb_0_30_pos_0_70_19,0.29999999999999993,19,Inferred_Commu_spatial_manuel_iter,0.06970946435868476,0.5160682624113475,0.021455172767124407,0.532765076728258,spatial_louvain_density,1.0
artificial_graph_sbmv_4_comuAndEmb_0_30_pos_0_70_19,0.29999999999999993,19,GT_pos,0.21810727643210398,0.776669621749409,0.0832769571098045,0.7758810473713594,GT_pos_dist,1.0
artificial_graph_sbmv_4_comuAndEmb_0_30_pos_0_70_19,0.29999999999999993,19,GT_pos + Inferred_Commu normal,0.21272768491770117,0.7773960795902284,0.07111116180242469,0.7592727495540638,GT_pos_dist,0.7182417
artificial_graph_sbmv_4_comuAndEmb_0_30_pos_0_70_19,0.29999999999999993,19,GT_pos + Inferred_Commu spatial manuel iter,0.18098939803990946,0.769281914893617,0.06807326103048907,0.7769706294848926,GT_pos_dist,0.70328856
artificial_graph_sbmv_4_comuAndEmb_0_30_pos_0_70_19,0.29999999999999993,19,SiNEcustom_spatial,0.0994524278162567,0.6146202718676123,0.026762535416716197,0.5813314088860446,SiNEcustom_spatial_dist,1.0
artificial_graph_sbmv_4_comuAndEmb_0_30_pos_0_70_19,0.29999999999999993,19,deepwalk,0.10187467633401844,0.604191292356186,0.049474769449878615,0.697360738552035,deepwalk_dist,1.0
artificial_graph_sbmv_4_comuAndEmb_0_30_pos_0_70_19,0.29999999999999993,19,GT_pos + SiNEcustom_spatial,0.2659694812765741,0.7721631205673759,0.07270653170606443,0.7553151509374872,GT_pos_dist,0.67669106
artificial_graph_sbmv_4_comuAndEmb_0_30_pos_0_70_19,0.29999999999999993,19,GT_pos + deepwalk,0.19606053095726542,0.7377610323089047,0.07215672166620851,0.7705437017469806,GT_pos_dist,0.68563205
artificial_graph_sbmv_4_comuAndEmb_0_20_pos_0_80_19,0.19999999999999996,19,Inferred_Commu_normal,0.15208321364335006,0.7197397467177878,0.04613345849388892,0.7190969151260056,louvain_density,1.0
artificial_graph_sbmv_4_comuAndEmb_0_20_pos_0_80_19,0.19999999999999996,19,Inferred_Commu_spatial_manuel_iter,0.11262939105497743,0.6091785755780177,0.02079283093066171,0.5238542277159146,spatial_louvain_density,1.0
artificial_graph_sbmv_4_comuAndEmb_0_20_pos_0_80_19,0.19999999999999996,19,GT_pos,0.2476419467638119,0.7700127802951084,0.09346299993856892,0.8126625019979754,GT_pos_dist,1.0
artificial_graph_sbmv_4_comuAndEmb_0_20_pos_0_80_19,0.19999999999999996,19,GT_pos + Inferred_Commu normal,0.24937188278840342,0.7815266643429766,0.08218863175199362,0.7930795460599924,GT_pos_dist,0.7064218
artificial_graph_sbmv_4_comuAndEmb_0_20_pos_0_80_19,0.19999999999999996,19,GT_pos + Inferred_Commu spatial manuel iter,0.21094346929845653,0.7460671546415707,0.0727703282026577,0.8038108050508818,GT_pos_dist,0.68505543
artificial_graph_sbmv_4_comuAndEmb_0_20_pos_0_80_19,0.19999999999999996,19,SiNEcustom_spatial,0.13962077615673302,0.6811200185895201,0.029945527317169124,0.616204113165326,SiNEcustom_spatial_dist,1.0
artificial_graph_sbmv_4_comuAndEmb_0_20_pos_0_80_19,0.19999999999999996,19,deepwalk,0.14883717914366873,0.6671778784710121,0.04813147057997958,0.7265913207949277,deepwalk_dist,1.0
artificial_graph_sbmv_4_comuAndEmb_0_20_pos_0_80_19,0.19999999999999996,19,GT_pos + SiNEcustom_spatial,0.26264178360587714,0.7741373300801673,0.08139057826595174,0.8008568650434227,GT_pos_dist,0.6873455
artificial_graph_sbmv_4_comuAndEmb_0_20_pos_0_80_19,0.19999999999999996,19,GT_pos + deepwalk,0.23127625553501677,0.745102823283374,0.08811312823166546,0.7924192817944483,GT_pos_dist,0.7097363
artificial_graph_sbmv_4_comuAndEmb_0_10_pos_0_90_19,0.09999999999999998,19,Inferred_Commu_normal,0.15620493153282783,0.7369001975136517,0.06374530113920769,0.8083346080049377,louvain_density,1.0
artificial_graph_sbmv_4_comuAndEmb_0_10_pos_0_90_19,0.09999999999999998,19,Inferred_Commu_spatial_manuel_iter,0.09858588013391406,0.5621354711281514,0.021737534513823292,0.5062183847898134,spatial_louvain_density,1.0
artificial_graph_sbmv_4_comuAndEmb_0_10_pos_0_90_19,0.09999999999999998,19,GT_pos,0.3357760125569545,0.8390496107819214,0.1309236904951498,0.8664687571280978,GT_pos_dist,1.0
artificial_graph_sbmv_4_comuAndEmb_0_10_pos_0_90_19,0.09999999999999998,19,GT_pos + Inferred_Commu normal,0.3394471861701934,0.8350877192982457,0.12037933508417414,0.8598868896671094,GT_pos_dist,0.7620334
artificial_graph_sbmv_4_comuAndEmb_0_10_pos_0_90_19,0.09999999999999998,19,GT_pos + Inferred_Commu spatial manuel iter,0.30411996055143836,0.8298361798536076,0.10769371304138893,0.8495094526962659,GT_pos_dist,0.7524516
artificial_graph_sbmv_4_comuAndEmb_0_10_pos_0_90_19,0.09999999999999998,19,SiNEcustom_spatial,0.1127253747760299,0.6428836993145115,0.0420638685426868,0.695672825343155,SiNEcustom_spatial_dist,1.0
artificial_graph_sbmv_4_comuAndEmb_0_10_pos_0_90_19,0.09999999999999998,19,deepwalk,0.20587469746073522,0.7830486813059139,0.0631324629480377,0.776718324410632,deepwalk_dist,1.0
artificial_graph_sbmv_4_comuAndEmb_0_10_pos_0_90_19,0.09999999999999998,19,GT_pos + SiNEcustom_spatial,0.2314340465481433,0.8136981526664343,0.10319322316895974,0.842131385098418,GT_pos_dist,0.7384479
artificial_graph_sbmv_4_comuAndEmb_0_10_pos_0_90_19,0.09999999999999998,19,GT_pos + deepwalk,0.4019442664651014,0.8402346926919948,0.1094745530730616,0.8548342256034563,GT_pos_dist,0.747976
artificial_graph_sbmv_4_comuAndEmb_0_00_pos_1_00_19,0.0,19,Inferred_Commu_normal,0.17578884479418716,0.8183362884160755,0.07866320170105998,0.8496178903546713,louvain_density,1.0
artificial_graph_sbmv_4_comuAndEmb_0_00_pos_1_00_19,0.0,19,Inferred_Commu_spatial_manuel_iter,0.11383224115074488,0.61612243892829,0.025116760752255815,0.5840451989619377,spatial_louvain_density,1.0
artificial_graph_sbmv_4_comuAndEmb_0_00_pos_1_00_19,0.0,19,GT_pos,0.36162167772439635,0.8848256501182032,0.174935516183525,0.8966833369377162,GT_pos_dist,1.0
artificial_graph_sbmv_4_comuAndEmb_0_00_pos_1_00_19,0.0,19,GT_pos + Inferred_Commu normal,0.34681294221335607,0.8814888691883372,0.1807157956079474,0.8958692419982699,GT_pos_dist,0.83227026
artificial_graph_sbmv_4_comuAndEmb_0_00_pos_1_00_19,0.0,19,GT_pos + Inferred_Commu spatial manuel iter,0.4065035412053279,0.8875960401891252,0.14375996825252096,0.8791322448096885,GT_pos_dist,0.7929503
artificial_graph_sbmv_4_comuAndEmb_0_00_pos_1_00_19,0.0,19,SiNEcustom_spatial,0.1314796427281205,0.7356309101654847,0.05502369424599717,0.7795763948961938,SiNEcustom_spatial_dist,1.0
artificial_graph_sbmv_4_comuAndEmb_0_00_pos_1_00_19,0.0,19,deepwalk,0.22694734993039814,0.7894257289204099,0.0965599754078563,0.841300686634948,deepwalk_dist,1.0
artificial_graph_sbmv_4_comuAndEmb_0_00_pos_1_00_19,0.0,19,GT_pos + SiNEcustom_spatial,0.3409946133665225,0.8736209613869189,0.14761921205479422,0.8933658628892733,GT_pos_dist,0.7952191
artificial_graph_sbmv_4_comuAndEmb_0_00_pos_1_00_19,0.0,19,GT_pos + deepwalk,0.4294645432790928,0.8863401300236406,0.16834189738573635,0.8850348724048442,GT_pos_dist,0.7741572
artificial_graph_sbmv_4_comuAndEmb_1_00_pos_0_00_20,1.0,20,Inferred_Commu_normal,0.13089008598381657,0.73112983622122,0.049654093955183956,0.740410234194497,louvain_density,1.0
artificial_graph_sbmv_4_comuAndEmb_1_00_pos_0_00_20,1.0,20,Inferred_Commu_spatial_manuel_iter,0.16207719074519217,0.7529432708283883,0.06108209026098636,0.7747143457256879,spatial_louvain_density,1.0
artificial_graph_sbmv_4_comuAndEmb_1_00_pos_0_00_20,1.0,20,GT_pos,0.08929637597458781,0.5871587942084026,0.02098093015462838,0.517245720436883,GT_pos_dist,1.0
artificial_graph_sbmv_4_comuAndEmb_1_00_pos_0_00_20,1.0,20,GT_pos + Inferred_Commu normal,0.15574112909667423,0.7641229527652503,0.051810219855751204,0.7459439981096408,louvain_density,0.85813105
artificial_graph_sbmv_4_comuAndEmb_1_00_pos_0_00_20,1.0,20,GT_pos + Inferred_Commu spatial manuel iter,0.20651166037444382,0.7402563493947306,0.056070355116213846,0.7404820415879018,spatial_louvain_density,0.8035653
artificial_graph_sbmv_4_comuAndEmb_1_00_pos_0_00_20,1.0,20,SiNEcustom_spatial,0.2789886595709692,0.7996558272015191,0.10610294052651056,0.8346470016803192,SiNEcustom_spatial_dist,1.0
artificial_graph_sbmv_4_comuAndEmb_1_00_pos_0_00_20,1.0,20,deepwalk,0.31412236971969326,0.799940659862331,0.11573196894477014,0.824824222852342,deepwalk_dist,1.0
artificial_graph_sbmv_4_comuAndEmb_1_00_pos_0_00_20,1.0,20,GT_pos + SiNEcustom_spatial,0.2949343776754248,0.8315570852124377,0.08932045129879257,0.8140374921235035,SiNEcustom_spatial_dist,0.7269384
artificial_graph_sbmv_4_comuAndEmb_1_00_pos_0_00_20,1.0,20,GT_pos + deepwalk,0.34599592452989464,0.7925350106812248,0.09516446678048184,0.7986394664986347,deepwalk_dist,0.70876473
artificial_graph_sbmv_4_comuAndEmb_0_90_pos_0_10_20,0.9,20,Inferred_Commu_normal,0.15712888839093708,0.7305836240880873,0.04006601821580588,0.7118617412308338,louvain_density,1.0
artificial_graph_sbmv_4_comuAndEmb_0_90_pos_0_10_20,0.9,20,Inferred_Commu_spatial_manuel_iter,0.16492496952328806,0.7482781276904255,0.044023931337584234,0.7168763127494224,spatial_louvain_density,1.0
artificial_graph_sbmv_4_comuAndEmb_0_90_pos_0_10_20,0.9,20,GT_pos,0.07183546098668961,0.4568059268657393,0.022510713517100076,0.5330548991808444,GT_pos_dist,1.0
artificial_graph_sbmv_4_comuAndEmb_0_90_pos_0_10_20,0.9,20,GT_pos + Inferred_Commu normal,0.19886894493023466,0.6978567220988716,0.044079197480236684,0.7226756458727158,louvain_density,0.83991545
artificial_graph_sbmv_4_comuAndEmb_0_90_pos_0_10_20,0.9,20,GT_pos + Inferred_Commu spatial manuel iter,0.19160381281508418,0.6894286102677964,0.047772271447258985,0.7147363999159839,spatial_louvain_density,0.803263
artificial_graph_sbmv_4_comuAndEmb_0_90_pos_0_10_20,0.9,20,SiNEcustom_spatial,0.26767749212646147,0.7969550047578051,0.0814537169591656,0.7571452951060701,SiNEcustom_spatial_dist,1.0
artificial_graph_sbmv_4_comuAndEmb_0_90_pos_0_10_20,0.9,20,deepwalk,0.21853730551786082,0.7338687752050386,0.08566672347043246,0.7549737450115522,deepwalk_dist,1.0
artificial_graph_sbmv_4_comuAndEmb_0_90_pos_0_10_20,0.9,20,GT_pos + SiNEcustom_spatial,0.24917075019669596,0.771681997371879,0.07113937692104952,0.7587484247006931,SiNEcustom_spatial_dist,0.691033
artificial_graph_sbmv_4_comuAndEmb_0_90_pos_0_10_20,0.9,20,GT_pos + deepwalk,0.20889345735016948,0.7242172277855816,0.07557166743120428,0.7514442869145137,deepwalk_dist,0.67402685
artificial_graph_sbmv_4_comuAndEmb_0_80_pos_0_20_20,0.8,20,Inferred_Commu_normal,0.1317498431416259,0.7486068476977568,0.043481978227965956,0.7438186429273848,louvain_density,1.0
artificial_graph_sbmv_4_comuAndEmb_0_80_pos_0_20_20,0.8,20,Inferred_Commu_spatial_manuel_iter,0.1565284853936159,0.7507674144037781,0.04675936372366642,0.7229966099063194,spatial_louvain_density,1.0
artificial_graph_sbmv_4_comuAndEmb_0_80_pos_0_20_20,0.8,20,GT_pos,0.10367015829648953,0.5838370720188901,0.023119551420205872,0.5445129651674343,GT_pos_dist,1.0
artificial_graph_sbmv_4_comuAndEmb_0_80_pos_0_20_20,0.8,20,GT_pos + Inferred_Commu normal,0.2531295792989601,0.7901534828807556,0.046817925566627505,0.7454179390300709,louvain_density,0.722021
artificial_graph_sbmv_4_comuAndEmb_0_80_pos_0_20_20,0.8,20,GT_pos + Inferred_Commu spatial manuel iter,0.22517398697035787,0.782762691853601,0.04544503519495741,0.7399437140934735,spatial_louvain_density,0.687994
artificial_graph_sbmv_4_comuAndEmb_0_80_pos_0_20_20,0.8,20,SiNEcustom_spatial,0.20729719945057384,0.7266824085005902,0.06969954305092155,0.752157367631075,SiNEcustom_spatial_dist,1.0
artificial_graph_sbmv_4_comuAndEmb_0_80_pos_0_20_20,0.8,20,deepwalk,0.20778371254752992,0.7114639905548996,0.08692777850185421,0.6917942911857564,deepwalk_dist,1.0
artificial_graph_sbmv_4_comuAndEmb_0_80_pos_0_20_20,0.8,20,GT_pos + SiNEcustom_spatial,0.20594788425054253,0.7556670602125148,0.05857675239726408,0.7359553076962889,SiNEcustom_spatial_dist,0.60860366
artificial_graph_sbmv_4_comuAndEmb_0_80_pos_0_20_20,0.8,20,GT_pos + deepwalk,0.2180894447554364,0.7701889020070838,0.05181115883568803,0.6980988302882873,deepwalk_dist,0.57448864
artificial_graph_sbmv_4_comuAndEmb_0_70_pos_0_30_20,0.7,20,Inferred_Commu_normal,0.15202106875208216,0.7256941334527541,0.03702666565865559,0.6719064748201439,louvain_density,1.0
artificial_graph_sbmv_4_comuAndEmb_0_70_pos_0_30_20,0.7,20,Inferred_Commu_spatial_manuel_iter,0.11760545450526598,0.7021943573667712,0.04378652420101241,0.7297095129651675,spatial_louvain_density,1.0
artificial_graph_sbmv_4_comuAndEmb_0_70_pos_0_30_20,0.7,20,GT_pos,0.11564028592328741,0.5740595611285266,0.033597029052000266,0.5855082552662905,GT_pos_dist,1.0
artificial_graph_sbmv_4_comuAndEmb_0_70_pos_0_30_20,0.7,20,GT_pos + Inferred_Commu normal,0.2202416002591411,0.7273175100761308,0.051740033843733615,0.7000373945447957,louvain_density,0.7159681
artificial_graph_sbmv_4_comuAndEmb_0_70_pos_0_30_20,0.7,20,GT_pos + Inferred_Commu spatial manuel iter,0.16508464118180283,0.7027429467084639,0.048347411096929874,0.7118897831375187,spatial_louvain_density,0.6397942
artificial_graph_sbmv_4_comuAndEmb_0_70_pos_0_30_20,0.7,20,SiNEcustom_spatial,0.15230351538054016,0.693999104343932,0.06525082380870152,0.7271668133119403,SiNEcustom_spatial_dist,1.0
artificial_graph_sbmv_4_comuAndEmb_0_70_pos_0_30_20,0.7,20,deepwalk,0.16875878124261226,0.7197939991043438,0.04488998413318133,0.6974287045183997,deepwalk_dist,1.0
artificial_graph_sbmv_4_comuAndEmb_0_70_pos_0_30_20,0.7,20,GT_pos + SiNEcustom_spatial,0.1842054470310288,0.7135467980295568,0.05981232089379123,0.7448508099994824,SiNEcustom_spatial_dist,0.59256977
artificial_graph_sbmv_4_comuAndEmb_0_70_pos_0_30_20,0.7,20,GT_pos + deepwalk,0.1868186449645746,0.7160994178235559,0.041347099513953954,0.6814150406293671,deepwalk_dist,0.5396692
artificial_graph_sbmv_4_comuAndEmb_0_60_pos_0_40_20,0.6,20,Inferred_Commu_normal,0.09833449861499596,0.5919826478149101,0.03757730970681279,0.6752853940552931,louvain_density,1.0
artificial_graph_sbmv_4_comuAndEmb_0_60_pos_0_40_20,0.6,20,Inferred_Commu_spatial_manuel_iter,0.09384993084370286,0.5675610539845758,0.040813307482322675,0.6927179240384493,spatial_louvain_density,1.0
artificial_graph_sbmv_4_comuAndEmb_0_60_pos_0_40_20,0.6,20,GT_pos,0.13105576324918636,0.6531513955196474,0.030388249995414566,0.5943546814250072,GT_pos_dist,1.0
artificial_graph_sbmv_4_comuAndEmb_0_60_pos_0_40_20,0.6,20,GT_pos + Inferred_Commu normal,0.16661304921652276,0.7220781307381565,0.03736393097249847,0.6643784906472816,louvain_density,0.62389004
artificial_graph_sbmv_4_comuAndEmb_0_60_pos_0_40_20,0.6,20,GT_pos + Inferred_Commu spatial manuel iter,0.13941596309841553,0.689508354755784,0.04294789727730954,0.6784299844226898,spatial_louvain_density,0.57678384
artificial_graph_sbmv_4_comuAndEmb_0_60_pos_0_40_20,0.6,20,SiNEcustom_spatial,0.16904326591631988,0.5997176827029012,0.04866549621371906,0.6493258697331594,SiNEcustom_spatial_dist,1.0
artificial_graph_sbmv_4_comuAndEmb_0_60_pos_0_40_20,0.6,20,deepwalk,0.18798517476294707,0.6398503488799119,0.03914433038403618,0.6625183318347032,deepwalk_dist,1.0
artificial_graph_sbmv_4_comuAndEmb_0_60_pos_0_40_20,0.6,20,GT_pos + SiNEcustom_spatial,0.24108257507137656,0.694925174439956,0.048405007318984505,0.7000914375451172,SiNEcustom_spatial_dist,0.53797245
artificial_graph_sbmv_4_comuAndEmb_0_60_pos_0_40_20,0.6,20,GT_pos + deepwalk,0.16261979173689323,0.682840616966581,0.03582398752014335,0.6561853319993415,GT_pos_dist,0.51008815
artificial_graph_sbmv_4_comuAndEmb_0_50_pos_0_50_20,0.5,20,Inferred_Commu_normal,0.14781680662601474,0.6582316718949692,0.030525322757605538,0.6274816514376955,louvain_density,1.0
artificial_graph_sbmv_4_comuAndEmb_0_50_pos_0_50_20,0.5,20,Inferred_Commu_spatial_manuel_iter,0.10128199848252156,0.5991169977924945,0.035629517295415664,0.6202478229950756,spatial_louvain_density,1.0
artificial_graph_sbmv_4_comuAndEmb_0_50_pos_0_50_20,0.5,20,GT_pos,0.16619997234144376,0.6935285232949924,0.054154722721893464,0.6962627970320278,GT_pos_dist,1.0
artificial_graph_sbmv_4_comuAndEmb_0_50_pos_0_50_20,0.5,20,GT_pos + Inferred_Commu normal,0.16909266944205475,0.6826885093528523,0.04787255564401939,0.7015011606220398,GT_pos_dist,0.6180793
artificial_graph_sbmv_4_comuAndEmb_0_50_pos_0_50_20,0.5,20,GT_pos + Inferred_Commu spatial manuel iter,0.1854053974634203,0.7278145695364238,0.051559204361746824,0.7096334312817829,GT_pos_dist,0.5034954
artificial_graph_sbmv_4_comuAndEmb_0_50_pos_0_50_20,0.5,20,SiNEcustom_spatial,0.08412536554300995,0.5751829905890554,0.046559201729828664,0.6190170269291149,SiNEcustom_spatial_dist,1.0
artificial_graph_sbmv_4_comuAndEmb_0_50_pos_0_50_20,0.5,20,deepwalk,0.11951784140994882,0.6034274427791332,0.04008339999199258,0.6398754847106495,deepwalk_dist,1.0
artificial_graph_sbmv_4_comuAndEmb_0_50_pos_0_50_20,0.5,20,GT_pos + SiNEcustom_spatial,0.22044815288391076,0.7171720692459627,0.059867063962530234,0.7175201599377423,GT_pos_dist,0.5623758
artificial_graph_sbmv_4_comuAndEmb_0_50_pos_0_50_20,0.5,20,GT_pos + deepwalk,0.18318295604759754,0.6957244103636575,0.04855738495292332,0.7009066269505829,GT_pos_dist,0.5792415
artificial_graph_sbmv_4_comuAndEmb_0_40_pos_0_60_20,0.3999999999999999,20,Inferred_Commu_normal,0.10888456350734707,0.6624088478366553,0.043553051603208506,0.6915400117100801,louvain_density,1.0
artificial_graph_sbmv_4_comuAndEmb_0_40_pos_0_60_20,0.3999999999999999,20,Inferred_Commu_spatial_manuel_iter,0.10577719250466028,0.6122508507535246,0.02747714562302816,0.5501014419738293,spatial_louvain_density,1.0
artificial_graph_sbmv_4_comuAndEmb_0_40_pos_0_60_20,0.3999999999999999,20,GT_pos,0.15255662224694455,0.70239426349052,0.0669654811890633,0.7393932544491496,GT_pos_dist,1.0
artificial_graph_sbmv_4_comuAndEmb_0_40_pos_0_60_20,0.3999999999999999,20,GT_pos + Inferred_Commu normal,0.16025188396554735,0.7096378220709771,0.06797707608464293,0.7359828978363585,GT_pos_dist,0.67238
artificial_graph_sbmv_4_comuAndEmb_0_40_pos_0_60_20,0.3999999999999999,20,GT_pos + Inferred_Commu spatial manuel iter,0.1309368972378226,0.7001579970831306,0.058511792759444625,0.7362037553954877,GT_pos_dist,0.5641097
artificial_graph_sbmv_4_comuAndEmb_0_40_pos_0_60_20,0.3999999999999999,20,SiNEcustom_spatial,0.09342147162827966,0.6104521147301896,0.02695712627869549,0.6064995030024101,SiNEcustom_spatial_dist,1.0
artificial_graph_sbmv_4_comuAndEmb_0_40_pos_0_60_20,0.3999999999999999,20,deepwalk,0.10530790156398431,0.6136849781234808,0.035736379320770895,0.6488574501981182,deepwalk_dist,1.0
artificial_graph_sbmv_4_comuAndEmb_0_40_pos_0_60_20,0.3999999999999999,20,GT_pos + SiNEcustom_spatial,0.15725714669130225,0.6990884783665532,0.05599751663022262,0.7466872727767868,GT_pos_dist,0.6152198
artificial_graph_sbmv_4_comuAndEmb_0_40_pos_0_60_20,0.3999999999999999,20,GT_pos + deepwalk,0.1362261198419697,0.7021390374331551,0.05519169990119516,0.7291026810637109,GT_pos_dist,0.6152175
artificial_graph_sbmv_4_comuAndEmb_0_30_pos_0_70_20,0.29999999999999993,20,Inferred_Commu_normal,0.15253045568012735,0.728569768792843,0.03870810312278364,0.7056321700277745,louvain_density,1.0
artificial_graph_sbmv_4_comuAndEmb_0_30_pos_0_70_20,0.29999999999999993,20,Inferred_Commu_spatial_manuel_iter,0.0904671208668895,0.5685720924828628,0.021626495262359557,0.5251626883495015,spatial_louvain_density,1.0
artificial_graph_sbmv_4_comuAndEmb_0_30_pos_0_70_20,0.29999999999999993,20,GT_pos,0.2008066518267237,0.7334378993842221,0.06087295256804332,0.7479908491996405,GT_pos_dist,1.0
artificial_graph_sbmv_4_comuAndEmb_0_30_pos_0_70_20,0.29999999999999993,20,GT_pos + Inferred_Commu normal,0.2047057456168359,0.7292204019983735,0.06391572426288672,0.7460719988192516,GT_pos_dist,0.6489507
artificial_graph_sbmv_4_comuAndEmb_0_30_pos_0_70_20,0.29999999999999993,20,GT_pos + Inferred_Commu spatial manuel iter,0.2033644432292784,0.7135354943650517,0.06420576456191045,0.7452409129332206,GT_pos_dist,0.67268044
artificial_graph_sbmv_4_comuAndEmb_0_30_pos_0_70_20,0.29999999999999993,20,SiNEcustom_spatial,0.08029322377213985,0.5784710119670036,0.027436511030458553,0.5801439708033114,SiNEcustom_spatial_dist,1.0
artificial_graph_sbmv_4_comuAndEmb_0_30_pos_0_70_20,0.29999999999999993,20,deepwalk,0.17737723612147005,0.7322528174741489,0.034551232166180904,0.6538095238095238,deepwalk_dist,1.0
artificial_graph_sbmv_4_comuAndEmb_0_30_pos_0_70_20,0.29999999999999993,20,GT_pos + SiNEcustom_spatial,0.17755195354368994,0.7348321133960729,0.05256573158635561,0.7302427243086584,GT_pos_dist,0.65741736
artificial_graph_sbmv_4_comuAndEmb_0_30_pos_0_70_20,0.29999999999999993,20,GT_pos + deepwalk,0.2804286864831992,0.7677123271755546,0.04911554113481011,0.7272883038817104,GT_pos_dist,0.645983
artificial_graph_sbmv_4_comuAndEmb_0_20_pos_0_80_20,0.19999999999999996,20,Inferred_Commu_normal,0.1373354208660547,0.7108038513210927,0.05016318394894337,0.7603441631017073,louvain_density,1.0
artificial_graph_sbmv_4_comuAndEmb_0_20_pos_0_80_20,0.19999999999999996,20,Inferred_Commu_spatial_manuel_iter,0.099015173673675,0.5830944917151815,0.018972440900196834,0.47149548438483574,spatial_louvain_density,1.0
artificial_graph_sbmv_4_comuAndEmb_0_20_pos_0_80_20,0.19999999999999996,20,GT_pos,0.24511750272219307,0.7566838334079713,0.09040877084549176,0.8130622679564755,GT_pos_dist,1.0
artificial_graph_sbmv_4_comuAndEmb_0_20_pos_0_80_20,0.19999999999999996,20,GT_pos + Inferred_Commu normal,0.21060988804862224,0.7403269144648456,0.07493090656881088,0.7998272118806286,GT_pos_dist,0.72543985
artificial_graph_sbmv_4_comuAndEmb_0_20_pos_0_80_20,0.19999999999999996,20,GT_pos + Inferred_Commu spatial manuel iter,0.24632588264309774,0.7615427675772504,0.08554180981463116,0.8005515088449531,GT_pos_dist,0.6959822
artificial_graph_sbmv_4_comuAndEmb_0_20_pos_0_80_20,0.19999999999999996,20,SiNEcustom_spatial,0.0816236377015497,0.5728056426332288,0.03400625694254215,0.6291984943667219,SiNEcustom_spatial_dist,1.0
artificial_graph_sbmv_4_comuAndEmb_0_20_pos_0_80_20,0.19999999999999996,20,deepwalk,0.14665264372980613,0.6817510076130766,0.0626124468903399,0.7560779023907709,deepwalk_dist,1.0
artificial_graph_sbmv_4_comuAndEmb_0_20_pos_0_80_20,0.19999999999999996,20,GT_pos + SiNEcustom_spatial,0.19109702417818134,0.755396327810121,0.08091477638521313,0.7915096157551934,GT_pos_dist,0.69128245
artificial_graph_sbmv_4_comuAndEmb_0_20_pos_0_80_20,0.19999999999999996,20,GT_pos + deepwalk,0.23305160195765856,0.7610725481415137,0.08081244478739724,0.7973006513277064,GT_pos_dist,0.6900509
artificial_graph_sbmv_4_comuAndEmb_0_10_pos_0_90_20,0.09999999999999998,20,Inferred_Commu_normal,0.15556979087608028,0.7718868371212121,0.05833671359227076,0.7468069439195089,louvain_density,1.0
artificial_graph_sbmv_4_comuAndEmb_0_10_pos_0_90_20,0.09999999999999998,20,Inferred_Commu_spatial_manuel_iter,0.10881405387780249,0.5174360795454546,0.019149566681518442,0.49983800127722244,spatial_louvain_density,1.0
artificial_graph_sbmv_4_comuAndEmb_0_10_pos_0_90_20,0.09999999999999998,20,GT_pos,0.36207444343943573,0.8805516098484848,0.15096568008872913,0.870139060850526,GT_pos_dist,1.0
artificial_graph_sbmv_4_comuAndEmb_0_10_pos_0_90_20,0.09999999999999998,20,GT_pos + Inferred_Commu normal,0.35174032748197487,0.8711766098484849,0.14743247389523015,0.8620240065685725,GT_pos_dist,0.7795464
artificial_graph_sbmv_4_comuAndEmb_0_10_pos_0_90_20,0.09999999999999998,20,GT_pos + Inferred_Commu spatial manuel iter,0.34356521023351894,0.8761718749999999,0.12583749926597734,0.8628665823873632,GT_pos_dist,0.73584074
artificial_graph_sbmv_4_comuAndEmb_0_10_pos_0_90_20,0.09999999999999998,20,SiNEcustom_spatial,0.11084415449842555,0.6415246212121213,0.03933356052835113,0.6666509403224335,SiNEcustom_spatial_dist,1.0
artificial_graph_sbmv_4_comuAndEmb_0_10_pos_0_90_20,0.09999999999999998,20,deepwalk,0.20358632465459361,0.7804805871212122,0.07458787609544185,0.7858503303835578,deepwalk_dist,1.0
artificial_graph_sbmv_4_comuAndEmb_0_10_pos_0_90_20,0.09999999999999998,20,GT_pos + SiNEcustom_spatial,0.30129385977717155,0.8644412878787878,0.1162333351123136,0.8471787720418615,GT_pos_dist,0.75520736
artificial_graph_sbmv_4_comuAndEmb_0_10_pos_0_90_20,0.09999999999999998,20,GT_pos + deepwalk,0.3685308499507259,0.8878077651515152,0.13074722355417107,0.8580713941273834,GT_pos_dist,0.72856045
artificial_graph_sbmv_4_comuAndEmb_0_00_pos_1_00_20,0.0,20,Inferred_Commu_normal,0.22098241322127854,0.8650961310230241,0.06841073263781164,0.8335193499264859,louvain_density,1.0
artificial_graph_sbmv_4_comuAndEmb_0_00_pos_1_00_20,0.0,20,Inferred_Commu_spatial_manuel_iter,0.1151057181147457,0.5912769997626394,0.02082524765746758,0.502848797521529,spatial_louvain_density,1.0
artificial_graph_sbmv_4_comuAndEmb_0_00_pos_1_00_20,0.0,20,GT_pos,0.4537241479412615,0.9317944457631141,0.1733260547804389,0.8963309966393614,GT_pos_dist,1.0
artificial_graph_sbmv_4_comuAndEmb_0_00_pos_1_00_20,0.0,20,GT_pos + Inferred_Commu normal,0.43610226988280765,0.9210776169000712,0.14821246463732096,0.8929391146817895,GT_pos_dist,0.8358978
artificial_graph_sbmv_4_comuAndEmb_0_00_pos_1_00_20,0.0,20,GT_pos + Inferred_Commu spatial manuel iter,0.46273341045357524,0.9249703299311655,0.15993202452470184,0.8922669869775257,GT_pos_dist,0.8007004
artificial_graph_sbmv_4_comuAndEmb_0_00_pos_1_00_20,0.0,20,SiNEcustom_spatial,0.1999006088406938,0.8076192736767149,0.048777531325827,0.7449495904221801,SiNEcustom_spatial_dist,1.0
artificial_graph_sbmv_4_comuAndEmb_0_00_pos_1_00_20,0.0,20,deepwalk,0.3423260862243736,0.8617374792309518,0.09021409633161522,0.8388819313169502,deepwalk_dist,1.0
artificial_graph_sbmv_4_comuAndEmb_0_00_pos_1_00_20,0.0,20,GT_pos + SiNEcustom_spatial,0.40931998606025183,0.9216235461666271,0.15895056225439735,0.8936407792480572,GT_pos_dist,0.8056814
artificial_graph_sbmv_4_comuAndEmb_0_00_pos_1_00_20,0.0,20,GT_pos + deepwalk,0.41215251080390813,0.9221813434607168,0.13526836611502416,0.8952701638311278,GT_pos_dist,0.82340765
artificial_graph_sbmv_4_comuAndEmb_1_00_pos_0_00_21,1.0,21,Inferred_Commu_normal,0.15368022968301492,0.7361236645113444,0.04972288812333938,0.7372023016676434,louvain_density,1.0
artificial_graph_sbmv_4_comuAndEmb_1_00_pos_0_00_21,1.0,21,Inferred_Commu_spatial_manuel_iter,0.17928010559239352,0.8058819439616213,0.04869522328792546,0.7428120837551282,spatial_louvain_density,1.0
artificial_graph_sbmv_4_comuAndEmb_1_00_pos_0_00_21,1.0,21,GT_pos,0.0643952780465895,0.47609446337110944,0.021077039451769163,0.5136693483936279,GT_pos_dist,1.0
artificial_graph_sbmv_4_comuAndEmb_1_00_pos_0_00_21,1.0,21,GT_pos + Inferred_Commu normal,0.15020418177786304,0.7162854295580431,0.05786596831935738,0.7257076828813468,louvain_density,0.79026264
artificial_graph_sbmv_4_comuAndEmb_1_00_pos_0_00_21,1.0,21,GT_pos + Inferred_Commu spatial manuel iter,0.16113199676674045,0.7722658694291872,0.0507652113776873,0.7324936064787683,spatial_louvain_density,0.80194837
artificial_graph_sbmv_4_comuAndEmb_1_00_pos_0_00_21,1.0,21,SiNEcustom_spatial,0.42860309230053295,0.8212125425849961,0.11573521465981343,0.8477300335659865,SiNEcustom_spatial_dist,1.0
artificial_graph_sbmv_4_comuAndEmb_1_00_pos_0_00_21,1.0,21,deepwalk,0.40520166757762566,0.8103200537671789,0.15234741196471016,0.8407581650594065,deepwalk_dist,1.0
artificial_graph_sbmv_4_comuAndEmb_1_00_pos_0_00_21,1.0,21,GT_pos + SiNEcustom_spatial,0.37963564651326726,0.8220120976152402,0.10852160019479912,0.8274850817837923,SiNEcustom_spatial_dist,0.7156708
artificial_graph_sbmv_4_comuAndEmb_1_00_pos_0_00_21,1.0,21,GT_pos + deepwalk,0.3664474382468015,0.8038309114927344,0.12487352435693874,0.8309628909371837,deepwalk_dist,0.69734037
artificial_graph_sbmv_4_comuAndEmb_0_90_pos_0_10_21,0.9,21,Inferred_Commu_normal,0.16614548171983384,0.7644671255637314,0.03991313526870792,0.6759913461663778,louvain_density,1.0
artificial_graph_sbmv_4_comuAndEmb_0_90_pos_0_10_21,0.9,21,Inferred_Commu_spatial_manuel_iter,0.1689215483239869,0.7550913838120106,0.058084437735566034,0.747347547863259,spatial_louvain_density,1.0
artificial_graph_sbmv_4_comuAndEmb_0_90_pos_0_10_21,0.9,21,GT_pos,0.08763572154172886,0.5077972940897223,0.023599455367455655,0.5292571257282123,GT_pos_dist,1.0
artificial_graph_sbmv_4_comuAndEmb_0_90_pos_0_10_21,0.9,21,GT_pos + Inferred_Commu normal,0.15063515079861622,0.7311417042487538,0.0535760286715295,0.6868573811726987,louvain_density,0.7565604
artificial_graph_sbmv_4_comuAndEmb_0_90_pos_0_10_21,0.9,21,GT_pos + Inferred_Commu spatial manuel iter,0.1524928160689125,0.7386660337051982,0.0749571530135344,0.7532606967378696,spatial_louvain_density,0.7574172
artificial_graph_sbmv_4_comuAndEmb_0_90_pos_0_10_21,0.9,21,SiNEcustom_spatial,0.2374348103778791,0.7772845953002611,0.07272848835906463,0.7705262677735927,SiNEcustom_spatial_dist,1.0
artificial_graph_sbmv_4_comuAndEmb_0_90_pos_0_10_21,0.9,21,deepwalk,0.2674350492889884,0.7637194398291003,0.10900052920433274,0.7653673317780761,deepwalk_dist,1.0
artificial_graph_sbmv_4_comuAndEmb_0_90_pos_0_10_21,0.9,21,GT_pos + SiNEcustom_spatial,0.24110569522068176,0.7654521718490387,0.07304205307731695,0.7716795474983384,SiNEcustom_spatial_dist,0.66585666
artificial_graph_sbmv_4_comuAndEmb_0_90_pos_0_10_21,0.9,21,GT_pos + deepwalk,0.17665951827299306,0.767778305245668,0.08113533486929186,0.748066180974599,deepwalk_dist,0.6385181
artificial_graph_sbmv_4_comuAndEmb_0_80_pos_0_20_21,0.8,21,Inferred_Commu_normal,0.124490243398566,0.6607049608355091,0.042842222037514886,0.6675747109958425,louvain_density,1.0
artificial_graph_sbmv_4_comuAndEmb_0_80_pos_0_20_21,0.8,21,Inferred_Commu_spatial_manuel_iter,0.12259565128442651,0.669605981485877,0.04478753883092803,0.6556140442336014,spatial_louvain_density,1.0
artificial_graph_sbmv_4_comuAndEmb_0_80_pos_0_20_21,0.8,21,GT_pos,0.07653707964703471,0.5410515072394968,0.021696251194661613,0.5119695291219748,GT_pos_dist,1.0
artificial_graph_sbmv_4_comuAndEmb_0_80_pos_0_20_21,0.8,21,GT_pos + Inferred_Commu normal,0.10960364188847291,0.6699382862568242,0.04219511188578914,0.6785517861564728,louvain_density,0.7467112
artificial_graph_sbmv_4_comuAndEmb_0_80_pos_0_20_21,0.8,21,GT_pos + Inferred_Commu spatial manuel iter,0.12173521006707043,0.6588772845953003,0.04072099412474935,0.6504526319905121,spatial_louvain_density,0.7142798
artificial_graph_sbmv_4_comuAndEmb_0_80_pos_0_20_21,0.8,21,SiNEcustom_spatial,0.16778611438270108,0.6337408022786613,0.06253999083405373,0.7337194541829033,SiNEcustom_spatial_dist,1.0
artificial_graph_sbmv_4_comuAndEmb_0_80_pos_0_20_21,0.8,21,deepwalk,0.16212710850844606,0.7380251602183716,0.06254194196195392,0.7131761133339416,deepwalk_dist,1.0
artificial_graph_sbmv_4_comuAndEmb_0_80_pos_0_20_21,0.8,21,GT_pos + SiNEcustom_spatial,0.13976109540212578,0.6801566579634464,0.05749290364606132,0.7276420909955819,SiNEcustom_spatial_dist,0.61594343
artificial_graph_sbmv_4_comuAndEmb_0_80_pos_0_20_21,0.8,21,GT_pos + deepwalk,0.17150247929521345,0.7187870875860431,0.05992388111406145,0.7137168476065112,deepwalk_dist,0.5857655
artificial_graph_sbmv_4_comuAndEmb_0_70_pos_0_30_21,0.7,21,Inferred_Commu_normal,0.15686049087273057,0.6851006315024305,0.04233124617518311,0.6881393719008265,louvain_density,1.0
artificial_graph_sbmv_4_comuAndEmb_0_70_pos_0_30_21,0.7,21,Inferred_Commu_spatial_manuel_iter,0.1387604438664285,0.6732315660351642,0.042104815788835015,0.7326307438016529,spatial_louvain_density,1.0
artificial_graph_sbmv_4_comuAndEmb_0_70_pos_0_30_21,0.7,21,GT_pos,0.11130724780844597,0.6360569715142428,0.029722487038505704,0.6079986776859504,GT_pos_dist,1.0
artificial_graph_sbmv_4_comuAndEmb_0_70_pos_0_30_21,0.7,21,GT_pos + Inferred_Commu normal,0.17975561902836754,0.7058402616873382,0.0423074043838869,0.7099053223140496,louvain_density,0.63032705
artificial_graph_sbmv_4_comuAndEmb_0_70_pos_0_30_21,0.7,21,GT_pos + Inferred_Commu spatial manuel iter,0.12346145914423498,0.6563082095315979,0.03887381713054226,0.6924454876033058,spatial_louvain_density,0.6072709
artificial_graph_sbmv_4_comuAndEmb_0_70_pos_0_30_21,0.7,21,SiNEcustom_spatial,0.16700544401775938,0.6422016264594975,0.07234586550894567,0.7245049917355371,SiNEcustom_spatial_dist,1.0
artificial_graph_sbmv_4_comuAndEmb_0_70_pos_0_30_21,0.7,21,deepwalk,0.23887734658474985,0.7125300985870702,0.05782010124737987,0.6933672727272727,deepwalk_dist,1.0
artificial_graph_sbmv_4_comuAndEmb_0_70_pos_0_30_21,0.7,21,GT_pos + SiNEcustom_spatial,0.18761868112777016,0.7163577302257962,0.060943451761874656,0.7354641983471074,SiNEcustom_spatial_dist,0.5333064
artificial_graph_sbmv_4_comuAndEmb_0_70_pos_0_30_21,0.7,21,GT_pos + deepwalk,0.24414657768777404,0.7141542864931171,0.04508098237155012,0.6910660495867769,deepwalk_dist,0.5320626
artificial_graph_sbmv_4_comuAndEmb_0_60_pos_0_40_21,0.6,21,Inferred_Commu_normal,0.13227800008693566,0.6890205646566748,0.03042970051317739,0.647372432207597,louvain_density,1.0
artificial_graph_sbmv_4_comuAndEmb_0_60_pos_0_40_21,0.6,21,Inferred_Commu_spatial_manuel_iter,0.11552473752353432,0.6505518763796909,0.02884063929340526,0.6086499215070644,spatial_louvain_density,1.0
artificial_graph_sbmv_4_comuAndEmb_0_60_pos_0_40_21,0.6,21,GT_pos,0.11924383418091883,0.5887417218543046,0.03222703475609044,0.5962426706382751,GT_pos_dist,1.0
artificial_graph_sbmv_4_comuAndEmb_0_60_pos_0_40_21,0.6,21,GT_pos + Inferred_Commu normal,0.12099887838145185,0.6818403624956431,0.035405051508348634,0.6843417998363055,louvain_density,0.58573407
artificial_graph_sbmv_4_comuAndEmb_0_60_pos_0_40_21,0.6,21,GT_pos + Inferred_Commu spatial manuel iter,0.13337130587827295,0.6768560474032764,0.0345294440042265,0.5916480832964349,spatial_louvain_density,0.51457626
artificial_graph_sbmv_4_comuAndEmb_0_60_pos_0_40_21,0.6,21,SiNEcustom_spatial,0.13005068542677165,0.6162542116881609,0.043916025557966545,0.648560560318802,SiNEcustom_spatial_dist,1.0
artificial_graph_sbmv_4_comuAndEmb_0_60_pos_0_40_21,0.6,21,deepwalk,0.1818840916112761,0.625746485418845,0.04045579874770164,0.6358455098015537,deepwalk_dist,1.0
artificial_graph_sbmv_4_comuAndEmb_0_60_pos_0_40_21,0.6,21,GT_pos + SiNEcustom_spatial,0.1317570016134064,0.6895898687115138,0.03957577584906198,0.6771026043553516,GT_pos_dist,0.54312897
artificial_graph_sbmv_4_comuAndEmb_0_60_pos_0_40_21,0.6,21,GT_pos + deepwalk,0.10328210496264062,0.606401766004415,0.03805587690122325,0.6581717183914986,GT_pos_dist,0.54589933
artificial_graph_sbmv_4_comuAndEmb_0_50_pos_0_50_21,0.5,21,Inferred_Commu_normal,0.10551635932401723,0.6124201368435362,0.023115426164817043,0.5364340474690191,louvain_density,1.0
artificial_graph_sbmv_4_comuAndEmb_0_50_pos_0_50_21,0.5,21,Inferred_Commu_spatial_manuel_iter,0.0802498766467801,0.535003851556482,0.027974086899221408,0.581494433942449,spatial_louvain_density,1.0
artificial_graph_sbmv_4_comuAndEmb_0_50_pos_0_50_21,0.5,21,GT_pos,0.16704137981281317,0.6874122071684263,0.04911820317985531,0.6907231936567948,GT_pos_dist,1.0
artificial_graph_sbmv_4_comuAndEmb_0_50_pos_0_50_21,0.5,21,GT_pos + Inferred_Commu normal,0.1568827283590638,0.7227219176220037,0.04136560620844918,0.6617269218651542,GT_pos_dist,0.58338106
artificial_graph_sbmv_4_comuAndEmb_0_50_pos_0_50_21,0.5,21,GT_pos + Inferred_Commu spatial manuel iter,0.13537014683296392,0.6901649372422856,0.05034179359222293,0.6880345515647972,GT_pos_dist,0.59521747
artificial_graph_sbmv_4_comuAndEmb_0_50_pos_0_50_21,0.5,21,SiNEcustom_spatial,0.10660321237795825,0.6507657800534687,0.03473277790924134,0.641385607015333,SiNEcustom_spatial_dist,1.0
artificial_graph_sbmv_4_comuAndEmb_0_50_pos_0_50_21,0.5,21,deepwalk,0.1140059357796437,0.630477139879469,0.03235291789729759,0.6439956154169292,deepwalk_dist,1.0
artificial_graph_sbmv_4_comuAndEmb_0_50_pos_0_50_21,0.5,21,GT_pos + SiNEcustom_spatial,0.18346641441639003,0.7334383071276451,0.053945263362927674,0.7038453056080656,GT_pos_dist,0.5775869
artificial_graph_sbmv_4_comuAndEmb_0_50_pos_0_50_21,0.5,21,GT_pos + deepwalk,0.17569016621259842,0.6885223616838099,0.04034784986802403,0.6761843625288804,GT_pos_dist,0.5888468
artificial_graph_sbmv_4_comuAndEmb_0_40_pos_0_60_21,0.3999999999999999,21,Inferred_Commu_normal,0.09913117497276376,0.6460325105358218,0.03827303846990897,0.7103854875283446,louvain_density,1.0
artificial_graph_sbmv_4_comuAndEmb_0_40_pos_0_60_21,0.3999999999999999,21,Inferred_Commu_spatial_manuel_iter,0.06176532266573876,0.4561830222757375,0.018580663487741015,0.4766633122677079,spatial_louvain_density,1.0
artificial_graph_sbmv_4_comuAndEmb_0_40_pos_0_60_21,0.3999999999999999,21,GT_pos,0.10931562389713231,0.6563636363636364,0.07604425292675343,0.7418324410632103,GT_pos_dist,1.0
artificial_graph_sbmv_4_comuAndEmb_0_40_pos_0_60_21,0.3999999999999999,21,GT_pos + Inferred_Commu normal,0.1241444339101093,0.6541721854304635,0.05571734596204374,0.728676488346818,GT_pos_dist,0.65655637
artificial_graph_sbmv_4_comuAndEmb_0_40_pos_0_60_21,0.3999999999999999,21,GT_pos + Inferred_Commu spatial manuel iter,0.0914528904992011,0.631294400963275,0.04899906753914964,0.6941170551060661,GT_pos_dist,0.5855254
artificial_graph_sbmv_4_comuAndEmb_0_40_pos_0_60_21,0.3999999999999999,21,SiNEcustom_spatial,0.07569143785636312,0.5423961468994581,0.031030375145121816,0.5905085268821533,SiNEcustom_spatial_dist,1.0
artificial_graph_sbmv_4_comuAndEmb_0_40_pos_0_60_21,0.3999999999999999,21,deepwalk,0.13310909821251743,0.6213967489464178,0.03798654226021117,0.6710727367870224,deepwalk_dist,1.0
artificial_graph_sbmv_4_comuAndEmb_0_40_pos_0_60_21,0.3999999999999999,21,GT_pos + SiNEcustom_spatial,0.1351062992095405,0.634473208910295,0.05089846361923286,0.7159721719062379,GT_pos_dist,0.6010947
artificial_graph_sbmv_4_comuAndEmb_0_40_pos_0_60_21,0.3999999999999999,21,GT_pos + deepwalk,0.11319479736172919,0.6439373871161951,0.05806038228253287,0.7385432516201746,GT_pos_dist,0.5855861
artificial_graph_sbmv_4_comuAndEmb_0_30_pos_0_70_21,0.29999999999999993,21,Inferred_Commu_normal,0.1431122070743951,0.7015029325513197,0.04163115227869344,0.6955289451500117,louvain_density,1.0
artificial_graph_sbmv_4_comuAndEmb_0_30_pos_0_70_21,0.29999999999999993,21,Inferred_Commu_spatial_manuel_iter,0.0831508152028188,0.5503421309872922,0.019841818292854987,0.48798496427633675,spatial_louvain_density,1.0
artificial_graph_sbmv_4_comuAndEmb_0_30_pos_0_70_21,0.29999999999999993,21,GT_pos,0.23289424441075435,0.7615591397849462,0.07987451051201316,0.7665249236467158,GT_pos_dist,1.0
artificial_graph_sbmv_4_comuAndEmb_0_30_pos_0_70_21,0.29999999999999993,21,GT_pos + Inferred_Commu normal,0.20477612707669837,0.7394672531769305,0.06750881724231936,0.7559449150785644,GT_pos_dist,0.67738074
artificial_graph_sbmv_4_comuAndEmb_0_30_pos_0_70_21,0.29999999999999993,21,GT_pos + Inferred_Commu spatial manuel iter,0.24004489605323318,0.7577712609970675,0.06284535296963106,0.7464012382360664,GT_pos_dist,0.67845607
artificial_graph_sbmv_4_comuAndEmb_0_30_pos_0_70_21,0.29999999999999993,21,SiNEcustom_spatial,0.11337770409820026,0.5937927663734115,0.024956319728849853,0.5753982117438952,SiNEcustom_spatial_dist,1.0
artificial_graph_sbmv_4_comuAndEmb_0_30_pos_0_70_21,0.29999999999999993,21,deepwalk,0.1879514042582445,0.7316471163245357,0.038566917456553225,0.676071917192963,deepwalk_dist,1.0
artificial_graph_sbmv_4_comuAndEmb_0_30_pos_0_70_21,0.29999999999999993,21,GT_pos + SiNEcustom_spatial,0.2679493429169226,0.7266251221896383,0.0803947422680055,0.7420893851660424,GT_pos_dist,0.6683011
artificial_graph_sbmv_4_comuAndEmb_0_30_pos_0_70_21,0.29999999999999993,21,GT_pos + deepwalk,0.21018847036907662,0.7465909090909091,0.06140132080137547,0.7424188444051354,GT_pos_dist,0.6678399
artificial_graph_sbmv_4_comuAndEmb_0_20_pos_0_80_21,0.19999999999999996,21,Inferred_Commu_normal,0.17617446604747578,0.7537809647979139,0.05427357835999599,0.7708049794603504,louvain_density,1.0
artificial_graph_sbmv_4_comuAndEmb_0_20_pos_0_80_21,0.19999999999999996,21,Inferred_Commu_spatial_manuel_iter,0.10057925685624053,0.5586484137331595,0.021649728880920864,0.5125088339222613,spatial_louvain_density,1.0
artificial_graph_sbmv_4_comuAndEmb_0_20_pos_0_80_21,0.19999999999999996,21,GT_pos,0.24247393396720823,0.7684919600173838,0.10491342546865884,0.8266609646767971,GT_pos_dist,1.0
artificial_graph_sbmv_4_comuAndEmb_0_20_pos_0_80_21,0.19999999999999996,21,GT_pos + Inferred_Commu normal,0.2301379266863685,0.7759778357235984,0.09824571905384732,0.8174837992733084,GT_pos_dist,0.7201503
artificial_graph_sbmv_4_comuAndEmb_0_20_pos_0_80_21,0.19999999999999996,21,GT_pos + Inferred_Commu spatial manuel iter,0.23074703685351688,0.7352564102564103,0.08963462161180463,0.8020652024622608,GT_pos_dist,0.7013948
artificial_graph_sbmv_4_comuAndEmb_0_20_pos_0_80_21,0.19999999999999996,21,SiNEcustom_spatial,0.10775023909047464,0.6194915254237288,0.03157367162617118,0.6264807901209903,SiNEcustom_spatial_dist,1.0
artificial_graph_sbmv_4_comuAndEmb_0_20_pos_0_80_21,0.19999999999999996,21,deepwalk,0.21518760129701864,0.6971751412429379,0.05329471151702903,0.7126524241781018,deepwalk_dist,1.0
artificial_graph_sbmv_4_comuAndEmb_0_20_pos_0_80_21,0.19999999999999996,21,GT_pos + SiNEcustom_spatial,0.265981411435586,0.7749891351586267,0.09032534111486581,0.8116234439186405,GT_pos_dist,0.69344044
artificial_graph_sbmv_4_comuAndEmb_0_20_pos_0_80_21,0.19999999999999996,21,GT_pos + deepwalk,0.24193782904708583,0.7831051716644937,0.0888288928472545,0.8092274844235787,GT_pos_dist,0.71545273
artificial_graph_sbmv_4_comuAndEmb_0_10_pos_0_90_21,0.09999999999999998,21,Inferred_Commu_normal,0.1942732327184201,0.8326510082814766,0.06034567926901334,0.7794187179772778,louvain_density,1.0
artificial_graph_sbmv_4_comuAndEmb_0_10_pos_0_90_21,0.09999999999999998,21,Inferred_Commu_spatial_manuel_iter,0.11351601170589487,0.6414284377485612,0.02554330863392758,0.5865160670527958,spatial_louvain_density,1.0
artificial_graph_sbmv_4_comuAndEmb_0_10_pos_0_90_21,0.09999999999999998,21,GT_pos,0.4055170897795352,0.8663617648434943,0.1275213003660012,0.8534665292938293,GT_pos_dist,1.0
artificial_graph_sbmv_4_comuAndEmb_0_10_pos_0_90_21,0.09999999999999998,21,GT_pos + Inferred_Commu normal,0.38314390348143695,0.868490619005287,0.11993734945858256,0.8598699599019826,GT_pos_dist,0.7555175
artificial_graph_sbmv_4_comuAndEmb_0_10_pos_0_90_21,0.09999999999999998,21,GT_pos + Inferred_Commu spatial manuel iter,0.35877941952479914,0.8636480606372527,0.11117480099533288,0.8502681554912007,GT_pos_dist,0.69909376
artificial_graph_sbmv_4_comuAndEmb_0_10_pos_0_90_21,0.09999999999999998,21,SiNEcustom_spatial,0.16918950086425633,0.71187947410284,0.04614440899118974,0.713327717754511,SiNEcustom_spatial_dist,1.0
artificial_graph_sbmv_4_comuAndEmb_0_10_pos_0_90_21,0.09999999999999998,21,deepwalk,0.2925852758166732,0.7969400645674449,0.06621048843653217,0.7682342949431944,deepwalk_dist,1.0
artificial_graph_sbmv_4_comuAndEmb_0_10_pos_0_90_21,0.09999999999999998,21,GT_pos + SiNEcustom_spatial,0.38462747423934346,0.8649815187385955,0.10352449412977482,0.8473341779906439,GT_pos_dist,0.7266232
artificial_graph_sbmv_4_comuAndEmb_0_10_pos_0_90_21,0.09999999999999998,21,GT_pos + deepwalk,0.3602158080646959,0.8588990782763299,0.10610772473295156,0.8349482067275563,GT_pos_dist,0.7123519
artificial_graph_sbmv_4_comuAndEmb_0_00_pos_1_00_21,0.0,21,Inferred_Commu_normal,0.2770259853700449,0.8663056776473786,0.06930888128180347,0.8319068998109641,louvain_density,1.0
artificial_graph_sbmv_4_comuAndEmb_0_00_pos_1_00_21,0.0,21,Inferred_Commu_spatial_manuel_iter,0.13410173806337009,0.6535524944492273,0.023931748194900127,0.5729500105019955,spatial_louvain_density,1.0
artificial_graph_sbmv_4_comuAndEmb_0_00_pos_1_00_21,0.0,21,GT_pos,0.41526743518253106,0.9026009334360415,0.1584020232781228,0.8921510712035287,GT_pos_dist,1.0
artificial_graph_sbmv_4_comuAndEmb_0_00_pos_1_00_21,0.0,21,GT_pos + Inferred_Commu normal,0.41068789725172766,0.8980696905161086,0.15269023762496592,0.8875057760974585,GT_pos_dist,0.868478
artificial_graph_sbmv_4_comuAndEmb_0_00_pos_1_00_21,0.0,21,GT_pos + Inferred_Commu spatial manuel iter,0.42064296260540096,0.8929380579092846,0.1274599142134072,0.8854462035286703,GT_pos_dist,0.7979742
artificial_graph_sbmv_4_comuAndEmb_0_00_pos_1_00_21,0.0,21,SiNEcustom_spatial,0.1588054661021992,0.7366554896007975,0.03932220619015882,0.6981327452215921,SiNEcustom_spatial_dist,1.0
artificial_graph_sbmv_4_comuAndEmb_0_00_pos_1_00_21,0.0,21,deepwalk,0.3030748258613681,0.8220467624269338,0.0767621931202383,0.8162204631379962,deepwalk_dist,1.0
artificial_graph_sbmv_4_comuAndEmb_0_00_pos_1_00_21,0.0,21,GT_pos + SiNEcustom_spatial,0.39381863545520956,0.8979450813358105,0.1284890844187697,0.8732772789329973,GT_pos_dist,0.8056155
artificial_graph_sbmv_4_comuAndEmb_0_00_pos_1_00_21,0.0,21,GT_pos + deepwalk,0.428966220639597,0.8829466672708324,0.13250104019874304,0.8729820415879017,GT_pos_dist,0.81079
artificial_graph_sbmv_4_comuAndEmb_1_00_pos_0_00_22,1.0,22,Inferred_Commu_normal,0.16057222988364436,0.7809185606060606,0.04870970792603537,0.7593616494415409,louvain_density,1.0
artificial_graph_sbmv_4_comuAndEmb_1_00_pos_0_00_22,1.0,22,Inferred_Commu_spatial_manuel_iter,0.19701745290235056,0.8338068181818182,0.07971101276194173,0.7493501805054152,spatial_louvain_density,1.0
artificial_graph_sbmv_4_comuAndEmb_1_00_pos_0_00_22,1.0,22,GT_pos,0.07679243475277131,0.5568892045454545,0.021391337902239682,0.5178890641087464,GT_pos_dist,1.0
artificial_graph_sbmv_4_comuAndEmb_1_00_pos_0_00_22,1.0,22,GT_pos + Inferred_Commu normal,0.1622076386347183,0.7412642045454545,0.04872069537867196,0.7448715609482726,louvain_density,0.83143026
artificial_graph_sbmv_4_comuAndEmb_1_00_pos_0_00_22,1.0,22,GT_pos + Inferred_Commu spatial manuel iter,0.1950221815842365,0.7912523674242424,0.06365577141969202,0.7182009409740776,spatial_louvain_density,0.7736352
artificial_graph_sbmv_4_comuAndEmb_1_00_pos_0_00_22,1.0,22,SiNEcustom_spatial,0.24343392982040868,0.7617660984848484,0.10276521734985691,0.8353002124359759,SiNEcustom_spatial_dist,1.0
artificial_graph_sbmv_4_comuAndEmb_1_00_pos_0_00_22,1.0,22,deepwalk,0.21559667091412144,0.7106534090909091,0.10927241102803237,0.7890595472376807,deepwalk_dist,1.0
artificial_graph_sbmv_4_comuAndEmb_1_00_pos_0_00_22,1.0,22,GT_pos + SiNEcustom_spatial,0.23578894230184377,0.7551964962121211,0.08537226599404761,0.8195742157463279,SiNEcustom_spatial_dist,0.72736406
artificial_graph_sbmv_4_comuAndEmb_1_00_pos_0_00_22,1.0,22,GT_pos + deepwalk,0.14399881084646654,0.6852391098484848,0.09037817890133037,0.7736241838157673,deepwalk_dist,0.70939595
artificial_graph_sbmv_4_comuAndEmb_0_90_pos_0_10_22,0.9,22,Inferred_Commu_normal,0.167553306043906,0.7626931567328918,0.042458927133073476,0.7231979497913564,louvain_density,1.0
artificial_graph_sbmv_4_comuAndEmb_0_90_pos_0_10_22,0.9,22,Inferred_Commu_spatial_manuel_iter,0.15361560789788575,0.747054722899965,0.04907891642678024,0.7089731513907338,spatial_louvain_density,1.0
artificial_graph_sbmv_4_comuAndEmb_0_90_pos_0_10_22,0.9,22,GT_pos,0.07126069466260637,0.48860230045311964,0.021316167521404448,0.5135013216331898,GT_pos_dist,1.0
artificial_graph_sbmv_4_comuAndEmb_0_90_pos_0_10_22,0.9,22,GT_pos + Inferred_Commu normal,0.16318983017617109,0.6882188915998606,0.04269286105766911,0.7149900038911027,louvain_density,0.7698243
artificial_graph_sbmv_4_comuAndEmb_0_90_pos_0_10_22,0.9,22,GT_pos + Inferred_Commu spatial manuel iter,0.14666848243856542,0.7072499128616242,0.04894019366641365,0.6995702344053992,spatial_louvain_density,0.72608584
artificial_graph_sbmv_4_comuAndEmb_0_90_pos_0_10_22,0.9,22,SiNEcustom_spatial,0.2034765002349024,0.7006157778552342,0.09159306907086993,0.7688723852460116,SiNEcustom_spatial_dist,1.0
artificial_graph_sbmv_4_comuAndEmb_0_90_pos_0_10_22,0.9,22,deepwalk,0.29901378724672756,0.762251655629139,0.08328787580957268,0.7522251740933059,deepwalk_dist,1.0
artificial_graph_sbmv_4_comuAndEmb_0_90_pos_0_10_22,0.9,22,GT_pos + SiNEcustom_spatial,0.18825993680053613,0.7276635296851399,0.07828268816044735,0.7723204390237357,SiNEcustom_spatial_dist,0.62693727
artificial_graph_sbmv_4_comuAndEmb_0_90_pos_0_10_22,0.9,22,GT_pos + deepwalk,0.25890450219197253,0.7342976646915302,0.06341052592956314,0.7275685974587074,deepwalk_dist,0.62188214
artificial_graph_sbmv_4_comuAndEmb_0_80_pos_0_20_22,0.8,22,Inferred_Commu_normal,0.1421563480142624,0.7250328515111696,0.04266164767564174,0.7226880000000001,louvain_density,1.0
artificial_graph_sbmv_4_comuAndEmb_0_80_pos_0_20_22,0.8,22,Inferred_Commu_spatial_manuel_iter,0.13470098026193245,0.7011871856450225,0.04870783099825367,0.7586636694214877,spatial_louvain_density,1.0
artificial_graph_sbmv_4_comuAndEmb_0_80_pos_0_20_22,0.8,22,GT_pos,0.08280950445660118,0.5267456613349042,0.021603077083510135,0.5374163305785123,GT_pos_dist,1.0
artificial_graph_sbmv_4_comuAndEmb_0_80_pos_0_20_22,0.8,22,GT_pos + Inferred_Commu normal,0.12702393530911266,0.6776473786759708,0.03897592724341907,0.6831151074380165,louvain_density,0.7366062
artificial_graph_sbmv_4_comuAndEmb_0_80_pos_0_20_22,0.8,22,GT_pos + Inferred_Commu spatial manuel iter,0.12391998859564785,0.6855090851420544,0.04235498117858689,0.7195115371900827,spatial_louvain_density,0.7406806
artificial_graph_sbmv_4_comuAndEmb_0_80_pos_0_20_22,0.8,22,SiNEcustom_spatial,0.22769497689758997,0.7493089854547104,0.08318926687971757,0.7371579504132233,SiNEcustom_spatial_dist,1.0
artificial_graph_sbmv_4_comuAndEmb_0_80_pos_0_20_22,0.8,22,deepwalk,0.1882231256965431,0.6851465857084599,0.06950473518414717,0.7143096859504132,deepwalk_dist,1.0
artificial_graph_sbmv_4_comuAndEmb_0_80_pos_0_20_22,0.8,22,GT_pos + SiNEcustom_spatial,0.19611549427363079,0.7532058543658526,0.07784028012114182,0.7480699504132231,SiNEcustom_spatial_dist,0.5852768
artificial_graph_sbmv_4_comuAndEmb_0_80_pos_0_20_22,0.8,22,GT_pos + deepwalk,0.14322885031239418,0.6640989623453712,0.05552095654963006,0.6898213553719008,deepwalk_dist,0.54977494
artificial_graph_sbmv_4_comuAndEmb_0_70_pos_0_30_22,0.7,22,Inferred_Commu_normal,0.12899643376846837,0.712734393543793,0.03054779492353354,0.6433935018050542,louvain_density,1.0
artificial_graph_sbmv_4_comuAndEmb_0_70_pos_0_30_22,0.7,22,Inferred_Commu_spatial_manuel_iter,0.1299606452463852,0.649323522430572,0.03616730257308559,0.6111158753535171,spatial_louvain_density,1.0
artificial_graph_sbmv_4_comuAndEmb_0_70_pos_0_30_22,0.7,22,GT_pos,0.10691727701864981,0.5844054118205554,0.028397882136112128,0.5906158036726661,GT_pos_dist,1.0
artificial_graph_sbmv_4_comuAndEmb_0_70_pos_0_30_22,0.7,22,GT_pos + Inferred_Commu normal,0.16517591580404808,0.6985402326133396,0.03657676751151211,0.6774923431818478,louvain_density,0.6252291
artificial_graph_sbmv_4_comuAndEmb_0_70_pos_0_30_22,0.7,22,GT_pos + Inferred_Commu spatial manuel iter,0.12852219049608654,0.6643959173985283,0.032995281906307475,0.6400246321469067,spatial_louvain_density,0.5855962
artificial_graph_sbmv_4_comuAndEmb_0_70_pos_0_30_22,0.7,22,SiNEcustom_spatial,0.14319828988468125,0.6348920009494422,0.06684717704911827,0.7101132557442429,SiNEcustom_spatial_dist,1.0
artificial_graph_sbmv_4_comuAndEmb_0_70_pos_0_30_22,0.7,22,deepwalk,0.20605289499386556,0.6811891763588891,0.04766647363764012,0.6375954332781608,deepwalk_dist,1.0
artificial_graph_sbmv_4_comuAndEmb_0_70_pos_0_30_22,0.7,22,GT_pos + SiNEcustom_spatial,0.1385043386498585,0.6806313790647995,0.04879871241341821,0.7106581605390401,SiNEcustom_spatial_dist,0.5350125
artificial_graph_sbmv_4_comuAndEmb_0_70_pos_0_30_22,0.7,22,GT_pos + deepwalk,0.16765029464020137,0.6712081652029432,0.04117469452663188,0.652817969737648,deepwalk_dist,0.5417198
artificial_graph_sbmv_4_comuAndEmb_0_60_pos_0_40_22,0.6,22,Inferred_Commu_normal,0.13128664241266602,0.6942621015348288,0.03613095491132304,0.6533116815899798,louvain_density,1.0
artificial_graph_sbmv_4_comuAndEmb_0_60_pos_0_40_22,0.6,22,Inferred_Commu_spatial_manuel_iter,0.11594567333279722,0.6817945690672963,0.036044522617418376,0.6422645049428083,spatial_louvain_density,1.0
artificial_graph_sbmv_4_comuAndEmb_0_60_pos_0_40_22,0.6,22,GT_pos,0.14928529531119494,0.6321015348288075,0.03993957043344148,0.6435889705501785,GT_pos_dist,1.0
artificial_graph_sbmv_4_comuAndEmb_0_60_pos_0_40_22,0.6,22,GT_pos + Inferred_Commu normal,0.21325447830844127,0.7120306965761511,0.057168665319263165,0.7151829615444334,louvain_density,0.5708348
artificial_graph_sbmv_4_comuAndEmb_0_60_pos_0_40_22,0.6,22,GT_pos + Inferred_Commu spatial manuel iter,0.1914308230883046,0.7140495867768596,0.04695060555344456,0.7117307592774702,spatial_louvain_density,0.5607733
artificial_graph_sbmv_4_comuAndEmb_0_60_pos_0_40_22,0.6,22,SiNEcustom_spatial,0.14309265908911406,0.6330578512396694,0.042245430521569816,0.6355403447026551,SiNEcustom_spatial_dist,1.0
artificial_graph_sbmv_4_comuAndEmb_0_60_pos_0_40_22,0.6,22,deepwalk,0.1347908664774156,0.5962809917355373,0.04768336499331918,0.6714745613581078,deepwalk_dist,1.0
artificial_graph_sbmv_4_comuAndEmb_0_60_pos_0_40_22,0.6,22,GT_pos + SiNEcustom_spatial,0.1736423053274698,0.7198347107438017,0.05151270351372431,0.7005640236012629,GT_pos_dist,0.5157708
artificial_graph_sbmv_4_comuAndEmb_0_60_pos_0_40_22,0.6,22,GT_pos + deepwalk,0.1782942904605242,0.6632113341204251,0.0511468452310772,0.7037562755550955,GT_pos_dist,0.50961083
artificial_graph_sbmv_4_comuAndEmb_0_50_pos_0_50_22,0.5,22,Inferred_Commu_normal,0.10580350501058695,0.6250623045901491,0.028159728021465887,0.582527867768595,louvain_density,1.0
artificial_graph_sbmv_4_comuAndEmb_0_50_pos_0_50_22,0.5,22,Inferred_Commu_spatial_manuel_iter,0.10531867784497889,0.6164189587203769,0.028795766503645407,0.617571041322314,spatial_louvain_density,1.0
artificial_graph_sbmv_4_comuAndEmb_0_50_pos_0_50_22,0.5,22,GT_pos,0.11897088576438868,0.6770130046671803,0.04515759172705959,0.6651879669421488,GT_pos_dist,1.0
artificial_graph_sbmv_4_comuAndEmb_0_50_pos_0_50_22,0.5,22,GT_pos + Inferred_Commu normal,0.11582851335342667,0.6872083012370294,0.03988351524678623,0.6924214214876032,GT_pos_dist,0.50991017
artificial_graph_sbmv_4_comuAndEmb_0_50_pos_0_50_22,0.5,22,GT_pos + Inferred_Commu spatial manuel iter,0.17679306263745295,0.7376636911504826,0.04200223042568761,0.6978000661157024,GT_pos_dist,0.51822454
artificial_graph_sbmv_4_comuAndEmb_0_50_pos_0_50_22,0.5,22,SiNEcustom_spatial,0.1114461851392275,0.5484389868140831,0.03382070560742037,0.6328450909090909,SiNEcustom_spatial_dist,1.0
artificial_graph_sbmv_4_comuAndEmb_0_50_pos_0_50_22,0.5,22,deepwalk,0.1402897171122919,0.6300806561239748,0.03141025214804344,0.6121113388429752,deepwalk_dist,1.0
artificial_graph_sbmv_4_comuAndEmb_0_50_pos_0_50_22,0.5,22,GT_pos + SiNEcustom_spatial,0.13948428781472347,0.6765032398386877,0.045194230615862176,0.7071539834710744,GT_pos_dist,0.5544056
artificial_graph_sbmv_4_comuAndEmb_0_50_pos_0_50_22,0.5,22,GT_pos + deepwalk,0.13849144053516754,0.7027164801304997,0.05772850028324459,0.6786284958677686,GT_pos_dist,0.56373024
artificial_graph_sbmv_4_comuAndEmb_0_40_pos_0_60_22,0.3999999999999999,22,Inferred_Commu_normal,0.11414729199577173,0.6702304737516006,0.03637891666860628,0.67667157786962,louvain_density,1.0
artificial_graph_sbmv_4_comuAndEmb_0_40_pos_0_60_22,0.3999999999999999,22,Inferred_Commu_spatial_manuel_iter,0.07739205517860424,0.537761416986769,0.021958613401739706,0.5421787011949206,spatial_louvain_density,1.0
artificial_graph_sbmv_4_comuAndEmb_0_40_pos_0_60_22,0.3999999999999999,22,GT_pos,0.17919174991194842,0.7231113956466069,0.057674594773678076,0.7277573699259573,GT_pos_dist,1.0
artificial_graph_sbmv_4_comuAndEmb_0_40_pos_0_60_22,0.3999999999999999,22,GT_pos + Inferred_Commu normal,0.20260004123657568,0.7256828851899274,0.05518567638277591,0.7233462772665411,GT_pos_dist,0.6597797
artificial_graph_sbmv_4_comuAndEmb_0_40_pos_0_60_22,0.3999999999999999,22,GT_pos + Inferred_Commu spatial manuel iter,0.16502227850358722,0.7120892018779341,0.05436987222920679,0.7383582015008303,GT_pos_dist,0.61094356
artificial_graph_sbmv_4_comuAndEmb_0_40_pos_0_60_22,0.3999999999999999,22,SiNEcustom_spatial,0.08817835590456352,0.5440140845070423,0.028028647904004587,0.5774841738565846,SiNEcustom_spatial_dist,1.0
artificial_graph_sbmv_4_comuAndEmb_0_40_pos_0_60_22,0.3999999999999999,22,deepwalk,0.10257887684165708,0.5912291933418694,0.03282680055773868,0.6479462847582065,deepwalk_dist,1.0
artificial_graph_sbmv_4_comuAndEmb_0_40_pos_0_60_22,0.3999999999999999,22,GT_pos + SiNEcustom_spatial,0.1864973545996789,0.7594216816047802,0.04818474196775358,0.7288847407259424,GT_pos_dist,0.6314754
artificial_graph_sbmv_4_comuAndEmb_0_40_pos_0_60_22,0.3999999999999999,22,GT_pos + deepwalk,0.1895170454275214,0.7104460093896714,0.05013296346167125,0.7304820886763476,GT_pos_dist,0.64347655
artificial_graph_sbmv_4_comuAndEmb_0_30_pos_0_70_22,0.29999999999999993,22,Inferred_Commu_normal,0.178720299616367,0.784663645869641,0.054029982515588236,0.7465972976961988,louvain_density,1.0
artificial_graph_sbmv_4_comuAndEmb_0_30_pos_0_70_22,0.29999999999999993,22,Inferred_Commu_spatial_manuel_iter,0.07327353181868743,0.4945393284535843,0.019158569965672157,0.4852732493391835,spatial_louvain_density,1.0
artificial_graph_sbmv_4_comuAndEmb_0_30_pos_0_70_22,0.29999999999999993,22,GT_pos,0.22980028897776242,0.8016033461136285,0.07389241785257154,0.7722043768197614,GT_pos_dist,1.0
artificial_graph_sbmv_4_comuAndEmb_0_30_pos_0_70_22,0.29999999999999993,22,GT_pos + Inferred_Commu normal,0.21739794599413564,0.7892529336586499,0.05129956662191594,0.7288387070804654,GT_pos_dist,0.6368569
artificial_graph_sbmv_4_comuAndEmb_0_30_pos_0_70_22,0.29999999999999993,22,GT_pos + Inferred_Commu spatial manuel iter,0.2344886537244127,0.7827582200534449,0.06901817292919332,0.7219651410860202,GT_pos_dist,0.63917416
artificial_graph_sbmv_4_comuAndEmb_0_30_pos_0_70_22,0.29999999999999993,22,SiNEcustom_spatial,0.10314355888759083,0.644150110375276,0.025358193260881814,0.578599068818849,SiNEcustom_spatial_dist,1.0
artificial_graph_sbmv_4_comuAndEmb_0_30_pos_0_70_22,0.29999999999999993,22,deepwalk,0.14242906223348742,0.6723132334146624,0.03804031541104723,0.6701310899113097,deepwalk_dist,1.0
artificial_graph_sbmv_4_comuAndEmb_0_30_pos_0_70_22,0.29999999999999993,22,GT_pos + SiNEcustom_spatial,0.19567666113758703,0.7589403973509934,0.057136441715449585,0.7380223805498531,GT_pos_dist,0.643422
artificial_graph_sbmv_4_comuAndEmb_0_30_pos_0_70_22,0.29999999999999993,22,GT_pos + deepwalk,0.18314318501242685,0.743952596723597,0.057060341641912336,0.7145214614445383,GT_pos_dist,0.6299955
artificial_graph_sbmv_4_comuAndEmb_0_20_pos_0_80_22,0.19999999999999996,22,Inferred_Commu_normal,0.18437613084399296,0.7805048311319918,0.04666724202017083,0.6777605502741311,louvain_density,1.0
artificial_graph_sbmv_4_comuAndEmb_0_20_pos_0_80_22,0.19999999999999996,22,Inferred_Commu_spatial_manuel_iter,0.06808889083324703,0.504565198120734,0.02220430541639641,0.5480763040088527,spatial_louvain_density,1.0
artificial_graph_sbmv_4_comuAndEmb_0_20_pos_0_80_22,0.19999999999999996,22,GT_pos,0.27384018660538534,0.7810256182962503,0.11233805442501109,0.821189452240833,GT_pos_dist,1.0
artificial_graph_sbmv_4_comuAndEmb_0_20_pos_0_80_22,0.19999999999999996,22,GT_pos + Inferred_Commu normal,0.30764910193535866,0.7762277280382945,0.10254624972580711,0.8139588048890902,GT_pos_dist,0.7454027
artificial_graph_sbmv_4_comuAndEmb_0_20_pos_0_80_22,0.19999999999999996,22,GT_pos + Inferred_Commu spatial manuel iter,0.2651130102467511,0.7801502526371775,0.10977517677865208,0.8133066747145516,GT_pos_dist,0.7261453
artificial_graph_sbmv_4_comuAndEmb_0_20_pos_0_80_22,0.19999999999999996,22,SiNEcustom_spatial,0.09323490237789728,0.5844783263895045,0.029488433698266484,0.6289068708817465,SiNEcustom_spatial_dist,1.0
artificial_graph_sbmv_4_comuAndEmb_0_20_pos_0_80_22,0.19999999999999996,22,deepwalk,0.1875910285158479,0.6807131459976952,0.05158281686120837,0.7025697902519994,deepwalk_dist,1.0
artificial_graph_sbmv_4_comuAndEmb_0_20_pos_0_80_22,0.19999999999999996,22,GT_pos + SiNEcustom_spatial,0.25111481281396825,0.7428087049020476,0.09307751238144528,0.8004255319148936,GT_pos_dist,0.69829243
artificial_graph_sbmv_4_comuAndEmb_0_20_pos_0_80_22,0.19999999999999996,22,GT_pos + deepwalk,0.2500641876534979,0.7835519900718022,0.10323756099545846,0.8158640158945727,GT_pos_dist,0.7053763
artificial_graph_sbmv_4_comuAndEmb_0_10_pos_0_90_22,0.09999999999999998,22,Inferred_Commu_normal,0.18119437010137857,0.8090790410633752,0.05753017144782879,0.7966544580970384,louvain_density,1.0
artificial_graph_sbmv_4_comuAndEmb_0_10_pos_0_90_22,0.09999999999999998,22,Inferred_Commu_spatial_manuel_iter,0.06834306722702249,0.49438642297650126,0.023351279078186342,0.5413110428481411,spatial_louvain_density,1.0
artificial_graph_sbmv_4_comuAndEmb_0_10_pos_0_90_22,0.09999999999999998,22,GT_pos,0.3928131878973421,0.8642891051507239,0.12331891681768145,0.8548793583280824,GT_pos_dist,1.0
artificial_graph_sbmv_4_comuAndEmb_0_10_pos_0_90_22,0.09999999999999998,22,GT_pos + Inferred_Commu normal,0.356228268148557,0.862200332304771,0.11631702794102992,0.8437467181264441,GT_pos_dist,0.74891955
artificial_graph_sbmv_4_comuAndEmb_0_10_pos_0_90_22,0.09999999999999998,22,GT_pos + Inferred_Commu spatial manuel iter,0.34543661647790486,0.8453477332067411,0.09573668254292401,0.8421042060491494,GT_pos_dist,0.79429394
artificial_graph_sbmv_4_comuAndEmb_0_10_pos_0_90_22,0.09999999999999998,22,SiNEcustom_spatial,0.12164906668404468,0.6716235461666271,0.036801626066750526,0.6822725005250997,SiNEcustom_spatial_dist,1.0
artificial_graph_sbmv_4_comuAndEmb_0_10_pos_0_90_22,0.09999999999999998,22,deepwalk,0.19519908682656345,0.7859957275100878,0.06777672933210262,0.7826176223482462,deepwalk_dist,1.0
artificial_graph_sbmv_4_comuAndEmb_0_10_pos_0_90_22,0.09999999999999998,22,GT_pos + SiNEcustom_spatial,0.4128165371624688,0.8606930928079752,0.11309386267976736,0.8451818157950012,GT_pos_dist,0.77611566
artificial_graph_sbmv_4_comuAndEmb_0_10_pos_0_90_22,0.09999999999999998,22,GT_pos + deepwalk,0.3645438919353599,0.8585212437692856,0.09895062626106714,0.826134084226003,GT_pos_dist,0.73192865
artificial_graph_sbmv_4_comuAndEmb_0_00_pos_1_00_22,0.0,22,Inferred_Commu_normal,0.1942266749177078,0.8228286816011752,0.0753095177364612,0.8554348349185041,louvain_density,1.0
artificial_graph_sbmv_4_comuAndEmb_0_00_pos_1_00_22,0.0,22,Inferred_Commu_spatial_manuel_iter,0.10666249484233975,0.5824687844289387,0.028561702266976928,0.5998253568217221,spatial_louvain_density,1.0
artificial_graph_sbmv_4_comuAndEmb_0_00_pos_1_00_22,0.0,22,GT_pos,0.5090816235344977,0.9080517811237605,0.19141214349708457,0.9219390585225617,GT_pos_dist,1.0
artificial_graph_sbmv_4_comuAndEmb_0_00_pos_1_00_22,0.0,22,GT_pos + Inferred_Commu normal,0.5062763218111813,0.9113569592361367,0.2107043785456254,0.9224526031838504,GT_pos_dist,0.75339764
artificial_graph_sbmv_4_comuAndEmb_0_00_pos_1_00_22,0.0,22,GT_pos + Inferred_Commu spatial manuel iter,0.4601883146810655,0.9080058758721998,0.18124721021361379,0.9153792378515977,GT_pos_dist,0.80380106
artificial_graph_sbmv_4_comuAndEmb_0_00_pos_1_00_22,0.0,22,SiNEcustom_spatial,0.13000669668870468,0.7153415350716122,0.05047855818407224,0.7564592647002951,SiNEcustom_spatial_dist,1.0
artificial_graph_sbmv_4_comuAndEmb_0_00_pos_1_00_22,0.0,22,deepwalk,0.3346964253629935,0.8413055453543886,0.11521687983252646,0.8501969326629601,deepwalk_dist,1.0
artificial_graph_sbmv_4_comuAndEmb_0_00_pos_1_00_22,0.0,22,GT_pos + SiNEcustom_spatial,0.4232926168856706,0.898939588688946,0.15980585851121787,0.9052701966793733,GT_pos_dist,0.80171466
artificial_graph_sbmv_4_comuAndEmb_0_00_pos_1_00_22,0.0,22,GT_pos + deepwalk,0.39683508075182994,0.9035530664708042,0.15592677031196214,0.9028501412089512,GT_pos_dist,0.79071546
artificial_graph_sbmv_4_comuAndEmb_1_00_pos_0_00_23,1.0,23,Inferred_Commu_normal,0.21715215719803638,0.8177490291489262,0.052534436310232066,0.7503835765203832,louvain_density,1.0
artificial_graph_sbmv_4_comuAndEmb_1_00_pos_0_00_23,1.0,23,Inferred_Commu_spatial_manuel_iter,0.23433076444276837,0.8095728255275347,0.036262952903808356,0.6543648362664289,spatial_louvain_density,1.0
artificial_graph_sbmv_4_comuAndEmb_1_00_pos_0_00_23,1.0,23,GT_pos,0.0679958280173681,0.46441772329574693,0.019485213760545114,0.49138797616395635,GT_pos_dist,1.0
artificial_graph_sbmv_4_comuAndEmb_1_00_pos_0_00_23,1.0,23,GT_pos + Inferred_Commu normal,0.2443813584000918,0.7829738455060122,0.04885469185110691,0.6921641791044776,louvain_density,0.8256863
artificial_graph_sbmv_4_comuAndEmb_1_00_pos_0_00_23,1.0,23,GT_pos + Inferred_Commu spatial manuel iter,0.22041688207143373,0.7445725915875169,0.03213982968625922,0.6374583704611272,spatial_louvain_density,0.7774709
artificial_graph_sbmv_4_comuAndEmb_1_00_pos_0_00_23,1.0,23,SiNEcustom_spatial,0.27037362757321265,0.8350021054601601,0.0916196217540665,0.8158772833593227,SiNEcustom_spatial_dist,1.0
artificial_graph_sbmv_4_comuAndEmb_1_00_pos_0_00_23,1.0,23,deepwalk,0.39126872933458506,0.8416693959668741,0.14069725729192464,0.8183760302962798,deepwalk_dist,1.0
artificial_graph_sbmv_4_comuAndEmb_1_00_pos_0_00_23,1.0,23,GT_pos + SiNEcustom_spatial,0.23608211949941424,0.7745403078650634,0.08540574256184916,0.78981440744041,SiNEcustom_spatial_dist,0.69056505
artificial_graph_sbmv_4_comuAndEmb_1_00_pos_0_00_23,1.0,23,GT_pos + deepwalk,0.31097531916905324,0.8020282599541478,0.11012608522063205,0.7945610102472712,deepwalk_dist,0.68629533
artificial_graph_sbmv_4_comuAndEmb_0_90_pos_0_10_23,0.9,23,Inferred_Commu_normal,0.19661497843998957,0.7949066827212522,0.06721985436526462,0.7236265949394465,louvain_density,1.0
artificial_graph_sbmv_4_comuAndEmb_0_90_pos_0_10_23,0.9,23,Inferred_Commu_spatial_manuel_iter,0.19023567994160212,0.7959542444310657,0.042061610981803096,0.7017467290224914,spatial_louvain_density,1.0
artificial_graph_sbmv_4_comuAndEmb_0_90_pos_0_10_23,0.9,23,GT_pos,0.07783344577278056,0.5284647802528597,0.020768764951530225,0.5048698367214532,GT_pos_dist,1.0
artificial_graph_sbmv_4_comuAndEmb_0_90_pos_0_10_23,0.9,23,GT_pos + Inferred_Commu normal,0.2087613767307437,0.7608669476219145,0.05451962340528253,0.7281076989619377,louvain_density,0.753714
artificial_graph_sbmv_4_comuAndEmb_0_90_pos_0_10_23,0.9,23,GT_pos + Inferred_Commu spatial manuel iter,0.17256125055204516,0.7448645394340758,0.03318122165232481,0.6543298551038061,spatial_louvain_density,0.76627266
artificial_graph_sbmv_4_comuAndEmb_0_90_pos_0_10_23,0.9,23,SiNEcustom_spatial,0.28376287238356795,0.8303070439494281,0.1025065727219126,0.7997498107698963,SiNEcustom_spatial_dist,1.0
artificial_graph_sbmv_4_comuAndEmb_0_90_pos_0_10_23,0.9,23,deepwalk,0.21723293993494308,0.7187959060806743,0.09837105492147721,0.781661169982699,deepwalk_dist,1.0
artificial_graph_sbmv_4_comuAndEmb_0_90_pos_0_10_23,0.9,23,GT_pos + SiNEcustom_spatial,0.27225629279458985,0.804033714629741,0.07946728074721747,0.7782915224913494,SiNEcustom_spatial_dist,0.6674253
artificial_graph_sbmv_4_comuAndEmb_0_90_pos_0_10_23,0.9,23,GT_pos + deepwalk,0.26160456345328864,0.7259241420830824,0.08000563091757099,0.7546907439446366,deepwalk_dist,0.614626
artificial_graph_sbmv_4_comuAndEmb_0_80_pos_0_20_23,0.8,23,Inferred_Commu_normal,0.1625047537149096,0.7648910984848485,0.040222541240378,0.6800393593035228,louvain_density,1.0
artificial_graph_sbmv_4_comuAndEmb_0_80_pos_0_20_23,0.8,23,Inferred_Commu_spatial_manuel_iter,0.13925053175155003,0.7303148674242425,0.03949771975102625,0.6927860391768432,spatial_louvain_density,1.0
artificial_graph_sbmv_4_comuAndEmb_0_80_pos_0_20_23,0.8,23,GT_pos,0.07139023634126634,0.5063683712121212,0.02005684343160431,0.4882752284012564,GT_pos_dist,1.0
artificial_graph_sbmv_4_comuAndEmb_0_80_pos_0_20_23,0.8,23,GT_pos + Inferred_Commu normal,0.15176360582689888,0.7415838068181818,0.03664848809444596,0.6736028098893508,louvain_density,0.7397693
artificial_graph_sbmv_4_comuAndEmb_0_80_pos_0_20_23,0.8,23,GT_pos + Inferred_Commu spatial manuel iter,0.13702025282188393,0.7044507575757575,0.035573371809654884,0.6838476977414016,spatial_louvain_density,0.753459
artificial_graph_sbmv_4_comuAndEmb_0_80_pos_0_20_23,0.8,23,SiNEcustom_spatial,0.22407927342692524,0.7319483901515151,0.08624421401569358,0.7648952807934419,SiNEcustom_spatial_dist,1.0
artificial_graph_sbmv_4_comuAndEmb_0_80_pos_0_20_23,0.8,23,deepwalk,0.20006791272393748,0.711825284090909,0.057666936670091325,0.7224354546520872,deepwalk_dist,1.0
artificial_graph_sbmv_4_comuAndEmb_0_80_pos_0_20_23,0.8,23,GT_pos + SiNEcustom_spatial,0.18011093914952048,0.7315222537878787,0.06443699593362558,0.7383605937781021,SiNEcustom_spatial_dist,0.6395757
artificial_graph_sbmv_4_comuAndEmb_0_80_pos_0_20_23,0.8,23,GT_pos + deepwalk,0.15847389132992912,0.7116477272727273,0.04536308799820407,0.6877072554053878,deepwalk_dist,0.56493527
artificial_graph_sbmv_4_comuAndEmb_0_70_pos_0_30_23,0.7,23,Inferred_Commu_normal,0.15255066994234473,0.7173146165823276,0.0379017024301503,0.6691415568997682,louvain_density,1.0
artificial_graph_sbmv_4_comuAndEmb_0_70_pos_0_30_23,0.7,23,Inferred_Commu_spatial_manuel_iter,0.15254520662569238,0.7031310821331257,0.03689021251160539,0.6546506303352366,spatial_louvain_density,1.0
artificial_graph_sbmv_4_comuAndEmb_0_70_pos_0_30_23,0.7,23,GT_pos,0.09974658367474026,0.5504695406773064,0.03071813169740159,0.5883828933235344,GT_pos_dist,1.0
artificial_graph_sbmv_4_comuAndEmb_0_70_pos_0_30_23,0.7,23,GT_pos + Inferred_Commu normal,0.1588508576487462,0.7022795834955236,0.033720574309984666,0.6230613658205664,louvain_density,0.6533818
artificial_graph_sbmv_4_comuAndEmb_0_70_pos_0_30_23,0.7,23,GT_pos + Inferred_Commu spatial manuel iter,0.14826519083797735,0.7063546126897626,0.03688332793627543,0.6546380518966588,spatial_louvain_density,0.66090935
artificial_graph_sbmv_4_comuAndEmb_0_70_pos_0_30_23,0.7,23,SiNEcustom_spatial,0.1927539889849078,0.6823180225768781,0.05743139710352255,0.6677717790717395,SiNEcustom_spatial_dist,1.0
artificial_graph_sbmv_4_comuAndEmb_0_70_pos_0_30_23,0.7,23,deepwalk,0.1217678546338458,0.6267881471389645,0.045176350851590864,0.6952372943637288,deepwalk_dist,1.0
artificial_graph_sbmv_4_comuAndEmb_0_70_pos_0_30_23,0.7,23,GT_pos + SiNEcustom_spatial,0.14783460402800025,0.6697280070066173,0.05997627610057706,0.697082650234609,SiNEcustom_spatial_dist,0.5495842
artificial_graph_sbmv_4_comuAndEmb_0_70_pos_0_30_23,0.7,23,GT_pos + deepwalk,0.14314970228117752,0.661675262748151,0.046543385969134,0.6809404149471423,deepwalk_dist,0.5371316
artificial_graph_sbmv_4_comuAndEmb_0_60_pos_0_40_23,0.6,23,Inferred_Commu_normal,0.11316450132892782,0.6478033884948778,0.030555542043581064,0.6147429909723452,louvain_density,1.0
artificial_graph_sbmv_4_comuAndEmb_0_60_pos_0_40_23,0.6,23,Inferred_Commu_spatial_manuel_iter,0.122352203234665,0.6441341607565013,0.030852922570488193,0.6238782151659156,spatial_louvain_density,1.0
artificial_graph_sbmv_4_comuAndEmb_0_60_pos_0_40_23,0.6,23,GT_pos,0.10979450660665203,0.6274748817966903,0.03517562806317693,0.6055430890102259,GT_pos_dist,1.0
artificial_graph_sbmv_4_comuAndEmb_0_60_pos_0_40_23,0.6,23,GT_pos + Inferred_Commu normal,0.13945684026793737,0.7043562844759652,0.03573170353163452,0.6620707779033509,louvain_density,0.5690793
artificial_graph_sbmv_4_comuAndEmb_0_60_pos_0_40_23,0.6,23,GT_pos + Inferred_Commu spatial manuel iter,0.20106115177067962,0.745419621749409,0.038246374171249764,0.6805731131112048,spatial_louvain_density,0.6668524
artificial_graph_sbmv_4_comuAndEmb_0_60_pos_0_40_23,0.6,23,SiNEcustom_spatial,0.21761523499810817,0.6481112096138691,0.04518826432467023,0.660385207173105,SiNEcustom_spatial_dist,1.0
artificial_graph_sbmv_4_comuAndEmb_0_60_pos_0_40_23,0.6,23,deepwalk,0.14002767492510154,0.6500320133963752,0.0416176037981461,0.6206101496439318,deepwalk_dist,1.0
artificial_graph_sbmv_4_comuAndEmb_0_60_pos_0_40_23,0.6,23,GT_pos + SiNEcustom_spatial,0.18784746771926764,0.7130368400315208,0.05001809092868925,0.7060821611906156,SiNEcustom_spatial_dist,0.53277767
artificial_graph_sbmv_4_comuAndEmb_0_60_pos_0_40_23,0.6,23,GT_pos + deepwalk,0.18776503858011515,0.6896054964539007,0.04202290968616493,0.6567708773028689,deepwalk_dist,0.5017137
artificial_graph_sbmv_4_comuAndEmb_0_50_pos_0_50_23,0.5,23,Inferred_Commu_normal,0.09552202925756917,0.5869278622337577,0.03128151105771051,0.616296460449369,louvain_density,1.0
artificial_graph_sbmv_4_comuAndEmb_0_50_pos_0_50_23,0.5,23,Inferred_Commu_spatial_manuel_iter,0.09325235430716484,0.5825814691220698,0.026472206731274685,0.5759726685133887,spatial_louvain_density,1.0
artificial_graph_sbmv_4_comuAndEmb_0_50_pos_0_50_23,0.5,23,GT_pos,0.14657418774555064,0.6112759032670045,0.047474032069401303,0.6843821483533394,GT_pos_dist,1.0
artificial_graph_sbmv_4_comuAndEmb_0_50_pos_0_50_23,0.5,23,GT_pos + Inferred_Commu normal,0.14983857342017373,0.607980060149137,0.04393435722639991,0.6820151431209605,GT_pos_dist,0.629114
artificial_graph_sbmv_4_comuAndEmb_0_50_pos_0_50_23,0.5,23,GT_pos + Inferred_Commu spatial manuel iter,0.1428747297954824,0.6581798706381576,0.04356808693296989,0.7211645429362881,GT_pos_dist,0.5690412
artificial_graph_sbmv_4_comuAndEmb_0_50_pos_0_50_23,0.5,23,SiNEcustom_spatial,0.15105058013347455,0.6611049314052652,0.03577254991566028,0.6289812249923054,SiNEcustom_spatial_dist,1.0
artificial_graph_sbmv_4_comuAndEmb_0_50_pos_0_50_23,0.5,23,deepwalk,0.12220141303697137,0.5817781073620896,0.036656334711423634,0.6407975377039089,deepwalk_dist,1.0
artificial_graph_sbmv_4_comuAndEmb_0_50_pos_0_50_23,0.5,23,GT_pos + SiNEcustom_spatial,0.17447739363833437,0.7030445350801302,0.04810394659559048,0.7207168975069252,GT_pos_dist,0.5527638
artificial_graph_sbmv_4_comuAndEmb_0_50_pos_0_50_23,0.5,23,GT_pos + deepwalk,0.15337488288172335,0.6079594611296503,0.040141636436653326,0.6878906740535549,GT_pos_dist,0.5902622
artificial_graph_sbmv_4_comuAndEmb_0_40_pos_0_60_23,0.3999999999999999,23,Inferred_Commu_normal,0.16626252740838796,0.7336801829126033,0.03006410657664555,0.6480666629538873,louvain_density,1.0
artificial_graph_sbmv_4_comuAndEmb_0_40_pos_0_60_23,0.3999999999999999,23,Inferred_Commu_spatial_manuel_iter,0.09267036574129098,0.5778778405114087,0.023521256048123607,0.5667652873691245,spatial_louvain_density,1.0
artificial_graph_sbmv_4_comuAndEmb_0_40_pos_0_60_23,0.3999999999999999,23,GT_pos,0.2554373798959651,0.7419042508515702,0.06651137299329206,0.7140941746491425,GT_pos_dist,1.0
artificial_graph_sbmv_4_comuAndEmb_0_40_pos_0_60_23,0.3999999999999999,23,GT_pos + Inferred_Commu normal,0.22737979946607617,0.7212099295413188,0.06041524675384671,0.7273124582312318,GT_pos_dist,0.6610127
artificial_graph_sbmv_4_comuAndEmb_0_40_pos_0_60_23,0.3999999999999999,23,GT_pos + Inferred_Commu spatial manuel iter,0.2636526131290684,0.7573025057160188,0.06277330491530525,0.7203381877923813,GT_pos_dist,0.6417726
artificial_graph_sbmv_4_comuAndEmb_0_40_pos_0_60_23,0.3999999999999999,23,SiNEcustom_spatial,0.1165708201475556,0.5729317344034343,0.0257110825372023,0.5918858598797059,SiNEcustom_spatial_dist,1.0
artificial_graph_sbmv_4_comuAndEmb_0_40_pos_0_60_23,0.3999999999999999,23,deepwalk,0.16093297955429842,0.6151369511455369,0.032096892026583064,0.6238233738026286,deepwalk_dist,1.0
artificial_graph_sbmv_4_comuAndEmb_0_40_pos_0_60_23,0.3999999999999999,23,GT_pos + SiNEcustom_spatial,0.2195347153006881,0.7469320143717046,0.05329680397614167,0.7191509801737581,GT_pos_dist,0.6159244
artificial_graph_sbmv_4_comuAndEmb_0_40_pos_0_60_23,0.3999999999999999,23,GT_pos + deepwalk,0.24690259840966847,0.718340254771126,0.050465480666199374,0.7060948986411227,GT_pos_dist,0.5931548
artificial_graph_sbmv_4_comuAndEmb_0_30_pos_0_70_23,0.29999999999999993,23,Inferred_Commu_normal,0.1458117797245246,0.7360309624788524,0.0467048559443594,0.7456817092013427,louvain_density,1.0
artificial_graph_sbmv_4_comuAndEmb_0_30_pos_0_70_23,0.29999999999999993,23,Inferred_Commu_spatial_manuel_iter,0.08137446140807958,0.5355048784444599,0.02056668460393117,0.5156213703447174,spatial_louvain_density,1.0
artificial_graph_sbmv_4_comuAndEmb_0_30_pos_0_70_23,0.29999999999999993,23,GT_pos,0.36324317865157896,0.8037034461980578,0.09876739786302839,0.7862902925035964,GT_pos_dist,1.0
artificial_graph_sbmv_4_comuAndEmb_0_30_pos_0_70_23,0.29999999999999993,23,GT_pos + Inferred_Commu normal,0.3273413024226387,0.7998215485874528,0.09404041884213295,0.7630759497042996,GT_pos_dist,0.6126698
artificial_graph_sbmv_4_comuAndEmb_0_30_pos_0_70_23,0.29999999999999993,23,GT_pos + Inferred_Commu spatial manuel iter,0.38027287509395374,0.7921504553987346,0.08980267747171443,0.7545262134370505,GT_pos_dist,0.6680802
artificial_graph_sbmv_4_comuAndEmb_0_30_pos_0_70_23,0.29999999999999993,23,SiNEcustom_spatial,0.10613042448617499,0.6037799253748639,0.030884536009456568,0.6144787948212479,SiNEcustom_spatial_dist,1.0
artificial_graph_sbmv_4_comuAndEmb_0_30_pos_0_70_23,0.29999999999999993,23,deepwalk,0.13889258276206773,0.6542561820667918,0.048931594231347735,0.6894552187117055,deepwalk_dist,1.0
artificial_graph_sbmv_4_comuAndEmb_0_30_pos_0_70_23,0.29999999999999993,23,GT_pos + SiNEcustom_spatial,0.32160064704541946,0.7861943498111197,0.07868253958822374,0.7537487346155894,GT_pos_dist,0.65321344
artificial_graph_sbmv_4_comuAndEmb_0_30_pos_0_70_23,0.29999999999999993,23,GT_pos + deepwalk,0.2623515198275171,0.7579202299010406,0.07961563162962078,0.7549893441312803,GT_pos_dist,0.6720285
artificial_graph_sbmv_4_comuAndEmb_0_20_pos_0_80_23,0.19999999999999996,23,Inferred_Commu_normal,0.15139433261683885,0.7781348502758078,0.04205586055826471,0.6303302065311418,louvain_density,1.0
artificial_graph_sbmv_4_comuAndEmb_0_20_pos_0_80_23,0.19999999999999996,23,Inferred_Commu_spatial_manuel_iter,0.07945788450581048,0.5045065011820331,0.01994605428207642,0.5143693230968858,spatial_louvain_density,1.0
artificial_graph_sbmv_4_comuAndEmb_0_20_pos_0_80_23,0.19999999999999996,23,GT_pos,0.26918526853878816,0.8276694247438928,0.10145180384609577,0.8140007298875434,GT_pos_dist,1.0
artificial_graph_sbmv_4_comuAndEmb_0_20_pos_0_80_23,0.19999999999999996,23,GT_pos + Inferred_Commu normal,0.28044662510048907,0.8235446217494089,0.10219387542767465,0.8165735834775085,GT_pos_dist,0.74675184
artificial_graph_sbmv_4_comuAndEmb_0_20_pos_0_80_23,0.19999999999999996,23,GT_pos + Inferred_Commu spatial manuel iter,0.2577970673393099,0.7984264184397163,0.08380192410533621,0.8024432309688581,GT_pos_dist,0.72006243
artificial_graph_sbmv_4_comuAndEmb_0_20_pos_0_80_23,0.19999999999999996,23,SiNEcustom_spatial,0.11119065277125134,0.6091410559495667,0.030172755280936932,0.6151972048010381,SiNEcustom_spatial_dist,1.0
artificial_graph_sbmv_4_comuAndEmb_0_20_pos_0_80_23,0.19999999999999996,23,deepwalk,0.21668938302051832,0.7259160756501182,0.06271161708329502,0.7306355428200692,deepwalk_dist,1.0
artificial_graph_sbmv_4_comuAndEmb_0_20_pos_0_80_23,0.19999999999999996,23,GT_pos + SiNEcustom_spatial,0.238495567740085,0.825674743892829,0.07863190652012166,0.7970680147058824,GT_pos_dist,0.71123916
artificial_graph_sbmv_4_comuAndEmb_0_20_pos_0_80_23,0.19999999999999996,23,GT_pos + deepwalk,0.2610998593829556,0.8041642040977148,0.0820209867110929,0.7941507623269897,GT_pos_dist,0.70070183
artificial_graph_sbmv_4_comuAndEmb_0_10_pos_0_90_23,0.09999999999999998,23,Inferred_Commu_normal,0.21647613310558475,0.829059829059829,0.0520400812297714,0.663875973183391,louvain_density,1.0
artificial_graph_sbmv_4_comuAndEmb_0_10_pos_0_90_23,0.09999999999999998,23,Inferred_Commu_spatial_manuel_iter,0.06834482822563114,0.5036963355928874,0.0188818625617988,0.48163657006920413,spatial_louvain_density,1.0
artificial_graph_sbmv_4_comuAndEmb_0_10_pos_0_90_23,0.09999999999999998,23,GT_pos,0.28741725405904406,0.8593673248845662,0.10301180434904889,0.8399190365484428,GT_pos_dist,1.0
artificial_graph_sbmv_4_comuAndEmb_0_10_pos_0_90_23,0.09999999999999998,23,GT_pos + Inferred_Commu normal,0.28315326743573055,0.8631864623243934,0.1006274601098682,0.8306979887543253,GT_pos_dist,0.780065
artificial_graph_sbmv_4_comuAndEmb_0_10_pos_0_90_23,0.09999999999999998,23,GT_pos + Inferred_Commu spatial manuel iter,0.2871619119454214,0.8316509480302583,0.10267345437181943,0.8261215938581316,GT_pos_dist,0.7356173
artificial_graph_sbmv_4_comuAndEmb_0_10_pos_0_90_23,0.09999999999999998,23,SiNEcustom_spatial,0.11239651871951671,0.6134934669417428,0.03452415432814322,0.6508685661764706,SiNEcustom_spatial_dist,1.0
artificial_graph_sbmv_4_comuAndEmb_0_10_pos_0_90_23,0.09999999999999998,23,deepwalk,0.1980837696502977,0.7669957756164653,0.06248548412208442,0.7382377270761246,deepwalk_dist,1.0
artificial_graph_sbmv_4_comuAndEmb_0_10_pos_0_90_23,0.09999999999999998,23,GT_pos + SiNEcustom_spatial,0.2506752811144432,0.8372998329894881,0.09296675192900844,0.8295897761678201,GT_pos_dist,0.74400455
artificial_graph_sbmv_4_comuAndEmb_0_10_pos_0_90_23,0.09999999999999998,23,GT_pos + deepwalk,0.2617955855486855,0.8554131054131054,0.09033283010400653,0.8229698313148789,GT_pos_dist,0.7594479
artificial_graph_sbmv_4_comuAndEmb_0_00_pos_1_00_23,0.0,23,Inferred_Commu_normal,0.24157893753598764,0.8482360024081879,0.07512852583485082,0.849097777897924,louvain_density,1.0
artificial_graph_sbmv_4_comuAndEmb_0_00_pos_1_00_23,0.0,23,Inferred_Commu_spatial_manuel_iter,0.0870496599034089,0.5940156532209512,0.02809252537382059,0.6158195015138408,spatial_louvain_density,1.0
artificial_graph_sbmv_4_comuAndEmb_0_00_pos_1_00_23,0.0,23,GT_pos,0.35735234414851336,0.9056953642384106,0.18666938211505751,0.9175467668685122,GT_pos_dist,1.0
artificial_graph_sbmv_4_comuAndEmb_0_00_pos_1_00_23,0.0,23,GT_pos + Inferred_Commu normal,0.33307179835879464,0.8958579169175196,0.17046544733933666,0.9055579584775088,GT_pos_dist,0.80446756
artificial_graph_sbmv_4_comuAndEmb_0_00_pos_1_00_23,0.0,23,GT_pos + Inferred_Commu spatial manuel iter,0.3407718393821137,0.8968452739313666,0.18163816774065727,0.9095315203287198,GT_pos_dist,0.799077
artificial_graph_sbmv_4_comuAndEmb_0_00_pos_1_00_23,0.0,23,SiNEcustom_spatial,0.17301310448455667,0.7563034316676701,0.049913600149134575,0.7718543198529411,SiNEcustom_spatial_dist,1.0
artificial_graph_sbmv_4_comuAndEmb_0_00_pos_1_00_23,0.0,23,deepwalk,0.23928279548478726,0.8046718844069838,0.11268978798409043,0.8584887272923876,deepwalk_dist,1.0
artificial_graph_sbmv_4_comuAndEmb_0_00_pos_1_00_23,0.0,23,GT_pos + SiNEcustom_spatial,0.3531389401963685,0.8950752558699577,0.14394483729207946,0.8979340127595156,GT_pos_dist,0.7821208
artificial_graph_sbmv_4_comuAndEmb_0_00_pos_1_00_23,0.0,23,GT_pos + deepwalk,0.30805703850271987,0.8769054786273328,0.15342584095649126,0.9037856833910035,GT_pos_dist,0.7835231
artificial_graph_sbmv_4_comuAndEmb_1_00_pos_0_00_24,1.0,24,Inferred_Commu_normal,0.16935275523993176,0.8010859929078014,0.050713502556668025,0.7682461072664359,louvain_density,1.0
artificial_graph_sbmv_4_comuAndEmb_1_00_pos_0_00_24,1.0,24,Inferred_Commu_spatial_manuel_iter,0.16214778526257423,0.7852147360126084,0.05069349026289083,0.7858654573961938,spatial_louvain_density,1.0
artificial_graph_sbmv_4_comuAndEmb_1_00_pos_0_00_24,1.0,24,GT_pos,0.09950650229806508,0.6037849684791174,0.019145854811937004,0.49121107266435987,GT_pos_dist,1.0
artificial_graph_sbmv_4_comuAndEmb_1_00_pos_0_00_24,1.0,24,GT_pos + Inferred_Commu normal,0.24347408979960147,0.81214292750197,0.05091600651014032,0.755476589532872,louvain_density,0.8312415
artificial_graph_sbmv_4_comuAndEmb_1_00_pos_0_00_24,1.0,24,GT_pos + Inferred_Commu spatial manuel iter,0.2590414764406332,0.7904723207249804,0.044437486388872786,0.7233042279411765,spatial_louvain_density,0.79251826
artificial_graph_sbmv_4_comuAndEmb_1_00_pos_0_00_24,1.0,24,SiNEcustom_spatial,0.29921362101667653,0.8733131402679275,0.1262547721752141,0.8467132082612456,SiNEcustom_spatial_dist,1.0
artificial_graph_sbmv_4_comuAndEmb_1_00_pos_0_00_24,1.0,24,deepwalk,0.25676744075122493,0.8241110126083531,0.15061030697560587,0.8331213505622836,deepwalk_dist,1.0
artificial_graph_sbmv_4_comuAndEmb_1_00_pos_0_00_24,1.0,24,GT_pos + SiNEcustom_spatial,0.34064307564341645,0.8709983254531126,0.11398254056011624,0.8232193447231835,SiNEcustom_spatial_dist,0.6921058
artificial_graph_sbmv_4_comuAndEmb_1_00_pos_0_00_24,1.0,24,GT_pos + deepwalk,0.3087218595336915,0.8164031717888102,0.11639014902942996,0.794025329801038,deepwalk_dist,0.6746075
artificial_graph_sbmv_4_comuAndEmb_0_90_pos_0_10_24,0.9,24,Inferred_Commu_normal,0.12294323636459994,0.723320644872369,0.04053951170247593,0.7174773562445007,louvain_density,1.0
artificial_graph_sbmv_4_comuAndEmb_0_90_pos_0_10_24,0.9,24,Inferred_Commu_spatial_manuel_iter,0.1477717406974931,0.6764890282131661,0.04430727361879487,0.7097699394441281,spatial_louvain_density,1.0
artificial_graph_sbmv_4_comuAndEmb_0_90_pos_0_10_24,0.9,24,GT_pos,0.08653206089910778,0.5477944469323781,0.020307438389567257,0.5006486465503857,GT_pos_dist,1.0
artificial_graph_sbmv_4_comuAndEmb_0_90_pos_0_10_24,0.9,24,GT_pos + Inferred_Commu normal,0.13477063188872018,0.7244290192566054,0.042372839024070394,0.7261504321722477,louvain_density,0.8713998
artificial_graph_sbmv_4_comuAndEmb_0_90_pos_0_10_24,0.9,24,GT_pos + Inferred_Commu spatial manuel iter,0.13952798424313703,0.6820868786386028,0.0445902643117182,0.6983850473577972,spatial_louvain_density,0.845981
artificial_graph_sbmv_4_comuAndEmb_0_90_pos_0_10_24,0.9,24,SiNEcustom_spatial,0.271038594558401,0.7780004478280341,0.08632712380071153,0.7835390248951919,SiNEcustom_spatial_dist,1.0
artificial_graph_sbmv_4_comuAndEmb_0_90_pos_0_10_24,0.9,24,deepwalk,0.213832490530901,0.7071428571428571,0.10655154309998847,0.7802309663060917,deepwalk_dist,1.0
artificial_graph_sbmv_4_comuAndEmb_0_90_pos_0_10_24,0.9,24,GT_pos + SiNEcustom_spatial,0.2602241193478039,0.7984661889834304,0.07622056369316497,0.7697704570156825,SiNEcustom_spatial_dist,0.7218046
artificial_graph_sbmv_4_comuAndEmb_0_90_pos_0_10_24,0.9,24,GT_pos + deepwalk,0.23679472661091297,0.6919390953873713,0.07808858785044838,0.7660440712178458,deepwalk_dist,0.6592788
artificial_graph_sbmv_4_comuAndEmb_0_80_pos_0_20_24,0.8,24,Inferred_Commu_normal,0.16809462650317877,0.7358339706598066,0.037618919340246665,0.6842347754275667,louvain_density,1.0
artificial_graph_sbmv_4_comuAndEmb_0_80_pos_0_20_24,0.8,24,Inferred_Commu_spatial_manuel_iter,0.21875355750985348,0.7814201951377784,0.049991170314363176,0.7096247802227077,spatial_louvain_density,1.0
artificial_graph_sbmv_4_comuAndEmb_0_80_pos_0_20_24,0.8,24,GT_pos,0.08940588619362214,0.5308234258036107,0.02506450847430451,0.5474905429165113,GT_pos_dist,1.0
artificial_graph_sbmv_4_comuAndEmb_0_80_pos_0_20_24,0.8,24,GT_pos + Inferred_Commu normal,0.1851707734769127,0.7191939558274816,0.03861760833370638,0.6812957536363151,louvain_density,0.7766507
artificial_graph_sbmv_4_comuAndEmb_0_80_pos_0_20_24,0.8,24,GT_pos + Inferred_Commu spatial manuel iter,0.20355581202176862,0.7603536582539572,0.03471040002296219,0.6770124940060738,spatial_louvain_density,0.72747666
artificial_graph_sbmv_4_comuAndEmb_0_80_pos_0_20_24,0.8,24,SiNEcustom_spatial,0.26165602690227474,0.7619759438225682,0.05590586709147864,0.697358410144387,SiNEcustom_spatial_dist,1.0
artificial_graph_sbmv_4_comuAndEmb_0_80_pos_0_20_24,0.8,24,deepwalk,0.20071609312436312,0.7311756935270806,0.05561906253742237,0.6932682881346901,deepwalk_dist,1.0
artificial_graph_sbmv_4_comuAndEmb_0_80_pos_0_20_24,0.8,24,GT_pos + SiNEcustom_spatial,0.24432337732020032,0.7634475885883798,0.053686143780771606,0.7057833395492569,SiNEcustom_spatial_dist,0.6287822
artificial_graph_sbmv_4_comuAndEmb_0_80_pos_0_20_24,0.8,24,GT_pos + deepwalk,0.21126480629569183,0.7275834897680132,0.04504959523395385,0.696481032553679,deepwalk_dist,0.6289898
artificial_graph_sbmv_4_comuAndEmb_0_70_pos_0_30_24,0.7,24,Inferred_Commu_normal,0.09099313940584436,0.5821740903529837,0.035266986427520366,0.6688349348876286,louvain_density,1.0
artificial_graph_sbmv_4_comuAndEmb_0_70_pos_0_30_24,0.7,24,Inferred_Commu_spatial_manuel_iter,0.10065891127176359,0.6210521546060084,0.035703337628525664,0.6577930056710775,spatial_louvain_density,1.0
artificial_graph_sbmv_4_comuAndEmb_0_70_pos_0_30_24,0.7,24,GT_pos,0.10637322299275238,0.6107662331777608,0.03427348188119049,0.6002750210039908,GT_pos_dist,1.0
artificial_graph_sbmv_4_comuAndEmb_0_70_pos_0_30_24,0.7,24,GT_pos + Inferred_Commu normal,0.12303464465580385,0.6735352757261317,0.04575683983233078,0.7122995431632011,louvain_density,0.64617944
artificial_graph_sbmv_4_comuAndEmb_0_70_pos_0_30_24,0.7,24,GT_pos + Inferred_Commu spatial manuel iter,0.1319274244248842,0.7033621822465903,0.03623740815589763,0.6304001260239446,spatial_louvain_density,0.5947073
artificial_graph_sbmv_4_comuAndEmb_0_70_pos_0_30_24,0.7,24,SiNEcustom_spatial,0.14213308146936304,0.6944243055870225,0.05821974930659868,0.7127491598403697,SiNEcustom_spatial_dist,1.0
artificial_graph_sbmv_4_comuAndEmb_0_70_pos_0_30_24,0.7,24,deepwalk,0.1250306855665261,0.612227559019439,0.04259076168398242,0.668995484141987,deepwalk_dist,1.0
artificial_graph_sbmv_4_comuAndEmb_0_70_pos_0_30_24,0.7,24,GT_pos + SiNEcustom_spatial,0.17269652130919846,0.7069078798314377,0.05280988033511354,0.7225421392564587,SiNEcustom_spatial_dist,0.58532846
artificial_graph_sbmv_4_comuAndEmb_0_70_pos_0_30_24,0.7,24,GT_pos + deepwalk,0.12424576320269844,0.6446939145407585,0.04231388347365021,0.6890003413148498,deepwalk_dist,0.5736189
artificial_graph_sbmv_4_comuAndEmb_0_60_pos_0_40_24,0.6,24,Inferred_Commu_normal,0.1047634186529344,0.6238809213385484,0.029795389791818172,0.6289977400142341,louvain_density,1.0
artificial_graph_sbmv_4_comuAndEmb_0_60_pos_0_40_24,0.6,24,Inferred_Commu_spatial_manuel_iter,0.1023985532253438,0.6222186006084311,0.03346638305529774,0.6156048895603642,spatial_louvain_density,1.0
artificial_graph_sbmv_4_comuAndEmb_0_60_pos_0_40_24,0.6,24,GT_pos,0.14156784280283416,0.6550086918730986,0.04146881599819638,0.6553150869657506,GT_pos_dist,1.0
artificial_graph_sbmv_4_comuAndEmb_0_60_pos_0_40_24,0.6,24,GT_pos + Inferred_Commu normal,0.13559400955223963,0.6929161234245981,0.04775031596143345,0.7058901971556644,louvain_density,0.5676329
artificial_graph_sbmv_4_comuAndEmb_0_60_pos_0_40_24,0.6,24,GT_pos + Inferred_Commu spatial manuel iter,0.1244377544735754,0.6862125162972621,0.04598959307579838,0.7282082433292961,spatial_louvain_density,0.5197545
artificial_graph_sbmv_4_comuAndEmb_0_60_pos_0_40_24,0.6,24,SiNEcustom_spatial,0.13661586677334964,0.6306388526727509,0.044128530673346336,0.6700941452633944,SiNEcustom_spatial_dist,1.0
artificial_graph_sbmv_4_comuAndEmb_0_60_pos_0_40_24,0.6,24,deepwalk,0.13259520488997467,0.6303998261625381,0.0323032875393533,0.6488253068461337,deepwalk_dist,1.0
artificial_graph_sbmv_4_comuAndEmb_0_60_pos_0_40_24,0.6,24,GT_pos + SiNEcustom_spatial,0.15881201601977812,0.7335180356366797,0.05045881742597329,0.743257501030104,GT_pos_dist,0.53184384
artificial_graph_sbmv_4_comuAndEmb_0_60_pos_0_40_24,0.6,24,GT_pos + deepwalk,0.15609839155205357,0.6573880921338549,0.03718707818308342,0.6820001498333104,GT_pos_dist,0.5429983
artificial_graph_sbmv_4_comuAndEmb_0_50_pos_0_50_24,0.5,24,Inferred_Commu_normal,0.11034607187254145,0.5829495345418912,0.03520054411059567,0.6528256882977163,louvain_density,1.0
artificial_graph_sbmv_4_comuAndEmb_0_50_pos_0_50_24,0.5,24,Inferred_Commu_spatial_manuel_iter,0.15341666823205144,0.652454679078883,0.0255576651995613,0.6010621546285881,spatial_louvain_density,1.0
artificial_graph_sbmv_4_comuAndEmb_0_50_pos_0_50_24,0.5,24,GT_pos,0.16111913670650843,0.6717785399314061,0.04024752195981547,0.6545733287691329,GT_pos_dist,1.0
artificial_graph_sbmv_4_comuAndEmb_0_50_pos_0_50_24,0.5,24,GT_pos + Inferred_Commu normal,0.14044732183943234,0.6753356197942185,0.03323243595030466,0.655311506675143,GT_pos_dist,0.594511
artificial_graph_sbmv_4_comuAndEmb_0_50_pos_0_50_24,0.5,24,GT_pos + Inferred_Commu spatial manuel iter,0.1923704451050161,0.7158157765801079,0.038087603954320606,0.6878895055992958,GT_pos_dist,0.53899354
artificial_graph_sbmv_4_comuAndEmb_0_50_pos_0_50_24,0.5,24,SiNEcustom_spatial,0.0967757978392234,0.5421656050955413,0.038245962663674624,0.6193037556848745,SiNEcustom_spatial_dist,1.0
artificial_graph_sbmv_4_comuAndEmb_0_50_pos_0_50_24,0.5,24,deepwalk,0.11036474016265188,0.6220284174424302,0.03273124327064397,0.6406835297569564,deepwalk_dist,1.0
artificial_graph_sbmv_4_comuAndEmb_0_50_pos_0_50_24,0.5,24,GT_pos + SiNEcustom_spatial,0.16080451847705088,0.6816462518373346,0.04565352174029083,0.6839685314685314,GT_pos_dist,0.5754298
artificial_graph_sbmv_4_comuAndEmb_0_50_pos_0_50_24,0.5,24,GT_pos + deepwalk,0.1576054029532657,0.6971288584027437,0.045759807626278196,0.6727553914616852,GT_pos_dist,0.5850029
artificial_graph_sbmv_4_comuAndEmb_0_40_pos_0_60_24,0.3999999999999999,24,Inferred_Commu_normal,0.10556788239899798,0.6595710627400768,0.03718941015883285,0.6933206807426737,louvain_density,1.0
artificial_graph_sbmv_4_comuAndEmb_0_40_pos_0_60_24,0.3999999999999999,24,Inferred_Commu_spatial_manuel_iter,0.08165558224238413,0.5194515578318395,0.025663112965103006,0.6075453557916818,spatial_louvain_density,1.0
artificial_graph_sbmv_4_comuAndEmb_0_40_pos_0_60_24,0.3999999999999999,24,GT_pos,0.19567232344872865,0.6798228766538625,0.06574442252930786,0.7176703417448088,GT_pos_dist,1.0
artificial_graph_sbmv_4_comuAndEmb_0_40_pos_0_60_24,0.3999999999999999,24,GT_pos + Inferred_Commu normal,0.17001113469910775,0.6745198463508322,0.05574029579294961,0.7168410143715116,GT_pos_dist,0.6973846
artificial_graph_sbmv_4_comuAndEmb_0_40_pos_0_60_24,0.3999999999999999,24,GT_pos + Inferred_Commu spatial manuel iter,0.1624602949677497,0.6938433632095604,0.05078118959711654,0.7318333354143515,GT_pos_dist,0.60965335
artificial_graph_sbmv_4_comuAndEmb_0_40_pos_0_60_24,0.3999999999999999,24,SiNEcustom_spatial,0.08855047277624495,0.5640845070422535,0.02950735919603746,0.6066102710734309,SiNEcustom_spatial_dist,1.0
artificial_graph_sbmv_4_comuAndEmb_0_40_pos_0_60_24,0.3999999999999999,24,deepwalk,0.10453949850723793,0.6092936406316688,0.03680872766846735,0.6339316260660016,deepwalk_dist,1.0
artificial_graph_sbmv_4_comuAndEmb_0_40_pos_0_60_24,0.3999999999999999,24,GT_pos + SiNEcustom_spatial,0.14753643126337296,0.6909090909090909,0.050148341124009455,0.7211854312077814,GT_pos_dist,0.6118916
artificial_graph_sbmv_4_comuAndEmb_0_40_pos_0_60_24,0.3999999999999999,24,GT_pos + deepwalk,0.1577872667111429,0.6984741784037558,0.05270920118580362,0.7034963602991671,GT_pos_dist,0.6440843
artificial_graph_sbmv_4_comuAndEmb_0_30_pos_0_70_24,0.29999999999999993,24,Inferred_Commu_normal,0.13460635051325215,0.7246724783293932,0.05153708410720233,0.7457414795550169,louvain_density,1.0
artificial_graph_sbmv_4_comuAndEmb_0_30_pos_0_70_24,0.29999999999999993,24,Inferred_Commu_spatial_manuel_iter,0.08340079285869628,0.5756254925137904,0.020450110654401058,0.5109596819215424,spatial_louvain_density,1.0
artificial_graph_sbmv_4_comuAndEmb_0_30_pos_0_70_24,0.29999999999999993,24,GT_pos,0.2046037642973819,0.731247537431048,0.09649697786517886,0.797787203333288,GT_pos_dist,1.0
artificial_graph_sbmv_4_comuAndEmb_0_30_pos_0_70_24,0.29999999999999993,24,GT_pos + Inferred_Commu normal,0.22606251741937575,0.7155117218282112,0.10005054067843443,0.7956896011764546,GT_pos_dist,0.74392813
artificial_graph_sbmv_4_comuAndEmb_0_30_pos_0_70_24,0.29999999999999993,24,GT_pos + Inferred_Commu spatial manuel iter,0.17796205287712147,0.708985914105595,0.08986393443125622,0.7622863250772729,GT_pos_dist,0.64380246
artificial_graph_sbmv_4_comuAndEmb_0_30_pos_0_70_24,0.29999999999999993,24,SiNEcustom_spatial,0.08955228548068123,0.5938485027580773,0.0245422789291238,0.5712957339905502,SiNEcustom_spatial_dist,1.0
artificial_graph_sbmv_4_comuAndEmb_0_30_pos_0_70_24,0.29999999999999993,24,deepwalk,0.1107924662207605,0.639061268715524,0.046385788715124075,0.6831105240941707,deepwalk_dist,1.0
artificial_graph_sbmv_4_comuAndEmb_0_30_pos_0_70_24,0.29999999999999993,24,GT_pos + SiNEcustom_spatial,0.13941683297016177,0.6984091804570527,0.06686013402759595,0.7384096077123132,GT_pos_dist,0.6825737
artificial_graph_sbmv_4_comuAndEmb_0_30_pos_0_70_24,0.29999999999999993,24,GT_pos + deepwalk,0.154668466273999,0.6533687943262412,0.06389110326727186,0.7577979602674255,GT_pos_dist,0.65634125
artificial_graph_sbmv_4_comuAndEmb_0_20_pos_0_80_24,0.19999999999999996,24,Inferred_Commu_normal,0.20780160394605135,0.7939516129032257,0.04819583524258083,0.7499930902005225,louvain_density,1.0
artificial_graph_sbmv_4_comuAndEmb_0_20_pos_0_80_24,0.19999999999999996,24,Inferred_Commu_spatial_manuel_iter,0.10217863169403721,0.5603005865102639,0.023307179657668275,0.5462072110667349,spatial_louvain_density,1.0
artificial_graph_sbmv_4_comuAndEmb_0_20_pos_0_80_24,0.19999999999999996,24,GT_pos,0.29204933029990116,0.8347507331378299,0.0941727781381018,0.8102881386382167,GT_pos_dist,1.0
artificial_graph_sbmv_4_comuAndEmb_0_20_pos_0_80_24,0.19999999999999996,24,GT_pos + Inferred_Commu normal,0.28326489019361273,0.8416300097751711,0.08785243457389816,0.80547698345794,GT_pos_dist,0.7690454
artificial_graph_sbmv_4_comuAndEmb_0_20_pos_0_80_24,0.19999999999999996,24,GT_pos + Inferred_Commu spatial manuel iter,0.2761292651963417,0.8082478005865102,0.07976385514013803,0.7984718287475298,GT_pos_dist,0.7037079
artificial_graph_sbmv_4_comuAndEmb_0_20_pos_0_80_24,0.19999999999999996,24,SiNEcustom_spatial,0.11117950356721343,0.6578201368523948,0.0360497976537896,0.6704577051173976,SiNEcustom_spatial_dist,1.0
artificial_graph_sbmv_4_comuAndEmb_0_20_pos_0_80_24,0.19999999999999996,24,deepwalk,0.17120054805503987,0.7279936461388075,0.04202715885361606,0.6726421691242519,deepwalk_dist,1.0
artificial_graph_sbmv_4_comuAndEmb_0_20_pos_0_80_24,0.19999999999999996,24,GT_pos + SiNEcustom_spatial,0.34267740551821274,0.8346652003910069,0.08267432596335617,0.7972876273130552,GT_pos_dist,0.7003027
artificial_graph_sbmv_4_comuAndEmb_0_20_pos_0_80_24,0.19999999999999996,24,GT_pos + deepwalk,0.2604775583794959,0.8187194525904204,0.07826197160624136,0.7752629178701234,GT_pos_dist,0.70739555
artificial_graph_sbmv_4_comuAndEmb_0_10_pos_0_90_24,0.09999999999999998,24,Inferred_Commu_normal,0.17826968922137013,0.7910886487742536,0.0644274942141343,0.8184081364301145,louvain_density,1.0
artificial_graph_sbmv_4_comuAndEmb_0_10_pos_0_90_24,0.09999999999999998,24,Inferred_Commu_spatial_manuel_iter,0.09875374316974057,0.6100267224352272,0.018926990881828424,0.49650015430235217,spatial_louvain_density,1.0
artificial_graph_sbmv_4_comuAndEmb_0_10_pos_0_90_24,0.09999999999999998,24,GT_pos,0.342202901687768,0.8463227605437433,0.14465884077018554,0.8685957144198903,GT_pos_dist,1.0
artificial_graph_sbmv_4_comuAndEmb_0_10_pos_0_90_24,0.09999999999999998,24,GT_pos + Inferred_Commu normal,0.3617087051519188,0.8578366445916115,0.12197982872688153,0.8529046411463994,GT_pos_dist,0.794839
artificial_graph_sbmv_4_comuAndEmb_0_10_pos_0_90_24,0.09999999999999998,24,GT_pos + Inferred_Commu spatial manuel iter,0.3638656302060022,0.8548274660160334,0.12857938433884486,0.8620381328073635,GT_pos_dist,0.76444703
artificial_graph_sbmv_4_comuAndEmb_0_10_pos_0_90_24,0.09999999999999998,24,SiNEcustom_spatial,0.10631807366011131,0.6463576158940397,0.03716170021205617,0.6745551396100846,SiNEcustom_spatial_dist,1.0
artificial_graph_sbmv_4_comuAndEmb_0_10_pos_0_90_24,0.09999999999999998,24,deepwalk,0.20507503056850818,0.7759033344951782,0.07772754120820356,0.7966988688966712,deepwalk_dist,1.0
artificial_graph_sbmv_4_comuAndEmb_0_10_pos_0_90_24,0.09999999999999998,24,GT_pos + SiNEcustom_spatial,0.2870715808518735,0.8300453119553852,0.13464437589497302,0.863340847187001,GT_pos_dist,0.76659405
artificial_graph_sbmv_4_comuAndEmb_0_10_pos_0_90_24,0.09999999999999998,24,GT_pos + deepwalk,0.40782993505402126,0.8611943766701522,0.13452448501718287,0.8690295052932415,GT_pos_dist,0.77587813
artificial_graph_sbmv_4_comuAndEmb_0_00_pos_1_00_24,0.0,24,Inferred_Commu_normal,0.21494199513180867,0.8316409976829768,0.06695538603090508,0.8178854876033058,louvain_density,1.0
artificial_graph_sbmv_4_comuAndEmb_0_00_pos_1_00_24,0.0,24,Inferred_Commu_spatial_manuel_iter,0.11532542635599316,0.6384307846076961,0.02333590020651355,0.5577732231404958,spatial_louvain_density,1.0
artificial_graph_sbmv_4_comuAndEmb_0_00_pos_1_00_24,0.0,24,GT_pos,0.38175692922576543,0.8922129844168825,0.1876190366339499,0.9151193388429752,GT_pos_dist,1.0
artificial_graph_sbmv_4_comuAndEmb_0_00_pos_1_00_24,0.0,24,GT_pos + Inferred_Commu normal,0.3359364814162782,0.8830130389350779,0.155797210376365,0.9104971900826446,GT_pos_dist,0.8029299
artificial_graph_sbmv_4_comuAndEmb_0_00_pos_1_00_24,0.0,24,GT_pos + Inferred_Commu spatial manuel iter,0.33076916294909803,0.8887942392440145,0.17822343133601526,0.9132445619834711,GT_pos_dist,0.8075884
artificial_graph_sbmv_4_comuAndEmb_0_00_pos_1_00_24,0.0,24,SiNEcustom_spatial,0.18585042924778264,0.7962496024714915,0.04959688177251916,0.7531336198347107,SiNEcustom_spatial_dist,1.0
artificial_graph_sbmv_4_comuAndEmb_0_00_pos_1_00_24,0.0,24,deepwalk,0.2778536675183679,0.8315387760665122,0.1116574403645608,0.8448538181818182,deepwalk_dist,1.0
artificial_graph_sbmv_4_comuAndEmb_0_00_pos_1_00_24,0.0,24,GT_pos + SiNEcustom_spatial,0.2929789898676738,0.875300985870701,0.15553830352673334,0.894349355371901,GT_pos_dist,0.76387006
artificial_graph_sbmv_4_comuAndEmb_0_00_pos_1_00_24,0.0,24,GT_pos + deepwalk,0.3291313320615173,0.8808777429467085,0.12746256406439593,0.8935865123966942,GT_pos_dist,0.7890048
artificial_graph_sbmv_4_comuAndEmb_1_00_pos_0_00_25,1.0,25,Inferred_Commu_normal,0.1641606331543751,0.7968193686209353,0.04908666698976982,0.7794722986093915,louvain_density,1.0
artificial_graph_sbmv_4_comuAndEmb_1_00_pos_0_00_25,1.0,25,Inferred_Commu_spatial_manuel_iter,0.20147590794872453,0.8135651554711607,0.061692519673983835,0.7750054086460139,spatial_louvain_density,1.0
artificial_graph_sbmv_4_comuAndEmb_1_00_pos_0_00_25,1.0,25,GT_pos,0.07697366172964706,0.5379183479705673,0.01916268495764692,0.48709066975980403,GT_pos_dist,1.0
artificial_graph_sbmv_4_comuAndEmb_1_00_pos_0_00_25,1.0,25,GT_pos + Inferred_Commu normal,0.1786513956772084,0.796225967244244,0.043942778249133826,0.7550387728238346,louvain_density,0.8245758
artificial_graph_sbmv_4_comuAndEmb_1_00_pos_0_00_25,1.0,25,GT_pos + Inferred_Commu spatial manuel iter,0.22615963487575116,0.7978044149062425,0.04916329100105533,0.748430841011873,spatial_louvain_density,0.80428195
artificial_graph_sbmv_4_comuAndEmb_1_00_pos_0_00_25,1.0,25,SiNEcustom_spatial,0.32860594052713765,0.8369570377403276,0.0965603958429154,0.8134449816888008,SiNEcustom_spatial_dist,1.0
artificial_graph_sbmv_4_comuAndEmb_1_00_pos_0_00_25,1.0,25,deepwalk,0.2475774393378266,0.7461547590790412,0.15491161348363777,0.8212639288925963,deepwalk_dist,1.0
artificial_graph_sbmv_4_comuAndEmb_1_00_pos_0_00_25,1.0,25,GT_pos + SiNEcustom_spatial,0.30668390338247703,0.8082008070258723,0.08236999062854132,0.7923481343429472,SiNEcustom_spatial_dist,0.6837206
artificial_graph_sbmv_4_comuAndEmb_1_00_pos_0_00_25,1.0,25,GT_pos + deepwalk,0.22746153741602637,0.7247804414906243,0.10560994774037502,0.8082318289043255,deepwalk_dist,0.68162113
artificial_graph_sbmv_4_comuAndEmb_0_90_pos_0_10_25,0.9,25,Inferred_Commu_normal,0.2239448257993341,0.7867898222377134,0.043231875667814744,0.6950547445255474,louvain_density,1.0
artificial_graph_sbmv_4_comuAndEmb_0_90_pos_0_10_25,0.9,25,Inferred_Commu_spatial_manuel_iter,0.17361536678827175,0.7503195073777158,0.04190998941425819,0.7424407267302466,spatial_louvain_density,1.0
artificial_graph_sbmv_4_comuAndEmb_0_90_pos_0_10_25,0.9,25,GT_pos,0.07604044739206764,0.5396189148367607,0.021543166094267943,0.5197069636102084,GT_pos_dist,1.0
artificial_graph_sbmv_4_comuAndEmb_0_90_pos_0_10_25,0.9,25,GT_pos + Inferred_Commu normal,0.19008810487347877,0.7565702335308471,0.0240839962907016,0.5670296765943844,louvain_density,0.7464527
artificial_graph_sbmv_4_comuAndEmb_0_90_pos_0_10_25,0.9,25,GT_pos + Inferred_Commu spatial manuel iter,0.21357806787121741,0.728813756244917,0.0437332131863111,0.7357273962384783,spatial_louvain_density,0.6903002
artificial_graph_sbmv_4_comuAndEmb_0_90_pos_0_10_25,0.9,25,SiNEcustom_spatial,0.3264443696832674,0.7711165330544907,0.09261929638128578,0.78570595130268,SiNEcustom_spatial_dist,1.0
artificial_graph_sbmv_4_comuAndEmb_0_90_pos_0_10_25,0.9,25,deepwalk,0.22988567120032383,0.7046938538398977,0.0721832885467152,0.7220834887314189,deepwalk_dist,1.0
artificial_graph_sbmv_4_comuAndEmb_0_90_pos_0_10_25,0.9,25,GT_pos + SiNEcustom_spatial,0.27854114272361596,0.7499244800743581,0.07337419174041955,0.7683839043102989,SiNEcustom_spatial_dist,0.6380968
artificial_graph_sbmv_4_comuAndEmb_0_90_pos_0_10_25,0.9,25,GT_pos + deepwalk,0.18392576504712627,0.7072847682119204,0.05223124868183418,0.692925568756993,deepwalk_dist,0.6302117
artificial_graph_sbmv_4_comuAndEmb_0_80_pos_0_20_25,0.8,25,Inferred_Commu_normal,0.11995725356661024,0.6794479958937988,0.041790971414939496,0.7196868734684785,louvain_density,1.0
artificial_graph_sbmv_4_comuAndEmb_0_80_pos_0_20_25,0.8,25,Inferred_Commu_spatial_manuel_iter,0.12642864005598184,0.6330432550977556,0.04816942038781374,0.7184425818667854,spatial_louvain_density,1.0
artificial_graph_sbmv_4_comuAndEmb_0_80_pos_0_20_25,0.8,25,GT_pos,0.09585584761602972,0.53925388455975,0.026331122650927533,0.568350690576966,GT_pos_dist,1.0
artificial_graph_sbmv_4_comuAndEmb_0_80_pos_0_20_25,0.8,25,GT_pos + Inferred_Commu normal,0.11334703468486496,0.6454901777798517,0.04438749557939093,0.695639619068835,louvain_density,0.739629
artificial_graph_sbmv_4_comuAndEmb_0_80_pos_0_20_25,0.8,25,GT_pos + Inferred_Commu spatial manuel iter,0.13743587948661182,0.6513228500769912,0.05613935644849827,0.7169430830920027,spatial_louvain_density,0.6687357
artificial_graph_sbmv_4_comuAndEmb_0_80_pos_0_20_25,0.8,25,SiNEcustom_spatial,0.22875557091435242,0.7669497456954879,0.0739270996715817,0.738725356426821,SiNEcustom_spatial_dist,1.0
artificial_graph_sbmv_4_comuAndEmb_0_80_pos_0_20_25,0.8,25,deepwalk,0.20225482555814583,0.7211166067845644,0.057793827530119635,0.7137881488081977,deepwalk_dist,1.0
artificial_graph_sbmv_4_comuAndEmb_0_80_pos_0_20_25,0.8,25,GT_pos + SiNEcustom_spatial,0.22335980890305376,0.7540128785404321,0.08497256013359625,0.7536007462686567,SiNEcustom_spatial_dist,0.59630257
artificial_graph_sbmv_4_comuAndEmb_0_80_pos_0_20_25,0.8,25,GT_pos + deepwalk,0.17871888772771694,0.680089589846484,0.04961624185135557,0.7160056527066162,deepwalk_dist,0.6045097
artificial_graph_sbmv_4_comuAndEmb_0_70_pos_0_30_25,0.7,25,Inferred_Commu_normal,0.12447287733709676,0.7125473484848485,0.0378425318983581,0.704230343155782,louvain_density,1.0
artificial_graph_sbmv_4_comuAndEmb_0_70_pos_0_30_25,0.7,25,Inferred_Commu_spatial_manuel_iter,0.14191241063586935,0.6904947916666668,0.039600842796059375,0.6939657756519699,spatial_louvain_density,1.0
artificial_graph_sbmv_4_comuAndEmb_0_70_pos_0_30_25,0.7,25,GT_pos,0.1014671416614523,0.565731534090909,0.02687651674032083,0.5692460477785453,GT_pos_dist,1.0
artificial_graph_sbmv_4_comuAndEmb_0_70_pos_0_30_25,0.7,25,GT_pos + Inferred_Commu normal,0.12293468500364095,0.683013731060606,0.04115334844378479,0.7019005851764,louvain_density,0.63254416
artificial_graph_sbmv_4_comuAndEmb_0_70_pos_0_30_25,0.7,25,GT_pos + Inferred_Commu spatial manuel iter,0.10998180926517129,0.6820549242424243,0.031780301576638595,0.6623438334919,spatial_louvain_density,0.6257237
artificial_graph_sbmv_4_comuAndEmb_0_70_pos_0_30_25,0.7,25,SiNEcustom_spatial,0.12351802796183178,0.6362926136363636,0.05324937594455331,0.6882379543588473,SiNEcustom_spatial_dist,1.0
artificial_graph_sbmv_4_comuAndEmb_0_70_pos_0_30_25,0.7,25,deepwalk,0.12554007825893737,0.6782788825757575,0.043180482754284794,0.6900538258024997,deepwalk_dist,1.0
artificial_graph_sbmv_4_comuAndEmb_0_70_pos_0_30_25,0.7,25,GT_pos + SiNEcustom_spatial,0.133819033235736,0.6745501893939394,0.0509624989841952,0.7065417247715987,SiNEcustom_spatial_dist,0.54039717
artificial_graph_sbmv_4_comuAndEmb_0_70_pos_0_30_25,0.7,25,GT_pos + deepwalk,0.1464755815310942,0.6948508522727272,0.04145158438478058,0.6836673226550587,deepwalk_dist,0.5456825
artificial_graph_sbmv_4_comuAndEmb_0_60_pos_0_40_25,0.6,25,Inferred_Commu_normal,0.11591977255685434,0.6585468114544464,0.03358535075954096,0.6330513538980361,louvain_density,1.0
artificial_graph_sbmv_4_comuAndEmb_0_60_pos_0_40_25,0.6,25,Inferred_Commu_spatial_manuel_iter,0.11684077372256671,0.6632216678545972,0.03627054267021323,0.6640833911922237,spatial_louvain_density,1.0
artificial_graph_sbmv_4_comuAndEmb_0_60_pos_0_40_25,0.6,25,GT_pos,0.13731246376677253,0.6214414489958493,0.038950548451627716,0.6337182602658202,GT_pos_dist,1.0
artificial_graph_sbmv_4_comuAndEmb_0_60_pos_0_40_25,0.6,25,GT_pos + Inferred_Commu normal,0.1438849947935033,0.7316150266236217,0.04081977333593567,0.702383083713549,louvain_density,0.5881748
artificial_graph_sbmv_4_comuAndEmb_0_60_pos_0_40_25,0.6,25,GT_pos + Inferred_Commu spatial manuel iter,0.1455680641737231,0.7287744748647855,0.04330446931390975,0.7124140795477086,spatial_louvain_density,0.5558873
artificial_graph_sbmv_4_comuAndEmb_0_60_pos_0_40_25,0.6,25,SiNEcustom_spatial,0.19460973211287175,0.6464299190809609,0.04387571814597033,0.6626890745883753,SiNEcustom_spatial_dist,1.0
artificial_graph_sbmv_4_comuAndEmb_0_60_pos_0_40_25,0.6,25,deepwalk,0.13141267280893165,0.6693115592637626,0.03416588970802878,0.6283673874231304,deepwalk_dist,1.0
artificial_graph_sbmv_4_comuAndEmb_0_60_pos_0_40_25,0.6,25,GT_pos + SiNEcustom_spatial,0.20544129181630533,0.7264370466647101,0.04865431210554396,0.7178943909938504,GT_pos_dist,0.5101798
artificial_graph_sbmv_4_comuAndEmb_0_60_pos_0_40_25,0.6,25,GT_pos + deepwalk,0.14261865938756918,0.6877384596033709,0.03656486151626633,0.6613941926205118,GT_pos_dist,0.52070415
artificial_graph_sbmv_4_comuAndEmb_0_50_pos_0_50_25,0.5,25,Inferred_Commu_normal,0.13077901921216525,0.6260953419143851,0.03150372323867872,0.6422056635588178,louvain_density,1.0
artificial_graph_sbmv_4_comuAndEmb_0_50_pos_0_50_25,0.5,25,Inferred_Commu_spatial_manuel_iter,0.08695038530590014,0.5288038237390466,0.025910483136062406,0.5417978823646104,spatial_louvain_density,1.0
artificial_graph_sbmv_4_comuAndEmb_0_50_pos_0_50_25,0.5,25,GT_pos,0.18714541972963544,0.7128107836149429,0.059365101808683055,0.7181253719500099,GT_pos_dist,1.0
artificial_graph_sbmv_4_comuAndEmb_0_50_pos_0_50_25,0.5,25,GT_pos + Inferred_Commu normal,0.16704180231648466,0.7107982893799002,0.04708024786969183,0.6932995685379886,GT_pos_dist,0.5556492
artificial_graph_sbmv_4_comuAndEmb_0_50_pos_0_50_25,0.5,25,GT_pos + Inferred_Commu spatial manuel iter,0.19481786423436315,0.7280093077858371,0.056150040892308864,0.7123055941281492,GT_pos_dist,0.5161886
artificial_graph_sbmv_4_comuAndEmb_0_50_pos_0_50_25,0.5,25,SiNEcustom_spatial,0.0866095015678581,0.5507735524715944,0.03438213263725311,0.6317398581630629,SiNEcustom_spatial_dist,1.0
artificial_graph_sbmv_4_comuAndEmb_0_50_pos_0_50_25,0.5,25,deepwalk,0.13358662623836792,0.6673514737327576,0.03834937192934809,0.6612289228327712,deepwalk_dist,1.0
artificial_graph_sbmv_4_comuAndEmb_0_50_pos_0_50_25,0.5,25,GT_pos + SiNEcustom_spatial,0.13267355778705003,0.6753490419688902,0.05101773720647571,0.7181184288831581,GT_pos_dist,0.5781615
artificial_graph_sbmv_4_comuAndEmb_0_50_pos_0_50_25,0.5,25,GT_pos + deepwalk,0.20288241031340498,0.7300322837616872,0.050020407753665,0.7162769043840508,GT_pos_dist,0.58566314
artificial_graph_sbmv_4_comuAndEmb_0_40_pos_0_60_25,0.3999999999999999,25,Inferred_Commu_normal,0.10733753139850544,0.6317471590909092,0.03704921789900916,0.6832838952677606,louvain_density,1.0
artificial_graph_sbmv_4_comuAndEmb_0_40_pos_0_60_25,0.3999999999999999,25,Inferred_Commu_spatial_manuel_iter,0.09207990788652658,0.5800307765151514,0.02009527323424944,0.5011160056823365,spatial_louvain_density,1.0
artificial_graph_sbmv_4_comuAndEmb_0_40_pos_0_60_25,0.3999999999999999,25,GT_pos,0.13144457587890843,0.6586647727272728,0.07018216216939102,0.7542474162311511,GT_pos_dist,1.0
artificial_graph_sbmv_4_comuAndEmb_0_40_pos_0_60_25,0.3999999999999999,25,GT_pos + Inferred_Commu normal,0.12563799160148856,0.6447324810606061,0.06265605587971358,0.7474907792360125,GT_pos_dist,0.6553057
artificial_graph_sbmv_4_comuAndEmb_0_40_pos_0_60_25,0.3999999999999999,25,GT_pos + Inferred_Commu spatial manuel iter,0.14994955075127242,0.6847064393939395,0.05012376625272934,0.7274471190814424,GT_pos_dist,0.59709835
artificial_graph_sbmv_4_comuAndEmb_0_40_pos_0_60_25,0.3999999999999999,25,SiNEcustom_spatial,0.1017827668724545,0.6178267045454545,0.02380909402172778,0.5596740476221507,SiNEcustom_spatial_dist,1.0
artificial_graph_sbmv_4_comuAndEmb_0_40_pos_0_60_25,0.3999999999999999,25,deepwalk,0.10024117268934518,0.6179450757575757,0.04140089253570526,0.6676256695643107,deepwalk_dist,1.0
artificial_graph_sbmv_4_comuAndEmb_0_40_pos_0_60_25,0.3999999999999999,25,GT_pos + SiNEcustom_spatial,0.13095392818248347,0.6873816287878789,0.05405266650738573,0.7452230577747657,GT_pos_dist,0.64915526
artificial_graph_sbmv_4_comuAndEmb_0_40_pos_0_60_25,0.3999999999999999,25,GT_pos + deepwalk,0.15092591100664016,0.6744436553030302,0.06107278539794227,0.735485540017464,GT_pos_dist,0.6363299
artificial_graph_sbmv_4_comuAndEmb_0_30_pos_0_70_25,0.29999999999999993,25,Inferred_Commu_normal,0.1384121601563053,0.7104194857916103,0.04532526813355636,0.7272468812653151,louvain_density,1.0
artificial_graph_sbmv_4_comuAndEmb_0_30_pos_0_70_25,0.29999999999999993,25,Inferred_Commu_spatial_manuel_iter,0.12343846556554063,0.5784144463627455,0.02047808622760613,0.4845461127199822,spatial_louvain_density,1.0
artificial_graph_sbmv_4_comuAndEmb_0_30_pos_0_70_25,0.29999999999999993,25,GT_pos,0.20197588870690014,0.7519131165134618,0.07203737049392221,0.7614531354421921,GT_pos_dist,1.0
artificial_graph_sbmv_4_comuAndEmb_0_30_pos_0_70_25,0.29999999999999993,25,GT_pos + Inferred_Commu normal,0.18323374360744632,0.7375880733516867,0.06958025615862011,0.7530221096012475,GT_pos_dist,0.64234155
artificial_graph_sbmv_4_comuAndEmb_0_30_pos_0_70_25,0.29999999999999993,25,GT_pos + Inferred_Commu spatial manuel iter,0.2624441252319705,0.7369348140544072,0.06380057467539489,0.7348433671196258,GT_pos_dist,0.6829314
artificial_graph_sbmv_4_comuAndEmb_0_30_pos_0_70_25,0.29999999999999993,25,SiNEcustom_spatial,0.09630473016804539,0.5834305445382857,0.021629960556686458,0.5185774949877477,SiNEcustom_spatial_dist,1.0
artificial_graph_sbmv_4_comuAndEmb_0_30_pos_0_70_25,0.29999999999999993,25,deepwalk,0.1586512278356252,0.6281788064019411,0.038433276218099256,0.6604779739362887,deepwalk_dist,1.0
artificial_graph_sbmv_4_comuAndEmb_0_30_pos_0_70_25,0.29999999999999993,25,GT_pos + SiNEcustom_spatial,0.19499131302090145,0.7495917129392002,0.05577161267964478,0.7358309200267321,GT_pos_dist,0.65339875
artificial_graph_sbmv_4_comuAndEmb_0_30_pos_0_70_25,0.29999999999999993,25,GT_pos + deepwalk,0.18616608150794647,0.7447272642433858,0.05777094448736615,0.7361409835152595,GT_pos_dist,0.6589933
artificial_graph_sbmv_4_comuAndEmb_0_20_pos_0_80_25,0.19999999999999996,25,Inferred_Commu_normal,0.16846087941082896,0.7493934020810975,0.04923181598630631,0.738323819336155,louvain_density,1.0
artificial_graph_sbmv_4_comuAndEmb_0_20_pos_0_80_25,0.19999999999999996,25,Inferred_Commu_spatial_manuel_iter,0.07028688475219474,0.4846950678923056,0.020197878408712,0.4870114446424594,spatial_louvain_density,1.0
artificial_graph_sbmv_4_comuAndEmb_0_20_pos_0_80_25,0.19999999999999996,25,GT_pos,0.3083627021903232,0.8309574914842984,0.10684995263873018,0.7996708621073735,GT_pos_dist,1.0
artificial_graph_sbmv_4_comuAndEmb_0_20_pos_0_80_25,0.19999999999999996,25,GT_pos + Inferred_Commu normal,0.31362970209241237,0.8361485698287527,0.09951479221875928,0.7963159946535976,GT_pos_dist,0.71247756
artificial_graph_sbmv_4_comuAndEmb_0_20_pos_0_80_25,0.19999999999999996,25,GT_pos + Inferred_Commu spatial manuel iter,0.3159066548406755,0.8350403620922963,0.08444328369068621,0.8039908665627088,GT_pos_dist,0.69682425
artificial_graph_sbmv_4_comuAndEmb_0_20_pos_0_80_25,0.19999999999999996,25,SiNEcustom_spatial,0.10999210643021522,0.6500863235499977,0.03186868336052316,0.6332678491869013,SiNEcustom_spatial_dist,1.0
artificial_graph_sbmv_4_comuAndEmb_0_20_pos_0_80_25,0.19999999999999996,25,deepwalk,0.228442013757362,0.7510732117026737,0.06015251977335022,0.7371393963020717,deepwalk_dist,1.0
artificial_graph_sbmv_4_comuAndEmb_0_20_pos_0_80_25,0.19999999999999996,25,GT_pos + SiNEcustom_spatial,0.3009173060065019,0.825171480565536,0.09886076156042148,0.7944384885275116,GT_pos_dist,0.6877777
artificial_graph_sbmv_4_comuAndEmb_0_20_pos_0_80_25,0.19999999999999996,25,GT_pos + deepwalk,0.29511971176625823,0.8207153189305212,0.08505840069800955,0.7822559311650702,GT_pos_dist,0.71175426
artificial_graph_sbmv_4_comuAndEmb_0_10_pos_0_90_25,0.09999999999999998,25,Inferred_Commu_normal,0.15990740600663225,0.7708304938439872,0.0545964807381951,0.7733570909090909,louvain_density,1.0
artificial_graph_sbmv_4_comuAndEmb_0_10_pos_0_90_25,0.09999999999999998,25,Inferred_Commu_spatial_manuel_iter,0.07658321026712815,0.4882899459361229,0.020379111364957757,0.5211324297520661,spatial_louvain_density,1.0
artificial_graph_sbmv_4_comuAndEmb_0_10_pos_0_90_25,0.09999999999999998,25,GT_pos,0.33543836661603854,0.8816955158784244,0.11901273827502624,0.8444265785123966,GT_pos_dist,1.0
artificial_graph_sbmv_4_comuAndEmb_0_10_pos_0_90_25,0.09999999999999998,25,GT_pos + Inferred_Commu normal,0.3012645269815567,0.8648289491617827,0.1196102741901256,0.8377774545454546,GT_pos_dist,0.7734973
artificial_graph_sbmv_4_comuAndEmb_0_10_pos_0_90_25,0.09999999999999998,25,GT_pos + Inferred_Commu spatial manuel iter,0.2552862134416694,0.8334014810776431,0.11420025694324418,0.8292530247933884,GT_pos_dist,0.73712873
artificial_graph_sbmv_4_comuAndEmb_0_10_pos_0_90_25,0.09999999999999998,25,SiNEcustom_spatial,0.11760514581494728,0.6950502021716414,0.036371314163286324,0.6814128925619835,SiNEcustom_spatial_dist,1.0
artificial_graph_sbmv_4_comuAndEmb_0_10_pos_0_90_25,0.09999999999999998,25,deepwalk,0.21441450458918243,0.7826882013538685,0.07388751400960276,0.7830352396694216,deepwalk_dist,1.0
artificial_graph_sbmv_4_comuAndEmb_0_10_pos_0_90_25,0.09999999999999998,25,GT_pos + SiNEcustom_spatial,0.34109691912354584,0.8750397528508473,0.12524413041191707,0.8402899834710744,GT_pos_dist,0.73405635
artificial_graph_sbmv_4_comuAndEmb_0_10_pos_0_90_25,0.09999999999999998,25,GT_pos + deepwalk,0.35351585148369863,0.8754259234019355,0.10232412103041078,0.8253283966942149,GT_pos_dist,0.73805416
artificial_graph_sbmv_4_comuAndEmb_0_00_pos_1_00_25,0.0,25,Inferred_Commu_normal,0.20116015467660903,0.8406361262758129,0.0655149065714078,0.8294328089770491,louvain_density,1.0
artificial_graph_sbmv_4_comuAndEmb_0_00_pos_1_00_25,0.0,25,Inferred_Commu_spatial_manuel_iter,0.11301299213361204,0.6704486114407785,0.026286370734852696,0.6049313818764743,spatial_louvain_density,1.0
artificial_graph_sbmv_4_comuAndEmb_0_00_pos_1_00_25,0.0,25,GT_pos,0.3346941890945869,0.8968905767861381,0.1592045209095684,0.9122413950396852,GT_pos_dist,1.0
artificial_graph_sbmv_4_comuAndEmb_0_00_pos_1_00_25,0.0,25,GT_pos + Inferred_Commu normal,0.32995504265013914,0.891241395680038,0.14893437904763734,0.9065963325470161,GT_pos_dist,0.83356357
artificial_graph_sbmv_4_comuAndEmb_0_00_pos_1_00_25,0.0,25,GT_pos + Inferred_Commu spatial manuel iter,0.36893286378186685,0.9005459292665559,0.14217979793967733,0.8992235008927524,GT_pos_dist,0.7917918
artificial_graph_sbmv_4_comuAndEmb_0_00_pos_1_00_25,0.0,25,SiNEcustom_spatial,0.15472742624862104,0.759624970329931,0.05354632822883273,0.7666338672470644,SiNEcustom_spatial_dist,1.0
artificial_graph_sbmv_4_comuAndEmb_0_00_pos_1_00_25,0.0,25,deepwalk,0.2365270498679882,0.8221338713505815,0.08660405607371409,0.819159900428782,deepwalk_dist,1.0
artificial_graph_sbmv_4_comuAndEmb_0_00_pos_1_00_25,0.0,25,GT_pos + SiNEcustom_spatial,0.3056112897099979,0.8884405411820555,0.13440235092725558,0.90073205697976,GT_pos_dist,0.7893346
artificial_graph_sbmv_4_comuAndEmb_0_00_pos_1_00_25,0.0,25,GT_pos + deepwalk,0.35004433556789527,0.8931402800854498,0.12996999723097732,0.9013103259523778,GT_pos_dist,0.79445285
artificial_graph_sbmv_4_comuAndEmb_1_00_pos_0_00_26,1.0,26,Inferred_Commu_normal,0.1846481345247296,0.7598327971362545,0.0463675687613128,0.7472315427431211,louvain_density,1.0
artificial_graph_sbmv_4_comuAndEmb_1_00_pos_0_00_26,1.0,26,Inferred_Commu_spatial_manuel_iter,0.18166200826226614,0.7932054012415606,0.05093291927349654,0.7194939350976685,spatial_louvain_density,1.0
artificial_graph_sbmv_4_comuAndEmb_1_00_pos_0_00_26,1.0,26,GT_pos,0.06881171660534383,0.4626172459105533,0.021032908102186033,0.5157281821045999,GT_pos_dist,1.0
artificial_graph_sbmv_4_comuAndEmb_1_00_pos_0_00_26,1.0,26,GT_pos + Inferred_Commu normal,0.19803683475949307,0.7098305315147946,0.04762106732243891,0.7143772316740181,louvain_density,0.8299831
artificial_graph_sbmv_4_comuAndEmb_1_00_pos_0_00_26,1.0,26,GT_pos + Inferred_Commu spatial manuel iter,0.18135485437888926,0.7490710952014138,0.050298401286129626,0.6916543268220962,spatial_louvain_density,0.83044016
artificial_graph_sbmv_4_comuAndEmb_1_00_pos_0_00_26,1.0,26,SiNEcustom_spatial,0.335720260189087,0.8326498708595768,0.1042366127691774,0.8378866047048938,SiNEcustom_spatial_dist,1.0
artificial_graph_sbmv_4_comuAndEmb_1_00_pos_0_00_26,1.0,26,deepwalk,0.29750103382890913,0.7800194843445558,0.11116635107494459,0.8184617202268432,deepwalk_dist,1.0
artificial_graph_sbmv_4_comuAndEmb_1_00_pos_0_00_26,1.0,26,GT_pos + SiNEcustom_spatial,0.2846784887085656,0.7973968009424985,0.07951831986280296,0.8052360323461457,SiNEcustom_spatial_dist,0.7351095
artificial_graph_sbmv_4_comuAndEmb_1_00_pos_0_00_26,1.0,26,GT_pos + deepwalk,0.2946120736027278,0.7658593502197653,0.07673457373969206,0.7823985244696492,deepwalk_dist,0.71161056
artificial_graph_sbmv_4_comuAndEmb_0_90_pos_0_10_26,0.9,26,Inferred_Commu_normal,0.1390561804827252,0.7445273931366646,0.0492769944298382,0.7362505870198178,louvain_density,1.0
artificial_graph_sbmv_4_comuAndEmb_0_90_pos_0_10_26,0.9,26,Inferred_Commu_spatial_manuel_iter,0.1447986989164582,0.7590969295605057,0.05676740364272718,0.7209676770116331,spatial_louvain_density,1.0
artificial_graph_sbmv_4_comuAndEmb_0_90_pos_0_10_26,0.9,26,GT_pos,0.08926473528144835,0.5134376881396748,0.01891171971513141,0.4832769794308256,GT_pos_dist,1.0
artificial_graph_sbmv_4_comuAndEmb_0_90_pos_0_10_26,0.9,26,GT_pos + Inferred_Commu normal,0.13383627697978975,0.7030343166767008,0.0418323881219234,0.717391485193683,louvain_density,0.804734
artificial_graph_sbmv_4_comuAndEmb_0_90_pos_0_10_26,0.9,26,GT_pos + Inferred_Commu spatial manuel iter,0.13580841608685873,0.7081155930162553,0.04954546337430195,0.709173878624428,spatial_louvain_density,0.8115274
artificial_graph_sbmv_4_comuAndEmb_0_90_pos_0_10_26,0.9,26,SiNEcustom_spatial,0.2040972995951161,0.7376640577965081,0.08758650918130585,0.7941182626896912,SiNEcustom_spatial_dist,1.0
artificial_graph_sbmv_4_comuAndEmb_0_90_pos_0_10_26,0.9,26,deepwalk,0.2634508282322404,0.7506441902468393,0.09241067285390045,0.7599463296166593,deepwalk_dist,1.0
artificial_graph_sbmv_4_comuAndEmb_0_90_pos_0_10_26,0.9,26,GT_pos + SiNEcustom_spatial,0.17277027767999484,0.7397230583985551,0.06775057574785916,0.7711249312348214,SiNEcustom_spatial_dist,0.69019425
artificial_graph_sbmv_4_comuAndEmb_0_90_pos_0_10_26,0.9,26,GT_pos + deepwalk,0.2688138370188707,0.7028175797712223,0.0693768029807604,0.7265339666438567,deepwalk_dist,0.6377528
artificial_graph_sbmv_4_comuAndEmb_0_80_pos_0_20_26,0.8,26,Inferred_Commu_normal,0.17180436584075628,0.7124827620173365,0.0472060441695767,0.7199750820386432,louvain_density,1.0
artificial_graph_sbmv_4_comuAndEmb_0_80_pos_0_20_26,0.8,26,Inferred_Commu_spatial_manuel_iter,0.18794842815172288,0.736074172576832,0.05123065502767784,0.7415499516618784,spatial_louvain_density,1.0
artificial_graph_sbmv_4_comuAndEmb_0_80_pos_0_20_26,0.8,26,GT_pos,0.08406686230582536,0.5364952718676123,0.025454940618529685,0.5599971405618115,GT_pos_dist,1.0
artificial_graph_sbmv_4_comuAndEmb_0_80_pos_0_20_26,0.8,26,GT_pos + Inferred_Commu normal,0.2116534295386977,0.7450625492513792,0.04484670952612527,0.7086182105363489,louvain_density,0.7119148
artificial_graph_sbmv_4_comuAndEmb_0_80_pos_0_20_26,0.8,26,GT_pos + Inferred_Commu spatial manuel iter,0.1789163871137502,0.7562549251379038,0.05083716602998338,0.7084933484021187,spatial_louvain_density,0.71721315
artificial_graph_sbmv_4_comuAndEmb_0_80_pos_0_20_26,0.8,26,SiNEcustom_spatial,0.18492242471383477,0.7151177107959024,0.07516923244414368,0.7486293759616562,SiNEcustom_spatial_dist,1.0
artificial_graph_sbmv_4_comuAndEmb_0_80_pos_0_20_26,0.8,26,deepwalk,0.19956529689155966,0.6716410559495667,0.0652772101763545,0.7013834234283303,deepwalk_dist,1.0
artificial_graph_sbmv_4_comuAndEmb_0_80_pos_0_20_26,0.8,26,GT_pos + SiNEcustom_spatial,0.18829380141712,0.7298931245074862,0.06581820391291089,0.7425082719461882,SiNEcustom_spatial_dist,0.61582464
artificial_graph_sbmv_4_comuAndEmb_0_80_pos_0_20_26,0.8,26,GT_pos + deepwalk,0.16619429665520632,0.664450354609929,0.05709880826403551,0.7067628436431966,deepwalk_dist,0.6010083
artificial_graph_sbmv_4_comuAndEmb_0_70_pos_0_30_26,0.7,26,Inferred_Commu_normal,0.1282536349393326,0.6932783608195902,0.03453608040899407,0.6730225454545454,louvain_density,1.0
artificial_graph_sbmv_4_comuAndEmb_0_70_pos_0_30_26,0.7,26,Inferred_Commu_spatial_manuel_iter,0.12507151173120157,0.6591363409204489,0.03269026044866278,0.6785744132231405,spatial_louvain_density,1.0
artificial_graph_sbmv_4_comuAndEmb_0_70_pos_0_30_26,0.7,26,GT_pos,0.1109106016638928,0.6193948480305301,0.028010936219968047,0.5523365289256199,GT_pos_dist,1.0
artificial_graph_sbmv_4_comuAndEmb_0_70_pos_0_30_26,0.7,26,GT_pos + Inferred_Commu normal,0.13993043309731984,0.7204465948843761,0.03660255649039004,0.6944097851239669,louvain_density,0.6636264
artificial_graph_sbmv_4_comuAndEmb_0_70_pos_0_30_26,0.7,26,GT_pos + Inferred_Commu spatial manuel iter,0.12389013767904464,0.6771046295034301,0.036412346191199235,0.704723041322314,spatial_louvain_density,0.6950952
artificial_graph_sbmv_4_comuAndEmb_0_70_pos_0_30_26,0.7,26,SiNEcustom_spatial,0.1655274114647592,0.6863727227295443,0.048751855917882676,0.6899931239669421,SiNEcustom_spatial_dist,1.0
artificial_graph_sbmv_4_comuAndEmb_0_70_pos_0_30_26,0.7,26,deepwalk,0.1000159076906171,0.6060946799327609,0.03894831177476469,0.6461203305785124,deepwalk_dist,1.0
artificial_graph_sbmv_4_comuAndEmb_0_70_pos_0_30_26,0.7,26,GT_pos + SiNEcustom_spatial,0.1655431447423722,0.7236154649947754,0.050124827144005624,0.7231788429752066,SiNEcustom_spatial_dist,0.5857703
artificial_graph_sbmv_4_comuAndEmb_0_70_pos_0_30_26,0.7,26,GT_pos + deepwalk,0.12701189296004725,0.6177820180818682,0.041367885842516744,0.6496891239669422,deepwalk_dist,0.55708396
artificial_graph_sbmv_4_comuAndEmb_0_60_pos_0_40_26,0.6,26,Inferred_Commu_normal,0.1371609646032466,0.6356594430057698,0.03537472530602666,0.6625069752066117,louvain_density,1.0
artificial_graph_sbmv_4_comuAndEmb_0_60_pos_0_40_26,0.6,26,Inferred_Commu_spatial_manuel_iter,0.13405328092589727,0.6790127663441008,0.04606540231088536,0.6632015867768595,spatial_louvain_density,1.0
artificial_graph_sbmv_4_comuAndEmb_0_60_pos_0_40_26,0.6,26,GT_pos,0.13124108381285682,0.6681659170414793,0.038363871029973365,0.6592756363636363,GT_pos_dist,1.0
artificial_graph_sbmv_4_comuAndEmb_0_60_pos_0_40_26,0.6,26,GT_pos + Inferred_Commu normal,0.14962405159115497,0.7180954977056926,0.04649543850513827,0.7262417190082645,louvain_density,0.6227565
artificial_graph_sbmv_4_comuAndEmb_0_60_pos_0_40_26,0.6,26,GT_pos + Inferred_Commu spatial manuel iter,0.17149902361952785,0.7319067738857843,0.04682464597815056,0.71033626446281,spatial_louvain_density,0.56740993
artificial_graph_sbmv_4_comuAndEmb_0_60_pos_0_40_26,0.6,26,SiNEcustom_spatial,0.17034696025912366,0.6059129526146018,0.06865781306478057,0.6823393057851239,SiNEcustom_spatial_dist,1.0
artificial_graph_sbmv_4_comuAndEmb_0_60_pos_0_40_26,0.6,26,deepwalk,0.12253680183587604,0.6525487256371815,0.034047074079520415,0.6434951404958678,deepwalk_dist,1.0
artificial_graph_sbmv_4_comuAndEmb_0_60_pos_0_40_26,0.6,26,GT_pos + SiNEcustom_spatial,0.2544928182757349,0.7247739766480397,0.07038979600904527,0.7334940826446281,SiNEcustom_spatial_dist,0.50547826
artificial_graph_sbmv_4_comuAndEmb_0_60_pos_0_40_26,0.6,26,GT_pos + deepwalk,0.13153634394575975,0.6973217936486303,0.03724041437254053,0.6702704132231405,deepwalk_dist,0.53531253
artificial_graph_sbmv_4_comuAndEmb_0_50_pos_0_50_26,0.5,26,Inferred_Commu_normal,0.10790278287852895,0.5711147554259799,0.030545124206978802,0.6406570637119113,louvain_density,1.0
artificial_graph_sbmv_4_comuAndEmb_0_50_pos_0_50_26,0.5,26,Inferred_Commu_spatial_manuel_iter,0.08943688654743222,0.5851757369614513,0.027927925590076078,0.5832233918128655,spatial_louvain_density,1.0
artificial_graph_sbmv_4_comuAndEmb_0_50_pos_0_50_26,0.5,26,GT_pos,0.15170697155598828,0.6354672821509556,0.04891617916591763,0.6998821791320406,GT_pos_dist,1.0
artificial_graph_sbmv_4_comuAndEmb_0_50_pos_0_50_26,0.5,26,GT_pos + Inferred_Commu normal,0.18752604847937032,0.6437074829931972,0.04331238657964675,0.6880017236072637,GT_pos_dist,0.56194985
artificial_graph_sbmv_4_comuAndEmb_0_50_pos_0_50_26,0.5,26,GT_pos + Inferred_Commu spatial manuel iter,0.16395510946314473,0.6874595076125689,0.05581555335349688,0.7230522622345337,GT_pos_dist,0.57891524
artificial_graph_sbmv_4_comuAndEmb_0_50_pos_0_50_26,0.5,26,SiNEcustom_spatial,0.1158870148382502,0.6153020732102364,0.031777195079603845,0.6076132963988919,SiNEcustom_spatial_dist,1.0
artificial_graph_sbmv_4_comuAndEmb_0_50_pos_0_50_26,0.5,26,deepwalk,0.10626714760869913,0.6126700680272109,0.03452898144443174,0.6293141274238226,deepwalk_dist,1.0
artificial_graph_sbmv_4_comuAndEmb_0_50_pos_0_50_26,0.5,26,GT_pos + SiNEcustom_spatial,0.1615966700411115,0.6871254454162616,0.04649890257999211,0.6977462603878116,GT_pos_dist,0.5966662
artificial_graph_sbmv_4_comuAndEmb_0_50_pos_0_50_26,0.5,26,GT_pos + deepwalk,0.16829954056901808,0.7018849206349207,0.0502061793427198,0.7097700215450908,GT_pos_dist,0.5947045
artificial_graph_sbmv_4_comuAndEmb_0_40_pos_0_60_26,0.3999999999999999,26,Inferred_Commu_normal,0.12274818114446132,0.6628401737434625,0.03897802421248282,0.7045686836678235,louvain_density,1.0
artificial_graph_sbmv_4_comuAndEmb_0_40_pos_0_60_26,0.3999999999999999,26,Inferred_Commu_spatial_manuel_iter,0.10554785781927259,0.6027723606063293,0.020024895825983404,0.5085372969166542,spatial_louvain_density,1.0
artificial_graph_sbmv_4_comuAndEmb_0_40_pos_0_60_26,0.3999999999999999,26,GT_pos,0.20407102733135815,0.7150961794167184,0.07061663932916351,0.7183681655852322,GT_pos_dist,1.0
artificial_graph_sbmv_4_comuAndEmb_0_40_pos_0_60_26,0.3999999999999999,26,GT_pos + Inferred_Commu normal,0.1682491613614143,0.7146197145643116,0.057677325383464206,0.7129872742819777,GT_pos_dist,0.6046188
artificial_graph_sbmv_4_comuAndEmb_0_40_pos_0_60_26,0.3999999999999999,26,GT_pos + Inferred_Commu spatial manuel iter,0.1484135733306129,0.7037939898945129,0.06816807765325428,0.720483376087722,GT_pos_dist,0.5940089
artificial_graph_sbmv_4_comuAndEmb_0_40_pos_0_60_26,0.3999999999999999,26,SiNEcustom_spatial,0.11662078669279793,0.6145177732470526,0.030487028556290815,0.6160483627584126,SiNEcustom_spatial_dist,1.0
artificial_graph_sbmv_4_comuAndEmb_0_40_pos_0_60_26,0.3999999999999999,26,deepwalk,0.09965784270262523,0.6090772094672459,0.03576587351348927,0.6481273577787838,deepwalk_dist,1.0
artificial_graph_sbmv_4_comuAndEmb_0_40_pos_0_60_26,0.3999999999999999,26,GT_pos + SiNEcustom_spatial,0.18103339607732127,0.7170796028720858,0.05167464123467749,0.7173635632010462,GT_pos_dist,0.57879573
artificial_graph_sbmv_4_comuAndEmb_0_40_pos_0_60_26,0.3999999999999999,26,GT_pos + deepwalk,0.14991865900289209,0.6735440120556688,0.054788027829103414,0.7208799859162014,GT_pos_dist,0.57161176
artificial_graph_sbmv_4_comuAndEmb_0_30_pos_0_70_26,0.29999999999999993,26,Inferred_Commu_normal,0.1483412651696232,0.7219866045563048,0.05252643962606387,0.774084261281901,louvain_density,1.0
artificial_graph_sbmv_4_comuAndEmb_0_30_pos_0_70_26,0.29999999999999993,26,Inferred_Commu_spatial_manuel_iter,0.07532281003670979,0.5229205775336625,0.020402890506637433,0.48955738185305564,spatial_louvain_density,1.0
artificial_graph_sbmv_4_comuAndEmb_0_30_pos_0_70_26,0.29999999999999993,26,GT_pos,0.1877713167975561,0.7085448098449557,0.10589366620531049,0.8100841813628856,GT_pos_dist,1.0
artificial_graph_sbmv_4_comuAndEmb_0_30_pos_0_70_26,0.29999999999999993,26,GT_pos + Inferred_Commu normal,0.17429889536618656,0.7130872094370668,0.09653569521050043,0.7886891949491183,GT_pos_dist,0.7155895
artificial_graph_sbmv_4_comuAndEmb_0_30_pos_0_70_26,0.29999999999999993,26,GT_pos + Inferred_Commu spatial manuel iter,0.17947121850093153,0.7278036570951818,0.07674587002951996,0.7623331024561777,GT_pos_dist,0.68962944
artificial_graph_sbmv_4_comuAndEmb_0_30_pos_0_70_26,0.29999999999999993,26,SiNEcustom_spatial,0.0880647342358367,0.577904470555517,0.0316417079344395,0.5872418615802654,SiNEcustom_spatial_dist,1.0
artificial_graph_sbmv_4_comuAndEmb_0_30_pos_0_70_26,0.29999999999999993,26,deepwalk,0.13701948617561477,0.6289717027045818,0.04649509300728889,0.704158985561298,deepwalk_dist,1.0
artificial_graph_sbmv_4_comuAndEmb_0_30_pos_0_70_26,0.29999999999999993,26,GT_pos + SiNEcustom_spatial,0.19837986960992157,0.721326102574799,0.08045212159349599,0.7788798018008418,GT_pos_dist,0.65324116
artificial_graph_sbmv_4_comuAndEmb_0_30_pos_0_70_26,0.29999999999999993,26,GT_pos + deepwalk,0.17383093869389998,0.6854272404922478,0.09423292037076694,0.785951968671746,GT_pos_dist,0.68865037
artificial_graph_sbmv_4_comuAndEmb_0_20_pos_0_80_26,0.19999999999999996,26,Inferred_Commu_normal,0.15752090927827359,0.7749458234830575,0.04662244405850443,0.7587072616113615,louvain_density,1.0
artificial_graph_sbmv_4_comuAndEmb_0_20_pos_0_80_26,0.19999999999999996,26,Inferred_Commu_spatial_manuel_iter,0.05757262125743419,0.37935874704491734,0.021014652169106418,0.5106130090821204,spatial_louvain_density,1.0
artificial_graph_sbmv_4_comuAndEmb_0_20_pos_0_80_26,0.19999999999999996,26,GT_pos,0.3216440904691049,0.861221926713948,0.10078309355469477,0.8031042605629009,GT_pos_dist,1.0
artificial_graph_sbmv_4_comuAndEmb_0_20_pos_0_80_26,0.19999999999999996,26,GT_pos + Inferred_Commu normal,0.2923302720924053,0.8636844956658786,0.0863824100925343,0.7936054792282241,GT_pos_dist,0.72712255
artificial_graph_sbmv_4_comuAndEmb_0_20_pos_0_80_26,0.19999999999999996,26,GT_pos + Inferred_Commu spatial manuel iter,0.2992808891540541,0.8557673364854215,0.08154103908780996,0.789623098814014,GT_pos_dist,0.7232533
artificial_graph_sbmv_4_comuAndEmb_0_20_pos_0_80_26,0.19999999999999996,26,SiNEcustom_spatial,0.10489337577550659,0.6133643617021277,0.02512378107005058,0.5764025544314484,SiNEcustom_spatial_dist,1.0
artificial_graph_sbmv_4_comuAndEmb_0_20_pos_0_80_26,0.19999999999999996,26,deepwalk,0.21159560005923317,0.7707471434200158,0.05469798855458282,0.7177558856769379,deepwalk_dist,1.0
artificial_graph_sbmv_4_comuAndEmb_0_20_pos_0_80_26,0.19999999999999996,26,GT_pos + SiNEcustom_spatial,0.3038860195575316,0.8686342592592593,0.08787845226352518,0.7761600468403208,GT_pos_dist,0.71427906
artificial_graph_sbmv_4_comuAndEmb_0_20_pos_0_80_26,0.19999999999999996,26,GT_pos + deepwalk,0.30227044089345073,0.8652728526398739,0.08424885568863445,0.7818331722062608,GT_pos_dist,0.7189061
artificial_graph_sbmv_4_comuAndEmb_0_10_pos_0_90_26,0.09999999999999998,26,Inferred_Commu_normal,0.2063827067561335,0.7787631017080745,0.05781726961314571,0.7582670020916954,louvain_density,1.0
artificial_graph_sbmv_4_comuAndEmb_0_10_pos_0_90_26,0.09999999999999998,26,Inferred_Commu_spatial_manuel_iter,0.11006227155702708,0.5699485636645962,0.020538295879494742,0.5130969811747415,spatial_louvain_density,1.0
artificial_graph_sbmv_4_comuAndEmb_0_10_pos_0_90_26,0.09999999999999998,26,GT_pos,0.322399638719843,0.8242915372670807,0.14479290774775447,0.856886765786647,GT_pos_dist,1.0
artificial_graph_sbmv_4_comuAndEmb_0_10_pos_0_90_26,0.09999999999999998,26,GT_pos + Inferred_Commu normal,0.32808974738591246,0.8387519409937888,0.14210715373210128,0.8479874498275763,GT_pos_dist,0.74156266
artificial_graph_sbmv_4_comuAndEmb_0_10_pos_0_90_26,0.09999999999999998,26,GT_pos + Inferred_Commu spatial manuel iter,0.36474955092843264,0.8320555124223603,0.12569527433750308,0.8428202555260331,GT_pos_dist,0.78576636
artificial_graph_sbmv_4_comuAndEmb_0_10_pos_0_90_26,0.09999999999999998,26,SiNEcustom_spatial,0.11007745751194628,0.6345230007763975,0.036926244038682526,0.6638210187121939,SiNEcustom_spatial_dist,1.0
artificial_graph_sbmv_4_comuAndEmb_0_10_pos_0_90_26,0.09999999999999998,26,deepwalk,0.24542439043397743,0.765224670031056,0.0688983587937133,0.779936401153259,deepwalk_dist,1.0
artificial_graph_sbmv_4_comuAndEmb_0_10_pos_0_90_26,0.09999999999999998,26,GT_pos + SiNEcustom_spatial,0.34081065271403344,0.8210525038819876,0.1063127042457393,0.8362102153880943,GT_pos_dist,0.7476409
artificial_graph_sbmv_4_comuAndEmb_0_10_pos_0_90_26,0.09999999999999998,26,GT_pos + deepwalk,0.3669748062382495,0.8318128881987578,0.11160925059891995,0.8488378370738877,GT_pos_dist,0.7393391
artificial_graph_sbmv_4_comuAndEmb_0_00_pos_1_00_26,0.0,26,Inferred_Commu_normal,0.23958826372061917,0.8617988014539738,0.07242591066137191,0.8355780979671281,louvain_density,1.0
artificial_graph_sbmv_4_comuAndEmb_0_00_pos_1_00_26,0.0,26,Inferred_Commu_spatial_manuel_iter,0.07771972950260178,0.438562235976029,0.021117975951784926,0.5370777465397925,spatial_louvain_density,1.0
artificial_graph_sbmv_4_comuAndEmb_0_00_pos_1_00_26,0.0,26,GT_pos,0.3844397704850753,0.9017830828175656,0.17230620026132104,0.9153777843858132,GT_pos_dist,1.0
artificial_graph_sbmv_4_comuAndEmb_0_00_pos_1_00_26,0.0,26,GT_pos + Inferred_Commu normal,0.37942449173083065,0.8892327340603202,0.1605860377432988,0.9061136191608996,GT_pos_dist,0.76926947
artificial_graph_sbmv_4_comuAndEmb_0_00_pos_1_00_26,0.0,26,GT_pos + Inferred_Commu spatial manuel iter,0.3793547965737262,0.8909273995480893,0.15118129556799723,0.8933451827422145,GT_pos_dist,0.85415775
artificial_graph_sbmv_4_comuAndEmb_0_00_pos_1_00_26,0.0,26,SiNEcustom_spatial,0.16541418029166247,0.7482930543275371,0.04893765493965421,0.7481697394031143,SiNEcustom_spatial_dist,1.0
artificial_graph_sbmv_4_comuAndEmb_0_00_pos_1_00_26,0.0,26,deepwalk,0.2903654157571781,0.8588024363886433,0.09831098753502296,0.8448983564013842,deepwalk_dist,1.0
artificial_graph_sbmv_4_comuAndEmb_0_00_pos_1_00_26,0.0,26,GT_pos + SiNEcustom_spatial,0.3317062622422925,0.8750614009234697,0.1215755445171507,0.8945435499567473,GT_pos_dist,0.79155034
artificial_graph_sbmv_4_comuAndEmb_0_00_pos_1_00_26,0.0,26,GT_pos + deepwalk,0.3102561188641214,0.8953728264073091,0.13341356837367055,0.8978744052768167,GT_pos_dist,0.7845608
artificial_graph_sbmv_4_comuAndEmb_1_00_pos_0_00_27,1.0,27,Inferred_Commu_normal,0.1779615293390615,0.7993616827949661,0.048849827617794245,0.7224214214876034,louvain_density,1.0
artificial_graph_sbmv_4_comuAndEmb_1_00_pos_0_00_27,1.0,27,Inferred_Commu_spatial_manuel_iter,0.2628083211258907,0.7893212484666758,0.05459093390926313,0.7691596694214875,spatial_louvain_density,1.0
artificial_graph_sbmv_4_comuAndEmb_1_00_pos_0_00_27,1.0,27,GT_pos,0.07674710950609723,0.5285766207805189,0.019019801013643454,0.4902202975206612,GT_pos_dist,1.0
artificial_graph_sbmv_4_comuAndEmb_1_00_pos_0_00_27,1.0,27,GT_pos + Inferred_Commu normal,0.1760997355415832,0.7816091954022988,0.04693737897509394,0.7185178181818181,louvain_density,0.8594245
artificial_graph_sbmv_4_comuAndEmb_1_00_pos_0_00_27,1.0,27,GT_pos + Inferred_Commu spatial manuel iter,0.26228283598442725,0.7453773113443278,0.05093076529296835,0.7466582479338842,spatial_louvain_density,0.82623804
artificial_graph_sbmv_4_comuAndEmb_1_00_pos_0_00_27,1.0,27,SiNEcustom_spatial,0.3990041022305379,0.8645563581845441,0.11142949853764061,0.8304522314049587,SiNEcustom_spatial_dist,1.0
artificial_graph_sbmv_4_comuAndEmb_1_00_pos_0_00_27,1.0,27,deepwalk,0.3167340403410876,0.7868906455862977,0.12118085918495768,0.7953094876033058,deepwalk_dist,1.0
artificial_graph_sbmv_4_comuAndEmb_1_00_pos_0_00_27,1.0,27,GT_pos + SiNEcustom_spatial,0.3071763097500625,0.8337990095861161,0.09328302476343502,0.8113537851239668,SiNEcustom_spatial_dist,0.723339
artificial_graph_sbmv_4_comuAndEmb_1_00_pos_0_00_27,1.0,27,GT_pos + deepwalk,0.3321478400119948,0.7669347144609513,0.0926792763738959,0.7585867107438016,deepwalk_dist,0.65823686
artificial_graph_sbmv_4_comuAndEmb_0_90_pos_0_10_27,0.9,27,Inferred_Commu_normal,0.12817413974539432,0.6851530975551863,0.04114789841754661,0.7127528355387523,louvain_density,1.0
artificial_graph_sbmv_4_comuAndEmb_0_90_pos_0_10_27,0.9,27,Inferred_Commu_spatial_manuel_iter,0.17838537006516456,0.7382150486589129,0.049106611448137334,0.7473037439613527,spatial_louvain_density,1.0
artificial_graph_sbmv_4_comuAndEmb_0_90_pos_0_10_27,0.9,27,GT_pos,0.07145284314978742,0.5224661761215287,0.020126044282690162,0.5028716393614788,GT_pos_dist,1.0
artificial_graph_sbmv_4_comuAndEmb_0_90_pos_0_10_27,0.9,27,GT_pos + Inferred_Commu normal,0.10355997832230711,0.6408972228815571,0.03466756361006826,0.6841149443394245,louvain_density,0.75607705
artificial_graph_sbmv_4_comuAndEmb_0_90_pos_0_10_27,0.9,27,GT_pos + Inferred_Commu spatial manuel iter,0.1521019373661189,0.6869926418229291,0.040435371497453326,0.7111758296576349,spatial_louvain_density,0.71371454
artificial_graph_sbmv_4_comuAndEmb_0_90_pos_0_10_27,0.9,27,SiNEcustom_spatial,0.21173194295171674,0.7186565392831711,0.07522424430563633,0.7528989445494643,SiNEcustom_spatial_dist,1.0
artificial_graph_sbmv_4_comuAndEmb_0_90_pos_0_10_27,0.9,27,deepwalk,0.21132645132545233,0.729183479705673,0.09281123750636318,0.7395742753623189,deepwalk_dist,1.0
artificial_graph_sbmv_4_comuAndEmb_0_90_pos_0_10_27,0.9,27,GT_pos + SiNEcustom_spatial,0.1986128981456257,0.7045098504628531,0.054576377637547045,0.713512786179374,SiNEcustom_spatial_dist,0.6491353
artificial_graph_sbmv_4_comuAndEmb_0_90_pos_0_10_27,0.9,27,GT_pos + deepwalk,0.17923476511361963,0.6843935437930216,0.07093015856616947,0.7282898813274522,deepwalk_dist,0.628503
artificial_graph_sbmv_4_comuAndEmb_0_80_pos_0_20_27,0.8,27,Inferred_Commu_normal,0.158419077770562,0.7302079702567676,0.0395324962175128,0.691237679151793,louvain_density,1.0
artificial_graph_sbmv_4_comuAndEmb_0_80_pos_0_20_27,0.8,27,Inferred_Commu_spatial_manuel_iter,0.15798479450703468,0.691065411874056,0.041466337026372355,0.6749866801641002,spatial_louvain_density,1.0
artificial_graph_sbmv_4_comuAndEmb_0_80_pos_0_20_27,0.8,27,GT_pos,0.11689350835854945,0.5316951318694086,0.021172664909275475,0.5256908998881133,GT_pos_dist,1.0
artificial_graph_sbmv_4_comuAndEmb_0_80_pos_0_20_27,0.8,27,GT_pos + Inferred_Commu normal,0.13650323930697172,0.7035901010805159,0.04158481043005363,0.6983930949970695,louvain_density,0.76745105
artificial_graph_sbmv_4_comuAndEmb_0_80_pos_0_20_27,0.8,27,GT_pos + Inferred_Commu spatial manuel iter,0.15551964605025193,0.660915533867782,0.04059840786632523,0.6681518727689274,spatial_louvain_density,0.73742366
artificial_graph_sbmv_4_comuAndEmb_0_80_pos_0_20_27,0.8,27,SiNEcustom_spatial,0.20667504010088472,0.7344138491925177,0.07197399851740259,0.7217699397943418,SiNEcustom_spatial_dist,1.0
artificial_graph_sbmv_4_comuAndEmb_0_80_pos_0_20_27,0.8,27,deepwalk,0.1826714996454101,0.7011037527593817,0.055056275781037514,0.7065044754648623,deepwalk_dist,1.0
artificial_graph_sbmv_4_comuAndEmb_0_80_pos_0_20_27,0.8,27,GT_pos + SiNEcustom_spatial,0.2097443962131616,0.7396072963866619,0.05964694496815523,0.7189904896371677,SiNEcustom_spatial_dist,0.6145765
artificial_graph_sbmv_4_comuAndEmb_0_80_pos_0_20_27,0.8,27,GT_pos + deepwalk,0.19037304836341046,0.7041477866852562,0.04630517446805278,0.6907527039266876,deepwalk_dist,0.57742894
artificial_graph_sbmv_4_comuAndEmb_0_70_pos_0_30_27,0.7,27,Inferred_Commu_normal,0.13893902031349165,0.7015113908341459,0.0383281988084869,0.6051222755537543,louvain_density,1.0
artificial_graph_sbmv_4_comuAndEmb_0_70_pos_0_30_27,0.7,27,Inferred_Commu_spatial_manuel_iter,0.15861816647835403,0.6819209289956564,0.039951725663448893,0.6391852940059017,spatial_louvain_density,1.0
artificial_graph_sbmv_4_comuAndEmb_0_70_pos_0_30_27,0.7,27,GT_pos,0.1375174921595975,0.673909671128446,0.03367022902214779,0.6239836121629665,GT_pos_dist,1.0
artificial_graph_sbmv_4_comuAndEmb_0_70_pos_0_30_27,0.7,27,GT_pos + Inferred_Commu normal,0.1682229059625595,0.7492354401205568,0.04618506944203027,0.6985794252859006,louvain_density,0.6474603
artificial_graph_sbmv_4_comuAndEmb_0_70_pos_0_30_27,0.7,27,GT_pos + Inferred_Commu spatial manuel iter,0.21018417721163435,0.7690918358301568,0.036396278098423,0.6592305061992629,spatial_louvain_density,0.5459337
artificial_graph_sbmv_4_comuAndEmb_0_70_pos_0_30_27,0.7,27,SiNEcustom_spatial,0.180808972787495,0.6726243240847443,0.054405918958992876,0.6720331556084649,SiNEcustom_spatial_dist,1.0
artificial_graph_sbmv_4_comuAndEmb_0_70_pos_0_30_27,0.7,27,deepwalk,0.1510304421991027,0.6710619625919689,0.0403476193335619,0.65196210787604,deepwalk_dist,1.0
artificial_graph_sbmv_4_comuAndEmb_0_70_pos_0_30_27,0.7,27,GT_pos + SiNEcustom_spatial,0.25170900455218337,0.7708425671483025,0.05194861178363751,0.7344120515191044,SiNEcustom_spatial_dist,0.513923
artificial_graph_sbmv_4_comuAndEmb_0_70_pos_0_30_27,0.7,27,GT_pos + deepwalk,0.18388340622448837,0.7480719794344473,0.041790909738972495,0.6972126746115171,deepwalk_dist,0.5320049
artificial_graph_sbmv_4_comuAndEmb_0_60_pos_0_40_27,0.6,27,Inferred_Commu_normal,0.08759254251168824,0.5556170981336546,0.031166757252578548,0.6434316843108052,louvain_density,1.0
artificial_graph_sbmv_4_comuAndEmb_0_60_pos_0_40_27,0.6,27,Inferred_Commu_spatial_manuel_iter,0.11829411110470847,0.6369054786273329,0.028349521042380456,0.5940164231373024,spatial_louvain_density,1.0
artificial_graph_sbmv_4_comuAndEmb_0_60_pos_0_40_27,0.6,27,GT_pos,0.15358620841270562,0.6661167971101746,0.03526919630990791,0.6198400622576448,GT_pos_dist,1.0
artificial_graph_sbmv_4_comuAndEmb_0_60_pos_0_40_27,0.6,27,GT_pos + Inferred_Commu normal,0.13355456193452925,0.6868994581577362,0.03394496756606809,0.6200652095157588,GT_pos_dist,0.5209938
artificial_graph_sbmv_4_comuAndEmb_0_60_pos_0_40_27,0.6,27,GT_pos + Inferred_Commu spatial manuel iter,0.1441763583281998,0.6432028898254063,0.035698908098039085,0.6358876410524762,spatial_louvain_density,0.54745597
artificial_graph_sbmv_4_comuAndEmb_0_60_pos_0_40_27,0.6,27,SiNEcustom_spatial,0.0918923292506782,0.5539674894641782,0.03703370770097681,0.6346828751224356,SiNEcustom_spatial_dist,1.0
artificial_graph_sbmv_4_comuAndEmb_0_60_pos_0_40_27,0.6,27,deepwalk,0.1114869793094434,0.5929199277543649,0.03561593976488252,0.6662468300929839,deepwalk_dist,1.0
artificial_graph_sbmv_4_comuAndEmb_0_60_pos_0_40_27,0.6,27,GT_pos + SiNEcustom_spatial,0.14060859271327453,0.6505960264900662,0.041443440000288656,0.6544755732667821,GT_pos_dist,0.53594476
artificial_graph_sbmv_4_comuAndEmb_0_60_pos_0_40_27,0.6,27,GT_pos + deepwalk,0.1479677778617863,0.6639373871161951,0.0387446266502998,0.659269948610608,GT_pos_dist,0.5628175
artificial_graph_sbmv_4_comuAndEmb_0_50_pos_0_50_27,0.5,27,Inferred_Commu_normal,0.12334218906378354,0.6708134410576568,0.026112208871119744,0.549623485011588,louvain_density,1.0
artificial_graph_sbmv_4_comuAndEmb_0_50_pos_0_50_27,0.5,27,Inferred_Commu_spatial_manuel_iter,0.11511124310508564,0.5955058758721997,0.030943395800252915,0.5729679208723294,spatial_louvain_density,1.0
artificial_graph_sbmv_4_comuAndEmb_0_50_pos_0_50_27,0.5,27,GT_pos,0.11229101877152031,0.6580058758721998,0.04717903343116509,0.699478603361153,GT_pos_dist,1.0
artificial_graph_sbmv_4_comuAndEmb_0_50_pos_0_50_27,0.5,27,GT_pos + Inferred_Commu normal,0.1118866314391102,0.6704806279838413,0.04653780788119328,0.706334266283355,GT_pos_dist,0.5609065
artificial_graph_sbmv_4_comuAndEmb_0_50_pos_0_50_27,0.5,27,GT_pos + Inferred_Commu spatial manuel iter,0.13283292668293717,0.6999288468600808,0.04725969850678091,0.7054305289953267,GT_pos_dist,0.51079726
artificial_graph_sbmv_4_comuAndEmb_0_50_pos_0_50_27,0.5,27,SiNEcustom_spatial,0.10435535097047761,0.5966076019096584,0.03333724992504279,0.6043593672825825,SiNEcustom_spatial_dist,1.0
artificial_graph_sbmv_4_comuAndEmb_0_50_pos_0_50_27,0.5,27,deepwalk,0.1864491656222649,0.6575009181050313,0.03870337097478429,0.6445156469649574,deepwalk_dist,1.0
artificial_graph_sbmv_4_comuAndEmb_0_50_pos_0_50_27,0.5,27,GT_pos + SiNEcustom_spatial,0.11837111819843663,0.6635030297466031,0.0513995576966717,0.7247103000215296,GT_pos_dist,0.5429349
artificial_graph_sbmv_4_comuAndEmb_0_50_pos_0_50_27,0.5,27,GT_pos + deepwalk,0.14611967675822513,0.6942365956665442,0.03822868900826435,0.6989453021111689,GT_pos_dist,0.58405966
artificial_graph_sbmv_4_comuAndEmb_0_40_pos_0_60_27,0.3999999999999999,27,Inferred_Commu_normal,0.1271116141847528,0.6636422628566132,0.03908439837894964,0.6975582148760331,louvain_density,1.0
artificial_graph_sbmv_4_comuAndEmb_0_40_pos_0_60_27,0.3999999999999999,27,Inferred_Commu_spatial_manuel_iter,0.09691960223290658,0.5918793019536953,0.020838747504891276,0.5103788429752066,spatial_louvain_density,1.0
artificial_graph_sbmv_4_comuAndEmb_0_40_pos_0_60_27,0.3999999999999999,27,GT_pos,0.16782082339910015,0.658184430693643,0.07370996374638539,0.7476796033057851,GT_pos_dist,1.0
artificial_graph_sbmv_4_comuAndEmb_0_40_pos_0_60_27,0.3999999999999999,27,GT_pos + Inferred_Commu normal,0.17057239570735663,0.6540360147396231,0.07180820987128841,0.7490495206611569,GT_pos_dist,0.6450575
artificial_graph_sbmv_4_comuAndEmb_0_40_pos_0_60_27,0.3999999999999999,27,GT_pos + Inferred_Commu spatial manuel iter,0.1821773743382805,0.6616607569120954,0.056938370509225476,0.7368966611570249,GT_pos_dist,0.65217847
artificial_graph_sbmv_4_comuAndEmb_0_40_pos_0_60_27,0.3999999999999999,27,SiNEcustom_spatial,0.09910997337759993,0.5991100604880762,0.023147994480286156,0.5570193719008265,SiNEcustom_spatial_dist,1.0
artificial_graph_sbmv_4_comuAndEmb_0_40_pos_0_60_27,0.3999999999999999,27,deepwalk,0.11906500920321794,0.6080210433613756,0.03577597779269018,0.6463106115702479,deepwalk_dist,1.0
artificial_graph_sbmv_4_comuAndEmb_0_40_pos_0_60_27,0.3999999999999999,27,GT_pos + SiNEcustom_spatial,0.1661319587550668,0.6695751929361051,0.05023428923229559,0.7266911735537189,GT_pos_dist,0.6204298
artificial_graph_sbmv_4_comuAndEmb_0_40_pos_0_60_27,0.3999999999999999,27,GT_pos + deepwalk,0.1689599271253853,0.6818929755034879,0.044108910289499384,0.710864,GT_pos_dist,0.6430616
artificial_graph_sbmv_4_comuAndEmb_0_30_pos_0_70_27,0.29999999999999993,27,Inferred_Commu_normal,0.13197024884723735,0.6977742522514115,0.04189782052174802,0.7045026732011583,louvain_density,1.0
artificial_graph_sbmv_4_comuAndEmb_0_30_pos_0_70_27,0.29999999999999993,27,Inferred_Commu_spatial_manuel_iter,0.08782265345776052,0.5708086416872755,0.019519124316198726,0.4978470984629093,spatial_louvain_density,1.0
artificial_graph_sbmv_4_comuAndEmb_0_30_pos_0_70_27,0.29999999999999993,27,GT_pos,0.2705767379528821,0.7669964070738651,0.08034932526843577,0.7440487859211405,GT_pos_dist,1.0
artificial_graph_sbmv_4_comuAndEmb_0_30_pos_0_70_27,0.29999999999999993,27,GT_pos + Inferred_Commu normal,0.23584455225774523,0.7639400867901638,0.07028622282391295,0.7297450712853643,GT_pos_dist,0.71486574
artificial_graph_sbmv_4_comuAndEmb_0_30_pos_0_70_27,0.29999999999999993,27,GT_pos + Inferred_Commu spatial manuel iter,0.28792544628882144,0.7442023237366431,0.07170690864228768,0.7315535197148586,GT_pos_dist,0.7042151
artificial_graph_sbmv_4_comuAndEmb_0_30_pos_0_70_27,0.29999999999999993,27,SiNEcustom_spatial,0.08752080657305839,0.5670990621062946,0.03214672568862929,0.6098222042771219,SiNEcustom_spatial_dist,1.0
artificial_graph_sbmv_4_comuAndEmb_0_30_pos_0_70_27,0.29999999999999993,27,deepwalk,0.1704838148994325,0.7035136017917969,0.042966041220347743,0.7021036143907329,deepwalk_dist,1.0
artificial_graph_sbmv_4_comuAndEmb_0_30_pos_0_70_27,0.29999999999999993,27,GT_pos + SiNEcustom_spatial,0.18704788389706672,0.7461737669730764,0.07751847463394872,0.7470607317888172,GT_pos_dist,0.6696235
artificial_graph_sbmv_4_comuAndEmb_0_30_pos_0_70_27,0.29999999999999993,27,GT_pos + deepwalk,0.2191009804831215,0.753919555783678,0.061927113568892356,0.7454441412341279,GT_pos_dist,0.66024494
artificial_graph_sbmv_4_comuAndEmb_0_20_pos_0_80_27,0.19999999999999996,27,Inferred_Commu_normal,0.18664637787817998,0.79229460379193,0.05176288849499175,0.7721566529492456,louvain_density,1.0
artificial_graph_sbmv_4_comuAndEmb_0_20_pos_0_80_27,0.19999999999999996,27,Inferred_Commu_spatial_manuel_iter,0.08638265207402746,0.5835561497326204,0.02020526157774706,0.49254663923182435,spatial_louvain_density,1.0
artificial_graph_sbmv_4_comuAndEmb_0_20_pos_0_80_27,0.19999999999999996,27,GT_pos,0.21896265024614545,0.796694214876033,0.09062294499426361,0.8160636488340193,GT_pos_dist,1.0
artificial_graph_sbmv_4_comuAndEmb_0_20_pos_0_80_27,0.19999999999999996,27,GT_pos + Inferred_Commu normal,0.2070685084151465,0.7745746232377249,0.08551149504892329,0.804178463648834,GT_pos_dist,0.69344765
artificial_graph_sbmv_4_comuAndEmb_0_20_pos_0_80_27,0.19999999999999996,27,GT_pos + Inferred_Commu spatial manuel iter,0.24569296222014111,0.7899854156538648,0.08863339132943258,0.7973962962962963,GT_pos_dist,0.69541854
artificial_graph_sbmv_4_comuAndEmb_0_20_pos_0_80_27,0.19999999999999996,27,SiNEcustom_spatial,0.11079263880035282,0.6521633446767137,0.030731894582502573,0.6170989026063101,SiNEcustom_spatial_dist,1.0
artificial_graph_sbmv_4_comuAndEmb_0_20_pos_0_80_27,0.19999999999999996,27,deepwalk,0.14545625043694604,0.7166140009722897,0.04637508243349379,0.7165577503429355,deepwalk_dist,1.0
artificial_graph_sbmv_4_comuAndEmb_0_20_pos_0_80_27,0.19999999999999996,27,GT_pos + SiNEcustom_spatial,0.22611879067236634,0.769555177442878,0.07824215588739888,0.7799692729766805,GT_pos_dist,0.68047696
artificial_graph_sbmv_4_comuAndEmb_0_20_pos_0_80_27,0.19999999999999996,27,GT_pos + deepwalk,0.1923573752963441,0.7989912493923189,0.07687975772007415,0.7928179698216734,GT_pos_dist,0.6678884
artificial_graph_sbmv_4_comuAndEmb_0_10_pos_0_90_27,0.09999999999999998,27,Inferred_Commu_normal,0.20588343694516026,0.82041788856305,0.05723816990363031,0.7516548969748897,louvain_density,1.0
artificial_graph_sbmv_4_comuAndEmb_0_10_pos_0_90_27,0.09999999999999998,27,Inferred_Commu_spatial_manuel_iter,0.07609728658738917,0.5112292277614858,0.01973904430122088,0.509097580188223,spatial_louvain_density,1.0
artificial_graph_sbmv_4_comuAndEmb_0_10_pos_0_90_27,0.09999999999999998,27,GT_pos,0.35769165701449485,0.844660312805474,0.152171794018242,0.8542862868119567,GT_pos_dist,1.0
artificial_graph_sbmv_4_comuAndEmb_0_10_pos_0_90_27,0.09999999999999998,27,GT_pos + Inferred_Commu normal,0.35780433941097284,0.8476906158357771,0.13890363987627097,0.8486109921090089,GT_pos_dist,0.7462813
artificial_graph_sbmv_4_comuAndEmb_0_10_pos_0_90_27,0.09999999999999998,27,GT_pos + Inferred_Commu spatial manuel iter,0.32919842998714705,0.8344452590420333,0.1249554926706105,0.8507440472077501,GT_pos_dist,0.7547348
artificial_graph_sbmv_4_comuAndEmb_0_10_pos_0_90_27,0.09999999999999998,27,SiNEcustom_spatial,0.1206514112238243,0.6460777126099708,0.046994915855159816,0.6720400491977723,SiNEcustom_spatial_dist,1.0
artificial_graph_sbmv_4_comuAndEmb_0_10_pos_0_90_27,0.09999999999999998,27,deepwalk,0.2056559518620936,0.7309384164222872,0.061171481082155615,0.7660945813352497,deepwalk_dist,1.0
artificial_graph_sbmv_4_comuAndEmb_0_10_pos_0_90_27,0.09999999999999998,27,GT_pos + SiNEcustom_spatial,0.325544068026546,0.8243890518084065,0.11088167711676927,0.8360187117369853,GT_pos_dist,0.7468018
artificial_graph_sbmv_4_comuAndEmb_0_10_pos_0_90_27,0.09999999999999998,27,GT_pos + deepwalk,0.28811643363862294,0.8284335288367546,0.09933039994142301,0.8434861320324485,GT_pos_dist,0.73809266
artificial_graph_sbmv_4_comuAndEmb_0_00_pos_1_00_27,0.0,27,Inferred_Commu_normal,0.2023877576196462,0.8327075946140119,0.0753060473994217,0.7955076189461345,louvain_density,1.0
artificial_graph_sbmv_4_comuAndEmb_0_00_pos_1_00_27,0.0,27,Inferred_Commu_spatial_manuel_iter,0.10056437653080112,0.549838930218545,0.026446853502097127,0.594750386275241,spatial_louvain_density,1.0
artificial_graph_sbmv_4_comuAndEmb_0_00_pos_1_00_27,0.0,27,GT_pos,0.384758410977808,0.9060812533314792,0.1357468494545052,0.8955883371516864,GT_pos_dist,1.0
artificial_graph_sbmv_4_comuAndEmb_0_00_pos_1_00_27,0.0,27,GT_pos + Inferred_Commu normal,0.4045847647228215,0.9166145217733899,0.1264157704808332,0.8674800202461505,GT_pos_dist,0.80486774
artificial_graph_sbmv_4_comuAndEmb_0_00_pos_1_00_27,0.0,27,GT_pos + Inferred_Commu spatial manuel iter,0.3618946337668624,0.9071705022132611,0.12849487738498852,0.8892209227982311,GT_pos_dist,0.78537554
artificial_graph_sbmv_4_comuAndEmb_0_00_pos_1_00_27,0.0,27,SiNEcustom_spatial,0.1450658558400266,0.7424969292451737,0.047181541022825554,0.7467499600404923,SiNEcustom_spatial_dist,1.0
artificial_graph_sbmv_4_comuAndEmb_0_00_pos_1_00_27,0.0,27,deepwalk,0.21793795338473,0.7716517184639273,0.08526726689850453,0.825033033193031,deepwalk_dist,1.0
artificial_graph_sbmv_4_comuAndEmb_0_00_pos_1_00_27,0.0,27,GT_pos + SiNEcustom_spatial,0.37635425163455727,0.8892674221882315,0.12491811463708159,0.880279849752251,GT_pos_dist,0.80102205
artificial_graph_sbmv_4_comuAndEmb_0_00_pos_1_00_27,0.0,27,GT_pos + deepwalk,0.3354866409813475,0.8740063500892257,0.11761292230021839,0.8780728861420428,GT_pos_dist,0.78132087
artificial_graph_sbmv_4_comuAndEmb_1_00_pos_0_00_28,1.0,28,Inferred_Commu_normal,0.16851966021354306,0.7454998213328569,0.06017270292491853,0.7849651212086175,louvain_density,1.0
artificial_graph_sbmv_4_comuAndEmb_1_00_pos_0_00_28,1.0,28,Inferred_Commu_spatial_manuel_iter,0.1557511200662261,0.7624173664463105,0.057867183450300196,0.7516630053570741,spatial_louvain_density,1.0
artificial_graph_sbmv_4_comuAndEmb_1_00_pos_0_00_28,1.0,28,GT_pos,0.08041587790562843,0.5243322315526175,0.020233903819840627,0.5113347721637698,GT_pos_dist,1.0
artificial_graph_sbmv_4_comuAndEmb_1_00_pos_0_00_28,1.0,28,GT_pos + Inferred_Commu normal,0.22013901481185924,0.743668483115955,0.06285281334604392,0.7575077401369459,louvain_density,0.8389362
artificial_graph_sbmv_4_comuAndEmb_1_00_pos_0_00_28,1.0,28,GT_pos + Inferred_Commu spatial manuel iter,0.18304866813682438,0.7584978559942828,0.05682329491679035,0.7149357022648732,spatial_louvain_density,0.8406576
artificial_graph_sbmv_4_comuAndEmb_1_00_pos_0_00_28,1.0,28,SiNEcustom_spatial,0.28672252813523635,0.8268268715383241,0.11609378557696579,0.8352772960265157,SiNEcustom_spatial_dist,1.0
artificial_graph_sbmv_4_comuAndEmb_1_00_pos_0_00_28,1.0,28,deepwalk,0.276001973438749,0.7714288904770413,0.12237289242229725,0.8087055664752509,deepwalk_dist,1.0
artificial_graph_sbmv_4_comuAndEmb_1_00_pos_0_00_28,1.0,28,GT_pos + SiNEcustom_spatial,0.28350002412165504,0.8261122029658745,0.10427114765226517,0.8291882170064617,SiNEcustom_spatial_dist,0.70045227
artificial_graph_sbmv_4_comuAndEmb_1_00_pos_0_00_28,1.0,28,GT_pos + deepwalk,0.28740601284421613,0.7694747185992495,0.10210455844494006,0.7845158720982515,deepwalk_dist,0.6874326
artificial_graph_sbmv_4_comuAndEmb_0_90_pos_0_10_28,0.9,28,Inferred_Commu_normal,0.15065529689204699,0.7486945169712793,0.044479987816210806,0.7551433522369251,louvain_density,1.0
artificial_graph_sbmv_4_comuAndEmb_0_90_pos_0_10_28,0.9,28,Inferred_Commu_spatial_manuel_iter,0.1565218202739168,0.7172323759791123,0.05202647208027322,0.7297862843940348,spatial_louvain_density,1.0
artificial_graph_sbmv_4_comuAndEmb_0_90_pos_0_10_28,0.9,28,GT_pos,0.09685203992513047,0.571362449560883,0.022144525937874134,0.5174326559546314,GT_pos_dist,1.0
artificial_graph_sbmv_4_comuAndEmb_0_90_pos_0_10_28,0.9,28,GT_pos + Inferred_Commu normal,0.1961112963406217,0.7476738666033704,0.04448810983201314,0.7405441346355808,louvain_density,0.7843602
artificial_graph_sbmv_4_comuAndEmb_0_90_pos_0_10_28,0.9,28,GT_pos + Inferred_Commu spatial manuel iter,0.1653632909243582,0.696831236648469,0.05033011680607548,0.7148555975635371,spatial_louvain_density,0.79808
artificial_graph_sbmv_4_comuAndEmb_0_90_pos_0_10_28,0.9,28,SiNEcustom_spatial,0.1991213998722525,0.7489556135770236,0.08112270139163158,0.7797486084856123,SiNEcustom_spatial_dist,1.0
artificial_graph_sbmv_4_comuAndEmb_0_90_pos_0_10_28,0.9,28,deepwalk,0.26523087771751813,0.7425231426536909,0.08824386965582996,0.7810899758454106,deepwalk_dist,1.0
artificial_graph_sbmv_4_comuAndEmb_0_90_pos_0_10_28,0.9,28,GT_pos + SiNEcustom_spatial,0.1976013914590124,0.7673391882269167,0.07391707251434824,0.7532079657634949,SiNEcustom_spatial_dist,0.6535513
artificial_graph_sbmv_4_comuAndEmb_0_90_pos_0_10_28,0.9,28,GT_pos + deepwalk,0.23305973032493688,0.7568715879420841,0.07387776067659003,0.7423720069313169,deepwalk_dist,0.6213858
artificial_graph_sbmv_4_comuAndEmb_0_80_pos_0_20_28,0.8,28,Inferred_Commu_normal,0.2134752698833163,0.744248599335614,0.05503646325351958,0.7514766803840878,louvain_density,1.0
artificial_graph_sbmv_4_comuAndEmb_0_80_pos_0_20_28,0.8,28,Inferred_Commu_spatial_manuel_iter,0.1562185966456371,0.75441271257871,0.04108500236149769,0.7113385459533608,spatial_louvain_density,1.0
artificial_graph_sbmv_4_comuAndEmb_0_80_pos_0_20_28,0.8,28,GT_pos,0.07765382548386894,0.5054911002032823,0.025623850864102495,0.5669338820301785,GT_pos_dist,1.0
artificial_graph_sbmv_4_comuAndEmb_0_80_pos_0_20_28,0.8,28,GT_pos + Inferred_Commu normal,0.1582069390131223,0.7019683672963459,0.051253274090986796,0.7351474622770919,louvain_density,0.6823349
artificial_graph_sbmv_4_comuAndEmb_0_80_pos_0_20_28,0.8,28,GT_pos + Inferred_Commu spatial manuel iter,0.13232389908995995,0.6818384649709952,0.04138784469949229,0.6898067215363511,spatial_louvain_density,0.6505152
artificial_graph_sbmv_4_comuAndEmb_0_80_pos_0_20_28,0.8,28,SiNEcustom_spatial,0.2187569228728854,0.7509296445039417,0.06851618474549782,0.7118377229080932,SiNEcustom_spatial_dist,1.0
artificial_graph_sbmv_4_comuAndEmb_0_80_pos_0_20_28,0.8,28,deepwalk,0.22547892592685193,0.7175244186623035,0.06261581316003156,0.6956716049382716,deepwalk_dist,1.0
artificial_graph_sbmv_4_comuAndEmb_0_80_pos_0_20_28,0.8,28,GT_pos + SiNEcustom_spatial,0.1624508752629471,0.7131241013436461,0.054079107424892206,0.7276475994513032,SiNEcustom_spatial_dist,0.5488312
artificial_graph_sbmv_4_comuAndEmb_0_80_pos_0_20_28,0.8,28,GT_pos + deepwalk,0.1879267066181605,0.693118151618821,0.05578600310874935,0.6905223593964335,deepwalk_dist,0.5529406
artificial_graph_sbmv_4_comuAndEmb_0_70_pos_0_30_28,0.7,28,Inferred_Commu_normal,0.10902654440397982,0.6488054356357928,0.034062304903986686,0.6689909033516989,louvain_density,1.0
artificial_graph_sbmv_4_comuAndEmb_0_70_pos_0_30_28,0.7,28,Inferred_Commu_spatial_manuel_iter,0.10302888152382896,0.6304945054945055,0.03575274592139595,0.613852157943067,spatial_louvain_density,1.0
artificial_graph_sbmv_4_comuAndEmb_0_70_pos_0_30_28,0.7,28,GT_pos,0.1240158701417978,0.5845884026687598,0.025061712242579928,0.5600462006427915,GT_pos_dist,1.0
artificial_graph_sbmv_4_comuAndEmb_0_70_pos_0_30_28,0.7,28,GT_pos + Inferred_Commu normal,0.1345660367612873,0.6432250784929356,0.03391530242950835,0.6715909090909091,louvain_density,0.6821062
artificial_graph_sbmv_4_comuAndEmb_0_70_pos_0_30_28,0.7,28,GT_pos + Inferred_Commu spatial manuel iter,0.14262027196443686,0.6726108712715856,0.038967062990307166,0.654004677456382,spatial_louvain_density,0.64646107
artificial_graph_sbmv_4_comuAndEmb_0_70_pos_0_30_28,0.7,28,SiNEcustom_spatial,0.1875970453357128,0.6560660321821037,0.048037230815133954,0.6662108298898072,SiNEcustom_spatial_dist,1.0
artificial_graph_sbmv_4_comuAndEmb_0_70_pos_0_30_28,0.7,28,deepwalk,0.13071166753903735,0.6536499215070645,0.045669954866243784,0.690628730486685,deepwalk_dist,1.0
artificial_graph_sbmv_4_comuAndEmb_0_70_pos_0_30_28,0.7,28,GT_pos + SiNEcustom_spatial,0.16638785050346433,0.7079081632653061,0.03690649018866042,0.6795777376033058,SiNEcustom_spatial_dist,0.5184352
artificial_graph_sbmv_4_comuAndEmb_0_70_pos_0_30_28,0.7,28,GT_pos + deepwalk,0.1754813305722996,0.6944785125588696,0.033671711769076705,0.6640372474747475,deepwalk_dist,0.5292563
artificial_graph_sbmv_4_comuAndEmb_0_60_pos_0_40_28,0.6,28,Inferred_Commu_normal,0.1093768157483516,0.6318242022877785,0.033670307541798845,0.6233361267301039,louvain_density,1.0
artificial_graph_sbmv_4_comuAndEmb_0_60_pos_0_40_28,0.6,28,Inferred_Commu_spatial_manuel_iter,0.12811522487296562,0.6373269114990969,0.02930307648940839,0.6092263192041523,spatial_louvain_density,1.0
artificial_graph_sbmv_4_comuAndEmb_0_60_pos_0_40_28,0.6,28,GT_pos,0.12263707705830854,0.6347621914509332,0.03921411618880502,0.6295317906574394,GT_pos_dist,1.0
artificial_graph_sbmv_4_comuAndEmb_0_60_pos_0_40_28,0.6,28,GT_pos + Inferred_Commu normal,0.12435524845813181,0.7028296207104154,0.038562922621308095,0.671912981185121,louvain_density,0.5079642
artificial_graph_sbmv_4_comuAndEmb_0_60_pos_0_40_28,0.6,28,GT_pos + Inferred_Commu spatial manuel iter,0.14099830031437716,0.670258880192655,0.03675494724709251,0.6732155601211073,spatial_louvain_density,0.5617519
artificial_graph_sbmv_4_comuAndEmb_0_60_pos_0_40_28,0.6,28,SiNEcustom_spatial,0.14998330032802437,0.649741119807345,0.05405020377280061,0.6858245025951557,SiNEcustom_spatial_dist,1.0
artificial_graph_sbmv_4_comuAndEmb_0_60_pos_0_40_28,0.6,28,deepwalk,0.15147208151068162,0.6449127031908489,0.03713823352191274,0.6427876297577855,deepwalk_dist,1.0
artificial_graph_sbmv_4_comuAndEmb_0_60_pos_0_40_28,0.6,28,GT_pos + SiNEcustom_spatial,0.1924692629072299,0.7664659843467789,0.05600593571878649,0.7474935121107267,SiNEcustom_spatial_dist,0.51085997
artificial_graph_sbmv_4_comuAndEmb_0_60_pos_0_40_28,0.6,28,GT_pos + deepwalk,0.18257321443832064,0.7137146297411197,0.04105780395511538,0.6830229509083044,GT_pos_dist,0.52963483
artificial_graph_sbmv_4_comuAndEmb_0_50_pos_0_50_28,0.5,28,Inferred_Commu_normal,0.10999537587670938,0.6445451376786336,0.03750564937463976,0.6590099156033222,louvain_density,1.0
artificial_graph_sbmv_4_comuAndEmb_0_50_pos_0_50_28,0.5,28,Inferred_Commu_spatial_manuel_iter,0.10766958839510113,0.6102474729871036,0.019341070141183022,0.48796159884071966,spatial_louvain_density,1.0
artificial_graph_sbmv_4_comuAndEmb_0_50_pos_0_50_28,0.5,28,GT_pos,0.15436883559415684,0.7195538515162078,0.0466988421088361,0.6996129023601552,GT_pos_dist,1.0
artificial_graph_sbmv_4_comuAndEmb_0_50_pos_0_50_28,0.5,28,GT_pos + Inferred_Commu normal,0.14096114165915358,0.6921575461833391,0.04806138997570178,0.7013398811201008,GT_pos_dist,0.58159536
artificial_graph_sbmv_4_comuAndEmb_0_50_pos_0_50_28,0.5,28,GT_pos + Inferred_Commu spatial manuel iter,0.14942045655695393,0.7449285465318927,0.034082031354097715,0.6718359296381274,spatial_louvain_density,0.5180796
artificial_graph_sbmv_4_comuAndEmb_0_50_pos_0_50_28,0.5,28,SiNEcustom_spatial,0.13978919299633874,0.6726850238178226,0.03352691261690724,0.6232396785144038,SiNEcustom_spatial_dist,1.0
artificial_graph_sbmv_4_comuAndEmb_0_50_pos_0_50_28,0.5,28,deepwalk,0.1301912876014734,0.6754966887417218,0.03658719571970763,0.6400406553153805,deepwalk_dist,1.0
artificial_graph_sbmv_4_comuAndEmb_0_50_pos_0_50_28,0.5,28,GT_pos + SiNEcustom_spatial,0.18249994888828272,0.7743929359823399,0.04721833108564979,0.7121040132029144,GT_pos_dist,0.59722096
artificial_graph_sbmv_4_comuAndEmb_0_50_pos_0_50_28,0.5,28,GT_pos + deepwalk,0.17555660882534324,0.7295341001510398,0.048742747423131956,0.6966319150934536,GT_pos_dist,0.58971214
artificial_graph_sbmv_4_comuAndEmb_0_40_pos_0_60_28,0.3999999999999999,28,Inferred_Commu_normal,0.1159369539619361,0.674732969380489,0.03832728060092884,0.6870800514597774,louvain_density,1.0
artificial_graph_sbmv_4_comuAndEmb_0_40_pos_0_60_28,0.3999999999999999,28,Inferred_Commu_spatial_manuel_iter,0.0892527382716874,0.5527177783052457,0.01933440416127705,0.4959791797941609,spatial_louvain_density,1.0
artificial_graph_sbmv_4_comuAndEmb_0_40_pos_0_60_28,0.3999999999999999,28,GT_pos,0.16357032844708022,0.6729290291953478,0.058510637207352056,0.7211259451795842,GT_pos_dist,1.0
artificial_graph_sbmv_4_comuAndEmb_0_40_pos_0_60_28,0.3999999999999999,28,GT_pos + Inferred_Commu normal,0.17220270224320966,0.6692143365772608,0.04994598023379653,0.700639834068473,GT_pos_dist,0.6592279
artificial_graph_sbmv_4_comuAndEmb_0_40_pos_0_60_28,0.3999999999999999,28,GT_pos + Inferred_Commu spatial manuel iter,0.1598151120308246,0.6857702349869452,0.05820702865331505,0.7035914198697752,GT_pos_dist,0.5900499
artificial_graph_sbmv_4_comuAndEmb_0_40_pos_0_60_28,0.3999999999999999,28,SiNEcustom_spatial,0.09183859401763803,0.5856396866840731,0.030119020578829703,0.6127692449065322,SiNEcustom_spatial_dist,1.0
artificial_graph_sbmv_4_comuAndEmb_0_40_pos_0_60_28,0.3999999999999999,28,deepwalk,0.08967673379262775,0.6008426299549015,0.03488428726428705,0.6373296051249737,deepwalk_dist,1.0
artificial_graph_sbmv_4_comuAndEmb_0_40_pos_0_60_28,0.3999999999999999,28,GT_pos + SiNEcustom_spatial,0.13327385261846295,0.6633040588654164,0.05720393490130829,0.7243005671077505,GT_pos_dist,0.59986544
artificial_graph_sbmv_4_comuAndEmb_0_40_pos_0_60_28,0.3999999999999999,28,GT_pos + deepwalk,0.1461440131384796,0.6872300023736054,0.04337645274648794,0.7070707309388784,GT_pos_dist,0.60651654
artificial_graph_sbmv_4_comuAndEmb_0_30_pos_0_70_28,0.29999999999999993,28,Inferred_Commu_normal,0.12780339053343934,0.7212718316166591,0.04041571625036332,0.6902205778445806,louvain_density,1.0
artificial_graph_sbmv_4_comuAndEmb_0_30_pos_0_70_28,0.29999999999999993,28,Inferred_Commu_spatial_manuel_iter,0.0793718623223142,0.5675660546350202,0.022242717321439055,0.5327513778086098,spatial_louvain_density,1.0
artificial_graph_sbmv_4_comuAndEmb_0_30_pos_0_70_28,0.29999999999999993,28,GT_pos,0.18088652831518048,0.7317510076130765,0.07343845640838632,0.7675270101874334,GT_pos_dist,1.0
artificial_graph_sbmv_4_comuAndEmb_0_30_pos_0_70_28,0.29999999999999993,28,GT_pos + Inferred_Commu normal,0.17335507837952965,0.7411330049261085,0.06403903488417091,0.7478093806605773,GT_pos_dist,0.660952
artificial_graph_sbmv_4_comuAndEmb_0_30_pos_0_70_28,0.29999999999999993,28,GT_pos + Inferred_Commu spatial manuel iter,0.17348589184000923,0.711229287953426,0.058062559895963685,0.7212705386621446,GT_pos_dist,0.67487127
artificial_graph_sbmv_4_comuAndEmb_0_30_pos_0_70_28,0.29999999999999993,28,SiNEcustom_spatial,0.09544656737901075,0.5940214957456337,0.023990752990199878,0.5532798910599812,SiNEcustom_spatial_dist,1.0
artificial_graph_sbmv_4_comuAndEmb_0_30_pos_0_70_28,0.29999999999999993,28,deepwalk,0.13553121198179274,0.6404948499776086,0.04602988813541069,0.6875655502884085,deepwalk_dist,1.0
artificial_graph_sbmv_4_comuAndEmb_0_30_pos_0_70_28,0.29999999999999993,28,GT_pos + SiNEcustom_spatial,0.19339247158204384,0.7493282579489476,0.06047107732504698,0.7295696355391118,GT_pos_dist,0.6573069
artificial_graph_sbmv_4_comuAndEmb_0_30_pos_0_70_28,0.29999999999999993,28,GT_pos + deepwalk,0.17528117304313176,0.6948051948051948,0.06107130419566822,0.738287149445665,GT_pos_dist,0.6482221
artificial_graph_sbmv_4_comuAndEmb_0_20_pos_0_80_28,0.19999999999999996,28,Inferred_Commu_normal,0.16695156281775023,0.7445572609208972,0.05564093468697201,0.7725199265048392,louvain_density,1.0
artificial_graph_sbmv_4_comuAndEmb_0_20_pos_0_80_28,0.19999999999999996,28,Inferred_Commu_spatial_manuel_iter,0.08202288403487566,0.5595277449822903,0.023856584717390873,0.542492495212463,spatial_louvain_density,1.0
artificial_graph_sbmv_4_comuAndEmb_0_20_pos_0_80_28,0.19999999999999996,28,GT_pos,0.3027792360419855,0.8115466351829989,0.09140769521411556,0.8030640236012629,GT_pos_dist,1.0
artificial_graph_sbmv_4_comuAndEmb_0_20_pos_0_80_28,0.19999999999999996,28,GT_pos + Inferred_Commu normal,0.2818671848905435,0.8058559622195987,0.07729875300064372,0.7836919672894778,GT_pos_dist,0.7023116
artificial_graph_sbmv_4_comuAndEmb_0_20_pos_0_80_28,0.19999999999999996,28,GT_pos + Inferred_Commu spatial manuel iter,0.27891219610643064,0.8079929161747345,0.0762268450817009,0.7871448165208839,GT_pos_dist,0.69392455
artificial_graph_sbmv_4_comuAndEmb_0_20_pos_0_80_28,0.19999999999999996,28,SiNEcustom_spatial,0.11377362403509561,0.614521841794569,0.03165720866124641,0.6128502665493505,SiNEcustom_spatial_dist,1.0
artificial_graph_sbmv_4_comuAndEmb_0_20_pos_0_80_28,0.19999999999999996,28,deepwalk,0.13518094905899541,0.7195159386068477,0.048818064701800945,0.7233485585632213,deepwalk_dist,1.0
artificial_graph_sbmv_4_comuAndEmb_0_20_pos_0_80_28,0.19999999999999996,28,GT_pos + SiNEcustom_spatial,0.27702956282519137,0.7887131050767414,0.08026076607748865,0.7895203405620826,GT_pos_dist,0.697054
artificial_graph_sbmv_4_comuAndEmb_0_20_pos_0_80_28,0.19999999999999996,28,GT_pos + deepwalk,0.273957537994289,0.795064935064935,0.08254816901099003,0.7827552921691424,GT_pos_dist,0.71569675
artificial_graph_sbmv_4_comuAndEmb_0_10_pos_0_90_28,0.09999999999999998,28,Inferred_Commu_normal,0.2358362502419843,0.8061196674390076,0.06913688461396532,0.8297848595041323,louvain_density,1.0
artificial_graph_sbmv_4_comuAndEmb_0_10_pos_0_90_28,0.09999999999999998,28,Inferred_Commu_spatial_manuel_iter,0.07725744373116233,0.4981372949888692,0.021575962704950012,0.5187867768595041,spatial_louvain_density,1.0
artificial_graph_sbmv_4_comuAndEmb_0_10_pos_0_90_28,0.09999999999999998,28,GT_pos,0.35180799369570415,0.8511198945981555,0.12705254947655786,0.8800084628099175,GT_pos_dist,1.0
artificial_graph_sbmv_4_comuAndEmb_0_10_pos_0_90_28,0.09999999999999998,28,GT_pos + Inferred_Commu normal,0.3052490610906154,0.8403979828267685,0.12225115689798337,0.8713855206611572,GT_pos_dist,0.73362654
artificial_graph_sbmv_4_comuAndEmb_0_10_pos_0_90_28,0.09999999999999998,28,GT_pos + Inferred_Commu spatial manuel iter,0.25522204172831725,0.8204420517014219,0.11169576853573092,0.8676144132231405,GT_pos_dist,0.74070716
artificial_graph_sbmv_4_comuAndEmb_0_10_pos_0_90_28,0.09999999999999998,28,SiNEcustom_spatial,0.10889045984467788,0.6531961292081233,0.03393259782812012,0.6502991074380164,SiNEcustom_spatial_dist,1.0
artificial_graph_sbmv_4_comuAndEmb_0_10_pos_0_90_28,0.09999999999999998,28,deepwalk,0.23088564589623348,0.7427763391031755,0.07509953292587815,0.7939079669421487,deepwalk_dist,1.0
artificial_graph_sbmv_4_comuAndEmb_0_10_pos_0_90_28,0.09999999999999998,28,GT_pos + SiNEcustom_spatial,0.3301424210908876,0.8413634092044886,0.10341518150610504,0.8623683966942148,GT_pos_dist,0.75518584
artificial_graph_sbmv_4_comuAndEmb_0_10_pos_0_90_28,0.09999999999999998,28,GT_pos + deepwalk,0.31829666334356105,0.8304256962427877,0.12651104988924247,0.8616238016528925,GT_pos_dist,0.74755806
artificial_graph_sbmv_4_comuAndEmb_0_00_pos_1_00_28,0.0,28,Inferred_Commu_normal,0.22760565598402965,0.8597353754134759,0.07032673009517197,0.8429116033057852,louvain_density,1.0
artificial_graph_sbmv_4_comuAndEmb_0_00_pos_1_00_28,0.0,28,Inferred_Commu_spatial_manuel_iter,0.14376575619834955,0.6259119126376366,0.02908167621113874,0.6018681652892562,spatial_louvain_density,1.0
artificial_graph_sbmv_4_comuAndEmb_0_00_pos_1_00_28,0.0,28,GT_pos,0.4245308339161512,0.9207145770084735,0.1798321373901723,0.9087461818181818,GT_pos_dist,1.0
artificial_graph_sbmv_4_comuAndEmb_0_00_pos_1_00_28,0.0,28,GT_pos + Inferred_Commu normal,0.41490968467455297,0.9185282522996058,0.18679489037809782,0.9090413223140494,GT_pos_dist,0.7767759
artificial_graph_sbmv_4_comuAndEmb_0_00_pos_1_00_28,0.0,28,GT_pos + Inferred_Commu spatial manuel iter,0.41894493886620154,0.916761067560832,0.18012698816345216,0.9026015206611571,GT_pos_dist,0.7931157
artificial_graph_sbmv_4_comuAndEmb_0_00_pos_1_00_28,0.0,28,SiNEcustom_spatial,0.1847585808163547,0.7842901807965925,0.048705946453791574,0.7436297520661157,SiNEcustom_spatial_dist,1.0
artificial_graph_sbmv_4_comuAndEmb_0_00_pos_1_00_28,0.0,28,deepwalk,0.3421694400702648,0.8521455435225882,0.10973384236390368,0.8504684958677687,deepwalk_dist,1.0
artificial_graph_sbmv_4_comuAndEmb_0_00_pos_1_00_28,0.0,28,GT_pos + SiNEcustom_spatial,0.36245412894892504,0.9063392088449862,0.14983738139428332,0.900349090909091,GT_pos_dist,0.79393697
artificial_graph_sbmv_4_comuAndEmb_0_00_pos_1_00_28,0.0,28,GT_pos + deepwalk,0.4369489666691553,0.9201255154288822,0.14579596308804807,0.9039152396694214,GT_pos_dist,0.79713476
artificial_graph_sbmv_4_comuAndEmb_1_00_pos_0_00_29,1.0,29,Inferred_Commu_normal,0.15227033684675412,0.7991971664698938,0.048601373449238865,0.7313393457895554,louvain_density,1.0
artificial_graph_sbmv_4_comuAndEmb_1_00_pos_0_00_29,1.0,29,Inferred_Commu_spatial_manuel_iter,0.15891534021378698,0.7690200708382527,0.055616326980710555,0.7620284923140623,spatial_louvain_density,1.0
artificial_graph_sbmv_4_comuAndEmb_1_00_pos_0_00_29,1.0,29,GT_pos,0.07740214897529023,0.5156316410861865,0.018124635003410383,0.4698092748822525,GT_pos_dist,1.0
artificial_graph_sbmv_4_comuAndEmb_1_00_pos_0_00_29,1.0,29,GT_pos + Inferred_Commu normal,0.1883337643772663,0.7963164108618654,0.03990590727230087,0.6764616220692511,louvain_density,0.8604374
artificial_graph_sbmv_4_comuAndEmb_1_00_pos_0_00_29,1.0,29,GT_pos + Inferred_Commu spatial manuel iter,0.20028548999887433,0.7742266824085007,0.050326476995333866,0.7217659541431602,spatial_louvain_density,0.8515995
artificial_graph_sbmv_4_comuAndEmb_1_00_pos_0_00_29,1.0,29,SiNEcustom_spatial,0.2678257499197744,0.8302125147579693,0.11123500500057326,0.854303736866622,SiNEcustom_spatial_dist,1.0
artificial_graph_sbmv_4_comuAndEmb_1_00_pos_0_00_29,1.0,29,deepwalk,0.33407795673842683,0.8395277449822904,0.1431145452905594,0.8341461363283474,deepwalk_dist,1.0
artificial_graph_sbmv_4_comuAndEmb_1_00_pos_0_00_29,1.0,29,GT_pos + SiNEcustom_spatial,0.2666836343888395,0.8222314049586777,0.09236680292204225,0.8053757569483981,SiNEcustom_spatial_dist,0.7241414
artificial_graph_sbmv_4_comuAndEmb_1_00_pos_0_00_29,1.0,29,GT_pos + deepwalk,0.34434153226514475,0.8169303423848878,0.1218446671649358,0.8102018529061643,deepwalk_dist,0.71520567
artificial_graph_sbmv_4_comuAndEmb_0_90_pos_0_10_29,0.9,29,Inferred_Commu_normal,0.16791471502669325,0.7859602649006623,0.04522140652012617,0.7583069312283737,louvain_density,1.0
artificial_graph_sbmv_4_comuAndEmb_0_90_pos_0_10_29,0.9,29,Inferred_Commu_spatial_manuel_iter,0.17527798166310268,0.7898615291992775,0.0481159160774556,0.7509489889705883,spatial_louvain_density,1.0
artificial_graph_sbmv_4_comuAndEmb_0_90_pos_0_10_29,0.9,29,GT_pos,0.09606785737505101,0.5806983744732089,0.01896262447952731,0.4785310337370242,GT_pos_dist,1.0
artificial_graph_sbmv_4_comuAndEmb_0_90_pos_0_10_29,0.9,29,GT_pos + Inferred_Commu normal,0.19951736911641366,0.7920048163756773,0.04124942935546131,0.7120397653546713,louvain_density,0.7854807
artificial_graph_sbmv_4_comuAndEmb_0_90_pos_0_10_29,0.9,29,GT_pos + Inferred_Commu spatial manuel iter,0.19197906650695606,0.8028175797712221,0.049188833192521306,0.7117889003027682,spatial_louvain_density,0.7648787
artificial_graph_sbmv_4_comuAndEmb_0_90_pos_0_10_29,0.9,29,SiNEcustom_spatial,0.38113195974458575,0.8599879590608067,0.07463564030443057,0.7636626838235294,SiNEcustom_spatial_dist,1.0
artificial_graph_sbmv_4_comuAndEmb_0_90_pos_0_10_29,0.9,29,deepwalk,0.3167206427950575,0.8351836243226971,0.07387981570715904,0.7561595750432526,deepwalk_dist,1.0
artificial_graph_sbmv_4_comuAndEmb_0_90_pos_0_10_29,0.9,29,GT_pos + SiNEcustom_spatial,0.28287387207104864,0.8384828416616497,0.06322449930004856,0.7221765516868512,SiNEcustom_spatial_dist,0.6841388
artificial_graph_sbmv_4_comuAndEmb_0_90_pos_0_10_29,0.9,29,GT_pos + deepwalk,0.33125055416734317,0.8224202287778447,0.07447895999385118,0.7168335045415225,deepwalk_dist,0.6275677
artificial_graph_sbmv_4_comuAndEmb_0_80_pos_0_20_29,0.8,29,Inferred_Commu_normal,0.13507757520089003,0.687897447380206,0.03816443389512816,0.7001075268817204,louvain_density,1.0
artificial_graph_sbmv_4_comuAndEmb_0_80_pos_0_20_29,0.8,29,Inferred_Commu_spatial_manuel_iter,0.16609328613656507,0.6904276757725033,0.043015527801770016,0.6984885857067612,spatial_louvain_density,1.0
artificial_graph_sbmv_4_comuAndEmb_0_80_pos_0_20_29,0.8,29,GT_pos,0.08352390929989263,0.5407299596954769,0.0209431369284478,0.5167639161881271,GT_pos_dist,1.0
artificial_graph_sbmv_4_comuAndEmb_0_80_pos_0_20_29,0.8,29,GT_pos + Inferred_Commu normal,0.13571472516810226,0.6936520376175548,0.03423898112900664,0.6670554078185018,louvain_density,0.79949164
artificial_graph_sbmv_4_comuAndEmb_0_80_pos_0_20_29,0.8,29,GT_pos + Inferred_Commu spatial manuel iter,0.17080841211654652,0.7083519928347515,0.03837463657770203,0.6853431995991829,spatial_louvain_density,0.7421409
artificial_graph_sbmv_4_comuAndEmb_0_80_pos_0_20_29,0.8,29,SiNEcustom_spatial,0.23110692902301905,0.7409986565158978,0.0815260274139823,0.7536306059788543,SiNEcustom_spatial_dist,1.0
artificial_graph_sbmv_4_comuAndEmb_0_80_pos_0_20_29,0.8,29,deepwalk,0.2115514030614817,0.7388378862516793,0.052241262340922814,0.6994920414691487,deepwalk_dist,1.0
artificial_graph_sbmv_4_comuAndEmb_0_80_pos_0_20_29,0.8,29,GT_pos + SiNEcustom_spatial,0.20066760181832927,0.7455553067622034,0.06240610762593584,0.738510553564317,SiNEcustom_spatial_dist,0.63217765
artificial_graph_sbmv_4_comuAndEmb_0_80_pos_0_20_29,0.8,29,GT_pos + deepwalk,0.19522353580860438,0.7349305866547247,0.039077005171931314,0.6664657442735833,deepwalk_dist,0.60126144
artificial_graph_sbmv_4_comuAndEmb_0_70_pos_0_30_29,0.7,29,Inferred_Commu_normal,0.10789358085262078,0.6687614656155485,0.03857908954418066,0.6863134430727023,louvain_density,1.0
artificial_graph_sbmv_4_comuAndEmb_0_70_pos_0_30_29,0.7,29,Inferred_Commu_spatial_manuel_iter,0.10753671499669497,0.6317616143586692,0.033383391391759346,0.6504155006858712,spatial_louvain_density,1.0
artificial_graph_sbmv_4_comuAndEmb_0_70_pos_0_30_29,0.7,29,GT_pos,0.10020213008798667,0.5963111706083594,0.028094945466507162,0.5721156378600822,GT_pos_dist,1.0
artificial_graph_sbmv_4_comuAndEmb_0_70_pos_0_30_29,0.7,29,GT_pos + Inferred_Commu normal,0.13130286309352307,0.6777480291536516,0.047874917756109435,0.6844378600823045,louvain_density,0.6699219
artificial_graph_sbmv_4_comuAndEmb_0_70_pos_0_30_29,0.7,29,GT_pos + Inferred_Commu spatial manuel iter,0.13923241960415705,0.658089146710298,0.03640153047797583,0.6691312757201646,spatial_louvain_density,0.6727385
artificial_graph_sbmv_4_comuAndEmb_0_70_pos_0_30_29,0.7,29,SiNEcustom_spatial,0.1438575134289566,0.6410952451782438,0.0547532459171277,0.6883245541838134,SiNEcustom_spatial_dist,1.0
artificial_graph_sbmv_4_comuAndEmb_0_70_pos_0_30_29,0.7,29,deepwalk,0.19718518391741208,0.6492513262928257,0.05900800207398936,0.6887864197530864,deepwalk_dist,1.0
artificial_graph_sbmv_4_comuAndEmb_0_70_pos_0_30_29,0.7,29,GT_pos + SiNEcustom_spatial,0.1628175201335506,0.6671376865486638,0.05245169534072174,0.7181728395061728,SiNEcustom_spatial_dist,0.54923326
artificial_graph_sbmv_4_comuAndEmb_0_70_pos_0_30_29,0.7,29,GT_pos + deepwalk,0.12252930388585365,0.6241881104665576,0.0413116615973739,0.6778903978052127,deepwalk_dist,0.5710718
artificial_graph_sbmv_4_comuAndEmb_0_60_pos_0_40_29,0.6,29,Inferred_Commu_normal,0.12573920710826858,0.6470538147138964,0.031181932359120333,0.6352495901407653,louvain_density,1.0
artificial_graph_sbmv_4_comuAndEmb_0_60_pos_0_40_29,0.6,29,Inferred_Commu_spatial_manuel_iter,0.13786598718655632,0.6910762942779292,0.03569388504416953,0.6292150489004467,spatial_louvain_density,1.0
artificial_graph_sbmv_4_comuAndEmb_0_60_pos_0_40_29,0.6,29,GT_pos,0.14040905518817273,0.660325029194239,0.035871660805361666,0.636807055232065,GT_pos_dist,1.0
artificial_graph_sbmv_4_comuAndEmb_0_60_pos_0_40_29,0.6,29,GT_pos + Inferred_Commu normal,0.21163203400819147,0.7628819579602958,0.0425934542320646,0.672332099044604,louvain_density,0.57073355
artificial_graph_sbmv_4_comuAndEmb_0_60_pos_0_40_29,0.6,29,GT_pos + Inferred_Commu spatial manuel iter,0.15136777572666898,0.7419594200077851,0.04123390411814011,0.7055636271128951,spatial_louvain_density,0.5787536
artificial_graph_sbmv_4_comuAndEmb_0_60_pos_0_40_29,0.6,29,SiNEcustom_spatial,0.1706066411087293,0.6815395095367847,0.048882495752995976,0.6839494883826107,SiNEcustom_spatial_dist,1.0
artificial_graph_sbmv_4_comuAndEmb_0_60_pos_0_40_29,0.6,29,deepwalk,0.16875873423903634,0.7312062086414948,0.03507991583282031,0.6279670981966194,deepwalk_dist,1.0
artificial_graph_sbmv_4_comuAndEmb_0_60_pos_0_40_29,0.6,29,GT_pos + SiNEcustom_spatial,0.22823681063447826,0.7832327753989881,0.04992419288934969,0.7255680083667816,SiNEcustom_spatial_dist,0.5159525
artificial_graph_sbmv_4_comuAndEmb_0_60_pos_0_40_29,0.6,29,GT_pos + deepwalk,0.18146625666597516,0.7387967107824056,0.03947760153346078,0.6773212165752728,GT_pos_dist,0.5119915
artificial_graph_sbmv_4_comuAndEmb_0_50_pos_0_50_29,0.5,29,Inferred_Commu_normal,0.11187943556884913,0.6325084233763216,0.03432257863768042,0.6296157227342959,louvain_density,1.0
artificial_graph_sbmv_4_comuAndEmb_0_50_pos_0_50_29,0.5,29,Inferred_Commu_spatial_manuel_iter,0.12862381433637343,0.5768328105030789,0.020612498151118153,0.515986866641803,spatial_louvain_density,1.0
artificial_graph_sbmv_4_comuAndEmb_0_50_pos_0_50_29,0.5,29,GT_pos,0.16679771761578246,0.6403392587428837,0.05332701953893223,0.6857574990676115,GT_pos_dist,1.0
artificial_graph_sbmv_4_comuAndEmb_0_50_pos_0_50_29,0.5,29,GT_pos + Inferred_Commu normal,0.1633087230443355,0.692401533635413,0.04655776153129652,0.7240321807235336,louvain_density,0.557451
artificial_graph_sbmv_4_comuAndEmb_0_50_pos_0_50_29,0.5,29,GT_pos + Inferred_Commu spatial manuel iter,0.16727679901599737,0.6639479493435575,0.04149058019358501,0.6728591027758538,GT_pos_dist,0.5352191
artificial_graph_sbmv_4_comuAndEmb_0_50_pos_0_50_29,0.5,29,SiNEcustom_spatial,0.1433448350311058,0.6479609620076681,0.046416881262817546,0.6413124034311897,SiNEcustom_spatial_dist,1.0
artificial_graph_sbmv_4_comuAndEmb_0_50_pos_0_50_29,0.5,29,deepwalk,0.1074811534401705,0.5843499477169745,0.03764099264505534,0.6710837018487932,deepwalk_dist,1.0
artificial_graph_sbmv_4_comuAndEmb_0_50_pos_0_50_29,0.5,29,GT_pos + SiNEcustom_spatial,0.1618125269982382,0.6851980945741838,0.05802488546010912,0.7204879055890032,GT_pos_dist,0.5396464
artificial_graph_sbmv_4_comuAndEmb_0_50_pos_0_50_29,0.5,29,GT_pos + deepwalk,0.13229180343224015,0.6448820727314977,0.05192803738486884,0.7149471202514786,GT_pos_dist,0.58590853
artificial_graph_sbmv_4_comuAndEmb_0_40_pos_0_60_29,0.3999999999999999,29,Inferred_Commu_normal,0.1429057924282684,0.732225119513255,0.03833526331206258,0.6977707358784769,louvain_density,1.0
artificial_graph_sbmv_4_comuAndEmb_0_40_pos_0_60_29,0.3999999999999999,29,Inferred_Commu_spatial_manuel_iter,0.08019769692748126,0.5378531073446328,0.025670119740921878,0.5687050450178562,spatial_louvain_density,1.0
artificial_graph_sbmv_4_comuAndEmb_0_40_pos_0_60_29,0.3999999999999999,29,GT_pos,0.24369851762887557,0.7772055627987832,0.06521837246914058,0.7350490417987021,GT_pos_dist,1.0
artificial_graph_sbmv_4_comuAndEmb_0_40_pos_0_60_29,0.3999999999999999,29,GT_pos + Inferred_Commu normal,0.22195971148621893,0.751336375488918,0.04899879732629339,0.7146506714953976,GT_pos_dist,0.7174537
artificial_graph_sbmv_4_comuAndEmb_0_40_pos_0_60_29,0.3999999999999999,29,GT_pos + Inferred_Commu spatial manuel iter,0.22341810412664043,0.7893850499782702,0.05554007347150232,0.7378056938785775,GT_pos_dist,0.640963
artificial_graph_sbmv_4_comuAndEmb_0_40_pos_0_60_29,0.3999999999999999,29,SiNEcustom_spatial,0.08179375411082859,0.5465667101260322,0.02899820494536248,0.5706513756853278,SiNEcustom_spatial_dist,1.0
artificial_graph_sbmv_4_comuAndEmb_0_40_pos_0_60_29,0.3999999999999999,29,deepwalk,0.10845770300386279,0.5777379400260757,0.03123277883419005,0.6133425129520649,deepwalk_dist,1.0
artificial_graph_sbmv_4_comuAndEmb_0_40_pos_0_60_29,0.3999999999999999,29,GT_pos + SiNEcustom_spatial,0.15682813352218514,0.7364189482833551,0.05882085761317033,0.7328045621447613,GT_pos_dist,0.62039196
artificial_graph_sbmv_4_comuAndEmb_0_40_pos_0_60_29,0.3999999999999999,29,GT_pos + deepwalk,0.17989144058496317,0.7555845284658843,0.04559161409298479,0.7086577636939791,GT_pos_dist,0.62182146
artificial_graph_sbmv_4_comuAndEmb_0_30_pos_0_70_29,0.29999999999999993,29,Inferred_Commu_normal,0.16493501345472636,0.7097019671982191,0.04479459033501433,0.6891735537190083,louvain_density,1.0
artificial_graph_sbmv_4_comuAndEmb_0_30_pos_0_70_29,0.29999999999999993,29,Inferred_Commu_spatial_manuel_iter,0.08574456685506368,0.5643996183726319,0.022524513049549083,0.5492505123966942,spatial_louvain_density,1.0
artificial_graph_sbmv_4_comuAndEmb_0_30_pos_0_70_29,0.29999999999999993,29,GT_pos,0.238409654734881,0.7591545136522648,0.07506238706925394,0.7488818512396695,GT_pos_dist,1.0
artificial_graph_sbmv_4_comuAndEmb_0_30_pos_0_70_29,0.29999999999999993,29,GT_pos + Inferred_Commu normal,0.2308180450671394,0.7322588705647176,0.06445621411324083,0.7459002975206611,GT_pos_dist,0.6950652
artificial_graph_sbmv_4_comuAndEmb_0_30_pos_0_70_29,0.29999999999999993,29,GT_pos + Inferred_Commu spatial manuel iter,0.22565222571233623,0.7652083049384398,0.08790861335279221,0.7519038677685952,GT_pos_dist,0.67514914
artificial_graph_sbmv_4_comuAndEmb_0_30_pos_0_70_29,0.29999999999999993,29,SiNEcustom_spatial,0.11946165530267477,0.6822270682840397,0.02602739505638601,0.5994870743801652,SiNEcustom_spatial_dist,1.0
artificial_graph_sbmv_4_comuAndEmb_0_30_pos_0_70_29,0.29999999999999993,29,deepwalk,0.18589262631973147,0.6650992685475444,0.04427745266228293,0.6481105454545455,deepwalk_dist,1.0
artificial_graph_sbmv_4_comuAndEmb_0_30_pos_0_70_29,0.29999999999999993,29,GT_pos + SiNEcustom_spatial,0.230851744586409,0.7731588751079006,0.06015832254896623,0.7239479008264462,GT_pos_dist,0.677552
artificial_graph_sbmv_4_comuAndEmb_0_30_pos_0_70_29,0.29999999999999993,29,GT_pos + deepwalk,0.2708779736756818,0.7152219344873019,0.05882191522238786,0.7148970578512397,GT_pos_dist,0.68542516
artificial_graph_sbmv_4_comuAndEmb_0_20_pos_0_80_29,0.19999999999999996,29,Inferred_Commu_normal,0.17010758171538537,0.7260574258325383,0.04599678057892266,0.7417043305785125,louvain_density,1.0
artificial_graph_sbmv_4_comuAndEmb_0_20_pos_0_80_29,0.19999999999999996,29,Inferred_Commu_spatial_manuel_iter,0.08487837914705945,0.536220526100586,0.020605763454012705,0.5203352066115702,spatial_louvain_density,1.0
artificial_graph_sbmv_4_comuAndEmb_0_20_pos_0_80_29,0.19999999999999996,29,GT_pos,0.2468934537279948,0.7861637363136613,0.0953020481849051,0.8205540495867769,GT_pos_dist,1.0
artificial_graph_sbmv_4_comuAndEmb_0_20_pos_0_80_29,0.19999999999999996,29,GT_pos + Inferred_Commu normal,0.25950030640765787,0.7838012811775931,0.07925616193163988,0.804461090909091,GT_pos_dist,0.7319941
artificial_graph_sbmv_4_comuAndEmb_0_20_pos_0_80_29,0.19999999999999996,29,GT_pos + Inferred_Commu spatial manuel iter,0.2991093197773829,0.7668324928444868,0.08098396300370278,0.8117365950413223,GT_pos_dist,0.75167817
artificial_graph_sbmv_4_comuAndEmb_0_20_pos_0_80_29,0.19999999999999996,29,SiNEcustom_spatial,0.10660339094627778,0.6474603607287265,0.031985081260455114,0.6065528595041323,SiNEcustom_spatial_dist,1.0
artificial_graph_sbmv_4_comuAndEmb_0_20_pos_0_80_29,0.19999999999999996,29,deepwalk,0.13629787227035678,0.6906433147062832,0.04131317901957846,0.675455867768595,deepwalk_dist,1.0
artificial_graph_sbmv_4_comuAndEmb_0_20_pos_0_80_29,0.19999999999999996,29,GT_pos + SiNEcustom_spatial,0.2557896894349485,0.7935236926991049,0.08925011022476743,0.7934475371900827,GT_pos_dist,0.73579913
artificial_graph_sbmv_4_comuAndEmb_0_20_pos_0_80_29,0.19999999999999996,29,GT_pos + deepwalk,0.24025024173678017,0.7902185271000863,0.08057301796121469,0.7895558347107439,GT_pos_dist,0.72946376
artificial_graph_sbmv_4_comuAndEmb_0_10_pos_0_90_29,0.09999999999999998,29,Inferred_Commu_normal,0.19153665473568987,0.7802347183832525,0.0734167357092447,0.8214201323251418,louvain_density,1.0
artificial_graph_sbmv_4_comuAndEmb_0_10_pos_0_90_29,0.09999999999999998,29,Inferred_Commu_spatial_manuel_iter,0.08559944880026646,0.5657030223390277,0.022295900312965085,0.5452575614366729,spatial_louvain_density,1.0
artificial_graph_sbmv_4_comuAndEmb_0_10_pos_0_90_29,0.09999999999999998,29,GT_pos,0.3133482358211293,0.8324912773573792,0.13647811627079273,0.8663417611846251,GT_pos_dist,1.0
artificial_graph_sbmv_4_comuAndEmb_0_10_pos_0_90_29,0.09999999999999998,29,GT_pos + Inferred_Commu normal,0.315238726656347,0.8333975259413657,0.11957230732463159,0.8535414041167821,GT_pos_dist,0.76607823
artificial_graph_sbmv_4_comuAndEmb_0_10_pos_0_90_29,0.09999999999999998,29,GT_pos + Inferred_Commu spatial manuel iter,0.28901673402678346,0.8285264398024379,0.11734212536579945,0.8602471907162361,GT_pos_dist,0.75900847
artificial_graph_sbmv_4_comuAndEmb_0_10_pos_0_90_29,0.09999999999999998,29,SiNEcustom_spatial,0.09953249027371927,0.6448978204721555,0.03208418047919341,0.6417909840369671,SiNEcustom_spatial_dist,1.0
artificial_graph_sbmv_4_comuAndEmb_0_10_pos_0_90_29,0.09999999999999998,29,deepwalk,0.18635010027783588,0.7105215460600844,0.07007800924060535,0.7850316372610795,deepwalk_dist,1.0
artificial_graph_sbmv_4_comuAndEmb_0_10_pos_0_90_29,0.09999999999999998,29,GT_pos + SiNEcustom_spatial,0.29981633264673263,0.810945217273098,0.09772447049487697,0.8428527357697962,GT_pos_dist,0.758458
artificial_graph_sbmv_4_comuAndEmb_0_10_pos_0_90_29,0.09999999999999998,29,GT_pos + deepwalk,0.3006000124728871,0.8078073315510443,0.10033331665706487,0.8510042533081286,GT_pos_dist,0.7341867
artificial_graph_sbmv_4_comuAndEmb_0_00_pos_1_00_29,0.0,29,Inferred_Commu_normal,0.20380281096947692,0.8196159455517744,0.07200705977235253,0.8334872891164335,louvain_density,1.0
artificial_graph_sbmv_4_comuAndEmb_0_00_pos_1_00_29,0.0,29,Inferred_Commu_spatial_manuel_iter,0.09119587059672035,0.6063441905687895,0.025414597163469246,0.5849238163968357,spatial_louvain_density,1.0
artificial_graph_sbmv_4_comuAndEmb_0_00_pos_1_00_29,0.0,29,GT_pos,0.34058450458974887,0.898699562469616,0.17982290261943712,0.9121050911616128,GT_pos_dist,1.0
artificial_graph_sbmv_4_comuAndEmb_0_00_pos_1_00_29,0.0,29,GT_pos + Inferred_Commu normal,0.3550970951089306,0.8939474963539135,0.16323668010189757,0.9013372639261449,GT_pos_dist,0.84737533
artificial_graph_sbmv_4_comuAndEmb_0_00_pos_1_00_29,0.0,29,GT_pos + Inferred_Commu spatial manuel iter,0.33598282168004545,0.885719494409334,0.14879268790282857,0.897018831442927,GT_pos_dist,0.82057756
artificial_graph_sbmv_4_comuAndEmb_0_00_pos_1_00_29,0.0,29,SiNEcustom_spatial,0.16602009554219582,0.7266528925619835,0.06182562357163577,0.7536553151509375,SiNEcustom_spatial_dist,1.0
artificial_graph_sbmv_4_comuAndEmb_0_00_pos_1_00_29,0.0,29,deepwalk,0.27016334278802284,0.8144871171609139,0.09479394652390029,0.8466200078974959,deepwalk_dist,1.0
artificial_graph_sbmv_4_comuAndEmb_0_00_pos_1_00_29,0.0,29,GT_pos + SiNEcustom_spatial,0.3598539531469372,0.898322800194458,0.14374683171347413,0.897196388938059,GT_pos_dist,0.7933373
artificial_graph_sbmv_4_comuAndEmb_0_00_pos_1_00_29,0.0,29,GT_pos + deepwalk,0.34798451928635077,0.889827418570734,0.13638446264655876,0.8984523631214173,GT_pos_dist,0.797776
artificial_graph_sbmv_4_comuAndEmb_1_00_pos_0_00_30,1.0,30,Inferred_Commu_normal,0.20010209224196082,0.8200421794247839,0.05223776809895607,0.7930937982844051,louvain_density,1.0
artificial_graph_sbmv_4_comuAndEmb_1_00_pos_0_00_30,1.0,30,Inferred_Commu_spatial_manuel_iter,0.23124543716961476,0.8375165125495376,0.06345525028149213,0.7440047418615802,spatial_louvain_density,1.0
artificial_graph_sbmv_4_comuAndEmb_1_00_pos_0_00_30,1.0,30,GT_pos,0.08682770713194099,0.5461771999351086,0.019654814145493107,0.4907594970429965,GT_pos_dist,1.0
artificial_graph_sbmv_4_comuAndEmb_1_00_pos_0_00_30,1.0,30,GT_pos + Inferred_Commu normal,0.1918725553082886,0.789902431110802,0.04481417617100977,0.763904310298897,louvain_density,0.87051886
artificial_graph_sbmv_4_comuAndEmb_1_00_pos_0_00_30,1.0,30,GT_pos + Inferred_Commu spatial manuel iter,0.22858114309681396,0.8213979466499803,0.05014274783901683,0.7510168362725773,spatial_louvain_density,0.8299649
artificial_graph_sbmv_4_comuAndEmb_1_00_pos_0_00_30,1.0,30,SiNEcustom_spatial,0.45734243797157254,0.8894760017613386,0.12457707412828316,0.8442394373701315,SiNEcustom_spatial_dist,1.0
artificial_graph_sbmv_4_comuAndEmb_1_00_pos_0_00_30,1.0,30,deepwalk,0.3689765009866957,0.8540870008574939,0.1258514983396778,0.8199749587085088,deepwalk_dist,1.0
artificial_graph_sbmv_4_comuAndEmb_1_00_pos_0_00_30,1.0,30,GT_pos + SiNEcustom_spatial,0.3785385819479871,0.884354214466152,0.09580304688798107,0.8192159944589482,SiNEcustom_spatial_dist,0.71198606
artificial_graph_sbmv_4_comuAndEmb_1_00_pos_0_00_30,1.0,30,GT_pos + deepwalk,0.396532229602799,0.8624765347980253,0.10155068596443492,0.7957088816665778,deepwalk_dist,0.7219754
artificial_graph_sbmv_4_comuAndEmb_0_90_pos_0_10_30,0.9,30,Inferred_Commu_normal,0.15654901965713383,0.7734067178881008,0.04192005803530086,0.7403620593401506,louvain_density,1.0
artificial_graph_sbmv_4_comuAndEmb_0_90_pos_0_10_30,0.9,30,Inferred_Commu_spatial_manuel_iter,0.14436267687541032,0.7454688731284475,0.046437004597427,0.6808630056780274,spatial_louvain_density,1.0
artificial_graph_sbmv_4_comuAndEmb_0_90_pos_0_10_30,0.9,30,GT_pos,0.09453885348882643,0.5629309495665878,0.022691953280602827,0.5153318990754483,GT_pos_dist,1.0
artificial_graph_sbmv_4_comuAndEmb_0_90_pos_0_10_30,0.9,30,GT_pos + Inferred_Commu normal,0.13659810080575985,0.7314445429472024,0.03708358077601039,0.7061801990713634,louvain_density,0.76862955
artificial_graph_sbmv_4_comuAndEmb_0_90_pos_0_10_30,0.9,30,GT_pos + Inferred_Commu spatial manuel iter,0.14120992066217777,0.7244508471237194,0.033334592400540215,0.6284488228646125,spatial_louvain_density,0.76777583
artificial_graph_sbmv_4_comuAndEmb_0_90_pos_0_10_30,0.9,30,SiNEcustom_spatial,0.2091663766943912,0.752979708431836,0.08911348745673119,0.7818456992688009,SiNEcustom_spatial_dist,1.0
artificial_graph_sbmv_4_comuAndEmb_0_90_pos_0_10_30,0.9,30,deepwalk,0.20663046173709915,0.730718085106383,0.07339453897247608,0.7482739886439456,deepwalk_dist,1.0
artificial_graph_sbmv_4_comuAndEmb_0_90_pos_0_10_30,0.9,30,GT_pos + SiNEcustom_spatial,0.2260174939040705,0.780572793538219,0.06413081178029519,0.7633794474476111,SiNEcustom_spatial_dist,0.6272383
artificial_graph_sbmv_4_comuAndEmb_0_90_pos_0_10_30,0.9,30,GT_pos + deepwalk,0.19699663484582558,0.7719784278959811,0.05085550634140926,0.7137393281681894,deepwalk_dist,0.59879565
artificial_graph_sbmv_4_comuAndEmb_0_80_pos_0_20_30,0.8,30,Inferred_Commu_normal,0.15804088585262283,0.7589524382901865,0.036207622422532434,0.6957007339424921,louvain_density,1.0
artificial_graph_sbmv_4_comuAndEmb_0_80_pos_0_20_30,0.8,30,Inferred_Commu_spatial_manuel_iter,0.13960196800544475,0.7248524984948826,0.03447460474669035,0.6082177407452133,spatial_louvain_density,1.0
artificial_graph_sbmv_4_comuAndEmb_0_80_pos_0_20_30,0.8,30,GT_pos,0.0961535946747116,0.5775677302829622,0.023070291495862108,0.5390812972131653,GT_pos_dist,1.0
artificial_graph_sbmv_4_comuAndEmb_0_80_pos_0_20_30,0.8,30,GT_pos + Inferred_Commu normal,0.21940520432678354,0.7827453341360626,0.03436338989881221,0.676437896657677,louvain_density,0.69408345
artificial_graph_sbmv_4_comuAndEmb_0_80_pos_0_20_30,0.8,30,GT_pos + Inferred_Commu spatial manuel iter,0.19402679721673474,0.7576881396748947,0.03124264055449475,0.6137983872049806,spatial_louvain_density,0.64671874
artificial_graph_sbmv_4_comuAndEmb_0_80_pos_0_20_30,0.8,30,SiNEcustom_spatial,0.20287628586497392,0.7063937387116195,0.06621438083099718,0.694496504716285,SiNEcustom_spatial_dist,1.0
artificial_graph_sbmv_4_comuAndEmb_0_80_pos_0_20_30,0.8,30,deepwalk,0.21559554814399992,0.7116315472606863,0.05764348066170159,0.6867165801231736,deepwalk_dist,1.0
artificial_graph_sbmv_4_comuAndEmb_0_80_pos_0_20_30,0.8,30,GT_pos + SiNEcustom_spatial,0.18730001596288823,0.7237326911499096,0.05099162776203633,0.7058924713869769,SiNEcustom_spatial_dist,0.6073323
artificial_graph_sbmv_4_comuAndEmb_0_80_pos_0_20_30,0.8,30,GT_pos + deepwalk,0.2078878970766842,0.7591210114388923,0.044698124038434456,0.6682339760361738,deepwalk_dist,0.573988
artificial_graph_sbmv_4_comuAndEmb_0_70_pos_0_30_30,0.7,30,Inferred_Commu_normal,0.16268560539520496,0.6971974843922145,0.037219919884974306,0.6827549043198542,louvain_density,1.0
artificial_graph_sbmv_4_comuAndEmb_0_70_pos_0_30_30,0.7,30,Inferred_Commu_spatial_manuel_iter,0.15011670373707123,0.724820969518913,0.03946902108991361,0.6745091880801916,spatial_louvain_density,1.0
artificial_graph_sbmv_4_comuAndEmb_0_70_pos_0_30_30,0.7,30,GT_pos,0.13409128427555606,0.6394831068674257,0.029849161658878354,0.5871090791656641,GT_pos_dist,1.0
artificial_graph_sbmv_4_comuAndEmb_0_70_pos_0_30_30,0.7,30,GT_pos + Inferred_Commu normal,0.20049229492815265,0.749288468600808,0.03688879542401903,0.6841840908803081,louvain_density,0.63891524
artificial_graph_sbmv_4_comuAndEmb_0_70_pos_0_30_30,0.7,30,GT_pos + Inferred_Commu spatial manuel iter,0.2300895683369512,0.7621993206022769,0.040790066787084994,0.6906000430592318,spatial_louvain_density,0.5925495
artificial_graph_sbmv_4_comuAndEmb_0_70_pos_0_30_30,0.7,30,SiNEcustom_spatial,0.2051055556601774,0.7174761292691884,0.062271614709802796,0.7095865047301833,SiNEcustom_spatial_dist,1.0
artificial_graph_sbmv_4_comuAndEmb_0_70_pos_0_30_30,0.7,30,deepwalk,0.15441761349797983,0.6323218876239443,0.04323332177268898,0.6556394929142235,deepwalk_dist,1.0
artificial_graph_sbmv_4_comuAndEmb_0_70_pos_0_30_30,0.7,30,GT_pos + SiNEcustom_spatial,0.2593600356267521,0.7746855490268088,0.0540182283551499,0.7298617038791302,SiNEcustom_spatial_dist,0.5486542
artificial_graph_sbmv_4_comuAndEmb_0_70_pos_0_30_30,0.7,30,GT_pos + deepwalk,0.14670332961551844,0.6460934630921777,0.0455862940614472,0.6635142665366447,deepwalk_dist,0.53064066
artificial_graph_sbmv_4_comuAndEmb_0_60_pos_0_40_30,0.6,30,Inferred_Commu_normal,0.15037328777449674,0.674990969295605,0.024593039350716335,0.5346322177768166,louvain_density,1.0
artificial_graph_sbmv_4_comuAndEmb_0_60_pos_0_40_30,0.6,30,Inferred_Commu_spatial_manuel_iter,0.1417300269502189,0.687068031306442,0.035963630689005974,0.6402664089532873,spatial_louvain_density,1.0
artificial_graph_sbmv_4_comuAndEmb_0_60_pos_0_40_30,0.6,30,GT_pos,0.10884795454506105,0.643744732089103,0.034917913110641956,0.6278722426470588,GT_pos_dist,1.0
artificial_graph_sbmv_4_comuAndEmb_0_60_pos_0_40_30,0.6,30,GT_pos + Inferred_Commu normal,0.13464976600687906,0.6995424443106562,0.03704373428576342,0.6646115376297578,louvain_density,0.55242383
artificial_graph_sbmv_4_comuAndEmb_0_60_pos_0_40_30,0.6,30,GT_pos + Inferred_Commu spatial manuel iter,0.14434397524914447,0.71316074653823,0.04163217307699277,0.6591525194636678,spatial_louvain_density,0.5794084
artificial_graph_sbmv_4_comuAndEmb_0_60_pos_0_40_30,0.6,30,SiNEcustom_spatial,0.14610325971605526,0.6098735701384708,0.04946337298143194,0.6690412791955017,SiNEcustom_spatial_dist,1.0
artificial_graph_sbmv_4_comuAndEmb_0_60_pos_0_40_30,0.6,30,deepwalk,0.1397342568893114,0.6330162552679108,0.03386460018544231,0.6557159656141869,deepwalk_dist,1.0
artificial_graph_sbmv_4_comuAndEmb_0_60_pos_0_40_30,0.6,30,GT_pos + SiNEcustom_spatial,0.161465347358191,0.6667429259482239,0.05412324641114323,0.7038684039792388,SiNEcustom_spatial_dist,0.53993684
artificial_graph_sbmv_4_comuAndEmb_0_60_pos_0_40_30,0.6,30,GT_pos + deepwalk,0.13109293041241782,0.6503792895845876,0.03610978962195746,0.6789549091695501,deepwalk_dist,0.54500026
artificial_graph_sbmv_4_comuAndEmb_0_50_pos_0_50_30,0.5,30,Inferred_Commu_normal,0.16645511443782018,0.6847064393939393,0.03013091255767722,0.6318836424298506,louvain_density,1.0
artificial_graph_sbmv_4_comuAndEmb_0_50_pos_0_50_30,0.5,30,Inferred_Commu_spatial_manuel_iter,0.12005764817312015,0.6214607007575758,0.021378605171134137,0.5504244809654759,spatial_louvain_density,1.0
artificial_graph_sbmv_4_comuAndEmb_0_50_pos_0_50_30,0.5,30,GT_pos,0.2022984831825168,0.7458451704545455,0.05193569738274091,0.6913212735732253,GT_pos_dist,1.0
artificial_graph_sbmv_4_comuAndEmb_0_50_pos_0_50_30,0.5,30,GT_pos + Inferred_Commu normal,0.1968940962307951,0.7498461174242423,0.04958909011473695,0.6763068722386582,GT_pos_dist,0.5631782
artificial_graph_sbmv_4_comuAndEmb_0_50_pos_0_50_30,0.5,30,GT_pos + Inferred_Commu spatial manuel iter,0.17345806368524913,0.7674715909090909,0.04663800855266501,0.6881465938562995,GT_pos_dist,0.5469723
artificial_graph_sbmv_4_comuAndEmb_0_50_pos_0_50_30,0.5,30,SiNEcustom_spatial,0.11171973991044903,0.6189867424242423,0.039630811486404974,0.6151294816822844,SiNEcustom_spatial_dist,1.0
artificial_graph_sbmv_4_comuAndEmb_0_50_pos_0_50_30,0.5,30,deepwalk,0.0943497449698511,0.624609375,0.03553264817560044,0.6279110896792608,deepwalk_dist,1.0
artificial_graph_sbmv_4_comuAndEmb_0_50_pos_0_50_30,0.5,30,GT_pos + SiNEcustom_spatial,0.21450005327196728,0.7556107954545455,0.04603302803286394,0.6892698979525342,GT_pos_dist,0.5596236
artificial_graph_sbmv_4_comuAndEmb_0_50_pos_0_50_30,0.5,30,GT_pos + deepwalk,0.12727316805313413,0.6843868371212122,0.04565096089436375,0.6711581018910712,GT_pos_dist,0.59288716
artificial_graph_sbmv_4_comuAndEmb_0_40_pos_0_60_30,0.3999999999999999,30,Inferred_Commu_normal,0.14281222952160383,0.684251665231773,0.04086326315042625,0.7055783973955051,louvain_density,1.0
artificial_graph_sbmv_4_comuAndEmb_0_40_pos_0_60_30,0.3999999999999999,30,Inferred_Commu_spatial_manuel_iter,0.10002913607870419,0.5844510399202502,0.025707794580287987,0.5560054347826087,spatial_louvain_density,1.0
artificial_graph_sbmv_4_comuAndEmb_0_40_pos_0_60_30,0.3999999999999999,30,GT_pos,0.2267361746181637,0.7263242557433502,0.06094406268231223,0.7220270163831128,GT_pos_dist,1.0
artificial_graph_sbmv_4_comuAndEmb_0_40_pos_0_60_30,0.3999999999999999,30,GT_pos + Inferred_Commu normal,0.17729452603994394,0.7069645203679369,0.05229485085263831,0.7183196807393405,GT_pos_dist,0.62536097
artificial_graph_sbmv_4_comuAndEmb_0_40_pos_0_60_30,0.3999999999999999,30,GT_pos + Inferred_Commu spatial manuel iter,0.24447518767027301,0.7536249943359463,0.05418408942080443,0.7245379122033186,GT_pos_dist,0.6229462
artificial_graph_sbmv_4_comuAndEmb_0_40_pos_0_60_30,0.3999999999999999,30,SiNEcustom_spatial,0.09750922267395934,0.5422651683356745,0.026175029768827823,0.591193945599664,SiNEcustom_spatial_dist,1.0
artificial_graph_sbmv_4_comuAndEmb_0_40_pos_0_60_30,0.3999999999999999,30,deepwalk,0.17351484030405123,0.7099098282658932,0.03268893793117063,0.6451249737450115,deepwalk_dist,1.0
artificial_graph_sbmv_4_comuAndEmb_0_40_pos_0_60_30,0.3999999999999999,30,GT_pos + SiNEcustom_spatial,0.19469015142446966,0.7368140831029952,0.054441792678116156,0.7196375498844781,GT_pos_dist,0.6272923
artificial_graph_sbmv_4_comuAndEmb_0_40_pos_0_60_30,0.3999999999999999,30,GT_pos + deepwalk,0.2170371058891981,0.7261430060265531,0.04493742384778499,0.6922672495274101,GT_pos_dist,0.60580266
artificial_graph_sbmv_4_comuAndEmb_0_30_pos_0_70_30,0.29999999999999993,30,Inferred_Commu_normal,0.17607231053328748,0.773185086682427,0.04463002089008851,0.7118210536348906,louvain_density,1.0
artificial_graph_sbmv_4_comuAndEmb_0_30_pos_0_70_30,0.29999999999999993,30,Inferred_Commu_spatial_manuel_iter,0.07572474110083963,0.5279009062253742,0.018136252341598682,0.47110306232213617,spatial_louvain_density,1.0
artificial_graph_sbmv_4_comuAndEmb_0_30_pos_0_70_30,0.29999999999999993,30,GT_pos,0.2984234070385709,0.8141129826635145,0.06450721258751654,0.7559886167127354,GT_pos_dist,1.0
artificial_graph_sbmv_4_comuAndEmb_0_30_pos_0_70_30,0.29999999999999993,30,GT_pos + Inferred_Commu normal,0.2540951157769838,0.8132510835303388,0.06015086928605753,0.743207744992579,GT_pos_dist,0.6972392
artificial_graph_sbmv_4_comuAndEmb_0_30_pos_0_70_30,0.29999999999999993,30,GT_pos + Inferred_Commu spatial manuel iter,0.19552236670468962,0.7807944247438928,0.06156852235845849,0.7478247845209078,GT_pos_dist,0.6696999
artificial_graph_sbmv_4_comuAndEmb_0_30_pos_0_70_30,0.29999999999999993,30,SiNEcustom_spatial,0.12485466632104247,0.617649231678487,0.025716549089722644,0.5860576517204288,SiNEcustom_spatial_dist,1.0
artificial_graph_sbmv_4_comuAndEmb_0_30_pos_0_70_30,0.29999999999999993,30,deepwalk,0.18188169572866836,0.7293144208037825,0.04141523215556037,0.6589493607113193,deepwalk_dist,1.0
artificial_graph_sbmv_4_comuAndEmb_0_30_pos_0_70_30,0.29999999999999993,30,GT_pos + SiNEcustom_spatial,0.2771299477845772,0.7870370370370371,0.06537632807742658,0.7428881687340858,GT_pos_dist,0.69085145
artificial_graph_sbmv_4_comuAndEmb_0_30_pos_0_70_30,0.29999999999999993,30,GT_pos + deepwalk,0.24288987016311503,0.7705747635933806,0.06712840621795892,0.740205062567231,GT_pos_dist,0.65827775
artificial_graph_sbmv_4_comuAndEmb_0_20_pos_0_80_30,0.19999999999999996,30,Inferred_Commu_normal,0.24166235266663932,0.8329963982804695,0.057017991172247796,0.777231279099411,louvain_density,1.0
artificial_graph_sbmv_4_comuAndEmb_0_20_pos_0_80_30,0.19999999999999996,30,Inferred_Commu_spatial_manuel_iter,0.07178517245566265,0.5102590914372022,0.018806837210857446,0.4876135464047553,spatial_louvain_density,1.0
artificial_graph_sbmv_4_comuAndEmb_0_20_pos_0_80_30,0.19999999999999996,30,GT_pos,0.2762563391857995,0.8458115487393981,0.09137104595136937,0.7944039233050222,GT_pos_dist,1.0
artificial_graph_sbmv_4_comuAndEmb_0_20_pos_0_80_30,0.19999999999999996,30,GT_pos + Inferred_Commu normal,0.27392619828900716,0.849401649819914,0.09268748359468008,0.796968160045083,GT_pos_dist,0.7163825
artificial_graph_sbmv_4_comuAndEmb_0_20_pos_0_80_30,0.19999999999999996,30,GT_pos + Inferred_Commu spatial manuel iter,0.3098176605424219,0.8374230277680959,0.09215933783785799,0.7999731648083297,GT_pos_dist,0.6813305
artificial_graph_sbmv_4_comuAndEmb_0_20_pos_0_80_30,0.19999999999999996,30,SiNEcustom_spatial,0.11182434993239124,0.5637271987916812,0.02790501363501487,0.6080878584175287,SiNEcustom_spatial_dist,1.0
artificial_graph_sbmv_4_comuAndEmb_0_20_pos_0_80_30,0.19999999999999996,30,deepwalk,0.27478001199837937,0.7386313465783664,0.050885384311338565,0.7135913537012437,deepwalk_dist,1.0
artificial_graph_sbmv_4_comuAndEmb_0_20_pos_0_80_30,0.19999999999999996,30,GT_pos + SiNEcustom_spatial,0.2849440300185528,0.8269548042291158,0.08108534198786557,0.7847318493472341,GT_pos_dist,0.70057046
artificial_graph_sbmv_4_comuAndEmb_0_20_pos_0_80_30,0.19999999999999996,30,GT_pos + deepwalk,0.28876932874006933,0.8385383989775763,0.08166113952375845,0.7918081552147486,GT_pos_dist,0.7141834
artificial_graph_sbmv_4_comuAndEmb_0_10_pos_0_90_30,0.09999999999999998,30,Inferred_Commu_normal,0.20046079771583178,0.8239749119936537,0.06169622180861394,0.8006086151379888,louvain_density,1.0
artificial_graph_sbmv_4_comuAndEmb_0_10_pos_0_90_30,0.09999999999999998,30,Inferred_Commu_spatial_manuel_iter,0.08815261274096291,0.5475977986018147,0.021120314569777775,0.5224077887259713,spatial_louvain_density,1.0
artificial_graph_sbmv_4_comuAndEmb_0_10_pos_0_90_30,0.09999999999999998,30,GT_pos,0.39211600471069324,0.8708909712925776,0.13641619346999573,0.8756551180884732,GT_pos_dist,1.0
artificial_graph_sbmv_4_comuAndEmb_0_10_pos_0_90_30,0.09999999999999998,30,GT_pos + Inferred_Commu normal,0.3318675498632494,0.8687341960434329,0.11347234184997523,0.859778610024737,GT_pos_dist,0.77567154
artificial_graph_sbmv_4_comuAndEmb_0_10_pos_0_90_30,0.09999999999999998,30,GT_pos + Inferred_Commu spatial manuel iter,0.3038214527453622,0.8522608954335861,0.10993360807441585,0.8591860256215365,GT_pos_dist,0.7454158
artificial_graph_sbmv_4_comuAndEmb_0_10_pos_0_90_30,0.09999999999999998,30,SiNEcustom_spatial,0.14069060369052555,0.7118969705984431,0.04115953074775879,0.6808633103467338,SiNEcustom_spatial_dist,1.0
artificial_graph_sbmv_4_comuAndEmb_0_10_pos_0_90_30,0.09999999999999998,30,deepwalk,0.2717556926369687,0.7947220982696217,0.07347533789999942,0.7833882892718453,deepwalk_dist,1.0
artificial_graph_sbmv_4_comuAndEmb_0_10_pos_0_90_30,0.09999999999999998,30,GT_pos + SiNEcustom_spatial,0.4289998139934321,0.8630199811592048,0.12142432911963796,0.8625949060958251,GT_pos_dist,0.7602037
artificial_graph_sbmv_4_comuAndEmb_0_10_pos_0_90_30,0.09999999999999998,30,GT_pos + deepwalk,0.36745430479925323,0.8653131042689276,0.10874982200481813,0.8567641409046309,GT_pos_dist,0.76527387
artificial_graph_sbmv_4_comuAndEmb_0_00_pos_1_00_30,0.0,30,Inferred_Commu_normal,0.19582797998762133,0.8217919302880716,0.07087474801399925,0.8407415537190083,louvain_density,1.0
artificial_graph_sbmv_4_comuAndEmb_0_00_pos_1_00_30,0.0,30,Inferred_Commu_spatial_manuel_iter,0.12069204471144727,0.6251245683561611,0.022773544210313162,0.5522109090909091,spatial_louvain_density,1.0
artificial_graph_sbmv_4_comuAndEmb_0_00_pos_1_00_30,0.0,30,GT_pos,0.4163790097523511,0.9067649308211083,0.14842865345948042,0.8971802975206612,GT_pos_dist,1.0
artificial_graph_sbmv_4_comuAndEmb_0_00_pos_1_00_30,0.0,30,GT_pos + Inferred_Commu normal,0.40931433827335906,0.8854550511019954,0.1419147935147472,0.897936,GT_pos_dist,0.8360216
artificial_graph_sbmv_4_comuAndEmb_0_00_pos_1_00_30,0.0,30,GT_pos + Inferred_Commu spatial manuel iter,0.37655354533442914,0.9091751836659019,0.15246259514282673,0.9037589421487604,GT_pos_dist,0.81889653
artificial_graph_sbmv_4_comuAndEmb_0_00_pos_1_00_30,0.0,30,SiNEcustom_spatial,0.14671005435438017,0.7061113814920392,0.05154287743542773,0.7598081322314049,SiNEcustom_spatial_dist,1.0
artificial_graph_sbmv_4_comuAndEmb_0_00_pos_1_00_30,0.0,30,deepwalk,0.3646817803370151,0.8439477160536744,0.10505692028967643,0.8372719338842975,deepwalk_dist,1.0
artificial_graph_sbmv_4_comuAndEmb_0_00_pos_1_00_30,0.0,30,GT_pos + SiNEcustom_spatial,0.40373459452613436,0.882824630930033,0.13296037514804893,0.8925536528925619,GT_pos_dist,0.77486414
artificial_graph_sbmv_4_comuAndEmb_0_00_pos_1_00_30,0.0,30,GT_pos + deepwalk,0.38471492821978076,0.8929639157338525,0.16123198401430203,0.8912468099173554,GT_pos_dist,0.7882698
