G_name,Ratio_SBM,Iter,Experiment,AP_train,AUC-ROC_train,AP_eval,AUC-ROC_eval,Top_Feature,Top_Importance
artificial_graph_sbmv5_comuAndEmb_1_00_pos_0_00_1,1.0,1,Inferred_Commu_normal,0.13340354438450094,0.7191575378195096,0.0555753908534372,0.7574518917773169,louvain_density,1.0
artificial_graph_sbmv5_comuAndEmb_1_00_pos_0_00_1,1.0,1,Inferred_Commu_spatial_manuel_iter,0.13340354438450094,0.7191575378195096,0.056722502782132755,0.7702784296507139,spatial_louvain_density,1.0
artificial_graph_sbmv5_comuAndEmb_1_00_pos_0_00_1,1.0,1,Inferred_Commu_spatial_manuel_iter_old,0.13661128922434315,0.7349504434011477,0.050447775720425074,0.7593006707141667,spatial_louvain_old_density,1.0
artificial_graph_sbmv5_comuAndEmb_1_00_pos_0_00_1,1.0,1,Inferred_Commu_spatial_manuel_iter_bined,0.1305919942712087,0.7154799165362545,0.0506016899140066,0.7107153779769564,spatial_louvain_bined_density,1.0
artificial_graph_sbmv5_comuAndEmb_1_00_pos_0_00_1,1.0,1,Inferred_Commu_spatial_manuel_iter_0_20,0.1608178157246133,0.7686098069900886,0.05719347274242116,0.7712807158321852,spatial_louvain_manualiter_0_20_density,1.0
artificial_graph_sbmv5_comuAndEmb_1_00_pos_0_00_1,1.0,1,Inferred_Commu_spatial_manuel_iter_0_50,0.15602218720807126,0.7457616066770996,0.055727209383102674,0.767895804629896,spatial_louvain_manualiter_0_50_density,1.0
artificial_graph_sbmv5_comuAndEmb_1_00_pos_0_00_1,1.0,1,Inferred_Commu_spatial_manuel_iter_0_80,0.12870262139420935,0.6954877412623891,0.0509290602930588,0.7459312025920151,spatial_louvain_manualiter_0_80_density,1.0
artificial_graph_sbmv5_comuAndEmb_1_00_pos_0_00_1,1.0,1,GT_pos,0.07054029730836414,0.4682707355242567,0.01841455481121968,0.4944133900588957,GT_pos_dist,1.0
artificial_graph_sbmv5_comuAndEmb_1_00_pos_0_00_1,1.0,1,GT_pos + Inferred_Commu normal,0.1151878770922454,0.6514214919144496,0.04788025716135555,0.7277516692152796,louvain_density,0.8177057
artificial_graph_sbmv5_comuAndEmb_1_00_pos_0_00_1,1.0,1,GT_pos + Inferred_Commu spatial manuel iter,0.1151878770922454,0.6514214919144496,0.0470426887693392,0.7242036972550683,spatial_louvain_density,0.8177057
artificial_graph_sbmv5_comuAndEmb_1_00_pos_0_00_1,1.0,1,GT_pos + Inferred_Commu spatial manuel iter old,0.12524502749311422,0.6822900365153886,0.04861776226167089,0.7430097351965964,spatial_louvain_old_density,0.8183508
artificial_graph_sbmv5_comuAndEmb_1_00_pos_0_00_1,1.0,1,GT_pos + Inferred_Commu spatial manuel iter bined,0.1298477126428592,0.658320292123109,0.044060195858451404,0.678629653741919,spatial_louvain_bined_density,0.80622596
artificial_graph_sbmv5_comuAndEmb_1_00_pos_0_00_1,1.0,1,GT_pos + Inferred_Commu spatial manuel iter 0_20,0.14657499992398057,0.7028560250391237,0.04472277194808917,0.7320654362670138,spatial_louvain_manualiter_0_20_density,0.78727376
artificial_graph_sbmv5_comuAndEmb_1_00_pos_0_00_1,1.0,1,GT_pos + Inferred_Commu spatial manuel iter 0_50,0.12437011356447816,0.6717396974439228,0.04612581254436358,0.7344803100728247,spatial_louvain_manualiter_0_50_density,0.7476147
artificial_graph_sbmv5_comuAndEmb_1_00_pos_0_00_1,1.0,1,GT_pos + Inferred_Commu spatial manuel iter 0_80,0.11713621936602472,0.6454486176317162,0.048513740843040276,0.7282787021756574,spatial_louvain_manualiter_0_80_density,0.8382279
artificial_graph_sbmv5_comuAndEmb_1_00_pos_0_00_1,1.0,1,SiNEcustom_spatial,0.34542151569673973,0.8327464788732394,0.12307766914050516,0.8480929310057684,SiNEcustom_spatial_dist,1.0
artificial_graph_sbmv5_comuAndEmb_1_00_pos_0_00_1,1.0,1,SiNEcustom_spatial_bined,0.2785552198095519,0.8236045905059989,0.1310872872519246,0.8549773652894064,SiNEcustom_spatial_bined_dist,1.0
artificial_graph_sbmv5_comuAndEmb_1_00_pos_0_00_1,1.0,1,SiNE_spatial,0.2636264611449329,0.7909102764736567,0.07981029684326547,0.8027562869990461,SiNE_spatial_dist,1.0
artificial_graph_sbmv5_comuAndEmb_1_00_pos_0_00_1,1.0,1,SiNE_spatial_bined,0.1937060689532235,0.8014345331246739,0.07419683479189532,0.8156303653348271,SiNE_spatial_bined_dist,1.0
artificial_graph_sbmv5_comuAndEmb_1_00_pos_0_00_1,1.0,1,deepwalk,0.3056194576307151,0.8128455920709441,0.15599071594876474,0.8428209359717784,deepwalk_dist,1.0
artificial_graph_sbmv5_comuAndEmb_1_00_pos_0_00_1,1.0,1,GT_pos + SiNEcustom_spatial,0.3296834676087131,0.8092331768388108,0.09781011650741117,0.8312331753698011,SiNEcustom_spatial_dist,0.7281124
artificial_graph_sbmv5_comuAndEmb_1_00_pos_0_00_1,1.0,1,GT_pos + SiNEcustom_spatial_bined,0.34125676153759277,0.8258476786645801,0.11815434598267052,0.8314745113476358,SiNEcustom_spatial_bined_dist,0.72899306
artificial_graph_sbmv5_comuAndEmb_1_00_pos_0_00_1,1.0,1,GT_pos + SiNE_spatial,0.21437737797791254,0.7444705268648932,0.06288685980368722,0.7842853033354025,SiNE_spatial_dist,0.6534247
artificial_graph_sbmv5_comuAndEmb_1_00_pos_0_00_1,1.0,1,GT_pos + SiNE_spatial_bined,0.21251774373471977,0.7747652582159625,0.06227910457805613,0.7914663355993278,SiNE_spatial_bined_dist,0.69352686
artificial_graph_sbmv5_comuAndEmb_1_00_pos_0_00_1,1.0,1,GT_pos + deepwalk,0.2950022795795839,0.8072248304642671,0.11508932964036936,0.8138148950021954,deepwalk_dist,0.7268915
artificial_graph_sbmv5_comuAndEmb_0_90_pos_0_10_1,0.9,1,Inferred_Commu_normal,0.1192391472823936,0.6464310244624082,0.03968439861856923,0.7229632959265918,louvain_density,1.0
artificial_graph_sbmv5_comuAndEmb_0_90_pos_0_10_1,0.9,1,Inferred_Commu_spatial_manuel_iter,0.13765626984812207,0.6743408886775506,0.044980043172187775,0.6776957653915308,spatial_louvain_density,1.0
artificial_graph_sbmv5_comuAndEmb_0_90_pos_0_10_1,0.9,1,Inferred_Commu_spatial_manuel_iter_old,0.1603448765702767,0.7135177259998943,0.04531570541832076,0.7318491536983073,spatial_louvain_old_density,1.0
artificial_graph_sbmv5_comuAndEmb_0_90_pos_0_10_1,0.9,1,Inferred_Commu_spatial_manuel_iter_bined,0.13299156213109453,0.6675120198658002,0.043482677003973735,0.6922391344782689,spatial_louvain_bined_density,1.0
artificial_graph_sbmv5_comuAndEmb_0_90_pos_0_10_1,0.9,1,Inferred_Commu_spatial_manuel_iter_0_20,0.14203619181300436,0.68830242510699,0.04365945570260714,0.7004739909479819,spatial_louvain_manualiter_0_20_density,1.0
artificial_graph_sbmv5_comuAndEmb_0_90_pos_0_10_1,0.9,1,Inferred_Commu_spatial_manuel_iter_0_50,0.12909187692263327,0.6702990436941935,0.04721051306973204,0.7321983693967388,spatial_louvain_manualiter_0_50_density,1.0
artificial_graph_sbmv5_comuAndEmb_0_90_pos_0_10_1,0.9,1,Inferred_Commu_spatial_manuel_iter_0_80,0.14060817649110285,0.6845775875733079,0.04602848001233578,0.7291270382540765,spatial_louvain_manualiter_0_80_density,1.0
artificial_graph_sbmv5_comuAndEmb_0_90_pos_0_10_1,0.9,1,GT_pos,0.06764690688835079,0.49437311776826753,0.022102123796063102,0.5408907867815735,GT_pos_dist,1.0
artificial_graph_sbmv5_comuAndEmb_0_90_pos_0_10_1,0.9,1,GT_pos + Inferred_Commu normal,0.1108545183778561,0.604004860780895,0.036782881081987115,0.6735868621737245,louvain_density,0.72107536
artificial_graph_sbmv5_comuAndEmb_0_90_pos_0_10_1,0.9,1,GT_pos + Inferred_Commu spatial manuel iter,0.13691000906405193,0.5942304644159138,0.03747597747649001,0.6613099076198153,spatial_louvain_density,0.706838
artificial_graph_sbmv5_comuAndEmb_0_90_pos_0_10_1,0.9,1,GT_pos + Inferred_Commu spatial manuel iter old,0.11656060496101138,0.6095260738627357,0.03819024115772782,0.6800708351416703,spatial_louvain_old_density,0.7135353
artificial_graph_sbmv5_comuAndEmb_0_90_pos_0_10_1,0.9,1,GT_pos + Inferred_Commu spatial manuel iter bined,0.10829947471316645,0.6132773286838907,0.03875218198065605,0.678717372434745,spatial_louvain_bined_density,0.7419428
artificial_graph_sbmv5_comuAndEmb_0_90_pos_0_10_1,0.9,1,GT_pos + Inferred_Commu spatial manuel iter 0_20,0.13857060081250216,0.6341998203624452,0.036824727094608656,0.6831389112778226,spatial_louvain_manualiter_0_20_density,0.687362
artificial_graph_sbmv5_comuAndEmb_0_90_pos_0_10_1,0.9,1,GT_pos + Inferred_Commu spatial manuel iter 0_50,0.12669854407718997,0.6137924657896128,0.03593021447347881,0.6738376526753054,spatial_louvain_manualiter_0_50_density,0.73305094
artificial_graph_sbmv5_comuAndEmb_0_90_pos_0_10_1,0.9,1,GT_pos + Inferred_Commu spatial manuel iter 0_80,0.10687420213090366,0.6192476356527712,0.040261610535582,0.6949891499783,spatial_louvain_manualiter_0_80_density,0.7198977
artificial_graph_sbmv5_comuAndEmb_0_90_pos_0_10_1,0.9,1,SiNEcustom_spatial,0.22011627485703286,0.741665345802293,0.09433638593320873,0.7584408518817037,SiNEcustom_spatial_dist,1.0
artificial_graph_sbmv5_comuAndEmb_0_90_pos_0_10_1,0.9,1,SiNEcustom_spatial_bined,0.2973000261068121,0.7635916944048184,0.10734530787322082,0.7551427552855106,SiNEcustom_spatial_bined_dist,1.0
artificial_graph_sbmv5_comuAndEmb_0_90_pos_0_10_1,0.9,1,SiNE_spatial,0.21185951174072493,0.7422465261266974,0.05500231924753131,0.6914633579267158,SiNE_spatial_dist,1.0
artificial_graph_sbmv5_comuAndEmb_0_90_pos_0_10_1,0.9,1,SiNE_spatial_bined,0.16554252235539574,0.7238733026892797,0.06909678029012879,0.691004712009424,SiNE_spatial_bined_dist,1.0
artificial_graph_sbmv5_comuAndEmb_0_90_pos_0_10_1,0.9,1,deepwalk,0.2528211085840329,0.7885560310667301,0.10125992066154627,0.7484871969743939,deepwalk_dist,1.0
artificial_graph_sbmv5_comuAndEmb_0_90_pos_0_10_1,0.9,1,GT_pos + SiNEcustom_spatial,0.18356827561232356,0.7227505679716807,0.07103623750471567,0.7455251410502821,SiNEcustom_spatial_dist,0.67314816
artificial_graph_sbmv5_comuAndEmb_0_90_pos_0_10_1,0.9,1,GT_pos + SiNEcustom_spatial_bined,0.27795267229352383,0.7242035187826914,0.08275965410399777,0.7561873023746049,SiNEcustom_spatial_bined_dist,0.6746858
artificial_graph_sbmv5_comuAndEmb_0_90_pos_0_10_1,0.9,1,GT_pos + SiNE_spatial,0.16882307093721796,0.7186294711259048,0.03804979566348562,0.6867955235910472,SiNE_spatial_dist,0.6141719
artificial_graph_sbmv5_comuAndEmb_0_90_pos_0_10_1,0.9,1,GT_pos + SiNE_spatial_bined,0.12767193479112926,0.6972182596291013,0.04914135819953648,0.7065848781697563,SiNE_spatial_bined_dist,0.61532736
artificial_graph_sbmv5_comuAndEmb_0_90_pos_0_10_1,0.9,1,GT_pos + deepwalk,0.17845557365472822,0.738138637924658,0.07154420551477966,0.7463877177754356,deepwalk_dist,0.69730914
artificial_graph_sbmv5_comuAndEmb_0_80_pos_0_20_1,0.8,1,Inferred_Commu_normal,0.12620910427366863,0.6677454877524709,0.036776562098776014,0.6326529355207018,louvain_density,1.0
artificial_graph_sbmv5_comuAndEmb_0_80_pos_0_20_1,0.8,1,Inferred_Commu_spatial_manuel_iter,0.1400129895579666,0.7214358616244092,0.04257139937048669,0.740879454359714,spatial_louvain_density,1.0
artificial_graph_sbmv5_comuAndEmb_0_80_pos_0_20_1,0.8,1,Inferred_Commu_spatial_manuel_iter_old,0.14215559011645498,0.7343011388053289,0.046982922930173074,0.7208829096809086,spatial_louvain_old_density,1.0
artificial_graph_sbmv5_comuAndEmb_0_80_pos_0_20_1,0.8,1,Inferred_Commu_spatial_manuel_iter_bined,0.13376037523528803,0.7354694886119467,0.0412886882648444,0.6831197043446909,spatial_louvain_bined_density,1.0
artificial_graph_sbmv5_comuAndEmb_0_80_pos_0_20_1,0.8,1,Inferred_Commu_spatial_manuel_iter_0_20,0.12130940938245467,0.6483804254404812,0.028636344650472895,0.48707574664984077,spatial_louvain_manualiter_0_20_density,1.0
artificial_graph_sbmv5_comuAndEmb_0_80_pos_0_20_1,0.8,1,Inferred_Commu_spatial_manuel_iter_0_50,0.1416721832863536,0.7195557584873227,0.042674278630003254,0.6865663121206659,spatial_louvain_manualiter_0_50_density,1.0
artificial_graph_sbmv5_comuAndEmb_0_80_pos_0_20_1,0.8,1,Inferred_Commu_spatial_manuel_iter_0_80,0.11220247188365051,0.6623469058874086,0.03412883114463851,0.6799091100294454,spatial_louvain_manualiter_0_80_density,1.0
artificial_graph_sbmv5_comuAndEmb_0_80_pos_0_20_1,0.8,1,GT_pos,0.06727361687353008,0.494386549204985,0.024028774568432262,0.5614437233339342,GT_pos_dist,1.0
artificial_graph_sbmv5_comuAndEmb_0_80_pos_0_20_1,0.8,1,GT_pos + Inferred_Commu normal,0.1386349672881671,0.6271755479157715,0.03990689358578818,0.6644497025419145,louvain_density,0.6861281
artificial_graph_sbmv5_comuAndEmb_0_80_pos_0_20_1,0.8,1,GT_pos + Inferred_Commu spatial manuel iter,0.1082316242051885,0.6333664589600344,0.03919123792911511,0.689506189531879,spatial_louvain_density,0.6948972
artificial_graph_sbmv5_comuAndEmb_0_80_pos_0_20_1,0.8,1,GT_pos + Inferred_Commu spatial manuel iter old,0.12504794489695717,0.6889503652771809,0.04867776757578255,0.6967178955591612,spatial_louvain_old_density,0.66575766
artificial_graph_sbmv5_comuAndEmb_0_80_pos_0_20_1,0.8,1,GT_pos + Inferred_Commu spatial manuel iter bined,0.11638280598377297,0.6358911688869789,0.040201519732041655,0.6522434048434589,spatial_louvain_bined_density,0.70416087
artificial_graph_sbmv5_comuAndEmb_0_80_pos_0_20_1,0.8,1,GT_pos + Inferred_Commu spatial manuel iter 0_20,0.13125294945218877,0.5730420068758058,0.027029275472438885,0.5561023976924464,spatial_louvain_manualiter_0_20_density,0.5827661
artificial_graph_sbmv5_comuAndEmb_0_80_pos_0_20_1,0.8,1,GT_pos + Inferred_Commu spatial manuel iter 0_50,0.11958095157331833,0.6728889127632145,0.0407472296396061,0.6776867375758668,spatial_louvain_manualiter_0_50_density,0.69531834
artificial_graph_sbmv5_comuAndEmb_0_80_pos_0_20_1,0.8,1,GT_pos + Inferred_Commu spatial manuel iter 0_80,0.10457192204373135,0.6517108938547487,0.04301032045533277,0.6690657111952406,spatial_louvain_manualiter_0_80_density,0.67981935
artificial_graph_sbmv5_comuAndEmb_0_80_pos_0_20_1,0.8,1,SiNEcustom_spatial,0.2537710901523411,0.7308632359260852,0.09146080815175034,0.7332196081966227,SiNEcustom_spatial_dist,1.0
artificial_graph_sbmv5_comuAndEmb_0_80_pos_0_20_1,0.8,1,SiNEcustom_spatial_bined,0.21991899611092036,0.7725075204125483,0.08156375958639586,0.7073117601105703,SiNEcustom_spatial_bined_dist,1.0
artificial_graph_sbmv5_comuAndEmb_0_80_pos_0_20_1,0.8,1,SiNE_spatial,0.21536456666521223,0.7316421357971636,0.04192620572302655,0.6898747070488552,SiNE_spatial_dist,1.0
artificial_graph_sbmv5_comuAndEmb_0_80_pos_0_20_1,0.8,1,SiNE_spatial_bined,0.1773528057079932,0.7043940696175333,0.0410127377434596,0.687247611321435,SiNE_spatial_bined_dist,1.0
artificial_graph_sbmv5_comuAndEmb_0_80_pos_0_20_1,0.8,1,deepwalk,0.23612426221594715,0.7761200042973786,0.0667076785181684,0.7482421429000661,deepwalk_dist,1.0
artificial_graph_sbmv5_comuAndEmb_0_80_pos_0_20_1,0.8,1,GT_pos + SiNEcustom_spatial,0.208697499076526,0.7132977009024495,0.07880209076028614,0.7411860765578993,SiNEcustom_spatial_dist,0.6091994
artificial_graph_sbmv5_comuAndEmb_0_80_pos_0_20_1,0.8,1,GT_pos + SiNEcustom_spatial_bined,0.21671589209522252,0.7453668886978944,0.06664198232037064,0.7136298900306473,SiNEcustom_spatial_bined_dist,0.63030416
artificial_graph_sbmv5_comuAndEmb_0_80_pos_0_20_1,0.8,1,GT_pos + SiNE_spatial,0.1599078875510203,0.6911393425010743,0.04341431358930911,0.6903572501652546,SiNE_spatial_dist,0.59491307
artificial_graph_sbmv5_comuAndEmb_0_80_pos_0_20_1,0.8,1,GT_pos + SiNE_spatial_bined,0.15827090112009767,0.7092420498495917,0.035495090881096286,0.6776397151613485,SiNE_spatial_bined_dist,0.5949728
artificial_graph_sbmv5_comuAndEmb_0_80_pos_0_20_1,0.8,1,GT_pos + deepwalk,0.2507632970975624,0.7436479372582724,0.0641371022359774,0.7436518238086653,deepwalk_dist,0.6231733
artificial_graph_sbmv5_comuAndEmb_0_70_pos_0_30_1,0.7,1,Inferred_Commu_normal,0.19227810435808357,0.7591439987705548,0.030466114262130896,0.6332448575257852,louvain_density,1.0
artificial_graph_sbmv5_comuAndEmb_0_70_pos_0_30_1,0.7,1,Inferred_Commu_spatial_manuel_iter,0.1550117766128202,0.6979919061523487,0.024892768710330387,0.5583459588602062,spatial_louvain_density,1.0
artificial_graph_sbmv5_comuAndEmb_0_70_pos_0_30_1,0.7,1,Inferred_Commu_spatial_manuel_iter_old,0.1818959432649139,0.7406639004149376,0.03386113185352006,0.6343626536915098,spatial_louvain_old_density,1.0
artificial_graph_sbmv5_comuAndEmb_0_70_pos_0_30_1,0.7,1,Inferred_Commu_spatial_manuel_iter_bined,0.14167807595783516,0.6806259925208749,0.03239740135727701,0.6345916613250976,spatial_louvain_bined_density,1.0
artificial_graph_sbmv5_comuAndEmb_0_70_pos_0_30_1,0.7,1,Inferred_Commu_spatial_manuel_iter_0_20,0.13002210925260854,0.6574074074074074,0.0366528430646955,0.6426468445894761,spatial_louvain_manualiter_0_20_density,1.0
artificial_graph_sbmv5_comuAndEmb_0_70_pos_0_30_1,0.7,1,Inferred_Commu_spatial_manuel_iter_0_50,0.14800627214358852,0.6710465652374367,0.028650625386938723,0.5679185362158383,spatial_louvain_manualiter_0_50_density,1.0
artificial_graph_sbmv5_comuAndEmb_0_70_pos_0_30_1,0.7,1,Inferred_Commu_spatial_manuel_iter_0_80,0.1443554547925379,0.6965063265201576,0.019223881695068477,0.4471333255637784,spatial_louvain_manualiter_0_80_density,1.0
artificial_graph_sbmv5_comuAndEmb_0_70_pos_0_30_1,0.7,1,GT_pos,0.09312590096139567,0.5266635930536346,0.02578330675809736,0.5730923314492162,GT_pos_dist,1.0
artificial_graph_sbmv5_comuAndEmb_0_70_pos_0_30_1,0.7,1,GT_pos + Inferred_Commu normal,0.15278456100534585,0.6647456585215921,0.0321463310169003,0.6374023949653284,louvain_density,0.64395076
artificial_graph_sbmv5_comuAndEmb_0_70_pos_0_30_1,0.7,1,GT_pos + Inferred_Commu spatial manuel iter,0.13479598979265328,0.6356744019261309,0.02958483022174478,0.5797017947672047,spatial_louvain_density,0.58932024
artificial_graph_sbmv5_comuAndEmb_0_70_pos_0_30_1,0.7,1,GT_pos + Inferred_Commu spatial manuel iter old,0.1520520903448461,0.6806131857999078,0.034194563824138546,0.6330497931355983,spatial_louvain_old_density,0.6786675
artificial_graph_sbmv5_comuAndEmb_0_70_pos_0_30_1,0.7,1,GT_pos + Inferred_Commu spatial manuel iter bined,0.1282452555047639,0.6043875826033502,0.030841147955074255,0.6128309830429461,spatial_louvain_bined_density,0.60635495
artificial_graph_sbmv5_comuAndEmb_0_70_pos_0_30_1,0.7,1,GT_pos + Inferred_Commu spatial manuel iter 0_20,0.14020128007078297,0.6206521182316479,0.03556055633729588,0.6466429695239205,spatial_louvain_manualiter_0_20_density,0.6547711
artificial_graph_sbmv5_comuAndEmb_0_70_pos_0_30_1,0.7,1,GT_pos + Inferred_Commu spatial manuel iter 0_50,0.11159714623963016,0.6348419650632652,0.03237004673069203,0.6320320785502009,spatial_louvain_manualiter_0_50_density,0.64809245
artificial_graph_sbmv5_comuAndEmb_0_70_pos_0_30_1,0.7,1,GT_pos + Inferred_Commu spatial manuel iter 0_80,0.11566000077523303,0.6186798832027048,0.02367469154112839,0.5671522638540878,spatial_louvain_manualiter_0_80_density,0.6629638
artificial_graph_sbmv5_comuAndEmb_0_70_pos_0_30_1,0.7,1,SiNEcustom_spatial,0.1718850704277211,0.713974693919369,0.07475138526690984,0.7242397004836548,SiNEcustom_spatial_dist,1.0
artificial_graph_sbmv5_comuAndEmb_0_70_pos_0_30_1,0.7,1,SiNEcustom_spatial_bined,0.2633043727639379,0.7516520670047641,0.05841666835218533,0.6739923372763825,SiNEcustom_spatial_bined_dist,1.0
artificial_graph_sbmv5_comuAndEmb_0_70_pos_0_30_1,0.7,1,SiNE_spatial,0.12788654072418404,0.6690487167665591,0.033846267661100965,0.6536598974418741,SiNE_spatial_dist,1.0
artificial_graph_sbmv5_comuAndEmb_0_70_pos_0_30_1,0.7,1,SiNE_spatial_bined,0.13828010736367735,0.6293991086522206,0.0336668833510437,0.6464143989278015,SiNE_spatial_bined_dist,1.0
artificial_graph_sbmv5_comuAndEmb_0_70_pos_0_30_1,0.7,1,deepwalk,0.257497077530907,0.7255647763946519,0.05327067456207231,0.6956498747159257,deepwalk_dist,1.0
artificial_graph_sbmv5_comuAndEmb_0_70_pos_0_30_1,0.7,1,GT_pos + SiNEcustom_spatial,0.18285754310108326,0.7047154346601097,0.05840249915043717,0.7232461686381912,SiNEcustom_spatial_dist,0.5940799
artificial_graph_sbmv5_comuAndEmb_0_70_pos_0_30_1,0.7,1,GT_pos + SiNEcustom_spatial_bined,0.1944240672292537,0.6960837047282414,0.05439278840670832,0.7046457082920576,SiNEcustom_spatial_bined_dist,0.5989363
artificial_graph_sbmv5_comuAndEmb_0_70_pos_0_30_1,0.7,1,GT_pos + SiNE_spatial,0.12037490269644167,0.652207878694739,0.0341017189899506,0.6561269739525669,SiNE_spatial_dist,0.5149158
artificial_graph_sbmv5_comuAndEmb_0_70_pos_0_30_1,0.7,1,GT_pos + SiNE_spatial_bined,0.14291193117170137,0.6726089851954306,0.0380390352152231,0.6519231105413438,SiNE_spatial_bined_dist,0.534108
artificial_graph_sbmv5_comuAndEmb_0_70_pos_0_30_1,0.7,1,GT_pos + deepwalk,0.19077573025315467,0.6887454536140566,0.04900652511258984,0.6888639939397472,deepwalk_dist,0.5831976
artificial_graph_sbmv5_comuAndEmb_0_60_pos_0_40_1,0.6,1,Inferred_Commu_normal,0.0890801385927035,0.568747573757764,0.03163544655511577,0.6395085929108484,louvain_density,1.0
artificial_graph_sbmv5_comuAndEmb_0_60_pos_0_40_1,0.6,1,Inferred_Commu_spatial_manuel_iter,0.13987906858358332,0.6663674301242236,0.030254631888694396,0.644702781389564,spatial_louvain_density,1.0
artificial_graph_sbmv5_comuAndEmb_0_60_pos_0_40_1,0.6,1,Inferred_Commu_spatial_manuel_iter_old,0.09491636065650888,0.5935316381987579,0.027771549400050517,0.5768583583017695,spatial_louvain_old_density,1.0
artificial_graph_sbmv5_comuAndEmb_0_60_pos_0_40_1,0.6,1,Inferred_Commu_spatial_manuel_iter_bined,0.1001416140844925,0.5969162461180124,0.03460802814897145,0.6466442421844084,spatial_louvain_bined_density,1.0
artificial_graph_sbmv5_comuAndEmb_0_60_pos_0_40_1,0.6,1,Inferred_Commu_spatial_manuel_iter_0_20,0.12328512070693033,0.6364033385093167,0.028328832617345402,0.5833876985697327,spatial_louvain_manualiter_0_20_density,1.0
artificial_graph_sbmv5_comuAndEmb_0_60_pos_0_40_1,0.6,1,Inferred_Commu_spatial_manuel_iter_0_50,0.11718571860858008,0.6587126358695651,0.029355015539743567,0.6278899315959071,spatial_louvain_manualiter_0_50_density,1.0
artificial_graph_sbmv5_comuAndEmb_0_60_pos_0_40_1,0.6,1,Inferred_Commu_spatial_manuel_iter_0_80,0.12208058534096305,0.5972316576086957,0.028029359880254658,0.6210565888405224,spatial_louvain_manualiter_0_80_density,1.0
artificial_graph_sbmv5_comuAndEmb_0_60_pos_0_40_1,0.6,1,GT_pos,0.1022546061847793,0.6080890916149069,0.027753393940293865,0.5942862796087964,GT_pos_dist,1.0
artificial_graph_sbmv5_comuAndEmb_0_60_pos_0_40_1,0.6,1,GT_pos + Inferred_Commu normal,0.11138458404221944,0.6292216614906833,0.03424243408365284,0.65827350330714,louvain_density,0.64571536
artificial_graph_sbmv5_comuAndEmb_0_60_pos_0_40_1,0.6,1,GT_pos + Inferred_Commu spatial manuel iter,0.14923681966361346,0.6756599378881988,0.03189555269191796,0.6574624060150376,spatial_louvain_density,0.6028272
artificial_graph_sbmv5_comuAndEmb_0_60_pos_0_40_1,0.6,1,GT_pos + Inferred_Commu spatial manuel iter old,0.13543928129922486,0.6535204774844721,0.03792486929242325,0.613794589858104,spatial_louvain_old_density,0.5707184
artificial_graph_sbmv5_comuAndEmb_0_60_pos_0_40_1,0.6,1,GT_pos + Inferred_Commu spatial manuel iter bined,0.13500768890527173,0.6513975155279503,0.03384411883565887,0.6432019899372491,spatial_louvain_bined_density,0.5797417
artificial_graph_sbmv5_comuAndEmb_0_60_pos_0_40_1,0.6,1,GT_pos + Inferred_Commu spatial manuel iter 0_20,0.1593884056988053,0.6895865683229814,0.03622722462512682,0.6417481203007518,spatial_louvain_manualiter_0_20_density,0.6117955
artificial_graph_sbmv5_comuAndEmb_0_60_pos_0_40_1,0.6,1,GT_pos + Inferred_Commu spatial manuel iter 0_50,0.15209963560813822,0.7175126164596274,0.034161208628792045,0.6483085533382328,spatial_louvain_manualiter_0_50_density,0.5886912
artificial_graph_sbmv5_comuAndEmb_0_60_pos_0_40_1,0.6,1,GT_pos + Inferred_Commu spatial manuel iter 0_80,0.1323516344458756,0.6029939829192547,0.03293671573780383,0.64842402057776,spatial_louvain_manualiter_0_80_density,0.5652878
artificial_graph_sbmv5_comuAndEmb_0_60_pos_0_40_1,0.6,1,SiNEcustom_spatial,0.12629487543773343,0.6497719332298135,0.05455129190101929,0.6663805189665895,SiNEcustom_spatial_dist,1.0
artificial_graph_sbmv5_comuAndEmb_0_60_pos_0_40_1,0.6,1,SiNEcustom_spatial_bined,0.11750021952435473,0.6306288819875776,0.05070190850144267,0.7066028322686415,SiNEcustom_spatial_bined_dist,1.0
artificial_graph_sbmv5_comuAndEmb_0_60_pos_0_40_1,0.6,1,SiNE_spatial,0.09484619602532074,0.5858040566770186,0.031553766674593614,0.6430472327435129,SiNE_spatial_dist,1.0
artificial_graph_sbmv5_comuAndEmb_0_60_pos_0_40_1,0.6,1,SiNE_spatial_bined,0.14257703797093288,0.6685267857142857,0.0321720190700084,0.6413624286279609,SiNE_spatial_bined_dist,1.0
artificial_graph_sbmv5_comuAndEmb_0_60_pos_0_40_1,0.6,1,deepwalk,0.15503984219575162,0.6256308229813665,0.04862742188195423,0.6768770139634801,deepwalk_dist,1.0
artificial_graph_sbmv5_comuAndEmb_0_60_pos_0_40_1,0.6,1,GT_pos + SiNEcustom_spatial,0.16899846232923463,0.6949606948757764,0.04832356954840956,0.7043565210017525,SiNEcustom_spatial_dist,0.5725009
artificial_graph_sbmv5_comuAndEmb_0_60_pos_0_40_1,0.6,1,GT_pos + SiNEcustom_spatial_bined,0.1321221411493017,0.6887131211180124,0.05219655536001804,0.7252642885409011,SiNEcustom_spatial_bined_dist,0.5668395
artificial_graph_sbmv5_comuAndEmb_0_60_pos_0_40_1,0.6,1,GT_pos + SiNE_spatial,0.10396203065486435,0.604583171583851,0.03204344880132054,0.6545586240036181,SiNE_spatial_dist,0.5432101
artificial_graph_sbmv5_comuAndEmb_0_60_pos_0_40_1,0.6,1,GT_pos + SiNE_spatial_bined,0.15819473679823087,0.673743206521739,0.032045587400742245,0.6533680535926282,SiNE_spatial_bined_dist,0.53479373
artificial_graph_sbmv5_comuAndEmb_0_60_pos_0_40_1,0.6,1,GT_pos + deepwalk,0.1478218192316258,0.6769822399068324,0.043439919411719284,0.6987061167957488,deepwalk_dist,0.5798153
artificial_graph_sbmv5_comuAndEmb_0_50_pos_0_50_1,0.5,1,Inferred_Commu_normal,0.0883600893537618,0.5568426197458456,0.029478658382082596,0.5818592888434377,louvain_density,1.0
artificial_graph_sbmv5_comuAndEmb_0_50_pos_0_50_1,0.5,1,Inferred_Commu_spatial_manuel_iter,0.07877399980445696,0.5426808406647118,0.027753393771264224,0.5503499122455466,spatial_louvain_density,1.0
artificial_graph_sbmv5_comuAndEmb_0_50_pos_0_50_1,0.5,1,Inferred_Commu_spatial_manuel_iter_old,0.07893546263331637,0.54908357771261,0.030499127857517155,0.5999035391992924,spatial_louvain_old_density,1.0
artificial_graph_sbmv5_comuAndEmb_0_50_pos_0_50_1,0.5,1,Inferred_Commu_spatial_manuel_iter_bined,0.07509520223093927,0.530877321603128,0.03352876792683948,0.6239987009576982,spatial_louvain_bined_density,1.0
artificial_graph_sbmv5_comuAndEmb_0_50_pos_0_50_1,0.5,1,Inferred_Commu_spatial_manuel_iter_0_20,0.07628429793917732,0.5336265884652981,0.023222279314242426,0.5463774685258633,spatial_louvain_manualiter_0_20_density,1.0
artificial_graph_sbmv5_comuAndEmb_0_50_pos_0_50_1,0.5,1,Inferred_Commu_spatial_manuel_iter_0_50,0.09063575397580716,0.5730327468230695,0.019723126725078633,0.4372460303202,spatial_louvain_manualiter_0_50_density,1.0
artificial_graph_sbmv5_comuAndEmb_0_50_pos_0_50_1,0.5,1,Inferred_Commu_spatial_manuel_iter_0_80,0.09455960828724663,0.6088587487781036,0.030451681081572417,0.6249015353574441,spatial_louvain_manualiter_0_80_density,1.0
artificial_graph_sbmv5_comuAndEmb_0_50_pos_0_50_1,0.5,1,GT_pos,0.0756291617433736,0.49546676441837734,0.0333235207880691,0.6217426514282556,GT_pos_dist,1.0
artificial_graph_sbmv5_comuAndEmb_0_50_pos_0_50_1,0.5,1,GT_pos + Inferred_Commu normal,0.07072151880890366,0.49819159335288365,0.033908750187776004,0.638752090214342,louvain_density,0.5083402
artificial_graph_sbmv5_comuAndEmb_0_50_pos_0_50_1,0.5,1,GT_pos + Inferred_Commu spatial manuel iter,0.08870152183391655,0.5613758553274681,0.03475646508146796,0.6362441093959452,spatial_louvain_density,0.51112753
artificial_graph_sbmv5_comuAndEmb_0_50_pos_0_50_1,0.5,1,GT_pos + Inferred_Commu spatial manuel iter old,0.08382244483762677,0.5454789833822091,0.034648910797345805,0.6317686322742914,spatial_louvain_old_density,0.52298874
artificial_graph_sbmv5_comuAndEmb_0_50_pos_0_50_1,0.5,1,GT_pos + Inferred_Commu spatial manuel iter bined,0.09678137336036532,0.5281158357771261,0.02740078199142842,0.5970366633960282,spatial_louvain_bined_density,0.55347073
artificial_graph_sbmv5_comuAndEmb_0_50_pos_0_50_1,0.5,1,GT_pos + Inferred_Commu spatial manuel iter 0_20,0.06481821367188281,0.4421187683284457,0.03274763962566493,0.5780311217368472,GT_pos_dist,0.51009494
artificial_graph_sbmv5_comuAndEmb_0_50_pos_0_50_1,0.5,1,GT_pos + Inferred_Commu spatial manuel iter 0_50,0.09227190426653073,0.5254398826979472,0.0307640929966935,0.5979813711806083,spatial_louvain_manualiter_0_50_density,0.53073794
artificial_graph_sbmv5_comuAndEmb_0_50_pos_0_50_1,0.5,1,GT_pos + Inferred_Commu spatial manuel iter 0_80,0.07842686194637487,0.537047898338221,0.03544501688881829,0.663981426459004,GT_pos_dist,0.5121953
artificial_graph_sbmv5_comuAndEmb_0_50_pos_0_50_1,0.5,1,SiNEcustom_spatial,0.10245700030203499,0.6039345063538613,0.031682385261074204,0.6233240281367035,SiNEcustom_spatial_dist,1.0
artificial_graph_sbmv5_comuAndEmb_0_50_pos_0_50_1,0.5,1,SiNEcustom_spatial_bined,0.08487799998926421,0.58161045943304,0.02981473120488224,0.6020283025386604,SiNEcustom_spatial_bined_dist,1.0
artificial_graph_sbmv5_comuAndEmb_0_50_pos_0_50_1,0.5,1,SiNE_spatial,0.08715437167205932,0.5613758553274683,0.026221677380728562,0.600621467365017,SiNE_spatial_dist,1.0
artificial_graph_sbmv5_comuAndEmb_0_50_pos_0_50_1,0.5,1,SiNE_spatial_bined,0.08606973073361801,0.5662634408602151,0.025024095923482557,0.5795637152609832,SiNE_spatial_bined_dist,1.0
artificial_graph_sbmv5_comuAndEmb_0_50_pos_0_50_1,0.5,1,deepwalk,0.14427747873134159,0.6732404692082111,0.045550092970537887,0.6560742665247855,deepwalk_dist,1.0
artificial_graph_sbmv5_comuAndEmb_0_50_pos_0_50_1,0.5,1,GT_pos + SiNEcustom_spatial,0.09682499894502038,0.5627321603128055,0.04279142344935917,0.6648604911485468,GT_pos_dist,0.51096016
artificial_graph_sbmv5_comuAndEmb_0_50_pos_0_50_1,0.5,1,GT_pos + SiNEcustom_spatial_bined,0.09607070293231962,0.5378176930596286,0.03446690373019411,0.63744365058526,GT_pos_dist,0.50862753
artificial_graph_sbmv5_comuAndEmb_0_50_pos_0_50_1,0.5,1,GT_pos + SiNE_spatial,0.10205309902971102,0.55,0.03469249845686232,0.6464346816655381,GT_pos_dist,0.5110416
artificial_graph_sbmv5_comuAndEmb_0_50_pos_0_50_1,0.5,1,GT_pos + SiNE_spatial_bined,0.08781472013259933,0.5342008797653959,0.033052550282819455,0.6559704813366316,GT_pos_dist,0.5265493
artificial_graph_sbmv5_comuAndEmb_0_50_pos_0_50_1,0.5,1,GT_pos + deepwalk,0.10570925030910343,0.6125733137829912,0.04171822056920751,0.6697143488895952,deepwalk_dist,0.5179798
artificial_graph_sbmv5_comuAndEmb_0_40_pos_0_60_1,0.3999999999999999,1,Inferred_Commu_normal,0.12059580488600172,0.6678399725274725,0.032759450434408,0.6491751320018366,louvain_density,1.0
artificial_graph_sbmv5_comuAndEmb_0_40_pos_0_60_1,0.3999999999999999,1,Inferred_Commu_spatial_manuel_iter,0.08348300006094883,0.5315811420722135,0.02046989976604856,0.5117457242883379,spatial_louvain_density,1.0
artificial_graph_sbmv5_comuAndEmb_0_40_pos_0_60_1,0.3999999999999999,1,Inferred_Commu_spatial_manuel_iter_old,0.08802396489631996,0.55944613422292,0.018787321684805725,0.48228908402203857,spatial_louvain_old_density,1.0
artificial_graph_sbmv5_comuAndEmb_0_40_pos_0_60_1,0.3999999999999999,1,Inferred_Commu_spatial_manuel_iter_bined,0.08921186774019707,0.5632604003139717,0.019489239337196068,0.4990833046372819,spatial_louvain_bined_density,1.0
artificial_graph_sbmv5_comuAndEmb_0_40_pos_0_60_1,0.3999999999999999,1,Inferred_Commu_spatial_manuel_iter_0_20,0.08309134557401801,0.5241243131868133,0.022778457240153215,0.5146840564738293,spatial_louvain_manualiter_0_20_density,1.0
artificial_graph_sbmv5_comuAndEmb_0_40_pos_0_60_1,0.3999999999999999,1,Inferred_Commu_spatial_manuel_iter_0_50,0.12749789898000613,0.6076211734693877,0.02519730164702837,0.5563254706152433,spatial_louvain_manualiter_0_50_density,1.0
artificial_graph_sbmv5_comuAndEmb_0_40_pos_0_60_1,0.3999999999999999,1,Inferred_Commu_spatial_manuel_iter_0_80,0.07887596078572759,0.5114795918367346,0.02063266730192025,0.5365138601928374,spatial_louvain_manualiter_0_80_density,1.0
artificial_graph_sbmv5_comuAndEmb_0_40_pos_0_60_1,0.3999999999999999,1,GT_pos,0.12534064167001202,0.6700475863422292,0.030850562546112285,0.5967231978879706,GT_pos_dist,1.0
artificial_graph_sbmv5_comuAndEmb_0_40_pos_0_60_1,0.3999999999999999,1,GT_pos + Inferred_Commu normal,0.16611837486242478,0.6870216836734693,0.027629401707942182,0.5567336719467402,GT_pos_dist,0.59427416
artificial_graph_sbmv5_comuAndEmb_0_40_pos_0_60_1,0.3999999999999999,1,GT_pos + Inferred_Commu spatial manuel iter,0.1277762100256156,0.6664295525902668,0.02944513902510132,0.5989683769513314,GT_pos_dist,0.54692453
artificial_graph_sbmv5_comuAndEmb_0_40_pos_0_60_1,0.3999999999999999,1,GT_pos + Inferred_Commu spatial manuel iter old,0.12114610530607088,0.6511356946624803,0.0251500306669954,0.5758945994031222,GT_pos_dist,0.57734656
artificial_graph_sbmv5_comuAndEmb_0_40_pos_0_60_1,0.3999999999999999,1,GT_pos + Inferred_Commu spatial manuel iter bined,0.14261843534066776,0.6466591444270016,0.026404762014827728,0.557579918503214,GT_pos_dist,0.55609834
artificial_graph_sbmv5_comuAndEmb_0_40_pos_0_60_1,0.3999999999999999,1,GT_pos + Inferred_Commu spatial manuel iter 0_20,0.15914008323452375,0.6405146193092621,0.024802049841963977,0.572872761707989,GT_pos_dist,0.5669355
artificial_graph_sbmv5_comuAndEmb_0_40_pos_0_60_1,0.3999999999999999,1,GT_pos + Inferred_Commu spatial manuel iter 0_50,0.1659707200101638,0.6799941130298273,0.03159869578278575,0.6013893193296602,GT_pos_dist,0.54877466
artificial_graph_sbmv5_comuAndEmb_0_40_pos_0_60_1,0.3999999999999999,1,GT_pos + Inferred_Commu spatial manuel iter 0_80,0.13151055474474943,0.6592793367346939,0.028822177887142936,0.5996788911845731,GT_pos_dist,0.55974835
artificial_graph_sbmv5_comuAndEmb_0_40_pos_0_60_1,0.3999999999999999,1,SiNEcustom_spatial,0.1175465294894624,0.6180214874411303,0.037867207518485664,0.6380681818181818,SiNEcustom_spatial_dist,1.0
artificial_graph_sbmv5_comuAndEmb_0_40_pos_0_60_1,0.3999999999999999,1,SiNEcustom_spatial_bined,0.08855841015444367,0.5719682103610675,0.02966195179438122,0.62466411271809,SiNEcustom_spatial_bined_dist,1.0
artificial_graph_sbmv5_comuAndEmb_0_40_pos_0_60_1,0.3999999999999999,1,SiNE_spatial,0.10899063028155212,0.6461685635792779,0.027629125597664502,0.6250624139118457,SiNE_spatial_dist,1.0
artificial_graph_sbmv5_comuAndEmb_0_40_pos_0_60_1,0.3999999999999999,1,SiNE_spatial_bined,0.0973812903307517,0.6181686616954474,0.028840090154418983,0.6295724288337925,SiNE_spatial_bined_dist,1.0
artificial_graph_sbmv5_comuAndEmb_0_40_pos_0_60_1,0.3999999999999999,1,deepwalk,0.1438404905872139,0.6142562794348507,0.032858179931765825,0.6544580750688704,deepwalk_dist,1.0
artificial_graph_sbmv5_comuAndEmb_0_40_pos_0_60_1,0.3999999999999999,1,GT_pos + SiNEcustom_spatial,0.11615246833702811,0.6556245094191523,0.0353513197521246,0.6596576561065197,GT_pos_dist,0.5149657
artificial_graph_sbmv5_comuAndEmb_0_40_pos_0_60_1,0.3999999999999999,1,GT_pos + SiNEcustom_spatial_bined,0.1283584959206867,0.6327879709576139,0.038733639238980384,0.6392394111570248,GT_pos_dist,0.52900136
artificial_graph_sbmv5_comuAndEmb_0_40_pos_0_60_1,0.3999999999999999,1,GT_pos + SiNE_spatial,0.12735544088063974,0.694920035321821,0.03231766233584697,0.6702949954086318,SiNE_spatial_dist,0.5000992
artificial_graph_sbmv5_comuAndEmb_0_40_pos_0_60_1,0.3999999999999999,1,GT_pos + SiNE_spatial_bined,0.12466010726895808,0.6808281004709575,0.03358709251290989,0.6675124827823691,SiNE_spatial_bined_dist,0.50031596
artificial_graph_sbmv5_comuAndEmb_0_40_pos_0_60_1,0.3999999999999999,1,GT_pos + deepwalk,0.14305819707375955,0.6725740777080064,0.03234025520000308,0.6539023760330578,deepwalk_dist,0.52075016
artificial_graph_sbmv5_comuAndEmb_0_30_pos_0_70_1,0.29999999999999993,1,Inferred_Commu_normal,0.11644312743071958,0.6457903526869044,0.03862183650991351,0.68021491133218,louvain_density,1.0
artificial_graph_sbmv5_comuAndEmb_0_30_pos_0_70_1,0.29999999999999993,1,Inferred_Commu_spatial_manuel_iter,0.07790508619355316,0.5531486393555358,0.019393554157390688,0.49551619269031144,spatial_louvain_density,1.0
artificial_graph_sbmv5_comuAndEmb_0_30_pos_0_70_1,0.29999999999999993,1,Inferred_Commu_spatial_manuel_iter_old,0.07409926103393963,0.5327880931329207,0.019824943309679415,0.5028473724048443,spatial_louvain_old_density,1.0
artificial_graph_sbmv5_comuAndEmb_0_30_pos_0_70_1,0.29999999999999993,1,Inferred_Commu_spatial_manuel_iter_bined,0.061177698328511075,0.45899646330680816,0.020626506316391062,0.4894046009948097,spatial_louvain_bined_density,1.0
artificial_graph_sbmv5_comuAndEmb_0_30_pos_0_70_1,0.29999999999999993,1,Inferred_Commu_spatial_manuel_iter_0_20,0.12122010559685423,0.6309436093918852,0.033384352076503705,0.6401612510813148,spatial_louvain_manualiter_0_20_density,1.0
artificial_graph_sbmv5_comuAndEmb_0_30_pos_0_70_1,0.29999999999999993,1,Inferred_Commu_spatial_manuel_iter_0_50,0.07986704681502906,0.5549415463208567,0.030068329645900227,0.5687962262110726,spatial_louvain_manualiter_0_50_density,1.0
artificial_graph_sbmv5_comuAndEmb_0_30_pos_0_70_1,0.29999999999999993,1,Inferred_Commu_spatial_manuel_iter_0_80,0.08369334748356175,0.5227551822379409,0.020305047185180516,0.49780290333044985,spatial_louvain_manualiter_0_80_density,1.0
artificial_graph_sbmv5_comuAndEmb_0_30_pos_0_70_1,0.29999999999999993,1,GT_pos,0.13596571227787985,0.6159495038805384,0.03945022256285248,0.6285972642733564,GT_pos_dist,1.0
artificial_graph_sbmv5_comuAndEmb_0_30_pos_0_70_1,0.29999999999999993,1,GT_pos + Inferred_Commu normal,0.13452635648691527,0.6483200707338638,0.036209808280034325,0.632162089100346,louvain_density,0.74033165
artificial_graph_sbmv5_comuAndEmb_0_30_pos_0_70_1,0.29999999999999993,1,GT_pos + Inferred_Commu spatial manuel iter,0.1568078152439971,0.6568547990961784,0.031198793837850618,0.6031704152249135,GT_pos_dist,0.5736063
artificial_graph_sbmv5_comuAndEmb_0_30_pos_0_70_1,0.29999999999999993,1,GT_pos + Inferred_Commu spatial manuel iter old,0.13548107093130857,0.6155196974162491,0.03631852997609977,0.616356374351211,GT_pos_dist,0.6064641
artificial_graph_sbmv5_comuAndEmb_0_30_pos_0_70_1,0.29999999999999993,1,GT_pos + Inferred_Commu spatial manuel iter bined,0.11731239638188062,0.6188721878377051,0.03400913690070927,0.6271092398356402,GT_pos_dist,0.6390994
artificial_graph_sbmv5_comuAndEmb_0_30_pos_0_70_1,0.29999999999999993,1,GT_pos + Inferred_Commu spatial manuel iter 0_20,0.1502047294432033,0.6767609784851163,0.03652082359351565,0.6331527086937717,GT_pos_dist,0.53189677
artificial_graph_sbmv5_comuAndEmb_0_30_pos_0_70_1,0.29999999999999993,1,GT_pos + Inferred_Commu spatial manuel iter 0_50,0.1471485970414302,0.639441497200118,0.03898674929634868,0.6271907439446367,GT_pos_dist,0.5088394
artificial_graph_sbmv5_comuAndEmb_0_30_pos_0_70_1,0.29999999999999993,1,GT_pos + Inferred_Commu spatial manuel iter 0_80,0.10467294788269448,0.6006115531977602,0.031242785871663382,0.6011505190311418,GT_pos_dist,0.57872355
artificial_graph_sbmv5_comuAndEmb_0_30_pos_0_70_1,0.29999999999999993,1,SiNEcustom_spatial,0.10051005585138859,0.5885155712741919,0.028544859157104422,0.6126999080882353,SiNEcustom_spatial_dist,1.0
artificial_graph_sbmv5_comuAndEmb_0_30_pos_0_70_1,0.29999999999999993,1,SiNEcustom_spatial_bined,0.10637760086766446,0.5799071618037135,0.034991753073667704,0.6423110402249135,SiNEcustom_spatial_bined_dist,1.0
artificial_graph_sbmv5_comuAndEmb_0_30_pos_0_70_1,0.29999999999999993,1,SiNE_spatial,0.08142088305067036,0.5414210629727871,0.027926883726889895,0.6206987997404845,SiNE_spatial_dist,1.0
artificial_graph_sbmv5_comuAndEmb_0_30_pos_0_70_1,0.29999999999999993,1,SiNE_spatial_bined,0.10477065384940612,0.6007097946753119,0.0400441550999505,0.6621606022923875,SiNE_spatial_bined_dist,1.0
artificial_graph_sbmv5_comuAndEmb_0_30_pos_0_70_1,0.29999999999999993,1,deepwalk,0.13463229877009522,0.6541531584635032,0.044813830056606135,0.6943057958477508,deepwalk_dist,1.0
artificial_graph_sbmv5_comuAndEmb_0_30_pos_0_70_1,0.29999999999999993,1,GT_pos + SiNEcustom_spatial,0.13906255025342848,0.6270753512132823,0.03955639688385406,0.6558420739619377,GT_pos_dist,0.5638288
artificial_graph_sbmv5_comuAndEmb_0_30_pos_0_70_1,0.29999999999999993,1,GT_pos + SiNEcustom_spatial_bined,0.15991203624895817,0.6640141467727675,0.044931971584670896,0.6736003730536333,GT_pos_dist,0.5579767
artificial_graph_sbmv5_comuAndEmb_0_30_pos_0_70_1,0.29999999999999993,1,GT_pos + SiNE_spatial,0.13393202918262914,0.6472885352195696,0.03949421914040382,0.6552458639705883,GT_pos_dist,0.54828024
artificial_graph_sbmv5_comuAndEmb_0_30_pos_0_70_1,0.29999999999999993,1,GT_pos + SiNE_spatial_bined,0.132247637529594,0.6588933097553787,0.044465061555539524,0.6555199772923875,GT_pos_dist,0.52460736
artificial_graph_sbmv5_comuAndEmb_0_30_pos_0_70_1,0.29999999999999993,1,GT_pos + deepwalk,0.24667539521853218,0.6942970822281167,0.05191625860891877,0.6903987348615918,deepwalk_dist,0.52396953
artificial_graph_sbmv5_comuAndEmb_0_20_pos_0_80_1,0.19999999999999996,1,Inferred_Commu_normal,0.1420611313044776,0.6733353553263963,0.029968551666865025,0.5934271274225886,louvain_density,1.0
artificial_graph_sbmv5_comuAndEmb_0_20_pos_0_80_1,0.19999999999999996,1,Inferred_Commu_spatial_manuel_iter,0.10558324854099557,0.5736549857682796,0.01971125624545446,0.5018289151258633,spatial_louvain_density,1.0
artificial_graph_sbmv5_comuAndEmb_0_20_pos_0_80_1,0.19999999999999996,1,Inferred_Commu_spatial_manuel_iter_old,0.08820958218294861,0.5168564229387337,0.018419430580313884,0.47906340498997557,spatial_louvain_old_density,1.0
artificial_graph_sbmv5_comuAndEmb_0_20_pos_0_80_1,0.19999999999999996,1,Inferred_Commu_spatial_manuel_iter_bined,0.07815402391186399,0.5099622042835146,0.022115871485635936,0.5324547505012253,spatial_louvain_bined_density,1.0
artificial_graph_sbmv5_comuAndEmb_0_20_pos_0_80_1,0.19999999999999996,1,Inferred_Commu_spatial_manuel_iter_0_20,0.1588248897516962,0.6656712239279547,0.03920665518356486,0.6607749498774783,spatial_louvain_manualiter_0_20_density,1.0
artificial_graph_sbmv5_comuAndEmb_0_20_pos_0_80_1,0.19999999999999996,1,Inferred_Commu_spatial_manuel_iter_0_50,0.10242794993656297,0.6218911856656246,0.03747358559729291,0.6503454277121853,spatial_louvain_manualiter_0_50_density,1.0
artificial_graph_sbmv5_comuAndEmb_0_20_pos_0_80_1,0.19999999999999996,1,Inferred_Commu_spatial_manuel_iter_0_80,0.09388766310568873,0.5648009892212216,0.019888288397572666,0.5052412842503898,spatial_louvain_manualiter_0_80_density,1.0
artificial_graph_sbmv5_comuAndEmb_0_20_pos_0_80_1,0.19999999999999996,1,GT_pos,0.14762444520374346,0.7108860995753815,0.043133392987036175,0.6813853308086434,GT_pos_dist,1.0
artificial_graph_sbmv5_comuAndEmb_0_20_pos_0_80_1,0.19999999999999996,1,GT_pos + Inferred_Commu normal,0.16210398571272414,0.7150389622509449,0.04050469125764942,0.6497766763198931,louvain_density,0.7209972
artificial_graph_sbmv5_comuAndEmb_0_20_pos_0_80_1,0.19999999999999996,1,GT_pos + Inferred_Commu spatial manuel iter,0.15784177306695768,0.7084713732443657,0.051161328618350724,0.6815379260414346,GT_pos_dist,0.5779925
artificial_graph_sbmv5_comuAndEmb_0_20_pos_0_80_1,0.19999999999999996,1,GT_pos + Inferred_Commu spatial manuel iter old,0.12911121374827478,0.6414189725164482,0.03687603280799296,0.6529722655379817,GT_pos_dist,0.5801226
artificial_graph_sbmv5_comuAndEmb_0_20_pos_0_80_1,0.19999999999999996,1,GT_pos + Inferred_Commu spatial manuel iter bined,0.14812605712989182,0.6801245858802669,0.031464338717080834,0.6442978670082423,GT_pos_dist,0.62411326
artificial_graph_sbmv5_comuAndEmb_0_20_pos_0_80_1,0.19999999999999996,1,GT_pos + Inferred_Commu spatial manuel iter 0_20,0.16748197491580707,0.6818743875694089,0.04520232811639415,0.663740810871018,spatial_louvain_manualiter_0_20_density,0.6494058
artificial_graph_sbmv5_comuAndEmb_0_20_pos_0_80_1,0.19999999999999996,1,GT_pos + Inferred_Commu spatial manuel iter 0_50,0.15560509735422387,0.6942046568055621,0.04776331324755155,0.6739748552016038,GT_pos_dist,0.5470752
artificial_graph_sbmv5_comuAndEmb_0_20_pos_0_80_1,0.19999999999999996,1,GT_pos + Inferred_Commu spatial manuel iter 0_80,0.1575184381032647,0.7059166627782185,0.04456400450341827,0.6691284250389842,GT_pos_dist,0.5961735
artificial_graph_sbmv5_comuAndEmb_0_20_pos_0_80_1,0.19999999999999996,1,SiNEcustom_spatial,0.10127190395146253,0.5863002193084784,0.03326552069080481,0.6392515036756516,SiNEcustom_spatial_dist,1.0
artificial_graph_sbmv5_comuAndEmb_0_20_pos_0_80_1,0.19999999999999996,1,SiNEcustom_spatial_bined,0.11614975311186558,0.6343497736923149,0.03028363758576947,0.6232802405881043,SiNEcustom_spatial_bined_dist,1.0
artificial_graph_sbmv5_comuAndEmb_0_20_pos_0_80_1,0.19999999999999996,1,SiNE_spatial,0.13947110387089545,0.637277775185479,0.03112053535646565,0.6299741033637781,SiNE_spatial_dist,1.0
artificial_graph_sbmv5_comuAndEmb_0_20_pos_0_80_1,0.19999999999999996,1,SiNE_spatial_bined,0.10887140733827583,0.6112757220848304,0.033563074055138524,0.6286466919135664,SiNE_spatial_bined_dist,1.0
artificial_graph_sbmv5_comuAndEmb_0_20_pos_0_80_1,0.19999999999999996,1,deepwalk,0.15291115936798447,0.6621599552050768,0.06500831818871611,0.7272478558699041,deepwalk_dist,1.0
artificial_graph_sbmv5_comuAndEmb_0_20_pos_0_80_1,0.19999999999999996,1,GT_pos + SiNEcustom_spatial,0.1535767879691471,0.6710956091642947,0.04491397190063755,0.7066424871909112,GT_pos_dist,0.5374236
artificial_graph_sbmv5_comuAndEmb_0_20_pos_0_80_1,0.19999999999999996,1,GT_pos + SiNEcustom_spatial_bined,0.18181292037458402,0.7272759087303439,0.04254037926585768,0.6956983738026287,GT_pos_dist,0.5418592
artificial_graph_sbmv5_comuAndEmb_0_20_pos_0_80_1,0.19999999999999996,1,GT_pos + SiNE_spatial,0.16734435893423188,0.7260627128925388,0.050960880934024275,0.698132239919804,GT_pos_dist,0.5425927
artificial_graph_sbmv5_comuAndEmb_0_20_pos_0_80_1,0.19999999999999996,1,GT_pos + SiNE_spatial_bined,0.19058728811087275,0.697377630535206,0.04702420858609023,0.6916146413455113,GT_pos_dist,0.5601337
artificial_graph_sbmv5_comuAndEmb_0_20_pos_0_80_1,0.19999999999999996,1,GT_pos + deepwalk,0.17384588097089265,0.7055550370957959,0.06599404725325357,0.7416082368010694,deepwalk_dist,0.5458609
artificial_graph_sbmv5_comuAndEmb_0_10_pos_0_90_1,0.09999999999999998,1,Inferred_Commu_normal,0.1472614891947237,0.7378993842221446,0.043514954083966155,0.7204697906121798,louvain_density,1.0
artificial_graph_sbmv5_comuAndEmb_0_10_pos_0_90_1,0.09999999999999998,1,Inferred_Commu_spatial_manuel_iter,0.08237862572537952,0.536400604159405,0.020749896862512846,0.5125897756939635,spatial_louvain_density,1.0
artificial_graph_sbmv5_comuAndEmb_0_10_pos_0_90_1,0.09999999999999998,1,Inferred_Commu_spatial_manuel_iter_old,0.0966582094733105,0.5462065760427559,0.02110706743493155,0.5190229900367629,spatial_louvain_old_density,1.0
artificial_graph_sbmv5_comuAndEmb_0_10_pos_0_90_1,0.09999999999999998,1,Inferred_Commu_spatial_manuel_iter_bined,0.07812415562028506,0.534065295689555,0.018537091241918793,0.48071873834514356,spatial_louvain_bined_density,1.0
artificial_graph_sbmv5_comuAndEmb_0_10_pos_0_90_1,0.09999999999999998,1,Inferred_Commu_spatial_manuel_iter_0_20,0.1575460475823408,0.7537585686069478,0.04327945533580112,0.7311260589269541,spatial_louvain_manualiter_0_20_density,1.0
artificial_graph_sbmv5_comuAndEmb_0_10_pos_0_90_1,0.09999999999999998,1,Inferred_Commu_spatial_manuel_iter_0_50,0.09601932766003674,0.5920413616823516,0.03879888346318462,0.7180010922265437,spatial_louvain_manualiter_0_50_density,1.0
artificial_graph_sbmv5_comuAndEmb_0_10_pos_0_90_1,0.09999999999999998,1,Inferred_Commu_spatial_manuel_iter_0_80,0.1175621314713825,0.6294527710003486,0.02147487907987713,0.5320892162608557,spatial_louvain_manualiter_0_80_density,1.0
artificial_graph_sbmv5_comuAndEmb_0_10_pos_0_90_1,0.09999999999999998,1,GT_pos,0.23826969689238878,0.7551411641686998,0.05776222331549753,0.750242687410091,GT_pos_dist,1.0
artificial_graph_sbmv5_comuAndEmb_0_10_pos_0_90_1,0.09999999999999998,1,GT_pos + Inferred_Commu normal,0.22028531290625192,0.7438480306727082,0.04892429734400377,0.7310269593478609,louvain_density,0.68273824
artificial_graph_sbmv5_comuAndEmb_0_10_pos_0_90_1,0.09999999999999998,1,GT_pos + Inferred_Commu spatial manuel iter,0.2465661790457019,0.7454281398861392,0.045605965710177096,0.6893844903830785,GT_pos_dist,0.6759944
artificial_graph_sbmv5_comuAndEmb_0_10_pos_0_90_1,0.09999999999999998,1,GT_pos + Inferred_Commu spatial manuel iter old,0.21921470164278833,0.7543394911118856,0.04914573299544996,0.7216826948691992,GT_pos_dist,0.6096247
artificial_graph_sbmv5_comuAndEmb_0_10_pos_0_90_1,0.09999999999999998,1,GT_pos + Inferred_Commu spatial manuel iter bined,0.19018876841673993,0.7232949924480074,0.05716903780480965,0.7176101550428899,GT_pos_dist,0.5967126
artificial_graph_sbmv5_comuAndEmb_0_10_pos_0_90_1,0.09999999999999998,1,GT_pos + Inferred_Commu spatial manuel iter 0_20,0.2393308725044595,0.7464040896944348,0.05408035818970658,0.739296046672705,spatial_louvain_manualiter_0_20_density,0.67819476
artificial_graph_sbmv5_comuAndEmb_0_10_pos_0_90_1,0.09999999999999998,1,GT_pos + Inferred_Commu spatial manuel iter 0_50,0.20232470367201605,0.763878238642965,0.06299455316269785,0.7452059246630081,GT_pos_dist,0.5751046
artificial_graph_sbmv5_comuAndEmb_0_10_pos_0_90_1,0.09999999999999998,1,GT_pos + Inferred_Commu spatial manuel iter 0_80,0.2111962200486125,0.755466480771465,0.05000872305313452,0.7278642975118546,GT_pos_dist,0.59482425
artificial_graph_sbmv5_comuAndEmb_0_10_pos_0_90_1,0.09999999999999998,1,SiNEcustom_spatial,0.08550820420645079,0.534495178343209,0.032398376732731965,0.6428930683573978,SiNEcustom_spatial_dist,1.0
artificial_graph_sbmv5_comuAndEmb_0_10_pos_0_90_1,0.09999999999999998,1,SiNEcustom_spatial_bined,0.13032408685068705,0.6755083071918206,0.05254251122084064,0.7078292663434386,SiNEcustom_spatial_bined_dist,1.0
artificial_graph_sbmv5_comuAndEmb_0_10_pos_0_90_1,0.09999999999999998,1,SiNE_spatial,0.14477870872353288,0.7114209364470779,0.04527043485359949,0.7180543715701422,SiNE_spatial_dist,1.0
artificial_graph_sbmv5_comuAndEmb_0_10_pos_0_90_1,0.09999999999999998,1,SiNE_spatial_bined,0.1482087114534089,0.714720576275125,0.046506289745643206,0.733195828227396,SiNE_spatial_bined_dist,1.0
artificial_graph_sbmv5_comuAndEmb_0_10_pos_0_90_1,0.09999999999999998,1,deepwalk,0.2734037623287645,0.7557569420239338,0.0888240159612767,0.7804728541744366,deepwalk_dist,1.0
artificial_graph_sbmv5_comuAndEmb_0_10_pos_0_90_1,0.09999999999999998,1,GT_pos + SiNEcustom_spatial,0.20380364435496276,0.7263390263738817,0.06642174080435741,0.7409134743459961,GT_pos_dist,0.588814
artificial_graph_sbmv5_comuAndEmb_0_10_pos_0_90_1,0.09999999999999998,1,GT_pos + SiNEcustom_spatial_bined,0.254332555271225,0.7666782851167654,0.06932832878147388,0.7730485108423464,GT_pos_dist,0.5775861
artificial_graph_sbmv5_comuAndEmb_0_10_pos_0_90_1,0.09999999999999998,1,GT_pos + SiNE_spatial,0.2257263980978763,0.8148599976763099,0.0665978733823219,0.776233816399382,GT_pos_dist,0.5577442
artificial_graph_sbmv5_comuAndEmb_0_10_pos_0_90_1,0.09999999999999998,1,GT_pos + SiNE_spatial_bined,0.2656766397019502,0.7822934820494947,0.07309961017743022,0.7904486120730992,SiNE_spatial_bined_dist,0.50856483
artificial_graph_sbmv5_comuAndEmb_0_10_pos_0_90_1,0.09999999999999998,1,GT_pos + deepwalk,0.35918471244589173,0.8190542581619612,0.08304054456847663,0.8057008897650381,deepwalk_dist,0.5827107
artificial_graph_sbmv5_comuAndEmb_0_00_pos_1_00_1,0.0,1,Inferred_Commu_normal,0.2218320779666829,0.811760840998686,0.05580554773346341,0.7623080991735536,louvain_density,1.0
artificial_graph_sbmv5_comuAndEmb_0_00_pos_1_00_1,0.0,1,Inferred_Commu_spatial_manuel_iter,0.07663596975571108,0.5118492002356246,0.021770366687535445,0.5460645289256199,spatial_louvain_density,1.0
artificial_graph_sbmv5_comuAndEmb_0_00_pos_1_00_1,0.0,1,Inferred_Commu_spatial_manuel_iter_old,0.07111291986290552,0.4913566541302279,0.019982961612735897,0.5198905123966943,spatial_louvain_old_density,1.0
artificial_graph_sbmv5_comuAndEmb_0_00_pos_1_00_1,0.0,1,Inferred_Commu_spatial_manuel_iter_bined,0.08757373051867613,0.5734287915175134,0.019559973929093807,0.49219028099173545,spatial_louvain_bined_density,1.0
artificial_graph_sbmv5_comuAndEmb_0_00_pos_1_00_1,0.0,1,Inferred_Commu_spatial_manuel_iter_0_20,0.24486332161995816,0.824187774706602,0.05743765895427151,0.7724897851239669,spatial_louvain_manualiter_0_20_density,1.0
artificial_graph_sbmv5_comuAndEmb_0_00_pos_1_00_1,0.0,1,Inferred_Commu_spatial_manuel_iter_0_50,0.20857695882907412,0.7610562327246362,0.057392610343222426,0.7748711404958679,spatial_louvain_manualiter_0_50_density,1.0
artificial_graph_sbmv5_comuAndEmb_0_00_pos_1_00_1,0.0,1,Inferred_Commu_spatial_manuel_iter_0_80,0.10592922105797797,0.597365082242059,0.02705383800235843,0.5780511735537188,spatial_louvain_manualiter_0_80_density,1.0
artificial_graph_sbmv5_comuAndEmb_0_00_pos_1_00_1,0.0,1,GT_pos,0.21140635287043363,0.7597988128143549,0.06972997187175264,0.7629254876033058,GT_pos_dist,1.0
artificial_graph_sbmv5_comuAndEmb_0_00_pos_1_00_1,0.0,1,GT_pos + Inferred_Commu normal,0.25298118250136276,0.7924350899451719,0.07242858525875423,0.7747033388429752,louvain_density,0.7539949
artificial_graph_sbmv5_comuAndEmb_0_00_pos_1_00_1,0.0,1,GT_pos + Inferred_Commu spatial manuel iter,0.2306636984157923,0.7448570392858761,0.05835188978684,0.747539173553719,GT_pos_dist,0.65955305
artificial_graph_sbmv5_comuAndEmb_0_00_pos_1_00_1,0.0,1,GT_pos + Inferred_Commu spatial manuel iter old,0.19257641491952887,0.7446871176763787,0.05482134741349241,0.7350085289256199,GT_pos_dist,0.6652945
artificial_graph_sbmv5_comuAndEmb_0_00_pos_1_00_1,0.0,1,GT_pos + Inferred_Commu spatial manuel iter bined,0.25267125631966747,0.7845847115863882,0.056874211127833314,0.7351461818181819,GT_pos_dist,0.64790434
artificial_graph_sbmv5_comuAndEmb_0_00_pos_1_00_1,0.0,1,GT_pos + Inferred_Commu spatial manuel iter 0_20,0.2429893271832734,0.804386243146495,0.08318922807123465,0.7952659834710744,spatial_louvain_manualiter_0_20_density,0.5421829
artificial_graph_sbmv5_comuAndEmb_0_00_pos_1_00_1,0.0,1,GT_pos + Inferred_Commu spatial manuel iter 0_50,0.21965840734896336,0.7774933164166932,0.06501382478928727,0.7732235371900826,GT_pos_dist,0.5749863
artificial_graph_sbmv5_comuAndEmb_0_00_pos_1_00_1,0.0,1,GT_pos + Inferred_Commu spatial manuel iter 0_80,0.22600414308515357,0.7405636866192397,0.06018981004773449,0.7446735867768595,GT_pos_dist,0.6084408
artificial_graph_sbmv5_comuAndEmb_0_00_pos_1_00_1,0.0,1,SiNEcustom_spatial,0.1712059434452778,0.7585867053332729,0.050307448041124074,0.7400477355371902,SiNEcustom_spatial_dist,1.0
artificial_graph_sbmv5_comuAndEmb_0_00_pos_1_00_1,0.0,1,SiNEcustom_spatial_bined,0.18562416239083251,0.7778558158502877,0.045147439806995884,0.7409553719008265,SiNEcustom_spatial_bined_dist,1.0
artificial_graph_sbmv5_comuAndEmb_0_00_pos_1_00_1,0.0,1,SiNE_spatial,0.17879381627346114,0.7902714214509041,0.05346931529761292,0.7698407933884298,SiNE_spatial_dist,1.0
artificial_graph_sbmv5_comuAndEmb_0_00_pos_1_00_1,0.0,1,SiNE_spatial_bined,0.16403337523434336,0.7760546467896143,0.05605213981933376,0.7719797685950414,SiNE_spatial_bined_dist,1.0
artificial_graph_sbmv5_comuAndEmb_0_00_pos_1_00_1,0.0,1,deepwalk,0.2852952790132681,0.8483392994698447,0.06093232438384916,0.7810366942148761,deepwalk_dist,1.0
artificial_graph_sbmv5_comuAndEmb_0_00_pos_1_00_1,0.0,1,GT_pos + SiNEcustom_spatial,0.24760932930361487,0.8030721826997145,0.08308105726565522,0.7959756694214877,GT_pos_dist,0.5771431
artificial_graph_sbmv5_comuAndEmb_0_00_pos_1_00_1,0.0,1,GT_pos + SiNEcustom_spatial_bined,0.2637579787766194,0.8298744845711179,0.08924370832205118,0.8003333553719008,GT_pos_dist,0.5426297
artificial_graph_sbmv5_comuAndEmb_0_00_pos_1_00_1,0.0,1,GT_pos + SiNE_spatial,0.3022848649123639,0.8463568806923738,0.07977176310805997,0.8274411900826446,GT_pos_dist,0.5911926
artificial_graph_sbmv5_comuAndEmb_0_00_pos_1_00_1,0.0,1,GT_pos + SiNE_spatial_bined,0.21472153806410849,0.8248561330372921,0.08257015305546529,0.8217787768595042,GT_pos_dist,0.5494807
artificial_graph_sbmv5_comuAndEmb_0_00_pos_1_00_1,0.0,1,GT_pos + deepwalk,0.3175887568807382,0.8619103720150437,0.07492816893782697,0.8106328595041321,deepwalk_dist,0.5777603
artificial_graph_sbmv5_comuAndEmb_1_00_pos_0_00_2,1.0,2,Inferred_Commu_normal,0.15879932557766221,0.7683712935109583,0.049065413834498785,0.7445535993798542,louvain_density,1.0
artificial_graph_sbmv5_comuAndEmb_1_00_pos_0_00_2,1.0,2,Inferred_Commu_spatial_manuel_iter,0.1946567438712185,0.7427078856897293,0.058656266443671924,0.7621023836853953,spatial_louvain_density,1.0
artificial_graph_sbmv5_comuAndEmb_1_00_pos_0_00_2,1.0,2,Inferred_Commu_spatial_manuel_iter_old,0.15043545216437268,0.7707214224323163,0.05188983451603561,0.7195241573619952,spatial_louvain_old_density,1.0
artificial_graph_sbmv5_comuAndEmb_1_00_pos_0_00_2,1.0,2,Inferred_Commu_spatial_manuel_iter_bined,0.15145470600316024,0.7827809411259132,0.06301173053509475,0.7831300964505599,spatial_louvain_bined_density,1.0
artificial_graph_sbmv5_comuAndEmb_1_00_pos_0_00_2,1.0,2,Inferred_Commu_spatial_manuel_iter_0_20,0.16675658143976677,0.7994332831972497,0.053900824113683604,0.7718948733620548,spatial_louvain_manualiter_0_20_density,1.0
artificial_graph_sbmv5_comuAndEmb_1_00_pos_0_00_2,1.0,2,Inferred_Commu_spatial_manuel_iter_0_50,0.1665664438413704,0.7919531585732702,0.06584603904859604,0.7495632146211296,spatial_louvain_manualiter_0_50_density,1.0
artificial_graph_sbmv5_comuAndEmb_1_00_pos_0_00_2,1.0,2,Inferred_Commu_spatial_manuel_iter_0_80,0.17839202728281955,0.8094784056725397,0.06812041303251984,0.7738790417554897,spatial_louvain_manualiter_0_80_density,1.0
artificial_graph_sbmv5_comuAndEmb_1_00_pos_0_00_2,1.0,2,GT_pos,0.0802945058460954,0.5364068543188655,0.019464279294453143,0.5133894843547353,GT_pos_dist,1.0
artificial_graph_sbmv5_comuAndEmb_1_00_pos_0_00_2,1.0,2,GT_pos + Inferred_Commu normal,0.20074753926980513,0.7411903738719381,0.04021594475147271,0.7039546220241202,louvain_density,0.7648446
artificial_graph_sbmv5_comuAndEmb_1_00_pos_0_00_2,1.0,2,GT_pos + Inferred_Commu spatial manuel iter,0.19020185833931286,0.6915019338203696,0.056395850513405205,0.7386772707622128,spatial_louvain_density,0.725042
artificial_graph_sbmv5_comuAndEmb_1_00_pos_0_00_2,1.0,2,GT_pos + Inferred_Commu spatial manuel iter old,0.18587133205401765,0.7217850236355823,0.04499976545112426,0.7300345850538901,spatial_louvain_old_density,0.76169735
artificial_graph_sbmv5_comuAndEmb_1_00_pos_0_00_2,1.0,2,GT_pos + Inferred_Commu spatial manuel iter bined,0.18823467787327872,0.7448297163730125,0.0462082480967372,0.744062253097002,spatial_louvain_bined_density,0.7697604
artificial_graph_sbmv5_comuAndEmb_1_00_pos_0_00_2,1.0,2,GT_pos + Inferred_Commu spatial manuel iter 0_20,0.20618060068942248,0.7678475504941985,0.04722270759397346,0.74880219436204,spatial_louvain_manualiter_0_20_density,0.7777328
artificial_graph_sbmv5_comuAndEmb_1_00_pos_0_00_2,1.0,2,GT_pos + Inferred_Commu spatial manuel iter 0_50,0.19625213466466634,0.7726418134937687,0.05069852138816574,0.7299549798005397,spatial_louvain_manualiter_0_50_density,0.79516
artificial_graph_sbmv5_comuAndEmb_1_00_pos_0_00_2,1.0,2,GT_pos + Inferred_Commu spatial manuel iter 0_80,0.20090991322691265,0.7738235926085087,0.05634391435992583,0.7403789448577093,spatial_louvain_manualiter_0_80_density,0.76508105
artificial_graph_sbmv5_comuAndEmb_1_00_pos_0_00_2,1.0,2,SiNEcustom_spatial,0.4244826491691467,0.8545203051138807,0.12886729303864097,0.843128307568462,SiNEcustom_spatial_dist,1.0
artificial_graph_sbmv5_comuAndEmb_1_00_pos_0_00_2,1.0,2,SiNEcustom_spatial_bined,0.3612771984293995,0.8836484744305974,0.14583209839042635,0.857475589213041,SiNEcustom_spatial_bined_dist,1.0
artificial_graph_sbmv5_comuAndEmb_1_00_pos_0_00_2,1.0,2,SiNE_spatial,0.2470988374243001,0.8226122690159003,0.0794194215287399,0.785370522204499,SiNE_spatial_dist,1.0
artificial_graph_sbmv5_comuAndEmb_1_00_pos_0_00_2,1.0,2,SiNE_spatial_bined,0.3537794094735727,0.8661769445638161,0.08435352694780675,0.7860418002116842,SiNE_spatial_bined_dist,1.0
artificial_graph_sbmv5_comuAndEmb_1_00_pos_0_00_2,1.0,2,deepwalk,0.43489845584436787,0.8567361409540181,0.13175879387481088,0.8019360176503033,deepwalk_dist,1.0
artificial_graph_sbmv5_comuAndEmb_1_00_pos_0_00_2,1.0,2,GT_pos + SiNEcustom_spatial,0.3894349178234855,0.8347389342501075,0.1073866182788688,0.8205655848899093,SiNEcustom_spatial_dist,0.7283692
artificial_graph_sbmv5_comuAndEmb_1_00_pos_0_00_2,1.0,2,GT_pos + SiNEcustom_spatial_bined,0.3565114915230365,0.8612886764073915,0.11758447763635578,0.8326891370134613,SiNEcustom_spatial_bined_dist,0.7298073
artificial_graph_sbmv5_comuAndEmb_1_00_pos_0_00_2,1.0,2,GT_pos + SiNE_spatial,0.2373609610646167,0.811331650193382,0.06611011637084158,0.7686647485875285,SiNE_spatial_dist,0.69217634
artificial_graph_sbmv5_comuAndEmb_1_00_pos_0_00_2,1.0,2,GT_pos + SiNE_spatial_bined,0.30707703450839535,0.8281182853459389,0.0673336920625878,0.7663541092112521,SiNE_spatial_bined_dist,0.6606914
artificial_graph_sbmv5_comuAndEmb_1_00_pos_0_00_2,1.0,2,GT_pos + deepwalk,0.4150258319125944,0.8268962183068328,0.10828640692629554,0.7917926089354661,deepwalk_dist,0.7168237
artificial_graph_sbmv5_comuAndEmb_0_90_pos_0_10_2,0.9,2,Inferred_Commu_normal,0.1559190662016712,0.745817025440313,0.046017528163957946,0.7197290138839445,louvain_density,1.0
artificial_graph_sbmv5_comuAndEmb_0_90_pos_0_10_2,0.9,2,Inferred_Commu_spatial_manuel_iter,0.14376449379991388,0.7369985322896282,0.05402184872505433,0.7607191171235315,spatial_louvain_density,1.0
artificial_graph_sbmv5_comuAndEmb_0_90_pos_0_10_2,0.9,2,Inferred_Commu_spatial_manuel_iter_old,0.13176277928593333,0.7239481409001957,0.05150430828044133,0.7818497686009256,spatial_louvain_old_density,1.0
artificial_graph_sbmv5_comuAndEmb_0_90_pos_0_10_2,0.9,2,Inferred_Commu_spatial_manuel_iter_bined,0.13723863981355935,0.7332803326810176,0.0546364213698424,0.7637436810252759,spatial_louvain_bined_density,1.0
artificial_graph_sbmv5_comuAndEmb_0_90_pos_0_10_2,0.9,2,Inferred_Commu_spatial_manuel_iter_0_20,0.12270911978839862,0.7037671232876713,0.05329088697859303,0.7927970096119616,spatial_louvain_manualiter_0_20_density,1.0
artificial_graph_sbmv5_comuAndEmb_0_90_pos_0_10_2,0.9,2,Inferred_Commu_spatial_manuel_iter_0_50,0.12764731651215888,0.6784735812133071,0.052039766166689025,0.7710531861872554,spatial_louvain_manualiter_0_50_density,1.0
artificial_graph_sbmv5_comuAndEmb_0_90_pos_0_10_2,0.9,2,Inferred_Commu_spatial_manuel_iter_0_80,0.13562669241557546,0.7324853228962819,0.05965447223609748,0.8060469918120328,spatial_louvain_manualiter_0_80_density,1.0
artificial_graph_sbmv5_comuAndEmb_0_90_pos_0_10_2,0.9,2,GT_pos,0.1016241418014632,0.5351394324853229,0.024838412511999537,0.5685713065147739,GT_pos_dist,1.0
artificial_graph_sbmv5_comuAndEmb_0_90_pos_0_10_2,0.9,2,GT_pos + Inferred_Commu normal,0.18553278898851971,0.7286570450097847,0.05480068384898179,0.7475917408330368,louvain_density,0.7728362
artificial_graph_sbmv5_comuAndEmb_0_90_pos_0_10_2,0.9,2,GT_pos + Inferred_Commu spatial manuel iter,0.1697330276381163,0.7265288649706457,0.055381185369129136,0.7786536133855466,spatial_louvain_density,0.7563314
artificial_graph_sbmv5_comuAndEmb_0_90_pos_0_10_2,0.9,2,GT_pos + Inferred_Commu spatial manuel iter old,0.17133101882901278,0.7254770058708415,0.049198200045979856,0.7599934496262014,spatial_louvain_old_density,0.7927492
artificial_graph_sbmv5_comuAndEmb_0_90_pos_0_10_2,0.9,2,GT_pos + Inferred_Commu spatial manuel iter bined,0.16993766392066398,0.7185176125244619,0.047852612391099225,0.743955713777145,spatial_louvain_bined_density,0.782142
artificial_graph_sbmv5_comuAndEmb_0_90_pos_0_10_2,0.9,2,GT_pos + Inferred_Commu spatial manuel iter 0_20,0.147681615264325,0.6772627201565558,0.052464784546309026,0.7740703453186187,spatial_louvain_manualiter_0_20_density,0.7722264
artificial_graph_sbmv5_comuAndEmb_0_90_pos_0_10_2,0.9,2,GT_pos + Inferred_Commu spatial manuel iter 0_50,0.1733452473820182,0.6744251467710372,0.052424196249348215,0.7545885368458527,spatial_louvain_manualiter_0_50_density,0.7756982
artificial_graph_sbmv5_comuAndEmb_0_90_pos_0_10_2,0.9,2,GT_pos + Inferred_Commu spatial manuel iter 0_80,0.15250990201604828,0.7051002935420744,0.04548966135627122,0.7546271270914916,spatial_louvain_manualiter_0_80_density,0.78089565
artificial_graph_sbmv5_comuAndEmb_0_90_pos_0_10_2,0.9,2,SiNEcustom_spatial,0.25973939547879127,0.779562133072407,0.12208072048823204,0.837352936988252,SiNEcustom_spatial_dist,1.0
artificial_graph_sbmv5_comuAndEmb_0_90_pos_0_10_2,0.9,2,SiNEcustom_spatial_bined,0.21836240017358421,0.7719055772994129,0.11914820416905761,0.8190728373086507,SiNEcustom_spatial_bined_dist,1.0
artificial_graph_sbmv5_comuAndEmb_0_90_pos_0_10_2,0.9,2,SiNE_spatial,0.21722604471673945,0.7353718199608612,0.07317027482557467,0.7508173727305091,SiNE_spatial_dist,1.0
artificial_graph_sbmv5_comuAndEmb_0_90_pos_0_10_2,0.9,2,SiNE_spatial_bined,0.19164194432843187,0.7409491193737769,0.06719457960055189,0.758494553221787,SiNE_spatial_bined_dist,1.0
artificial_graph_sbmv5_comuAndEmb_0_90_pos_0_10_2,0.9,2,deepwalk,0.3357291940084478,0.7495719178082192,0.10224020863994512,0.7860733357066572,deepwalk_dist,1.0
artificial_graph_sbmv5_comuAndEmb_0_90_pos_0_10_2,0.9,2,GT_pos + SiNEcustom_spatial,0.2627384136688202,0.7610445205479452,0.10273511389331273,0.8319252402990387,SiNEcustom_spatial_dist,0.6830961
artificial_graph_sbmv5_comuAndEmb_0_90_pos_0_10_2,0.9,2,GT_pos + SiNEcustom_spatial_bined,0.20241937217734549,0.7471868884540118,0.09605852107392511,0.8127098611605554,SiNEcustom_spatial_bined_dist,0.6910855
artificial_graph_sbmv5_comuAndEmb_0_90_pos_0_10_2,0.9,2,GT_pos + SiNE_spatial,0.2036453814707456,0.6741682974559686,0.05941593479581681,0.7530906372374511,SiNE_spatial_dist,0.6128507
artificial_graph_sbmv5_comuAndEmb_0_90_pos_0_10_2,0.9,2,GT_pos + SiNE_spatial_bined,0.23228340434142858,0.7359466731898239,0.05587864329601498,0.740785475258099,SiNE_spatial_bined_dist,0.62939286
artificial_graph_sbmv5_comuAndEmb_0_90_pos_0_10_2,0.9,2,GT_pos + deepwalk,0.3033140902439397,0.734637964774951,0.09008315904237346,0.7800306158775365,deepwalk_dist,0.68030405
artificial_graph_sbmv5_comuAndEmb_0_80_pos_0_20_2,0.8,2,Inferred_Commu_normal,0.13356978903231886,0.6931288819875776,0.04124187319831118,0.6920398658979645,louvain_density,1.0
artificial_graph_sbmv5_comuAndEmb_0_80_pos_0_20_2,0.8,2,Inferred_Commu_spatial_manuel_iter,0.16905030001780186,0.7670200892857143,0.04463747015461125,0.7221631668279819,spatial_louvain_density,1.0
artificial_graph_sbmv5_comuAndEmb_0_80_pos_0_20_2,0.8,2,Inferred_Commu_spatial_manuel_iter_old,0.153084522071216,0.721491653726708,0.045545391666079106,0.7312480186283998,spatial_louvain_old_density,1.0
artificial_graph_sbmv5_comuAndEmb_0_80_pos_0_20_2,0.8,2,Inferred_Commu_spatial_manuel_iter_bined,0.17516682355720123,0.7477799883540373,0.0464495583033804,0.7434444304170349,spatial_louvain_bined_density,1.0
artificial_graph_sbmv5_comuAndEmb_0_80_pos_0_20_2,0.8,2,Inferred_Commu_spatial_manuel_iter_0_20,0.1617742294208874,0.7405133928571428,0.04395280245018698,0.7362870849640197,spatial_louvain_manualiter_0_20_density,1.0
artificial_graph_sbmv5_comuAndEmb_0_80_pos_0_20_2,0.8,2,Inferred_Commu_spatial_manuel_iter_0_50,0.15899287246361668,0.7409865100931678,0.04503664917868047,0.7488455441933539,spatial_louvain_manualiter_0_50_density,1.0
artificial_graph_sbmv5_comuAndEmb_0_80_pos_0_20_2,0.8,2,Inferred_Commu_spatial_manuel_iter_0_80,0.14917898129575924,0.7518682065217391,0.04597404514057717,0.7428653789504692,spatial_louvain_manualiter_0_80_density,1.0
artificial_graph_sbmv5_comuAndEmb_0_80_pos_0_20_2,0.8,2,GT_pos,0.08606332908659395,0.565617721273292,0.02147158021787627,0.5270284335591746,GT_pos_dist,1.0
artificial_graph_sbmv5_comuAndEmb_0_80_pos_0_20_2,0.8,2,GT_pos + Inferred_Commu normal,0.13991054195052494,0.64061286878882,0.04042095711240476,0.6842639116834294,louvain_density,0.72873557
artificial_graph_sbmv5_comuAndEmb_0_80_pos_0_20_2,0.8,2,GT_pos + Inferred_Commu spatial manuel iter,0.1367060857218657,0.6764969914596273,0.03993926391245476,0.6933957553058676,spatial_louvain_density,0.67136854
artificial_graph_sbmv5_comuAndEmb_0_80_pos_0_20_2,0.8,2,GT_pos + Inferred_Commu spatial manuel iter old,0.17340708368386443,0.6597073951863355,0.04311008696411032,0.6858697695296609,spatial_louvain_old_density,0.68253136
artificial_graph_sbmv5_comuAndEmb_0_80_pos_0_20_2,0.8,2,GT_pos + Inferred_Commu spatial manuel iter bined,0.14003890019919235,0.6603624805900621,0.038287502862104826,0.6895146516292836,spatial_louvain_bined_density,0.69069195
artificial_graph_sbmv5_comuAndEmb_0_80_pos_0_20_2,0.8,2,GT_pos + Inferred_Commu spatial manuel iter 0_20,0.17927497052157695,0.6683812111801242,0.04216943144297381,0.708175454838755,spatial_louvain_manualiter_0_20_density,0.7360023
artificial_graph_sbmv5_comuAndEmb_0_80_pos_0_20_2,0.8,2,GT_pos + Inferred_Commu spatial manuel iter 0_50,0.15731203527473953,0.6555221273291925,0.03932787895881686,0.6669592784300524,spatial_louvain_manualiter_0_50_density,0.68281734
artificial_graph_sbmv5_comuAndEmb_0_80_pos_0_20_2,0.8,2,GT_pos + Inferred_Commu spatial manuel iter 0_80,0.1498024287843613,0.6852193322981366,0.03830985661133841,0.6818333824292668,spatial_louvain_manualiter_0_80_density,0.725179
artificial_graph_sbmv5_comuAndEmb_0_80_pos_0_20_2,0.8,2,SiNEcustom_spatial,0.23270361067274903,0.7350786102484472,0.09541894679924906,0.7747704414425787,SiNEcustom_spatial_dist,1.0
artificial_graph_sbmv5_comuAndEmb_0_80_pos_0_20_2,0.8,2,SiNEcustom_spatial_bined,0.26361613322094846,0.7525960791925466,0.11134366473873217,0.7655188037425127,SiNEcustom_spatial_bined_dist,1.0
artificial_graph_sbmv5_comuAndEmb_0_80_pos_0_20_2,0.8,2,SiNE_spatial,0.13362755815174351,0.6987577639751552,0.03965558922302856,0.673851505842416,SiNE_spatial_dist,1.0
artificial_graph_sbmv5_comuAndEmb_0_80_pos_0_20_2,0.8,2,SiNE_spatial_bined,0.13862858369270045,0.6964528338509316,0.03733474962308165,0.6467123960218266,SiNE_spatial_bined_dist,1.0
artificial_graph_sbmv5_comuAndEmb_0_80_pos_0_20_2,0.8,2,deepwalk,0.15506141788495947,0.6715110636645963,0.08815648759803092,0.738018768673989,deepwalk_dist,1.0
artificial_graph_sbmv5_comuAndEmb_0_80_pos_0_20_2,0.8,2,GT_pos + SiNEcustom_spatial,0.17972403473070356,0.7285762810559007,0.0761382736181679,0.7476356801189524,SiNEcustom_spatial_dist,0.6505123
artificial_graph_sbmv5_comuAndEmb_0_80_pos_0_20_2,0.8,2,GT_pos + SiNEcustom_spatial_bined,0.19534522166774404,0.7658433618012421,0.07974484414354902,0.7487674115221142,SiNEcustom_spatial_bined_dist,0.6379535
artificial_graph_sbmv5_comuAndEmb_0_80_pos_0_20_2,0.8,2,GT_pos + SiNE_spatial,0.135131563801271,0.6742041925465838,0.03718328563182508,0.6646203481603052,SiNE_spatial_dist,0.5972229
artificial_graph_sbmv5_comuAndEmb_0_80_pos_0_20_2,0.8,2,GT_pos + SiNE_spatial_bined,0.12377070691184983,0.6685389169254659,0.03135181584551397,0.6393452005218196,SiNE_spatial_bined_dist,0.5943241
artificial_graph_sbmv5_comuAndEmb_0_80_pos_0_20_2,0.8,2,GT_pos + deepwalk,0.16270034705679756,0.6710864712732919,0.06912402002521346,0.7177595421453521,deepwalk_dist,0.6199863
artificial_graph_sbmv5_comuAndEmb_0_70_pos_0_30_2,0.7,2,Inferred_Commu_normal,0.13703955204048343,0.6896452790818988,0.03127597323831034,0.6476204855477435,louvain_density,1.0
artificial_graph_sbmv5_comuAndEmb_0_70_pos_0_30_2,0.7,2,Inferred_Commu_spatial_manuel_iter,0.143248651735061,0.6835680751173709,0.039371530665613594,0.6443897602307554,spatial_louvain_density,1.0
artificial_graph_sbmv5_comuAndEmb_0_70_pos_0_30_2,0.7,2,Inferred_Commu_spatial_manuel_iter_old,0.11141773154754604,0.6457485654668753,0.03205941559598123,0.6286007451475273,spatial_louvain_old_density,1.0
artificial_graph_sbmv5_comuAndEmb_0_70_pos_0_30_2,0.7,2,Inferred_Commu_spatial_manuel_iter_bined,0.12969513150034892,0.6543948878455921,0.03288874180883657,0.6255092842978187,spatial_louvain_bined_density,1.0
artificial_graph_sbmv5_comuAndEmb_0_70_pos_0_30_2,0.7,2,Inferred_Commu_spatial_manuel_iter_0_20,0.10735374296629739,0.6060772039645279,0.03298714630711351,0.6157673817679226,spatial_louvain_manualiter_0_20_density,1.0
artificial_graph_sbmv5_comuAndEmb_0_70_pos_0_30_2,0.7,2,Inferred_Commu_spatial_manuel_iter_0_50,0.12785821193645172,0.6905972874282734,0.03722438678917911,0.6677692145904693,spatial_louvain_manualiter_0_50_density,1.0
artificial_graph_sbmv5_comuAndEmb_0_70_pos_0_30_2,0.7,2,Inferred_Commu_spatial_manuel_iter_0_80,0.11649301379812803,0.6613458528951487,0.03557148455908036,0.6558665344630732,spatial_louvain_manualiter_0_80_density,1.0
artificial_graph_sbmv5_comuAndEmb_0_70_pos_0_30_2,0.7,2,GT_pos,0.08796358746360483,0.5492305685967658,0.021976010721575047,0.5347935821164593,GT_pos_dist,1.0
artificial_graph_sbmv5_comuAndEmb_0_70_pos_0_30_2,0.7,2,GT_pos + Inferred_Commu normal,0.11667814119150285,0.6328768909754825,0.02531709938855898,0.5955635178174389,louvain_density,0.6368979
artificial_graph_sbmv5_comuAndEmb_0_70_pos_0_30_2,0.7,2,GT_pos + Inferred_Commu spatial manuel iter,0.16831151329536545,0.6787428273343766,0.031971798049490865,0.638162970975302,spatial_louvain_density,0.6202238
artificial_graph_sbmv5_comuAndEmb_0_70_pos_0_30_2,0.7,2,GT_pos + Inferred_Commu spatial manuel iter old,0.11155695672874837,0.6191444966092854,0.02620670847756645,0.602312661498708,spatial_louvain_old_density,0.6252141
artificial_graph_sbmv5_comuAndEmb_0_70_pos_0_30_2,0.7,2,GT_pos + Inferred_Commu spatial manuel iter bined,0.13140462640795578,0.6195878977569118,0.02841640664669855,0.6070457003785831,spatial_louvain_bined_density,0.5627137
artificial_graph_sbmv5_comuAndEmb_0_70_pos_0_30_2,0.7,2,GT_pos + Inferred_Commu spatial manuel iter 0_20,0.09835929692751827,0.5926577986437142,0.02603681683940566,0.5600148729042725,spatial_louvain_manualiter_0_20_density,0.6250638
artificial_graph_sbmv5_comuAndEmb_0_70_pos_0_30_2,0.7,2,GT_pos + Inferred_Commu spatial manuel iter 0_50,0.12019782346408131,0.6512128325508607,0.029282922444581777,0.6314244937203293,spatial_louvain_manualiter_0_50_density,0.6422217
artificial_graph_sbmv5_comuAndEmb_0_70_pos_0_30_2,0.7,2,GT_pos + Inferred_Commu spatial manuel iter 0_80,0.10865589298278303,0.6202008346374543,0.028493900107823364,0.6112748632894658,spatial_louvain_manualiter_0_80_density,0.6034118
artificial_graph_sbmv5_comuAndEmb_0_70_pos_0_30_2,0.7,2,SiNEcustom_spatial,0.16276127439801658,0.6525430359937403,0.054095387140826665,0.7092356228592032,SiNEcustom_spatial_dist,1.0
artificial_graph_sbmv5_comuAndEmb_0_70_pos_0_30_2,0.7,2,SiNEcustom_spatial_bined,0.22339859087887537,0.7269561815336463,0.05343002859676976,0.6904322156120426,SiNEcustom_spatial_bined_dist,1.0
artificial_graph_sbmv5_comuAndEmb_0_70_pos_0_30_2,0.7,2,SiNE_spatial,0.1261599491679734,0.6832942097026604,0.028460525404026563,0.6183746469563127,SiNE_spatial_dist,1.0
artificial_graph_sbmv5_comuAndEmb_0_70_pos_0_30_2,0.7,2,SiNE_spatial_bined,0.16347286343525225,0.6949530516431925,0.02650593065533432,0.605171263746169,SiNE_spatial_bined_dist,1.0
artificial_graph_sbmv5_comuAndEmb_0_70_pos_0_30_2,0.7,2,deepwalk,0.20286877695847663,0.7338941053729786,0.05483970154346452,0.6724137672014903,deepwalk_dist,1.0
artificial_graph_sbmv5_comuAndEmb_0_70_pos_0_30_2,0.7,2,GT_pos + SiNEcustom_spatial,0.15568295102400287,0.6838941053729786,0.04428787907979398,0.6954008172585782,SiNEcustom_spatial_dist,0.5566473
artificial_graph_sbmv5_comuAndEmb_0_70_pos_0_30_2,0.7,2,GT_pos + SiNEcustom_spatial_bined,0.2306611558177079,0.7473656755346897,0.043974243380479096,0.6915682651282975,SiNEcustom_spatial_bined_dist,0.585837
artificial_graph_sbmv5_comuAndEmb_0_70_pos_0_30_2,0.7,2,GT_pos + SiNE_spatial,0.16990808229496251,0.7204355764214919,0.03114881592286933,0.6352394687819242,SiNE_spatial_dist,0.5274472
artificial_graph_sbmv5_comuAndEmb_0_70_pos_0_30_2,0.7,2,GT_pos + SiNE_spatial_bined,0.17616604233489822,0.7232916014606157,0.027454735517179044,0.6098786130641187,SiNE_spatial_bined_dist,0.54711527
artificial_graph_sbmv5_comuAndEmb_0_70_pos_0_30_2,0.7,2,GT_pos + deepwalk,0.17748197791350945,0.7316118935837246,0.043272800674822864,0.6917848987440659,deepwalk_dist,0.5924539
artificial_graph_sbmv5_comuAndEmb_0_60_pos_0_40_2,0.6,2,Inferred_Commu_normal,0.10039530354982046,0.6406660485241847,0.026871217770197242,0.5833647928994082,louvain_density,1.0
artificial_graph_sbmv5_comuAndEmb_0_60_pos_0_40_2,0.6,2,Inferred_Commu_spatial_manuel_iter,0.14640767931210008,0.7171483026837686,0.030458184358586382,0.6236841715976331,spatial_louvain_density,1.0
artificial_graph_sbmv5_comuAndEmb_0_60_pos_0_40_2,0.6,2,Inferred_Commu_spatial_manuel_iter_old,0.1371853530940748,0.6912120743831452,0.03122760324908708,0.6295349112426035,spatial_louvain_old_density,1.0
artificial_graph_sbmv5_comuAndEmb_0_60_pos_0_40_2,0.6,2,Inferred_Commu_spatial_manuel_iter_bined,0.13210446424370825,0.6714443929325711,0.02990384131319292,0.6128427514792899,spatial_louvain_bined_density,1.0
artificial_graph_sbmv5_comuAndEmb_0_60_pos_0_40_2,0.6,2,Inferred_Commu_spatial_manuel_iter_0_20,0.14796672709542452,0.7067944161129139,0.031225738149367393,0.6361715976331361,spatial_louvain_manualiter_0_20_density,1.0
artificial_graph_sbmv5_comuAndEmb_0_60_pos_0_40_2,0.6,2,Inferred_Commu_spatial_manuel_iter_0_50,0.14256767163838246,0.6911476845412867,0.030920408195228566,0.6388607988165681,spatial_louvain_manualiter_0_50_density,1.0
artificial_graph_sbmv5_comuAndEmb_0_60_pos_0_40_2,0.6,2,Inferred_Commu_spatial_manuel_iter_0_80,0.10846717254968724,0.626912378303199,0.027737888751222996,0.5953002958579882,spatial_louvain_manualiter_0_80_density,1.0
artificial_graph_sbmv5_comuAndEmb_0_60_pos_0_40_2,0.6,2,GT_pos,0.0792814951422313,0.5103538865708546,0.02464246478202904,0.5627936390532544,GT_pos_dist,1.0
artificial_graph_sbmv5_comuAndEmb_0_60_pos_0_40_2,0.6,2,GT_pos + Inferred_Commu normal,0.1025498389348891,0.6164297120486272,0.033282871458247675,0.6272235207100592,louvain_density,0.6057316
artificial_graph_sbmv5_comuAndEmb_0_60_pos_0_40_2,0.6,2,GT_pos + Inferred_Commu spatial manuel iter,0.10562508450810748,0.639996394168856,0.02689723792368283,0.6150171597633136,spatial_louvain_density,0.58189416
artificial_graph_sbmv5_comuAndEmb_0_60_pos_0_40_2,0.6,2,GT_pos + Inferred_Commu spatial manuel iter old,0.11614446374714643,0.6438340287436254,0.029115426133311344,0.6277599112426034,spatial_louvain_old_density,0.6087541
artificial_graph_sbmv5_comuAndEmb_0_60_pos_0_40_2,0.6,2,GT_pos + Inferred_Commu spatial manuel iter bined,0.09402533426739951,0.6014655128007005,0.02953622961476878,0.61743550295858,spatial_louvain_bined_density,0.576273
artificial_graph_sbmv5_comuAndEmb_0_60_pos_0_40_2,0.6,2,GT_pos + Inferred_Commu spatial manuel iter 0_20,0.10167179327382976,0.6255730695925411,0.029456331307387326,0.6094568047337279,spatial_louvain_manualiter_0_20_density,0.5890443
artificial_graph_sbmv5_comuAndEmb_0_60_pos_0_40_2,0.6,2,GT_pos + Inferred_Commu spatial manuel iter 0_50,0.10141329962442257,0.6184386751146139,0.03424232554171694,0.6353430473372781,spatial_louvain_manualiter_0_50_density,0.5991874
artificial_graph_sbmv5_comuAndEmb_0_60_pos_0_40_2,0.6,2,GT_pos + Inferred_Commu spatial manuel iter 0_80,0.08164001461965137,0.5573327151908515,0.027563172201683105,0.6231960059171597,spatial_louvain_manualiter_0_80_density,0.5044269
artificial_graph_sbmv5_comuAndEmb_0_60_pos_0_40_2,0.6,2,SiNEcustom_spatial,0.20613773583044726,0.6828027610364189,0.03663139598899996,0.6431292899408285,SiNEcustom_spatial_dist,1.0
artificial_graph_sbmv5_comuAndEmb_0_60_pos_0_40_2,0.6,2,SiNEcustom_spatial_bined,0.27574673207257044,0.6312264977077217,0.04325744677161316,0.6528343195266273,SiNEcustom_spatial_bined_dist,1.0
artificial_graph_sbmv5_comuAndEmb_0_60_pos_0_40_2,0.6,2,SiNE_spatial,0.11313829659026096,0.639944882295369,0.03512594434984025,0.6598109467455621,SiNE_spatial_dist,1.0
artificial_graph_sbmv5_comuAndEmb_0_60_pos_0_40_2,0.6,2,SiNE_spatial_bined,0.08295305013104588,0.5631149229897492,0.02571731476038553,0.6034652366863904,SiNE_spatial_bined_dist,1.0
artificial_graph_sbmv5_comuAndEmb_0_60_pos_0_40_2,0.6,2,deepwalk,0.1356611853650343,0.6916756812445268,0.03788990274962313,0.6779463017751479,deepwalk_dist,1.0
artificial_graph_sbmv5_comuAndEmb_0_60_pos_0_40_2,0.6,2,GT_pos + SiNEcustom_spatial,0.14096695964918032,0.6849791376912379,0.038229812419855,0.6618349112426036,SiNEcustom_spatial_dist,0.57757527
artificial_graph_sbmv5_comuAndEmb_0_60_pos_0_40_2,0.6,2,GT_pos + SiNEcustom_spatial_bined,0.13070481409688534,0.6411811672590532,0.03639497306526015,0.6546724852071006,SiNEcustom_spatial_bined_dist,0.54872423
artificial_graph_sbmv5_comuAndEmb_0_60_pos_0_40_2,0.6,2,GT_pos + SiNE_spatial,0.11330739104447199,0.6315742028537576,0.03276229495236205,0.669125,SiNE_spatial_dist,0.53026325
artificial_graph_sbmv5_comuAndEmb_0_60_pos_0_40_2,0.6,2,GT_pos + SiNE_spatial_bined,0.08153929664173364,0.5600757224540256,0.030597384183392213,0.629480473372781,SiNE_spatial_bined_dist,0.5477324
artificial_graph_sbmv5_comuAndEmb_0_60_pos_0_40_2,0.6,2,GT_pos + deepwalk,0.11398254735758584,0.6500540874671611,0.0343742065970103,0.6673782544378698,deepwalk_dist,0.5429239
artificial_graph_sbmv5_comuAndEmb_0_50_pos_0_50_2,0.5,2,Inferred_Commu_normal,0.12091702881571385,0.6595311280249805,0.03223248201463761,0.634108768161004,louvain_density,1.0
artificial_graph_sbmv5_comuAndEmb_0_50_pos_0_50_2,0.5,2,Inferred_Commu_spatial_manuel_iter,0.10890975913309366,0.6410641100702577,0.017153286092685217,0.4168753179942337,spatial_louvain_density,1.0
artificial_graph_sbmv5_comuAndEmb_0_50_pos_0_50_2,0.5,2,Inferred_Commu_spatial_manuel_iter_old,0.09287317116348295,0.5421545667447306,0.02713069351632109,0.5738027870427949,spatial_louvain_old_density,1.0
artificial_graph_sbmv5_comuAndEmb_0_50_pos_0_50_2,0.5,2,Inferred_Commu_spatial_manuel_iter_bined,0.08899736988240177,0.5733191842310693,0.028455792310765483,0.5944794787721183,spatial_louvain_bined_density,1.0
artificial_graph_sbmv5_comuAndEmb_0_50_pos_0_50_2,0.5,2,Inferred_Commu_spatial_manuel_iter_0_20,0.09858584750730047,0.4883269906323185,0.027509403801643385,0.5669428741025495,spatial_louvain_manualiter_0_20_density,1.0
artificial_graph_sbmv5_comuAndEmb_0_50_pos_0_50_2,0.5,2,Inferred_Commu_spatial_manuel_iter_0_50,0.08782703173787436,0.5411909640905542,0.021818735756394054,0.475292272033467,spatial_louvain_manualiter_0_50_density,1.0
artificial_graph_sbmv5_comuAndEmb_0_50_pos_0_50_2,0.5,2,Inferred_Commu_spatial_manuel_iter_0_80,0.08568374171185658,0.5664885831381733,0.030062811196096068,0.6010787777714963,spatial_louvain_manualiter_0_80_density,1.0
artificial_graph_sbmv5_comuAndEmb_0_50_pos_0_50_2,0.5,2,GT_pos,0.17453492906227658,0.6132903981264637,0.032949344848074685,0.6314815704675221,GT_pos_dist,1.0
artificial_graph_sbmv5_comuAndEmb_0_50_pos_0_50_2,0.5,2,GT_pos + Inferred_Commu normal,0.16144840328263982,0.6441744730679158,0.0365733069567366,0.6405250438125389,GT_pos_dist,0.59052825
artificial_graph_sbmv5_comuAndEmb_0_50_pos_0_50_2,0.5,2,GT_pos + Inferred_Commu spatial manuel iter,0.1727788184338208,0.6712895199063232,0.0280151262218592,0.5778811690881339,GT_pos_dist,0.50147736
artificial_graph_sbmv5_comuAndEmb_0_50_pos_0_50_2,0.5,2,GT_pos + Inferred_Commu spatial manuel iter old,0.11588087142813541,0.617705893832943,0.03641381242575391,0.6171808751201311,GT_pos_dist,0.526042
artificial_graph_sbmv5_comuAndEmb_0_50_pos_0_50_2,0.5,2,GT_pos + Inferred_Commu spatial manuel iter bined,0.11591687847520575,0.6293545081967213,0.05110192964542386,0.6501834473401549,GT_pos_dist,0.5105288
artificial_graph_sbmv5_comuAndEmb_0_50_pos_0_50_2,0.5,2,GT_pos + Inferred_Commu spatial manuel iter 0_20,0.11979050031326449,0.5712090163934427,0.03426280279618648,0.6248872180451128,GT_pos_dist,0.5329827
artificial_graph_sbmv5_comuAndEmb_0_50_pos_0_50_2,0.5,2,GT_pos + Inferred_Commu spatial manuel iter 0_50,0.1157863937504405,0.6006781811085089,0.0336582797783415,0.6023254564983888,GT_pos_dist,0.55026495
artificial_graph_sbmv5_comuAndEmb_0_50_pos_0_50_2,0.5,2,GT_pos + Inferred_Commu spatial manuel iter 0_80,0.11994167468132919,0.6509806791569087,0.03587329813305039,0.6399903895076037,spatial_louvain_manualiter_0_80_density,0.51946276
artificial_graph_sbmv5_comuAndEmb_0_50_pos_0_50_2,0.5,2,SiNEcustom_spatial,0.10579766547995118,0.5939573575331772,0.037159653974907295,0.636500791452315,SiNEcustom_spatial_dist,1.0
artificial_graph_sbmv5_comuAndEmb_0_50_pos_0_50_2,0.5,2,SiNEcustom_spatial_bined,0.10634881352571837,0.6061182669789227,0.03758846061905917,0.6446290067273447,SiNEcustom_spatial_bined_dist,1.0
artificial_graph_sbmv5_comuAndEmb_0_50_pos_0_50_2,0.5,2,SiNE_spatial,0.13194739817991133,0.6590920179547228,0.026497350988177903,0.5721258974503929,SiNE_spatial_dist,1.0
artificial_graph_sbmv5_comuAndEmb_0_50_pos_0_50_2,0.5,2,SiNE_spatial_bined,0.10405937393562731,0.5939695550351288,0.029500588235385424,0.620801204138165,SiNE_spatial_bined_dist,1.0
artificial_graph_sbmv5_comuAndEmb_0_50_pos_0_50_2,0.5,2,deepwalk,0.1298639981052728,0.6423082552693209,0.040485333131540534,0.6708084120074622,deepwalk_dist,1.0
artificial_graph_sbmv5_comuAndEmb_0_50_pos_0_50_2,0.5,2,GT_pos + SiNEcustom_spatial,0.14558339431438488,0.6513588017174083,0.048510892835627026,0.685237859686811,SiNEcustom_spatial_dist,0.50749844
artificial_graph_sbmv5_comuAndEmb_0_50_pos_0_50_2,0.5,2,GT_pos + SiNEcustom_spatial_bined,0.13767161644843545,0.6736924277907885,0.03956860479919398,0.6800874837469613,SiNEcustom_spatial_bined_dist,0.501626
artificial_graph_sbmv5_comuAndEmb_0_50_pos_0_50_2,0.5,2,GT_pos + SiNE_spatial,0.18035179500900417,0.6835846018735363,0.036469506143782734,0.645259765956244,GT_pos_dist,0.5084475
artificial_graph_sbmv5_comuAndEmb_0_50_pos_0_50_2,0.5,2,GT_pos + SiNE_spatial_bined,0.1985603407392364,0.6733508977361436,0.03839302861580937,0.6806242580134547,GT_pos_dist,0.51768345
artificial_graph_sbmv5_comuAndEmb_0_50_pos_0_50_2,0.5,2,GT_pos + deepwalk,0.17264071974615058,0.6753024980483997,0.04827625629733348,0.7046381932274294,GT_pos_dist,0.51008976
artificial_graph_sbmv5_comuAndEmb_0_40_pos_0_60_2,0.3999999999999999,2,Inferred_Commu_normal,0.1610790228294941,0.6904581058628055,0.03515822525560357,0.6504174543163201,louvain_density,1.0
artificial_graph_sbmv5_comuAndEmb_0_40_pos_0_60_2,0.3999999999999999,2,Inferred_Commu_spatial_manuel_iter,0.07783848936803525,0.5416686446712558,0.023579859607335205,0.5505584436042849,spatial_louvain_density,1.0
artificial_graph_sbmv5_comuAndEmb_0_40_pos_0_60_2,0.3999999999999999,2,Inferred_Commu_spatial_manuel_iter_old,0.07920494498827206,0.5605388084500356,0.02095970494251166,0.542009031716026,spatial_louvain_old_density,1.0
artificial_graph_sbmv5_comuAndEmb_0_40_pos_0_60_2,0.3999999999999999,2,Inferred_Commu_spatial_manuel_iter_bined,0.07262395446274683,0.535782103014479,0.023702268734051624,0.5372493961352657,spatial_louvain_bined_density,1.0
artificial_graph_sbmv5_comuAndEmb_0_40_pos_0_60_2,0.3999999999999999,2,Inferred_Commu_spatial_manuel_iter_0_20,0.07823487680244157,0.5106574887253739,0.02388276442802445,0.5382755723587482,spatial_louvain_manualiter_0_20_density,1.0
artificial_graph_sbmv5_comuAndEmb_0_40_pos_0_60_2,0.3999999999999999,2,Inferred_Commu_spatial_manuel_iter_0_50,0.09555641734583331,0.5865535248041776,0.029951876047800034,0.571211011342155,spatial_louvain_manualiter_0_50_density,1.0
artificial_graph_sbmv5_comuAndEmb_0_40_pos_0_60_2,0.3999999999999999,2,Inferred_Commu_spatial_manuel_iter_0_80,0.06950454474546812,0.5240920958936625,0.018203846232533828,0.4660255198487713,spatial_louvain_manualiter_0_80_density,1.0
artificial_graph_sbmv5_comuAndEmb_0_40_pos_0_60_2,0.3999999999999999,2,GT_pos,0.11131968421909347,0.6463921196297175,0.037482175299771284,0.6536570573408949,GT_pos_dist,1.0
artificial_graph_sbmv5_comuAndEmb_0_40_pos_0_60_2,0.3999999999999999,2,GT_pos + Inferred_Commu normal,0.18532751671026382,0.7114170424875386,0.03604164428050991,0.6517841577399706,louvain_density,0.55670863
artificial_graph_sbmv5_comuAndEmb_0_40_pos_0_60_2,0.3999999999999999,2,GT_pos + Inferred_Commu spatial manuel iter,0.13387373341794417,0.6562307144552575,0.032445751107526,0.6301665879017013,GT_pos_dist,0.5267826
artificial_graph_sbmv5_comuAndEmb_0_40_pos_0_60_2,0.3999999999999999,2,GT_pos + Inferred_Commu spatial manuel iter old,0.11952573140399766,0.633016852599098,0.041378902475497276,0.6545790012602395,GT_pos_dist,0.53115094
artificial_graph_sbmv5_comuAndEmb_0_40_pos_0_60_2,0.3999999999999999,2,GT_pos + Inferred_Commu spatial manuel iter bined,0.10456416423409425,0.6691075243294564,0.03423603957366175,0.6272394192396555,GT_pos_dist,0.5397177
artificial_graph_sbmv5_comuAndEmb_0_40_pos_0_60_2,0.3999999999999999,2,GT_pos + Inferred_Commu spatial manuel iter 0_20,0.10541930707800932,0.640232613339663,0.030495903514973645,0.6019271161520688,GT_pos_dist,0.50114715
artificial_graph_sbmv5_comuAndEmb_0_40_pos_0_60_2,0.3999999999999999,2,GT_pos + Inferred_Commu spatial manuel iter 0_50,0.12236579352399049,0.6321742226441966,0.03590713993276201,0.6469013862633901,GT_pos_dist,0.56583333
artificial_graph_sbmv5_comuAndEmb_0_40_pos_0_60_2,0.3999999999999999,2,GT_pos + Inferred_Commu spatial manuel iter 0_80,0.1132365171059466,0.6564799430334678,0.029978411199149894,0.5924423703003571,GT_pos_dist,0.5174769
artificial_graph_sbmv5_comuAndEmb_0_40_pos_0_60_2,0.3999999999999999,2,SiNEcustom_spatial,0.11990210481080699,0.6138025160218371,0.03186876389403493,0.6330471539592523,SiNEcustom_spatial_dist,1.0
artificial_graph_sbmv5_comuAndEmb_0_40_pos_0_60_2,0.3999999999999999,2,SiNEcustom_spatial_bined,0.08131235646679624,0.5200688345596961,0.03299954080261818,0.6106599191346356,SiNEcustom_spatial_bined_dist,1.0
artificial_graph_sbmv5_comuAndEmb_0_40_pos_0_60_2,0.3999999999999999,2,SiNE_spatial,0.1284919782656148,0.632815096131023,0.03213229482769275,0.6478179479101029,SiNE_spatial_dist,1.0
artificial_graph_sbmv5_comuAndEmb_0_40_pos_0_60_2,0.3999999999999999,2,SiNE_spatial_bined,0.10155365390628342,0.6091265131735106,0.027922197685848704,0.5935641146817895,SiNE_spatial_bined_dist,1.0
artificial_graph_sbmv5_comuAndEmb_0_40_pos_0_60_2,0.3999999999999999,2,deepwalk,0.1394344691981368,0.6236292428198433,0.03662857354913469,0.6688132745221592,deepwalk_dist,1.0
artificial_graph_sbmv5_comuAndEmb_0_40_pos_0_60_2,0.3999999999999999,2,GT_pos + SiNEcustom_spatial,0.1823358615616281,0.7165558984096843,0.04010488240685123,0.6605831232934258,GT_pos_dist,0.5532773
artificial_graph_sbmv5_comuAndEmb_0_40_pos_0_60_2,0.3999999999999999,2,GT_pos + SiNEcustom_spatial_bined,0.14561401497855467,0.6598504628530739,0.03586711502669498,0.6584182682209619,GT_pos_dist,0.5328472
artificial_graph_sbmv5_comuAndEmb_0_40_pos_0_60_2,0.3999999999999999,2,GT_pos + SiNE_spatial,0.13869358702192763,0.6539876572513648,0.04247446127704892,0.6672731568998109,GT_pos_dist,0.5134967
artificial_graph_sbmv5_comuAndEmb_0_40_pos_0_60_2,0.3999999999999999,2,GT_pos + SiNE_spatial_bined,0.11830908667926096,0.6486233088060764,0.03765384132266503,0.643788988657845,GT_pos_dist,0.5267926
artificial_graph_sbmv5_comuAndEmb_0_40_pos_0_60_2,0.3999999999999999,2,GT_pos + deepwalk,0.11828035379157986,0.6846071682886306,0.048602452423913374,0.6983313642091997,deepwalk_dist,0.53193235
artificial_graph_sbmv5_comuAndEmb_0_30_pos_0_70_2,0.29999999999999993,2,Inferred_Commu_normal,0.12131933884527273,0.6729824987846378,0.031204694312685986,0.6459780521262003,louvain_density,1.0
artificial_graph_sbmv5_comuAndEmb_0_30_pos_0_70_2,0.29999999999999993,2,Inferred_Commu_spatial_manuel_iter,0.08051004502394286,0.5374331550802139,0.018105611542934243,0.4685093278463649,spatial_louvain_density,1.0
artificial_graph_sbmv5_comuAndEmb_0_30_pos_0_70_2,0.29999999999999993,2,Inferred_Commu_spatial_manuel_iter_old,0.07725852787689502,0.5514827418570735,0.023271687797969672,0.5434069958847737,spatial_louvain_old_density,1.0
artificial_graph_sbmv5_comuAndEmb_0_30_pos_0_70_2,0.29999999999999993,2,Inferred_Commu_spatial_manuel_iter_bined,0.10782336726539764,0.5565751093825959,0.021069461255447657,0.5296207133058984,spatial_louvain_bined_density,1.0
artificial_graph_sbmv5_comuAndEmb_0_30_pos_0_70_2,0.29999999999999993,2,Inferred_Commu_spatial_manuel_iter_0_20,0.12747083052451091,0.6348930481283424,0.03725042410990544,0.6581962962962963,spatial_louvain_manualiter_0_20_density,1.0
artificial_graph_sbmv5_comuAndEmb_0_30_pos_0_70_2,0.29999999999999993,2,Inferred_Commu_spatial_manuel_iter_0_50,0.08389320814392344,0.5564900340301411,0.02006179543860137,0.4919224965706447,spatial_louvain_manualiter_0_50_density,1.0
artificial_graph_sbmv5_comuAndEmb_0_30_pos_0_70_2,0.29999999999999993,2,Inferred_Commu_spatial_manuel_iter_0_80,0.06894711586069543,0.5082280019445795,0.020121155734370684,0.49656159122085053,spatial_louvain_manualiter_0_80_density,1.0
artificial_graph_sbmv5_comuAndEmb_0_30_pos_0_70_2,0.29999999999999993,2,GT_pos,0.15264763135152676,0.6821706368497812,0.03421657854314991,0.6423891632373114,GT_pos_dist,1.0
artificial_graph_sbmv5_comuAndEmb_0_30_pos_0_70_2,0.29999999999999993,2,GT_pos + Inferred_Commu normal,0.1559627267046599,0.6782814778804083,0.03852834225232918,0.6339824417009601,louvain_density,0.5351353
artificial_graph_sbmv5_comuAndEmb_0_30_pos_0_70_2,0.29999999999999993,2,GT_pos + Inferred_Commu spatial manuel iter,0.14364561667406323,0.6961959163830822,0.03188322904846975,0.6247755829903978,GT_pos_dist,0.65697986
artificial_graph_sbmv5_comuAndEmb_0_30_pos_0_70_2,0.29999999999999993,2,GT_pos + Inferred_Commu spatial manuel iter old,0.17130421466113765,0.7148395721925134,0.02892735747339831,0.6302934156378601,GT_pos_dist,0.556157
artificial_graph_sbmv5_comuAndEmb_0_30_pos_0_70_2,0.29999999999999993,2,GT_pos + Inferred_Commu spatial manuel iter bined,0.15144974765600425,0.7019081186193485,0.033495039765017366,0.6388855967078189,GT_pos_dist,0.58096176
artificial_graph_sbmv5_comuAndEmb_0_30_pos_0_70_2,0.29999999999999993,2,GT_pos + Inferred_Commu spatial manuel iter 0_20,0.1525153728184612,0.6832401555663588,0.036737549323071425,0.6311991769547325,GT_pos_dist,0.51119274
artificial_graph_sbmv5_comuAndEmb_0_30_pos_0_70_2,0.29999999999999993,2,GT_pos + Inferred_Commu spatial manuel iter 0_50,0.13563810215179292,0.6554083616917841,0.027861351493550415,0.6130159122085048,GT_pos_dist,0.5761458
artificial_graph_sbmv5_comuAndEmb_0_30_pos_0_70_2,0.29999999999999993,2,GT_pos + Inferred_Commu spatial manuel iter 0_80,0.12277724242060967,0.6665046183762762,0.030572309716019926,0.613325377229081,GT_pos_dist,0.65743345
artificial_graph_sbmv5_comuAndEmb_0_30_pos_0_70_2,0.29999999999999993,2,SiNEcustom_spatial,0.09573866922580103,0.5469737481769568,0.028352621322192587,0.5891951989026063,SiNEcustom_spatial_dist,1.0
artificial_graph_sbmv5_comuAndEmb_0_30_pos_0_70_2,0.29999999999999993,2,SiNEcustom_spatial_bined,0.10286132346147021,0.5595162858531842,0.03258658538368011,0.6304496570644719,SiNEcustom_spatial_bined_dist,1.0
artificial_graph_sbmv5_comuAndEmb_0_30_pos_0_70_2,0.29999999999999993,2,SiNE_spatial,0.10912140911860355,0.6431939718035975,0.032552802961668896,0.6245255144032923,SiNE_spatial_dist,1.0
artificial_graph_sbmv5_comuAndEmb_0_30_pos_0_70_2,0.29999999999999993,2,SiNE_spatial_bined,0.10865980501655567,0.6597228974234322,0.027602171607463782,0.6040877914951989,SiNE_spatial_bined_dist,1.0
artificial_graph_sbmv5_comuAndEmb_0_30_pos_0_70_2,0.29999999999999993,2,deepwalk,0.12825258343633147,0.6513490520175012,0.042828438957891776,0.6696976680384088,deepwalk_dist,1.0
artificial_graph_sbmv5_comuAndEmb_0_30_pos_0_70_2,0.29999999999999993,2,GT_pos + SiNEcustom_spatial,0.16368495586350962,0.6683033543996111,0.041182958875559963,0.6591015089163238,GT_pos_dist,0.5516719
artificial_graph_sbmv5_comuAndEmb_0_30_pos_0_70_2,0.29999999999999993,2,GT_pos + SiNEcustom_spatial_bined,0.14550896545376873,0.6355858045697618,0.03994239061812057,0.6677338820301782,GT_pos_dist,0.5410791
artificial_graph_sbmv5_comuAndEmb_0_30_pos_0_70_2,0.29999999999999993,2,GT_pos + SiNE_spatial,0.1489429714258883,0.6788040836169178,0.03706755879361304,0.6753408779149521,GT_pos_dist,0.5615792
artificial_graph_sbmv5_comuAndEmb_0_30_pos_0_70_2,0.29999999999999993,2,GT_pos + SiNE_spatial_bined,0.1678698605059857,0.6959893048128343,0.03516688445807498,0.655150205761317,GT_pos_dist,0.5681649
artificial_graph_sbmv5_comuAndEmb_0_30_pos_0_70_2,0.29999999999999993,2,GT_pos + deepwalk,0.18759369744946153,0.7171609139523578,0.0427744428029893,0.6863773662551441,GT_pos_dist,0.5155104
artificial_graph_sbmv5_comuAndEmb_0_20_pos_0_80_2,0.19999999999999996,2,Inferred_Commu_normal,0.14513225482283942,0.7120906625877772,0.04120605213725502,0.7076559752783845,louvain_density,1.0
artificial_graph_sbmv5_comuAndEmb_0_20_pos_0_80_2,0.19999999999999996,2,Inferred_Commu_spatial_manuel_iter,0.0922788147985882,0.587105147280354,0.020881289142247274,0.5055846075976344,spatial_louvain_density,1.0
artificial_graph_sbmv5_comuAndEmb_0_20_pos_0_80_2,0.19999999999999996,2,Inferred_Commu_spatial_manuel_iter_old,0.08049366085163645,0.5095251338385594,0.02067752199863345,0.5191854920347381,spatial_louvain_old_density,1.0
artificial_graph_sbmv5_comuAndEmb_0_20_pos_0_80_2,0.19999999999999996,2,Inferred_Commu_spatial_manuel_iter_bined,0.07051262600788834,0.5145310435931307,0.02062723166505917,0.5200262400767223,spatial_louvain_bined_density,1.0
artificial_graph_sbmv5_comuAndEmb_0_20_pos_0_80_2,0.19999999999999996,2,Inferred_Commu_spatial_manuel_iter_0_20,0.1502392110675667,0.7299126283343762,0.04073757181210168,0.6881865043422665,spatial_louvain_manualiter_0_20_density,1.0
artificial_graph_sbmv5_comuAndEmb_0_20_pos_0_80_2,0.19999999999999996,2,Inferred_Commu_spatial_manuel_iter_0_50,0.11034661235975506,0.6036640478342487,0.03765177987486201,0.6351710266929511,spatial_louvain_manualiter_0_50_density,1.0
artificial_graph_sbmv5_comuAndEmb_0_20_pos_0_80_2,0.19999999999999996,2,Inferred_Commu_spatial_manuel_iter_0_80,0.08263052831582315,0.5417275023754895,0.024546271002584837,0.5761098087271566,spatial_louvain_manualiter_0_80_density,1.0
artificial_graph_sbmv5_comuAndEmb_0_20_pos_0_80_2,0.19999999999999996,2,GT_pos,0.18925600146342184,0.696134325245081,0.049687221879557576,0.7070894826575735,GT_pos_dist,1.0
artificial_graph_sbmv5_comuAndEmb_0_20_pos_0_80_2,0.19999999999999996,2,GT_pos + Inferred_Commu normal,0.19478243111662255,0.7274096734570906,0.049234829052353164,0.7054022590441686,louvain_density,0.7615158
artificial_graph_sbmv5_comuAndEmb_0_20_pos_0_80_2,0.19999999999999996,2,GT_pos + Inferred_Commu spatial manuel iter,0.16176402376449217,0.6842916405942201,0.051758602618727764,0.6834904629974958,GT_pos_dist,0.6231743
artificial_graph_sbmv5_comuAndEmb_0_20_pos_0_80_2,0.19999999999999996,2,GT_pos + Inferred_Commu spatial manuel iter old,0.16695044961303834,0.6559132308975875,0.04049195788464832,0.6809430443816933,GT_pos_dist,0.5769068
artificial_graph_sbmv5_comuAndEmb_0_20_pos_0_80_2,0.19999999999999996,2,GT_pos + Inferred_Commu spatial manuel iter bined,0.1589504651370764,0.6995411249391643,0.04598208337668588,0.6847285417443657,GT_pos_dist,0.5651521
artificial_graph_sbmv5_comuAndEmb_0_20_pos_0_80_2,0.19999999999999996,2,GT_pos + Inferred_Commu spatial manuel iter 0_20,0.21768436790383575,0.7364597093791282,0.04477918586477228,0.6848762587244925,spatial_louvain_manualiter_0_20_density,0.6722572
artificial_graph_sbmv5_comuAndEmb_0_20_pos_0_80_2,0.19999999999999996,2,GT_pos + Inferred_Commu spatial manuel iter 0_50,0.16151807848542735,0.680548796032353,0.051884467189345654,0.6895556502743886,GT_pos_dist,0.54471564
artificial_graph_sbmv5_comuAndEmb_0_20_pos_0_80_2,0.19999999999999996,2,GT_pos + Inferred_Commu spatial manuel iter 0_80,0.1490000262726171,0.6508725578808315,0.04233786389481354,0.6788651499813523,GT_pos_dist,0.53097636
artificial_graph_sbmv5_comuAndEmb_0_20_pos_0_80_2,0.19999999999999996,2,SiNEcustom_spatial,0.10276956162611509,0.6250086908155461,0.030930228039269356,0.6171428951995311,SiNEcustom_spatial_dist,1.0
artificial_graph_sbmv5_comuAndEmb_0_20_pos_0_80_2,0.19999999999999996,2,SiNEcustom_spatial_bined,0.09728315685777777,0.5721801200491321,0.0324109648408674,0.6319574830838084,SiNEcustom_spatial_bined_dist,1.0
artificial_graph_sbmv5_comuAndEmb_0_20_pos_0_80_2,0.19999999999999996,2,SiNE_spatial,0.14409348315713644,0.6862152077684303,0.03182675011379271,0.6483402152485482,SiNE_spatial_dist,1.0
artificial_graph_sbmv5_comuAndEmb_0_20_pos_0_80_2,0.19999999999999996,2,SiNE_spatial_bined,0.17173821759929866,0.6775707432385455,0.028888967073269517,0.6142065373754595,SiNE_spatial_bined_dist,1.0
artificial_graph_sbmv5_comuAndEmb_0_20_pos_0_80_2,0.19999999999999996,2,deepwalk,0.17008203060081256,0.6719738580268372,0.06726132066493984,0.6892683414140338,deepwalk_dist,1.0
artificial_graph_sbmv5_comuAndEmb_0_20_pos_0_80_2,0.19999999999999996,2,GT_pos + SiNEcustom_spatial,0.1463560810849991,0.6769565922732855,0.043743014013164085,0.6813163993819595,GT_pos_dist,0.56997716
artificial_graph_sbmv5_comuAndEmb_0_20_pos_0_80_2,0.19999999999999996,2,GT_pos + SiNEcustom_spatial_bined,0.20541819653824958,0.6819972652900415,0.045895679208885445,0.7045451276040279,GT_pos_dist,0.5559109
artificial_graph_sbmv5_comuAndEmb_0_20_pos_0_80_2,0.19999999999999996,2,GT_pos + SiNE_spatial,0.1911490718631352,0.7299126283343762,0.05464179273328718,0.7217530236027492,GT_pos_dist,0.5560817
artificial_graph_sbmv5_comuAndEmb_0_20_pos_0_80_2,0.19999999999999996,2,GT_pos + SiNE_spatial_bined,0.2139555707864158,0.7070268140628984,0.04145189268842076,0.6938421066652458,GT_pos_dist,0.52115786
artificial_graph_sbmv5_comuAndEmb_0_20_pos_0_80_2,0.19999999999999996,2,GT_pos + deepwalk,0.25120712076514273,0.7165055968852118,0.06186990629196087,0.7393952794501573,deepwalk_dist,0.5328846
artificial_graph_sbmv5_comuAndEmb_0_10_pos_0_90_2,0.09999999999999998,2,Inferred_Commu_normal,0.1746288613935965,0.7658220055161544,0.04717709015325724,0.7450448659468144,louvain_density,1.0
artificial_graph_sbmv5_comuAndEmb_0_10_pos_0_90_2,0.09999999999999998,2,Inferred_Commu_spatial_manuel_iter,0.08350131881816822,0.5828654452324665,0.02331428824133255,0.5588217753026238,spatial_louvain_density,1.0
artificial_graph_sbmv5_comuAndEmb_0_10_pos_0_90_2,0.09999999999999998,2,Inferred_Commu_spatial_manuel_iter_old,0.08252461732188732,0.5240592986603626,0.020452550990998658,0.5088574501981182,spatial_louvain_old_density,1.0
artificial_graph_sbmv5_comuAndEmb_0_10_pos_0_90_2,0.09999999999999998,2,Inferred_Commu_spatial_manuel_iter_bined,0.07974214529228466,0.5859682821118992,0.020205651060759562,0.50420786753993,spatial_louvain_bined_density,1.0
artificial_graph_sbmv5_comuAndEmb_0_10_pos_0_90_2,0.09999999999999998,2,Inferred_Commu_spatial_manuel_iter_0_20,0.18440572187640647,0.7629777383766745,0.04409927634443316,0.7057943110796423,spatial_louvain_manualiter_0_20_density,1.0
artificial_graph_sbmv5_comuAndEmb_0_10_pos_0_90_2,0.09999999999999998,2,Inferred_Commu_spatial_manuel_iter_0_50,0.12336512303845173,0.6675039401103231,0.02976157367901973,0.5803333287945426,spatial_louvain_manualiter_0_50_density,1.0
artificial_graph_sbmv5_comuAndEmb_0_10_pos_0_90_2,0.09999999999999998,2,Inferred_Commu_spatial_manuel_iter_0_80,0.12269322863968467,0.641868597320725,0.019708614939434013,0.49627006712871563,spatial_louvain_manualiter_0_80_density,1.0
artificial_graph_sbmv5_comuAndEmb_0_10_pos_0_90_2,0.09999999999999998,2,GT_pos,0.17787447396657724,0.6913908589440504,0.0475242172236133,0.7074828774118,GT_pos_dist,1.0
artificial_graph_sbmv5_comuAndEmb_0_10_pos_0_90_2,0.09999999999999998,2,GT_pos + Inferred_Commu normal,0.21853637942843007,0.7472542356185973,0.05072784800498232,0.7315620702332485,louvain_density,0.76971835
artificial_graph_sbmv5_comuAndEmb_0_10_pos_0_90_2,0.09999999999999998,2,GT_pos + Inferred_Commu spatial manuel iter,0.18997534580197895,0.7155486603624901,0.040387204122335256,0.6783675331218257,GT_pos_dist,0.6423333
artificial_graph_sbmv5_comuAndEmb_0_10_pos_0_90_2,0.09999999999999998,2,GT_pos + Inferred_Commu spatial manuel iter old,0.16367435174347658,0.6731309101654847,0.04404574087148992,0.6807798096431149,GT_pos_dist,0.6229602
artificial_graph_sbmv5_comuAndEmb_0_10_pos_0_90_2,0.09999999999999998,2,GT_pos + Inferred_Commu spatial manuel iter bined,0.16733987769685646,0.6979905437352245,0.034750602706153155,0.6611542598820822,GT_pos_dist,0.5678616
artificial_graph_sbmv5_comuAndEmb_0_10_pos_0_90_2,0.09999999999999998,2,GT_pos + Inferred_Commu spatial manuel iter 0_20,0.1849272827613616,0.7633101851851851,0.05647582936483428,0.7295682248335398,spatial_louvain_manualiter_0_20_density,0.7595693
artificial_graph_sbmv5_comuAndEmb_0_10_pos_0_90_2,0.09999999999999998,2,GT_pos + Inferred_Commu spatial manuel iter 0_50,0.1740773521179166,0.7259899527186762,0.050454331197697405,0.711435982625509,GT_pos_dist,0.54391086
artificial_graph_sbmv5_comuAndEmb_0_10_pos_0_90_2,0.09999999999999998,2,GT_pos + Inferred_Commu spatial manuel iter 0_80,0.17504517124718935,0.6806171197793538,0.039248854545962254,0.6829366430195667,GT_pos_dist,0.6083557
artificial_graph_sbmv5_comuAndEmb_0_10_pos_0_90_2,0.09999999999999998,2,SiNEcustom_spatial,0.12401086871044315,0.6459195232466508,0.036097418223596724,0.6753732928473196,SiNEcustom_spatial_dist,1.0
artificial_graph_sbmv5_comuAndEmb_0_10_pos_0_90_2,0.09999999999999998,2,SiNEcustom_spatial_bined,0.13417832994606887,0.696808510638298,0.035956579191202445,0.668806661129342,SiNEcustom_spatial_bined_dist,1.0
artificial_graph_sbmv5_comuAndEmb_0_10_pos_0_90_2,0.09999999999999998,2,SiNE_spatial,0.14126571565230348,0.7041715918045706,0.03494829643531871,0.682475864980052,SiNE_spatial_dist,1.0
artificial_graph_sbmv5_comuAndEmb_0_10_pos_0_90_2,0.09999999999999998,2,SiNE_spatial_bined,0.16250825263351856,0.7035190110323088,0.04317210025345829,0.7096907721844745,SiNE_spatial_bined_dist,1.0
artificial_graph_sbmv5_comuAndEmb_0_10_pos_0_90_2,0.09999999999999998,2,deepwalk,0.33548596997465696,0.8011229314420802,0.09905795417389965,0.7759764981413653,deepwalk_dist,1.0
artificial_graph_sbmv5_comuAndEmb_0_10_pos_0_90_2,0.09999999999999998,2,GT_pos + SiNEcustom_spatial,0.24034962159034673,0.7413686958234831,0.056749894057106745,0.7277223894010159,GT_pos_dist,0.59551364
artificial_graph_sbmv5_comuAndEmb_0_10_pos_0_90_2,0.09999999999999998,2,GT_pos + SiNEcustom_spatial_bined,0.22013753708573225,0.7571783884948778,0.0526485433361961,0.7303182146212606,GT_pos_dist,0.5711138
artificial_graph_sbmv5_comuAndEmb_0_10_pos_0_90_2,0.09999999999999998,2,GT_pos + SiNE_spatial,0.21690498287502105,0.7788489952718676,0.05540397856955545,0.7444486050026553,GT_pos_dist,0.54284936
artificial_graph_sbmv5_comuAndEmb_0_10_pos_0_90_2,0.09999999999999998,2,GT_pos + SiNE_spatial_bined,0.19449356832897624,0.733451536643026,0.06311445356496344,0.7518085265723505,GT_pos_dist,0.5719076
artificial_graph_sbmv5_comuAndEmb_0_10_pos_0_90_2,0.09999999999999998,2,GT_pos + deepwalk,0.2528016080306399,0.779895587076438,0.07875026659352934,0.7813793385166324,deepwalk_dist,0.5639982
artificial_graph_sbmv5_comuAndEmb_0_00_pos_1_00_2,0.0,2,Inferred_Commu_normal,0.15761991414749027,0.7121337323566197,0.05981329622068064,0.761478141339397,louvain_density,1.0
artificial_graph_sbmv5_comuAndEmb_0_00_pos_1_00_2,0.0,2,Inferred_Commu_spatial_manuel_iter,0.09433596547216286,0.553566642844381,0.024248226575182955,0.5561919810896571,spatial_louvain_density,1.0
artificial_graph_sbmv5_comuAndEmb_0_00_pos_1_00_2,0.0,2,Inferred_Commu_spatial_manuel_iter_old,0.07625819278074383,0.5151197069858853,0.020594727097644167,0.5119843013322027,spatial_louvain_old_density,1.0
artificial_graph_sbmv5_comuAndEmb_0_00_pos_1_00_2,0.0,2,Inferred_Commu_spatial_manuel_iter_bined,0.08605429514793081,0.5134447025192067,0.023953989822813753,0.5319521845813903,spatial_louvain_bined_density,1.0
artificial_graph_sbmv5_comuAndEmb_0_00_pos_1_00_2,0.0,2,Inferred_Commu_spatial_manuel_iter_0_20,0.17871563371641236,0.7606418617116313,0.06251977823718939,0.7949572847214192,spatial_louvain_manualiter_0_20_density,1.0
artificial_graph_sbmv5_comuAndEmb_0_00_pos_1_00_2,0.0,2,Inferred_Commu_spatial_manuel_iter_0_50,0.1349432908207909,0.7018268715383241,0.04639516469731575,0.7599158541128711,spatial_louvain_manualiter_0_50_density,1.0
artificial_graph_sbmv5_comuAndEmb_0_00_pos_1_00_2,0.0,2,Inferred_Commu_spatial_manuel_iter_0_80,0.09471543187952595,0.5487761300696803,0.027986952205942175,0.6090945645610925,spatial_louvain_manualiter_0_80_density,1.0
artificial_graph_sbmv5_comuAndEmb_0_00_pos_1_00_2,0.0,2,GT_pos,0.17285832181962163,0.7055007146685723,0.0694732485282866,0.7707308487814906,GT_pos_dist,1.0
artificial_graph_sbmv5_comuAndEmb_0_00_pos_1_00_2,0.0,2,GT_pos + Inferred_Commu normal,0.2501937289592721,0.7409549758799356,0.07541668366586063,0.7912177387238088,louvain_density,0.806127
artificial_graph_sbmv5_comuAndEmb_0_00_pos_1_00_2,0.0,2,GT_pos + Inferred_Commu spatial manuel iter,0.16524228944820277,0.6782874754332677,0.060021810363196045,0.7599901080407497,GT_pos_dist,0.6444992
artificial_graph_sbmv5_comuAndEmb_0_00_pos_1_00_2,0.0,2,GT_pos + Inferred_Commu spatial manuel iter old,0.20318292067551652,0.6982200285867428,0.052390931136017636,0.7577975616962784,GT_pos_dist,0.6463665
artificial_graph_sbmv5_comuAndEmb_0_00_pos_1_00_2,0.0,2,GT_pos + Inferred_Commu spatial manuel iter bined,0.19154041696456642,0.6990686975165268,0.056516270072286184,0.7487464189822843,GT_pos_dist,0.6317491
artificial_graph_sbmv5_comuAndEmb_0_00_pos_1_00_2,0.0,2,GT_pos + Inferred_Commu spatial manuel iter 0_20,0.2928628602557499,0.7795917455779882,0.0814918870005195,0.7816005703934945,spatial_louvain_manualiter_0_20_density,0.7612077
artificial_graph_sbmv5_comuAndEmb_0_00_pos_1_00_2,0.0,2,GT_pos + Inferred_Commu spatial manuel iter 0_50,0.22874166623807973,0.7274879399678399,0.046921780123685065,0.7302230187176424,GT_pos_dist,0.53841335
artificial_graph_sbmv5_comuAndEmb_0_00_pos_1_00_2,0.0,2,GT_pos + Inferred_Commu spatial manuel iter 0_80,0.15675607086535673,0.6869863319635519,0.05712662791482131,0.7518157526239386,GT_pos_dist,0.6488845
artificial_graph_sbmv5_comuAndEmb_0_00_pos_1_00_2,0.0,2,SiNEcustom_spatial,0.13335313046196962,0.7075777202072538,0.04820740024621471,0.756148816176565,SiNEcustom_spatial_dist,1.0
artificial_graph_sbmv5_comuAndEmb_0_00_pos_1_00_2,0.0,2,SiNEcustom_spatial_bined,0.21841397434693416,0.7954931213149903,0.0635005019673889,0.777204943410285,SiNEcustom_spatial_bined_dist,1.0
artificial_graph_sbmv5_comuAndEmb_0_00_pos_1_00_2,0.0,2,SiNE_spatial,0.18620198673264488,0.7815235840628909,0.06138200277141566,0.7756286532804049,SiNE_spatial_dist,1.0
artificial_graph_sbmv5_comuAndEmb_0_00_pos_1_00_2,0.0,2,SiNE_spatial_bined,0.1434225148061531,0.7393358048954797,0.0578544855840922,0.7965383281304195,SiNE_spatial_bined_dist,1.0
artificial_graph_sbmv5_comuAndEmb_0_00_pos_1_00_2,0.0,2,deepwalk,0.2068074121067922,0.8001049669465785,0.07979619088538066,0.8383972456674503,deepwalk_dist,1.0
artificial_graph_sbmv5_comuAndEmb_0_00_pos_1_00_2,0.0,2,GT_pos + SiNEcustom_spatial,0.2456156593287258,0.7577943541182777,0.07431771663401665,0.8130124227592143,GT_pos_dist,0.53425676
artificial_graph_sbmv5_comuAndEmb_0_00_pos_1_00_2,0.0,2,GT_pos + SiNEcustom_spatial_bined,0.23962493338830385,0.8149678399142398,0.10314470583694937,0.8294341028506828,GT_pos_dist,0.53588444
artificial_graph_sbmv5_comuAndEmb_0_00_pos_1_00_2,0.0,2,GT_pos + SiNE_spatial,0.2545835540315037,0.8123436662497767,0.09857603866333417,0.8347424878919849,SiNE_spatial_dist,0.56202316
artificial_graph_sbmv5_comuAndEmb_0_00_pos_1_00_2,0.0,2,GT_pos + SiNE_spatial_bined,0.2705825136449247,0.7922547793460784,0.09690485440823993,0.8245226808494238,SiNE_spatial_bined_dist,0.5630904
artificial_graph_sbmv5_comuAndEmb_0_00_pos_1_00_2,0.0,2,GT_pos + deepwalk,0.30107672350848264,0.8279770412721101,0.10162978034751954,0.8356048868848036,deepwalk_dist,0.5981966
artificial_graph_sbmv5_comuAndEmb_1_00_pos_0_00_3,1.0,3,Inferred_Commu_normal,0.20031395472610297,0.8057229691443878,0.04681000371452598,0.753901775147929,louvain_density,1.0
artificial_graph_sbmv5_comuAndEmb_1_00_pos_0_00_3,1.0,3,Inferred_Commu_spatial_manuel_iter,0.20280261748863437,0.8133982382939268,0.05193288888461624,0.7434289940828402,spatial_louvain_density,1.0
artificial_graph_sbmv5_comuAndEmb_1_00_pos_0_00_3,1.0,3,Inferred_Commu_spatial_manuel_iter_old,0.21144020737621877,0.8421418636995827,0.053491869481740895,0.7714705621301775,spatial_louvain_old_density,1.0
artificial_graph_sbmv5_comuAndEmb_1_00_pos_0_00_3,1.0,3,Inferred_Commu_spatial_manuel_iter_bined,0.20186323597437592,0.8108484005563281,0.05293598588692722,0.7469834319526627,spatial_louvain_bined_density,1.0
artificial_graph_sbmv5_comuAndEmb_1_00_pos_0_00_3,1.0,3,Inferred_Commu_spatial_manuel_iter_0_20,0.19834703234175216,0.7854272909905733,0.04821977610115376,0.758719674556213,spatial_louvain_manualiter_0_20_density,1.0
artificial_graph_sbmv5_comuAndEmb_1_00_pos_0_00_3,1.0,3,Inferred_Commu_spatial_manuel_iter_0_50,0.19638510870498332,0.8071266676969042,0.053274066795894456,0.7493902366863905,spatial_louvain_manualiter_0_50_density,1.0
artificial_graph_sbmv5_comuAndEmb_1_00_pos_0_00_3,1.0,3,Inferred_Commu_spatial_manuel_iter_0_80,0.21636153984328216,0.8369262865090402,0.04767732329123514,0.7574680473372781,spatial_louvain_manualiter_0_80_density,1.0
artificial_graph_sbmv5_comuAndEmb_1_00_pos_0_00_3,1.0,3,GT_pos,0.07368021623198001,0.5151316128367589,0.020498380382383233,0.5014764792899409,GT_pos_dist,1.0
artificial_graph_sbmv5_comuAndEmb_1_00_pos_0_00_3,1.0,3,GT_pos + Inferred_Commu normal,0.21150108556411298,0.8038299077937465,0.04297071978901023,0.704655473372781,louvain_density,0.7771438
artificial_graph_sbmv5_comuAndEmb_1_00_pos_0_00_3,1.0,3,GT_pos + Inferred_Commu spatial manuel iter,0.2182162303169152,0.7961546386442074,0.048561101266441184,0.7085744082840237,spatial_louvain_density,0.7869133
artificial_graph_sbmv5_comuAndEmb_1_00_pos_0_00_3,1.0,3,GT_pos + Inferred_Commu spatial manuel iter old,0.20890403885949135,0.8195281512388606,0.05241636936201259,0.7355115384615385,spatial_louvain_old_density,0.76933885
artificial_graph_sbmv5_comuAndEmb_1_00_pos_0_00_3,1.0,3,GT_pos + Inferred_Commu spatial manuel iter bined,0.20722467664746372,0.7713774274970381,0.04748516114047102,0.7167813609467455,spatial_louvain_bined_density,0.80836886
artificial_graph_sbmv5_comuAndEmb_1_00_pos_0_00_3,1.0,3,GT_pos + Inferred_Commu spatial manuel iter 0_20,0.21992525297152338,0.7679518879101632,0.04496754841308043,0.7115369822485207,spatial_louvain_manualiter_0_20_density,0.80645806
artificial_graph_sbmv5_comuAndEmb_1_00_pos_0_00_3,1.0,3,GT_pos + Inferred_Commu spatial manuel iter 0_50,0.20085414946926866,0.775549889249472,0.045131965871885435,0.708112426035503,spatial_louvain_manualiter_0_50_density,0.7742843
artificial_graph_sbmv5_comuAndEmb_1_00_pos_0_00_3,1.0,3,GT_pos + Inferred_Commu spatial manuel iter 0_80,0.2225699568686802,0.8048343893267398,0.04647187507347482,0.7302859467455621,spatial_louvain_manualiter_0_80_density,0.78503484
artificial_graph_sbmv5_comuAndEmb_1_00_pos_0_00_3,1.0,3,SiNEcustom_spatial,0.29302638264534286,0.862141348580848,0.12539672520469708,0.8515920118343197,SiNEcustom_spatial_dist,1.0
artificial_graph_sbmv5_comuAndEmb_1_00_pos_0_00_3,1.0,3,SiNEcustom_spatial_bined,0.34153158164090236,0.8559212898573121,0.1113794937529547,0.8405405325443787,SiNEcustom_spatial_bined_dist,1.0
artificial_graph_sbmv5_comuAndEmb_1_00_pos_0_00_3,1.0,3,SiNE_spatial,0.19870929551274968,0.7891103899448823,0.07621812794099136,0.8093156804733728,SiNE_spatial_dist,1.0
artificial_graph_sbmv5_comuAndEmb_1_00_pos_0_00_3,1.0,3,SiNE_spatial_bined,0.21077101485767596,0.8186782053263277,0.08444205116641669,0.810425,SiNE_spatial_bined_dist,1.0
artificial_graph_sbmv5_comuAndEmb_1_00_pos_0_00_3,1.0,3,deepwalk,0.3103917808870631,0.8272678102302581,0.11888160548378264,0.8315085798816568,deepwalk_dist,1.0
artificial_graph_sbmv5_comuAndEmb_1_00_pos_0_00_3,1.0,3,GT_pos + SiNEcustom_spatial,0.29858217817844196,0.8508344923504867,0.09082016326595627,0.8233721893491124,SiNEcustom_spatial_dist,0.7461763
artificial_graph_sbmv5_comuAndEmb_1_00_pos_0_00_3,1.0,3,GT_pos + SiNEcustom_spatial_bined,0.3543478982078096,0.8649487456858805,0.08909560395456548,0.8158776627218935,SiNEcustom_spatial_bined_dist,0.73967046
artificial_graph_sbmv5_comuAndEmb_1_00_pos_0_00_3,1.0,3,GT_pos + SiNE_spatial,0.17954443246824855,0.7864832843970535,0.05877390834969528,0.7840755917159763,SiNE_spatial_dist,0.7080833
artificial_graph_sbmv5_comuAndEmb_1_00_pos_0_00_3,1.0,3,GT_pos + SiNE_spatial_bined,0.19387610881718156,0.7767861742131561,0.06576405150035303,0.7730130177514793,SiNE_spatial_bined_dist,0.6786254
artificial_graph_sbmv5_comuAndEmb_1_00_pos_0_00_3,1.0,3,GT_pos + deepwalk,0.2912052310220616,0.7927806109308195,0.12364993488096988,0.8065692307692307,deepwalk_dist,0.71924144
artificial_graph_sbmv5_comuAndEmb_0_90_pos_0_10_3,0.9,3,Inferred_Commu_normal,0.13142179481381014,0.7119144821658789,0.03866877068960502,0.703976833976834,louvain_density,1.0
artificial_graph_sbmv5_comuAndEmb_0_90_pos_0_10_3,0.9,3,Inferred_Commu_spatial_manuel_iter,0.16844390248231414,0.7801085088096261,0.03758091029384733,0.7061185730683801,spatial_louvain_density,1.0
artificial_graph_sbmv5_comuAndEmb_0_90_pos_0_10_3,0.9,3,Inferred_Commu_spatial_manuel_iter_old,0.17094953551287176,0.7859368285345939,0.04832096079597363,0.7285071778894173,spatial_louvain_old_density,1.0
artificial_graph_sbmv5_comuAndEmb_0_90_pos_0_10_3,0.9,3,Inferred_Commu_spatial_manuel_iter_bined,0.19220532573436566,0.7802428018908465,0.06208857939814873,0.7221035762734604,spatial_louvain_bined_density,1.0
artificial_graph_sbmv5_comuAndEmb_0_90_pos_0_10_3,0.9,3,Inferred_Commu_spatial_manuel_iter_0_20,0.1663890237581994,0.7774092178770949,0.049465664983443826,0.7554947004367855,spatial_louvain_manualiter_0_20_density,1.0
artificial_graph_sbmv5_comuAndEmb_0_90_pos_0_10_3,0.9,3,Inferred_Commu_spatial_manuel_iter_0_50,0.17755575926590492,0.797150300816502,0.04237570544540781,0.7085687452482818,spatial_louvain_manualiter_0_50_density,1.0
artificial_graph_sbmv5_comuAndEmb_0_90_pos_0_10_3,0.9,3,Inferred_Commu_spatial_manuel_iter_0_80,0.1688906218619357,0.7595616673828964,0.03215254951092985,0.6642459116590391,spatial_louvain_manualiter_0_80_density,1.0
artificial_graph_sbmv5_comuAndEmb_0_90_pos_0_10_3,0.9,3,GT_pos,0.08519507478986392,0.597859368285346,0.020864341688363347,0.5193630088996883,GT_pos_dist,1.0
artificial_graph_sbmv5_comuAndEmb_0_90_pos_0_10_3,0.9,3,GT_pos + Inferred_Commu normal,0.1681335429461954,0.7171787709497206,0.0348537465542878,0.6643659158330972,louvain_density,0.7868386
artificial_graph_sbmv5_comuAndEmb_0_90_pos_0_10_3,0.9,3,GT_pos + Inferred_Commu spatial manuel iter,0.1847636902483747,0.7471529866781264,0.04308731671448464,0.7050834066278082,spatial_louvain_density,0.72701514
artificial_graph_sbmv5_comuAndEmb_0_90_pos_0_10_3,0.9,3,GT_pos + Inferred_Commu spatial manuel iter old,0.20808948000587763,0.7533976149548776,0.04478058439528185,0.7025095034361443,spatial_louvain_old_density,0.7359357
artificial_graph_sbmv5_comuAndEmb_0_90_pos_0_10_3,0.9,3,GT_pos + Inferred_Commu spatial manuel iter bined,0.2073487124456131,0.7448297163730124,0.038747123237587326,0.640094363530657,spatial_louvain_bined_density,0.7186287
artificial_graph_sbmv5_comuAndEmb_0_90_pos_0_10_3,0.9,3,GT_pos + Inferred_Commu spatial manuel iter 0_20,0.16649932138230222,0.7524441340782122,0.0423548824502058,0.715703403348191,spatial_louvain_manualiter_0_20_density,0.7352515
artificial_graph_sbmv5_comuAndEmb_0_90_pos_0_10_3,0.9,3,GT_pos + Inferred_Commu spatial manuel iter 0_50,0.17802411412875555,0.7387596691018478,0.039104891265645175,0.6864036016159568,spatial_louvain_manualiter_0_50_density,0.7156537
artificial_graph_sbmv5_comuAndEmb_0_90_pos_0_10_3,0.9,3,GT_pos + Inferred_Commu spatial manuel iter 0_80,0.1799485117136902,0.7006607219596046,0.027992327010923322,0.6156126175817296,spatial_louvain_manualiter_0_80_density,0.7439044
artificial_graph_sbmv5_comuAndEmb_0_90_pos_0_10_3,0.9,3,SiNEcustom_spatial,0.3008414695664464,0.7942898581865061,0.10873093354507053,0.7998109747916697,SiNEcustom_spatial_dist,1.0
artificial_graph_sbmv5_comuAndEmb_0_90_pos_0_10_3,0.9,3,SiNEcustom_spatial_bined,0.30729887344155615,0.8051004512247528,0.10247493029233998,0.7910654283627256,SiNEcustom_spatial_bined_dist,1.0
artificial_graph_sbmv5_comuAndEmb_0_90_pos_0_10_3,0.9,3,SiNE_spatial,0.22316367553653407,0.7803770949720671,0.0519055868534671,0.7096022718802643,SiNE_spatial_dist,1.0
artificial_graph_sbmv5_comuAndEmb_0_90_pos_0_10_3,0.9,3,SiNE_spatial_bined,0.22697916566899792,0.7524307047700902,0.044835595938631394,0.6917215008720801,SiNE_spatial_bined_dist,1.0
artificial_graph_sbmv5_comuAndEmb_0_90_pos_0_10_3,0.9,3,deepwalk,0.3534904131763534,0.8027906102277611,0.1061674928901439,0.7845485308805772,deepwalk_dist,1.0
artificial_graph_sbmv5_comuAndEmb_0_90_pos_0_10_3,0.9,3,GT_pos + SiNEcustom_spatial,0.2862586057864535,0.7834658358401374,0.08561509159610796,0.7772888001073329,SiNEcustom_spatial_dist,0.65484685
artificial_graph_sbmv5_comuAndEmb_0_90_pos_0_10_3,0.9,3,GT_pos + SiNEcustom_spatial_bined,0.28954154873672316,0.7977814782982382,0.08866653819371588,0.7823865177919231,SiNEcustom_spatial_bined_dist,0.6511696
artificial_graph_sbmv5_comuAndEmb_0_90_pos_0_10_3,0.9,3,GT_pos + SiNE_spatial,0.19974995750294597,0.7444402664374732,0.0455778914251074,0.7153927341572129,SiNE_spatial_dist,0.6099239
artificial_graph_sbmv5_comuAndEmb_0_90_pos_0_10_3,0.9,3,GT_pos + SiNE_spatial_bined,0.2167218669709026,0.756513214439192,0.041760842129585654,0.6846414036761528,SiNE_spatial_bined_dist,0.6070605
artificial_graph_sbmv5_comuAndEmb_0_90_pos_0_10_3,0.9,3,GT_pos + deepwalk,0.25754801657467535,0.7851176407391491,0.085451530210938,0.7524592656638989,deepwalk_dist,0.6644871
artificial_graph_sbmv5_comuAndEmb_0_80_pos_0_20_3,0.8,3,Inferred_Commu_normal,0.12557436659044086,0.6665276687598117,0.028955425660378252,0.5611719467401286,louvain_density,1.0
artificial_graph_sbmv5_comuAndEmb_0_80_pos_0_20_3,0.8,3,Inferred_Commu_spatial_manuel_iter,0.13090454020935505,0.6984031593406593,0.05033841558408922,0.7564937729568412,spatial_louvain_density,1.0
artificial_graph_sbmv5_comuAndEmb_0_80_pos_0_20_3,0.8,3,Inferred_Commu_spatial_manuel_iter_old,0.10705273098278777,0.6525706436420723,0.03953938518884721,0.7214106978879706,spatial_louvain_old_density,1.0
artificial_graph_sbmv5_comuAndEmb_0_80_pos_0_20_3,0.8,3,Inferred_Commu_spatial_manuel_iter_bined,0.11254083184808954,0.6419250392464678,0.048101043227144404,0.6901576848025712,spatial_louvain_bined_density,1.0
artificial_graph_sbmv5_comuAndEmb_0_80_pos_0_20_3,0.8,3,Inferred_Commu_spatial_manuel_iter_0_20,0.11918557814511056,0.6660616169544742,0.03815967898502271,0.6495695592286502,spatial_louvain_manualiter_0_20_density,1.0
artificial_graph_sbmv5_comuAndEmb_0_80_pos_0_20_3,0.8,3,Inferred_Commu_spatial_manuel_iter_0_50,0.12155057749657676,0.6669446624803768,0.04441992154117065,0.6923480544077135,spatial_louvain_manualiter_0_50_density,1.0
artificial_graph_sbmv5_comuAndEmb_0_80_pos_0_20_3,0.8,3,Inferred_Commu_spatial_manuel_iter_0_80,0.12782819373417825,0.6697041797488226,0.029312918778153157,0.45764003673094583,spatial_louvain_manualiter_0_80_density,1.0
artificial_graph_sbmv5_comuAndEmb_0_80_pos_0_20_3,0.8,3,GT_pos,0.09649395755193252,0.5366341248037677,0.024120048789198517,0.5538686581726354,GT_pos_dist,1.0
artificial_graph_sbmv5_comuAndEmb_0_80_pos_0_20_3,0.8,3,GT_pos + Inferred_Commu normal,0.1374193724785297,0.6282623626373627,0.033385331001559354,0.643672520661157,louvain_density,0.65331703
artificial_graph_sbmv5_comuAndEmb_0_80_pos_0_20_3,0.8,3,GT_pos + Inferred_Commu spatial manuel iter,0.135550757401187,0.6469657574568289,0.041365760365725215,0.7152938475665749,spatial_louvain_density,0.58639985
artificial_graph_sbmv5_comuAndEmb_0_80_pos_0_20_3,0.8,3,GT_pos + Inferred_Commu spatial manuel iter old,0.09623207206239012,0.5942528453689169,0.03587934835220718,0.6886730945821855,spatial_louvain_old_density,0.6347032
artificial_graph_sbmv5_comuAndEmb_0_80_pos_0_20_3,0.8,3,GT_pos + Inferred_Commu spatial manuel iter bined,0.12402141977616353,0.6017342032967034,0.03793846105102356,0.6855102157943067,spatial_louvain_bined_density,0.6957468
artificial_graph_sbmv5_comuAndEmb_0_80_pos_0_20_3,0.8,3,GT_pos + Inferred_Commu spatial manuel iter 0_20,0.12234381642093373,0.6234178767660911,0.029712834139732476,0.6100499311294766,spatial_louvain_manualiter_0_20_density,0.6459477
artificial_graph_sbmv5_comuAndEmb_0_80_pos_0_20_3,0.8,3,GT_pos + Inferred_Commu spatial manuel iter 0_50,0.12083199312661119,0.6217253728414442,0.03481675557505262,0.6782851239669422,spatial_louvain_manualiter_0_50_density,0.66181636
artificial_graph_sbmv5_comuAndEmb_0_80_pos_0_20_3,0.8,3,GT_pos + Inferred_Commu spatial manuel iter 0_80,0.12099393516295673,0.6049720368916798,0.026940849160661515,0.5206006083562902,spatial_louvain_manualiter_0_80_density,0.59449965
artificial_graph_sbmv5_comuAndEmb_0_80_pos_0_20_3,0.8,3,SiNEcustom_spatial,0.15321793526064162,0.6723410518053374,0.08537444588480814,0.7511296200642792,SiNEcustom_spatial_dist,1.0
artificial_graph_sbmv5_comuAndEmb_0_80_pos_0_20_3,0.8,3,SiNEcustom_spatial_bined,0.1511812222094167,0.6398645996860283,0.09510480099588177,0.7400582529843893,SiNEcustom_spatial_bined_dist,1.0
artificial_graph_sbmv5_comuAndEmb_0_80_pos_0_20_3,0.8,3,SiNE_spatial,0.13355230716977756,0.6819564364207221,0.04611037996579949,0.7063076790633609,SiNE_spatial_dist,1.0
artificial_graph_sbmv5_comuAndEmb_0_80_pos_0_20_3,0.8,3,SiNE_spatial_bined,0.14252216144788563,0.6933501766091053,0.05015839932643708,0.7035277490817264,SiNE_spatial_bined_dist,1.0
artificial_graph_sbmv5_comuAndEmb_0_80_pos_0_20_3,0.8,3,deepwalk,0.1658785258648625,0.6933011185243328,0.05855084435821056,0.7224180727731864,deepwalk_dist,1.0
artificial_graph_sbmv5_comuAndEmb_0_80_pos_0_20_3,0.8,3,GT_pos + SiNEcustom_spatial,0.15083828631101798,0.6880396389324961,0.06765046900862032,0.7527232552800734,SiNEcustom_spatial_dist,0.61183107
artificial_graph_sbmv5_comuAndEmb_0_80_pos_0_20_3,0.8,3,GT_pos + SiNEcustom_spatial_bined,0.15937173406050217,0.6722306711145996,0.07051092093485418,0.7579423496326906,SiNEcustom_spatial_bined_dist,0.61557794
artificial_graph_sbmv5_comuAndEmb_0_80_pos_0_20_3,0.8,3,GT_pos + SiNE_spatial,0.11661060816858475,0.6409561420722134,0.03615682899774507,0.69152318640955,SiNE_spatial_dist,0.57762074
artificial_graph_sbmv5_comuAndEmb_0_80_pos_0_20_3,0.8,3,GT_pos + SiNE_spatial_bined,0.1523734739976149,0.7260473901098902,0.042344833894130955,0.696812155647383,SiNE_spatial_bined_dist,0.56511295
artificial_graph_sbmv5_comuAndEmb_0_80_pos_0_20_3,0.8,3,GT_pos + deepwalk,0.15405249988318798,0.6957172291993721,0.045195478706370994,0.7192054063360882,deepwalk_dist,0.613261
artificial_graph_sbmv5_comuAndEmb_0_70_pos_0_30_3,0.7,3,Inferred_Commu_normal,0.18032042699831757,0.7264686963979416,0.03518217740767226,0.6320043060361399,louvain_density,1.0
artificial_graph_sbmv5_comuAndEmb_0_70_pos_0_30_3,0.7,3,Inferred_Commu_spatial_manuel_iter,0.14998471604845628,0.7264820969125214,0.03549180975897011,0.6588299884659746,spatial_louvain_density,1.0
artificial_graph_sbmv5_comuAndEmb_0_70_pos_0_30_3,0.7,3,Inferred_Commu_spatial_manuel_iter_old,0.1602188087456546,0.7417720840480275,0.02942628763657363,0.6030173010380624,spatial_louvain_old_density,1.0
artificial_graph_sbmv5_comuAndEmb_0_70_pos_0_30_3,0.7,3,Inferred_Commu_spatial_manuel_iter_bined,0.13327985615603286,0.6658983704974271,0.033965491451729765,0.6618898885044213,spatial_louvain_bined_density,1.0
artificial_graph_sbmv5_comuAndEmb_0_70_pos_0_30_3,0.7,3,Inferred_Commu_spatial_manuel_iter_0_20,0.15642268724856143,0.7334771655231561,0.02220605883804383,0.44307128027681664,spatial_louvain_manualiter_0_20_density,1.0
artificial_graph_sbmv5_comuAndEmb_0_70_pos_0_30_3,0.7,3,Inferred_Commu_spatial_manuel_iter_0_50,0.15396213655641416,0.7056710977701544,0.03219049577953554,0.6637548635140329,spatial_louvain_manualiter_0_50_density,1.0
artificial_graph_sbmv5_comuAndEmb_0_70_pos_0_30_3,0.7,3,Inferred_Commu_spatial_manuel_iter_0_80,0.1287491041624878,0.6830510291595197,0.024367037039868804,0.5017085736255287,spatial_louvain_manualiter_0_80_density,1.0
artificial_graph_sbmv5_comuAndEmb_0_70_pos_0_30_3,0.7,3,GT_pos,0.07671623538860388,0.5170320540308748,0.02708425057651921,0.5886729719338716,GT_pos_dist,1.0
artificial_graph_sbmv5_comuAndEmb_0_70_pos_0_30_3,0.7,3,GT_pos + Inferred_Commu normal,0.15074805174174416,0.7009541166380788,0.03854746136063282,0.6563303344867358,louvain_density,0.628592
artificial_graph_sbmv5_comuAndEmb_0_70_pos_0_30_3,0.7,3,GT_pos + Inferred_Commu spatial manuel iter,0.16716659668144665,0.682756217838765,0.03988325659239084,0.6656544405997693,spatial_louvain_density,0.6513386
artificial_graph_sbmv5_comuAndEmb_0_70_pos_0_30_3,0.7,3,GT_pos + Inferred_Commu spatial manuel iter old,0.12314528926656179,0.6377036878216124,0.030770485066324432,0.6379052672049211,spatial_louvain_old_density,0.5392896
artificial_graph_sbmv5_comuAndEmb_0_70_pos_0_30_3,0.7,3,GT_pos + Inferred_Commu spatial manuel iter bined,0.14099023663331017,0.6218106775300171,0.0362976595994208,0.6758494425221069,spatial_louvain_bined_density,0.6326736
artificial_graph_sbmv5_comuAndEmb_0_70_pos_0_30_3,0.7,3,GT_pos + Inferred_Commu spatial manuel iter 0_20,0.16703024320544343,0.6694897084048027,0.03746658637228799,0.671204767397155,spatial_louvain_manualiter_0_20_density,0.6674536
artificial_graph_sbmv5_comuAndEmb_0_70_pos_0_30_3,0.7,3,GT_pos + Inferred_Commu spatial manuel iter 0_50,0.16904848018228164,0.6672250214408233,0.032853271067516544,0.6401785467128027,spatial_louvain_manualiter_0_50_density,0.64175975
artificial_graph_sbmv5_comuAndEmb_0_70_pos_0_30_3,0.7,3,GT_pos + Inferred_Commu spatial manuel iter 0_80,0.12165165665485146,0.6190501715265866,0.03658308754105122,0.6653765474817379,spatial_louvain_manualiter_0_80_density,0.57468253
artificial_graph_sbmv5_comuAndEmb_0_70_pos_0_30_3,0.7,3,SiNEcustom_spatial,0.20278700272934858,0.71261256432247,0.06145760832735752,0.6666883506343714,SiNEcustom_spatial_dist,1.0
artificial_graph_sbmv5_comuAndEmb_0_70_pos_0_30_3,0.7,3,SiNEcustom_spatial_bined,0.21437239000678873,0.7202642581475129,0.059638873368953335,0.6837414840445982,SiNEcustom_spatial_bined_dist,1.0
artificial_graph_sbmv5_comuAndEmb_0_70_pos_0_30_3,0.7,3,SiNE_spatial,0.11391725113272702,0.6698381217838765,0.0386384640023173,0.6523155709342562,SiNE_spatial_dist,1.0
artificial_graph_sbmv5_comuAndEmb_0_70_pos_0_30_3,0.7,3,SiNE_spatial_bined,0.19051240024079336,0.7318691037735849,0.029614083461466614,0.6280441368704345,SiNE_spatial_bined_dist,1.0
artificial_graph_sbmv5_comuAndEmb_0_70_pos_0_30_3,0.7,3,deepwalk,0.23558844053880454,0.7727942753001715,0.063743721451771,0.6831272587466358,deepwalk_dist,1.0
artificial_graph_sbmv5_comuAndEmb_0_70_pos_0_30_3,0.7,3,GT_pos + SiNEcustom_spatial,0.2304420703572876,0.7104952830188679,0.06209066883995969,0.6997141099577086,SiNEcustom_spatial_dist,0.59365946
artificial_graph_sbmv5_comuAndEmb_0_70_pos_0_30_3,0.7,3,GT_pos + SiNEcustom_spatial_bined,0.20527053669055634,0.7209342838765008,0.05333030728575751,0.7016630526720491,SiNEcustom_spatial_bined_dist,0.60431355
artificial_graph_sbmv5_comuAndEmb_0_70_pos_0_30_3,0.7,3,GT_pos + SiNE_spatial,0.10281637525341614,0.6411476200686106,0.04699645653540585,0.6818637447135717,SiNE_spatial_dist,0.5438813
artificial_graph_sbmv5_comuAndEmb_0_70_pos_0_30_3,0.7,3,GT_pos + SiNE_spatial_bined,0.15394230659978442,0.706193717838765,0.03270812161360495,0.6614603613994617,SiNE_spatial_bined_dist,0.53895015
artificial_graph_sbmv5_comuAndEmb_0_70_pos_0_30_3,0.7,3,GT_pos + deepwalk,0.19024117473248037,0.7293364065180102,0.05596467123844726,0.6988444444444445,deepwalk_dist,0.56994456
artificial_graph_sbmv5_comuAndEmb_0_60_pos_0_40_3,0.6,3,Inferred_Commu_normal,0.12125917232050165,0.670725476839237,0.0354588687695188,0.6324226920685172,louvain_density,1.0
artificial_graph_sbmv5_comuAndEmb_0_60_pos_0_40_3,0.6,3,Inferred_Commu_spatial_manuel_iter,0.08440346199839599,0.5683023550019464,0.025513948634751826,0.5983214144383515,spatial_louvain_density,1.0
artificial_graph_sbmv5_comuAndEmb_0_60_pos_0_40_3,0.6,3,Inferred_Commu_spatial_manuel_iter_old,0.11194398605631956,0.6286371156091866,0.03249922302969728,0.5938345864661655,spatial_louvain_old_density,1.0
artificial_graph_sbmv5_comuAndEmb_0_60_pos_0_40_3,0.6,3,Inferred_Commu_spatial_manuel_iter_bined,0.11705451898357,0.6444506617360841,0.02998341615037793,0.6269343942563175,spatial_louvain_bined_density,1.0
artificial_graph_sbmv5_comuAndEmb_0_60_pos_0_40_3,0.6,3,Inferred_Commu_spatial_manuel_iter_0_20,0.11140619808793345,0.6241485013623979,0.021559523154316473,0.5215505398835434,spatial_louvain_manualiter_0_20_density,1.0
artificial_graph_sbmv5_comuAndEmb_0_60_pos_0_40_3,0.6,3,Inferred_Commu_spatial_manuel_iter_0_50,0.11643499640944224,0.6380157648890619,0.03535638145066687,0.6357606422070212,spatial_louvain_manualiter_0_50_density,1.0
artificial_graph_sbmv5_comuAndEmb_0_60_pos_0_40_3,0.6,3,Inferred_Commu_spatial_manuel_iter_0_80,0.10492912494966836,0.620766835344492,0.0319364439487591,0.619648369042908,spatial_louvain_manualiter_0_80_density,1.0
artificial_graph_sbmv5_comuAndEmb_0_60_pos_0_40_3,0.6,3,GT_pos,0.10714169621989379,0.6126289412222654,0.030817963137658853,0.5801628130476567,GT_pos_dist,1.0
artificial_graph_sbmv5_comuAndEmb_0_60_pos_0_40_3,0.6,3,GT_pos + Inferred_Commu normal,0.1351833778349069,0.649292039704165,0.035533407240620526,0.6342799197241225,louvain_density,0.5687027
artificial_graph_sbmv5_comuAndEmb_0_60_pos_0_40_3,0.6,3,GT_pos + Inferred_Commu spatial manuel iter,0.1277590522439598,0.6149036590112884,0.028997207363688562,0.6233235343999095,spatial_louvain_density,0.54638356
artificial_graph_sbmv5_comuAndEmb_0_60_pos_0_40_3,0.6,3,GT_pos + Inferred_Commu spatial manuel iter old,0.13801043787141468,0.6783403075126508,0.036205118201474706,0.6605981118209057,spatial_louvain_old_density,0.5924393
artificial_graph_sbmv5_comuAndEmb_0_60_pos_0_40_3,0.6,3,GT_pos + Inferred_Commu spatial manuel iter bined,0.13761119891951767,0.6714066757493189,0.03188724776658928,0.6533759681157782,spatial_louvain_bined_density,0.568402
artificial_graph_sbmv5_comuAndEmb_0_60_pos_0_40_3,0.6,3,GT_pos + Inferred_Commu spatial manuel iter 0_20,0.1493236232879425,0.6644608797197353,0.027196578189997964,0.5811478885182881,spatial_louvain_manualiter_0_20_density,0.5494368
artificial_graph_sbmv5_comuAndEmb_0_60_pos_0_40_3,0.6,3,GT_pos + Inferred_Commu spatial manuel iter 0_50,0.12317749820743779,0.6682318022576877,0.03691682809550055,0.6625976595624399,spatial_louvain_manualiter_0_50_density,0.57251275
artificial_graph_sbmv5_comuAndEmb_0_60_pos_0_40_3,0.6,3,GT_pos + Inferred_Commu spatial manuel iter 0_80,0.1301515565326113,0.6669788828337875,0.028545888876527835,0.6070256939340833,spatial_louvain_manualiter_0_80_density,0.52933943
artificial_graph_sbmv5_comuAndEmb_0_60_pos_0_40_3,0.6,3,SiNEcustom_spatial,0.23357276578222824,0.6290142078629817,0.06469587592570941,0.6663255412968511,SiNEcustom_spatial_dist,1.0
artificial_graph_sbmv5_comuAndEmb_0_60_pos_0_40_3,0.6,3,SiNEcustom_spatial_bined,0.19162337502892424,0.6626240755157649,0.055179759649976026,0.6636296568488892,SiNEcustom_spatial_bined_dist,1.0
artificial_graph_sbmv5_comuAndEmb_0_60_pos_0_40_3,0.6,3,SiNE_spatial,0.11090443574562667,0.6211925846632931,0.02894131404757895,0.6209182260161682,SiNE_spatial_dist,1.0
artificial_graph_sbmv5_comuAndEmb_0_60_pos_0_40_3,0.6,3,SiNE_spatial_bined,0.13013987179542824,0.6431490852471778,0.029914222297183195,0.6304670981966194,SiNE_spatial_bined_dist,1.0
artificial_graph_sbmv5_comuAndEmb_0_60_pos_0_40_3,0.6,3,deepwalk,0.1386929602648075,0.6317511677695602,0.04822117063611694,0.68471225055119,deepwalk_dist,1.0
artificial_graph_sbmv5_comuAndEmb_0_60_pos_0_40_3,0.6,3,GT_pos + SiNEcustom_spatial,0.14689716849745277,0.653391397430907,0.05362431463302936,0.7113492848663011,SiNEcustom_spatial_dist,0.51532954
artificial_graph_sbmv5_comuAndEmb_0_60_pos_0_40_3,0.6,3,GT_pos + SiNEcustom_spatial_bined,0.17964334599914966,0.6863200661736085,0.04708890260923501,0.700219628017412,SiNEcustom_spatial_bined_dist,0.525851
artificial_graph_sbmv5_comuAndEmb_0_60_pos_0_40_3,0.6,3,GT_pos + SiNE_spatial,0.12144200124520012,0.6442560334760608,0.04377281376405442,0.6795782689807224,GT_pos_dist,0.5064255
artificial_graph_sbmv5_comuAndEmb_0_60_pos_0_40_3,0.6,3,GT_pos + SiNE_spatial_bined,0.1418004026735838,0.6680615025301675,0.03477801608399166,0.6580786081745718,SiNE_spatial_bined_dist,0.5257106
artificial_graph_sbmv5_comuAndEmb_0_60_pos_0_40_3,0.6,3,GT_pos + deepwalk,0.12469641338704632,0.6496569676917088,0.03732586911290997,0.682811775679801,deepwalk_dist,0.5276721
artificial_graph_sbmv5_comuAndEmb_0_50_pos_0_50_3,0.5,3,Inferred_Commu_normal,0.10516118592935603,0.5992415287628053,0.031236607871919328,0.6368271129205758,louvain_density,1.0
artificial_graph_sbmv5_comuAndEmb_0_50_pos_0_50_3,0.5,3,Inferred_Commu_spatial_manuel_iter,0.09437981302414021,0.5595695429472025,0.02798749318798674,0.5954428725099059,spatial_louvain_density,1.0
artificial_graph_sbmv5_comuAndEmb_0_50_pos_0_50_3,0.5,3,Inferred_Commu_spatial_manuel_iter_old,0.08912326483762546,0.5252167060677699,0.027428170046986982,0.5772772701896761,spatial_louvain_old_density,1.0
artificial_graph_sbmv5_comuAndEmb_0_50_pos_0_50_3,0.5,3,Inferred_Commu_spatial_manuel_iter_bined,0.07750538417317725,0.5318163908589439,0.02457105815963351,0.5433703244781526,spatial_louvain_bined_density,1.0
artificial_graph_sbmv5_comuAndEmb_0_50_pos_0_50_3,0.5,3,Inferred_Commu_spatial_manuel_iter_0_20,0.12057483758044352,0.6210722025216706,0.028619357635735077,0.5982374967661117,spatial_louvain_manualiter_0_20_density,1.0
artificial_graph_sbmv5_comuAndEmb_0_50_pos_0_50_3,0.5,3,Inferred_Commu_spatial_manuel_iter_0_50,0.07294511701917092,0.528270291568164,0.032531935686795216,0.6029220735011779,spatial_louvain_manualiter_0_50_density,1.0
artificial_graph_sbmv5_comuAndEmb_0_50_pos_0_50_3,0.5,3,Inferred_Commu_spatial_manuel_iter_0_80,0.07439609644482291,0.53302304964539,0.02619003275036227,0.5744483326752087,spatial_louvain_manualiter_0_80_density,1.0
artificial_graph_sbmv5_comuAndEmb_0_50_pos_0_50_3,0.5,3,GT_pos,0.12574537439922842,0.6430136918833728,0.03328198402787377,0.6027099304203374,GT_pos_dist,1.0
artificial_graph_sbmv5_comuAndEmb_0_50_pos_0_50_3,0.5,3,GT_pos + Inferred_Commu normal,0.11955887037435275,0.6092026201733649,0.03308832941426405,0.6053659400062635,GT_pos_dist,0.5091173
artificial_graph_sbmv5_comuAndEmb_0_50_pos_0_50_3,0.5,3,GT_pos + Inferred_Commu spatial manuel iter,0.13537076601809253,0.6857392631993696,0.03539800935910388,0.6018883185141815,GT_pos_dist,0.50530326
artificial_graph_sbmv5_comuAndEmb_0_50_pos_0_50_3,0.5,3,GT_pos + Inferred_Commu spatial manuel iter old,0.13003012823061794,0.6528639676910954,0.036940825221535155,0.6386635530561947,spatial_louvain_old_density,0.5560763
artificial_graph_sbmv5_comuAndEmb_0_50_pos_0_50_3,0.5,3,GT_pos + Inferred_Commu spatial manuel iter bined,0.11769442997680958,0.6765415681639086,0.02627830273942698,0.5834642774472025,GT_pos_dist,0.51942307
artificial_graph_sbmv5_comuAndEmb_0_50_pos_0_50_3,0.5,3,GT_pos + Inferred_Commu spatial manuel iter 0_20,0.14762231876574206,0.6570626477541371,0.02856579424493651,0.6062934872891164,GT_pos_dist,0.5124903
artificial_graph_sbmv5_comuAndEmb_0_50_pos_0_50_3,0.5,3,GT_pos + Inferred_Commu spatial manuel iter 0_50,0.1014620185460994,0.6251600669818755,0.031081683113910616,0.6243184324832178,GT_pos_dist,0.55755717
artificial_graph_sbmv5_comuAndEmb_0_50_pos_0_50_3,0.5,3,GT_pos + Inferred_Commu spatial manuel iter 0_80,0.14169476637943335,0.6545508274231678,0.035068008351967134,0.6284169605533693,GT_pos_dist,0.5028749
artificial_graph_sbmv5_comuAndEmb_0_50_pos_0_50_3,0.5,3,SiNEcustom_spatial,0.09922175501347474,0.5903147163120567,0.028266477658691357,0.6109110714723384,SiNEcustom_spatial_dist,1.0
artificial_graph_sbmv5_comuAndEmb_0_50_pos_0_50_3,0.5,3,SiNEcustom_spatial_bined,0.09204949965799623,0.577804866036249,0.032742011840594075,0.618637001130159,SiNEcustom_spatial_bined_dist,1.0
artificial_graph_sbmv5_comuAndEmb_0_50_pos_0_50_3,0.5,3,SiNE_spatial,0.10777680074039439,0.6100768321513002,0.030984197891803223,0.6140158766901322,SiNE_spatial_dist,1.0
artificial_graph_sbmv5_comuAndEmb_0_50_pos_0_50_3,0.5,3,SiNE_spatial_bined,0.08298898023539487,0.5612440898345155,0.025950483292288242,0.607446930188859,SiNE_spatial_bined_dist,1.0
artificial_graph_sbmv5_comuAndEmb_0_50_pos_0_50_3,0.5,3,deepwalk,0.13168125825299717,0.6331141646966115,0.034458538988092084,0.6454530847891504,deepwalk_dist,1.0
artificial_graph_sbmv5_comuAndEmb_0_50_pos_0_50_3,0.5,3,GT_pos + SiNEcustom_spatial,0.12864593547541284,0.6552280338849488,0.03854096440873513,0.658648030391743,GT_pos_dist,0.53313404
artificial_graph_sbmv5_comuAndEmb_0_50_pos_0_50_3,0.5,3,GT_pos + SiNEcustom_spatial_bined,0.1441921258528976,0.6815652088258471,0.03140906880006649,0.6423810950286625,SiNEcustom_spatial_bined_dist,0.51682174
artificial_graph_sbmv5_comuAndEmb_0_50_pos_0_50_3,0.5,3,GT_pos + SiNE_spatial,0.13215922867904634,0.6667897951142632,0.03942197908473781,0.6388042101823233,GT_pos_dist,0.5134928
artificial_graph_sbmv5_comuAndEmb_0_50_pos_0_50_3,0.5,3,GT_pos + SiNE_spatial_bined,0.10473669705591407,0.6283614066193853,0.032967521342303976,0.6361964025544316,GT_pos_dist,0.5166154
artificial_graph_sbmv5_comuAndEmb_0_50_pos_0_50_3,0.5,3,GT_pos + deepwalk,0.16351737018386728,0.6918956855791962,0.03737708757142905,0.6574857368499885,deepwalk_dist,0.5057969
artificial_graph_sbmv5_comuAndEmb_0_40_pos_0_60_3,0.3999999999999999,3,Inferred_Commu_normal,0.12132664735737078,0.6542618071818892,0.03323916535836238,0.6357337130651478,louvain_density,1.0
artificial_graph_sbmv5_comuAndEmb_0_40_pos_0_60_3,0.3999999999999999,3,Inferred_Commu_spatial_manuel_iter,0.09155208880217443,0.5636343676814988,0.019868724744093614,0.49514019223923106,spatial_louvain_density,1.0
artificial_graph_sbmv5_comuAndEmb_0_40_pos_0_60_3,0.3999999999999999,3,Inferred_Commu_spatial_manuel_iter_old,0.09000662909883464,0.568757318501171,0.026099102369072265,0.5522511925952297,spatial_louvain_old_density,1.0
artificial_graph_sbmv5_comuAndEmb_0_40_pos_0_60_3,0.3999999999999999,3,Inferred_Commu_spatial_manuel_iter_bined,0.09753264081003515,0.599275468384075,0.022019372664652634,0.523168529725881,spatial_louvain_bined_density,1.0
artificial_graph_sbmv5_comuAndEmb_0_40_pos_0_60_3,0.3999999999999999,3,Inferred_Commu_spatial_manuel_iter_0_20,0.12815835396947428,0.6316354410616707,0.025037728598152904,0.5059589889640442,spatial_louvain_manualiter_0_20_density,1.0
artificial_graph_sbmv5_comuAndEmb_0_40_pos_0_60_3,0.3999999999999999,3,Inferred_Commu_spatial_manuel_iter_0_50,0.09423421997986953,0.6103508001561281,0.021302550740067754,0.543564969740121,spatial_louvain_manualiter_0_50_density,1.0
artificial_graph_sbmv5_comuAndEmb_0_40_pos_0_60_3,0.3999999999999999,3,Inferred_Commu_spatial_manuel_iter_0_80,0.084762485585505,0.5584138368462138,0.026989523184643323,0.5881990744037023,spatial_louvain_manualiter_0_80_density,1.0
artificial_graph_sbmv5_comuAndEmb_0_40_pos_0_60_3,0.3999999999999999,3,GT_pos,0.15679558703456825,0.6551766198282591,0.03509691463292683,0.6365287290850836,GT_pos_dist,1.0
artificial_graph_sbmv5_comuAndEmb_0_40_pos_0_60_3,0.3999999999999999,3,GT_pos + Inferred_Commu normal,0.14287927095355046,0.6627634660421546,0.033402598801227326,0.645893058027768,louvain_density,0.52779406
artificial_graph_sbmv5_comuAndEmb_0_40_pos_0_60_3,0.3999999999999999,3,GT_pos + Inferred_Commu spatial manuel iter,0.15695226566447149,0.6632147736143638,0.03635120107178109,0.6241546457814169,GT_pos_dist,0.57780045
artificial_graph_sbmv5_comuAndEmb_0_40_pos_0_60_3,0.3999999999999999,3,GT_pos + Inferred_Commu spatial manuel iter old,0.17702506811976074,0.6974531615925059,0.03403928389948038,0.6379491634033463,GT_pos_dist,0.55991095
artificial_graph_sbmv5_comuAndEmb_0_40_pos_0_60_3,0.3999999999999999,3,GT_pos + Inferred_Commu spatial manuel iter bined,0.14099848956184532,0.688475800156128,0.037990580398566884,0.6324162335350658,GT_pos_dist,0.5460149
artificial_graph_sbmv5_comuAndEmb_0_40_pos_0_60_3,0.3999999999999999,3,GT_pos + Inferred_Commu spatial manuel iter 0_20,0.18051178075486604,0.6530420569867291,0.033251795306362464,0.63276810252759,GT_pos_dist,0.53488857
artificial_graph_sbmv5_comuAndEmb_0_40_pos_0_60_3,0.3999999999999999,3,GT_pos + Inferred_Commu spatial manuel iter 0_50,0.14313826234977836,0.7009904371584699,0.028760995091186813,0.6223644001423996,GT_pos_dist,0.54875803
artificial_graph_sbmv5_comuAndEmb_0_40_pos_0_60_3,0.3999999999999999,3,GT_pos + Inferred_Commu spatial manuel iter 0_80,0.10796911946101795,0.6324526736924279,0.03619429665584535,0.661905446778213,GT_pos_dist,0.5404209
artificial_graph_sbmv5_comuAndEmb_0_40_pos_0_60_3,0.3999999999999999,3,SiNEcustom_spatial,0.10715255302540724,0.6221579820452772,0.031275495827175266,0.6230987540049839,SiNEcustom_spatial_dist,1.0
artificial_graph_sbmv5_comuAndEmb_0_40_pos_0_60_3,0.3999999999999999,3,SiNEcustom_spatial_bined,0.10494186867698548,0.6367217993754879,0.03050214248794878,0.617644571021716,SiNEcustom_spatial_bined_dist,1.0
artificial_graph_sbmv5_comuAndEmb_0_40_pos_0_60_3,0.3999999999999999,3,SiNE_spatial,0.09030474745498691,0.5800644028103045,0.026870280749172,0.6209025275898896,SiNE_spatial_dist,1.0
artificial_graph_sbmv5_comuAndEmb_0_40_pos_0_60_3,0.3999999999999999,3,SiNE_spatial_bined,0.10480294831643691,0.620145394223263,0.027844833613094283,0.602498398006408,SiNE_spatial_bined_dist,1.0
artificial_graph_sbmv5_comuAndEmb_0_40_pos_0_60_3,0.3999999999999999,3,deepwalk,0.14161064666097717,0.6878293325526932,0.03694474413083167,0.6485542185831257,deepwalk_dist,1.0
artificial_graph_sbmv5_comuAndEmb_0_40_pos_0_60_3,0.3999999999999999,3,GT_pos + SiNEcustom_spatial,0.14998516125105252,0.6836333918813426,0.04276920356773185,0.6827770736917051,GT_pos_dist,0.5397798
artificial_graph_sbmv5_comuAndEmb_0_40_pos_0_60_3,0.3999999999999999,3,GT_pos + SiNEcustom_spatial_bined,0.17476088383844013,0.694794106167057,0.03801663028449017,0.6657275898896405,GT_pos_dist,0.5174486
artificial_graph_sbmv5_comuAndEmb_0_40_pos_0_60_3,0.3999999999999999,3,GT_pos + SiNE_spatial,0.15330421813732045,0.6520296643247463,0.0362898628515273,0.6660828764684941,GT_pos_dist,0.5380259
artificial_graph_sbmv5_comuAndEmb_0_40_pos_0_60_3,0.3999999999999999,3,GT_pos + SiNE_spatial_bined,0.14965180134054068,0.697721506635441,0.03589415175530719,0.6619968672125311,GT_pos_dist,0.50662297
artificial_graph_sbmv5_comuAndEmb_0_40_pos_0_60_3,0.3999999999999999,3,GT_pos + deepwalk,0.1960373968771492,0.7258489461358314,0.04065251661478562,0.6670086151655394,GT_pos_dist,0.5105525
artificial_graph_sbmv5_comuAndEmb_0_30_pos_0_70_3,0.29999999999999993,3,Inferred_Commu_normal,0.1194400600566938,0.6523645320197045,0.041793181662012686,0.6992467723980396,louvain_density,1.0
artificial_graph_sbmv5_comuAndEmb_0_30_pos_0_70_3,0.29999999999999993,3,Inferred_Commu_spatial_manuel_iter,0.07208426247060408,0.5166625615763547,0.022616515314330458,0.5465841634258122,spatial_louvain_density,1.0
artificial_graph_sbmv5_comuAndEmb_0_30_pos_0_70_3,0.29999999999999993,3,Inferred_Commu_spatial_manuel_iter_old,0.08221766964900612,0.5491502463054186,0.022968269135514426,0.550671399037141,spatial_louvain_old_density,1.0
artificial_graph_sbmv5_comuAndEmb_0_30_pos_0_70_3,0.29999999999999993,3,Inferred_Commu_spatial_manuel_iter_bined,0.09725825150239968,0.5685344827586207,0.023545275866440545,0.5348674984458355,spatial_louvain_bined_density,1.0
artificial_graph_sbmv5_comuAndEmb_0_30_pos_0_70_3,0.29999999999999993,3,Inferred_Commu_spatial_manuel_iter_0_20,0.11328524068424364,0.6308004926108374,0.037744344792617464,0.6730259220170887,spatial_louvain_manualiter_0_20_density,1.0
artificial_graph_sbmv5_comuAndEmb_0_30_pos_0_70_3,0.29999999999999993,3,Inferred_Commu_spatial_manuel_iter_0_50,0.09103311984376221,0.5432512315270935,0.022317655520479932,0.5110111466119215,spatial_louvain_manualiter_0_50_density,1.0
artificial_graph_sbmv5_comuAndEmb_0_30_pos_0_70_3,0.29999999999999993,3,Inferred_Commu_spatial_manuel_iter_0_80,0.06745365441741884,0.46071428571428574,0.021069314857313413,0.5174839884919545,spatial_louvain_manualiter_0_80_density,1.0
artificial_graph_sbmv5_comuAndEmb_0_30_pos_0_70_3,0.29999999999999993,3,GT_pos,0.13762712218762285,0.672167487684729,0.053086413004788106,0.6870308953432898,GT_pos_dist,1.0
artificial_graph_sbmv5_comuAndEmb_0_30_pos_0_70_3,0.29999999999999993,3,GT_pos + Inferred_Commu normal,0.14937533579060047,0.671243842364532,0.048131902929552245,0.6834101982101808,louvain_density,0.5542174
artificial_graph_sbmv5_comuAndEmb_0_30_pos_0_70_3,0.29999999999999993,3,GT_pos + Inferred_Commu spatial manuel iter,0.11253426355838649,0.6444704433497537,0.042508564434521896,0.6784299324842054,GT_pos_dist,0.6036087
artificial_graph_sbmv5_comuAndEmb_0_30_pos_0_70_3,0.29999999999999993,3,GT_pos + Inferred_Commu spatial manuel iter old,0.15352989774896064,0.6874507389162562,0.04478185785979881,0.6572549841692088,GT_pos_dist,0.6204087
artificial_graph_sbmv5_comuAndEmb_0_30_pos_0_70_3,0.29999999999999993,3,GT_pos + Inferred_Commu spatial manuel iter bined,0.15043826375116623,0.6733743842364532,0.05150722730034274,0.6602480880163079,GT_pos_dist,0.5636475
artificial_graph_sbmv5_comuAndEmb_0_30_pos_0_70_3,0.29999999999999993,3,GT_pos + Inferred_Commu spatial manuel iter 0_20,0.11845082773615867,0.6526600985221676,0.04659484995339952,0.6781863262444159,GT_pos_dist,0.5755287
artificial_graph_sbmv5_comuAndEmb_0_30_pos_0_70_3,0.29999999999999993,3,GT_pos + Inferred_Commu spatial manuel iter 0_50,0.16206410308521427,0.6691871921182266,0.04255800029986104,0.6643866471974439,GT_pos_dist,0.624015
artificial_graph_sbmv5_comuAndEmb_0_30_pos_0_70_3,0.29999999999999993,3,GT_pos + Inferred_Commu spatial manuel iter 0_80,0.11613194470303016,0.615307881773399,0.03613758879999887,0.6600500224088826,GT_pos_dist,0.61224157
artificial_graph_sbmv5_comuAndEmb_0_30_pos_0_70_3,0.29999999999999993,3,SiNEcustom_spatial,0.1479425820648502,0.6661822660098522,0.029060258867458503,0.5987938238228108,SiNEcustom_spatial_dist,1.0
artificial_graph_sbmv5_comuAndEmb_0_30_pos_0_70_3,0.29999999999999993,3,SiNEcustom_spatial_bined,0.09392117776772893,0.5892364532019705,0.032370645931023775,0.6298875218667321,SiNEcustom_spatial_bined_dist,1.0
artificial_graph_sbmv5_comuAndEmb_0_30_pos_0_70_3,0.29999999999999993,3,SiNE_spatial,0.15313742577107892,0.68621921182266,0.029901279563803822,0.6400529138776042,SiNE_spatial_dist,1.0
artificial_graph_sbmv5_comuAndEmb_0_30_pos_0_70_3,0.29999999999999993,3,SiNE_spatial_bined,0.16130224822646536,0.7015394088669951,0.03360890173692008,0.6359332938165941,SiNE_spatial_bined_dist,1.0
artificial_graph_sbmv5_comuAndEmb_0_30_pos_0_70_3,0.29999999999999993,3,deepwalk,0.19475994582795061,0.7204187192118225,0.05250235050262623,0.707198889676011,deepwalk_dist,1.0
artificial_graph_sbmv5_comuAndEmb_0_30_pos_0_70_3,0.29999999999999993,3,GT_pos + SiNEcustom_spatial,0.16020926319375892,0.705923645320197,0.05333895894521939,0.6808307189636975,GT_pos_dist,0.55541414
artificial_graph_sbmv5_comuAndEmb_0_30_pos_0_70_3,0.29999999999999993,3,GT_pos + SiNEcustom_spatial_bined,0.12109041927552455,0.6349261083743842,0.05603539095307903,0.6961478407957322,GT_pos_dist,0.5568113
artificial_graph_sbmv5_comuAndEmb_0_30_pos_0_70_3,0.29999999999999993,3,GT_pos + SiNE_spatial,0.16588087806505578,0.7189901477832512,0.0604955205379275,0.7207309632928045,GT_pos_dist,0.5672029
artificial_graph_sbmv5_comuAndEmb_0_30_pos_0_70_3,0.29999999999999993,3,GT_pos + SiNE_spatial_bined,0.17657991117415217,0.7214162561576354,0.05405941599956504,0.7031907357342162,GT_pos_dist,0.56403166
artificial_graph_sbmv5_comuAndEmb_0_30_pos_0_70_3,0.29999999999999993,3,GT_pos + deepwalk,0.17014730747988224,0.7230788177339902,0.062088293016685774,0.7360511211669968,GT_pos_dist,0.5309761
artificial_graph_sbmv5_comuAndEmb_0_20_pos_0_80_3,0.19999999999999996,3,Inferred_Commu_normal,0.12882573378477555,0.6983617985360753,0.04113642577047838,0.7094853215408387,louvain_density,1.0
artificial_graph_sbmv5_comuAndEmb_0_20_pos_0_80_3,0.19999999999999996,3,Inferred_Commu_spatial_manuel_iter,0.08508526308225396,0.5798187521784594,0.018760809590435946,0.4774551121530183,spatial_louvain_density,1.0
artificial_graph_sbmv5_comuAndEmb_0_20_pos_0_80_3,0.19999999999999996,3,Inferred_Commu_spatial_manuel_iter_old,0.09538677609160397,0.6053909608458232,0.023631514147978507,0.5708130427833128,spatial_louvain_old_density,1.0
artificial_graph_sbmv5_comuAndEmb_0_20_pos_0_80_3,0.19999999999999996,3,Inferred_Commu_spatial_manuel_iter_bined,0.08344008834414494,0.5164749622400372,0.022101895415639797,0.5486046139911557,spatial_louvain_bined_density,1.0
artificial_graph_sbmv5_comuAndEmb_0_20_pos_0_80_3,0.19999999999999996,3,Inferred_Commu_spatial_manuel_iter_0_20,0.1320632533402935,0.7031485999767632,0.043010112250899235,0.6999365975811177,spatial_louvain_manualiter_0_20_density,1.0
artificial_graph_sbmv5_comuAndEmb_0_20_pos_0_80_3,0.19999999999999996,3,Inferred_Commu_spatial_manuel_iter_0_50,0.08943559826888409,0.5496456372719878,0.019083443481395002,0.49430124140870585,spatial_louvain_manualiter_0_50_density,1.0
artificial_graph_sbmv5_comuAndEmb_0_20_pos_0_80_3,0.19999999999999996,3,Inferred_Commu_spatial_manuel_iter_0_80,0.0935853190053895,0.5857557801789242,0.020406076489748855,0.4865989131013906,spatial_louvain_manualiter_0_80_density,1.0
artificial_graph_sbmv5_comuAndEmb_0_20_pos_0_80_3,0.19999999999999996,3,GT_pos,0.15254210011880343,0.6219356337864529,0.05032158435339805,0.6999248761255261,GT_pos_dist,1.0
artificial_graph_sbmv5_comuAndEmb_0_20_pos_0_80_3,0.19999999999999996,3,GT_pos + Inferred_Commu normal,0.1466781145659024,0.6488207273149762,0.05392122813436438,0.7266047738291863,louvain_density,0.7059803
artificial_graph_sbmv5_comuAndEmb_0_20_pos_0_80_3,0.19999999999999996,3,GT_pos + Inferred_Commu spatial manuel iter,0.1496783998914588,0.6498547693737655,0.04212136677416462,0.6837904257019554,GT_pos_dist,0.609379
artificial_graph_sbmv5_comuAndEmb_0_20_pos_0_80_3,0.19999999999999996,3,GT_pos + Inferred_Commu spatial manuel iter old,0.15303458831970487,0.6684791448820728,0.0506376564489409,0.7069324417923171,GT_pos_dist,0.5950753
artificial_graph_sbmv5_comuAndEmb_0_20_pos_0_80_3,0.19999999999999996,3,GT_pos + Inferred_Commu spatial manuel iter bined,0.12932196894631653,0.6409666550482166,0.04655443362252089,0.6902516117001438,GT_pos_dist,0.59879
artificial_graph_sbmv5_comuAndEmb_0_20_pos_0_80_3,0.19999999999999996,3,GT_pos + Inferred_Commu spatial manuel iter 0_20,0.13599783373716098,0.6657139537585686,0.05433153212573155,0.6938786030156108,spatial_louvain_manualiter_0_20_density,0.51631796
artificial_graph_sbmv5_comuAndEmb_0_20_pos_0_80_3,0.19999999999999996,3,GT_pos + Inferred_Commu spatial manuel iter 0_50,0.14541881809713164,0.6181480190542581,0.04339280036725839,0.662357477755874,GT_pos_dist,0.65468377
artificial_graph_sbmv5_comuAndEmb_0_20_pos_0_80_3,0.19999999999999996,3,GT_pos + Inferred_Commu spatial manuel iter 0_80,0.16212567101171702,0.6490066225165563,0.03697431735590834,0.6492462304864404,GT_pos_dist,0.59622073
artificial_graph_sbmv5_comuAndEmb_0_20_pos_0_80_3,0.19999999999999996,3,SiNEcustom_spatial,0.160525317206098,0.6912164517253399,0.03259676069324946,0.6155862059779424,SiNEcustom_spatial_dist,1.0
artificial_graph_sbmv5_comuAndEmb_0_20_pos_0_80_3,0.19999999999999996,3,SiNEcustom_spatial_bined,0.1330596032778099,0.6540722667596143,0.030978398400221235,0.6429777825137194,SiNEcustom_spatial_bined_dist,1.0
artificial_graph_sbmv5_comuAndEmb_0_20_pos_0_80_3,0.19999999999999996,3,SiNE_spatial,0.12142916264125349,0.6713024282560707,0.0316092211020183,0.6262807022217486,SiNE_spatial_dist,1.0
artificial_graph_sbmv5_comuAndEmb_0_20_pos_0_80_3,0.19999999999999996,3,SiNE_spatial_bined,0.13198791617986805,0.656663181131637,0.02995391045167633,0.6525335659864673,SiNE_spatial_bined_dist,1.0
artificial_graph_sbmv5_comuAndEmb_0_20_pos_0_80_3,0.19999999999999996,3,deepwalk,0.2005220094862088,0.6999883815499013,0.07128186243360184,0.7502819809259951,deepwalk_dist,1.0
artificial_graph_sbmv5_comuAndEmb_0_20_pos_0_80_3,0.19999999999999996,3,GT_pos + SiNEcustom_spatial,0.17048389828285146,0.7137678633670268,0.05295014704499764,0.714611993180244,GT_pos_dist,0.5909398
artificial_graph_sbmv5_comuAndEmb_0_20_pos_0_80_3,0.19999999999999996,3,GT_pos + SiNEcustom_spatial_bined,0.15173306347710563,0.6702567677471826,0.056680437812915985,0.721729181096489,GT_pos_dist,0.5695983
artificial_graph_sbmv5_comuAndEmb_0_20_pos_0_80_3,0.19999999999999996,3,GT_pos + SiNE_spatial,0.12799839599984594,0.6703729522481701,0.05093614234277338,0.7047912781714529,GT_pos_dist,0.5734659
artificial_graph_sbmv5_comuAndEmb_0_20_pos_0_80_3,0.19999999999999996,3,GT_pos + SiNE_spatial_bined,0.15174193563565594,0.7011153712094806,0.05409894048460069,0.7314057754808461,GT_pos_dist,0.55309975
artificial_graph_sbmv5_comuAndEmb_0_20_pos_0_80_3,0.19999999999999996,3,GT_pos + deepwalk,0.18026925350222198,0.6804229115835947,0.072531514564832,0.7794761308540679,deepwalk_dist,0.5484161
artificial_graph_sbmv5_comuAndEmb_0_10_pos_0_90_3,0.09999999999999998,3,Inferred_Commu_normal,0.1861362699253315,0.7898676678486175,0.046967212196989114,0.7411887953540413,louvain_density,1.0
artificial_graph_sbmv5_comuAndEmb_0_10_pos_0_90_3,0.09999999999999998,3,Inferred_Commu_spatial_manuel_iter,0.07626114300437664,0.5083200074161626,0.021574645809116198,0.5374048963716767,spatial_louvain_density,1.0
artificial_graph_sbmv5_comuAndEmb_0_10_pos_0_90_3,0.09999999999999998,3,Inferred_Commu_spatial_manuel_iter_old,0.09226330482965937,0.583315951702241,0.02313574234086359,0.5627604027918377,spatial_louvain_old_density,1.0
artificial_graph_sbmv5_comuAndEmb_0_10_pos_0_90_3,0.09999999999999998,3,Inferred_Commu_spatial_manuel_iter_bined,0.07204153953383186,0.5230364550742774,0.019933735560549923,0.5038702115189941,spatial_louvain_bined_density,1.0
artificial_graph_sbmv5_comuAndEmb_0_10_pos_0_90_3,0.09999999999999998,3,Inferred_Commu_spatial_manuel_iter_0_20,0.17360043120142127,0.7721152286263875,0.04246257623437126,0.6932700197133571,spatial_louvain_manualiter_0_20_density,1.0
artificial_graph_sbmv5_comuAndEmb_0_10_pos_0_90_3,0.09999999999999998,3,Inferred_Commu_spatial_manuel_iter_0_50,0.17186157841327357,0.717699135553547,0.04309379600002418,0.6767425009323885,spatial_louvain_manualiter_0_50_density,1.0
artificial_graph_sbmv5_comuAndEmb_0_10_pos_0_90_3,0.09999999999999998,3,Inferred_Commu_spatial_manuel_iter_0_80,0.08575017652123543,0.5723307608519317,0.02286701468084931,0.5353146145239491,spatial_louvain_manualiter_0_80_density,1.0
artificial_graph_sbmv5_comuAndEmb_0_10_pos_0_90_3,0.09999999999999998,3,GT_pos,0.23217644718991004,0.7414192681174534,0.06381542124905205,0.7426180137460706,GT_pos_dist,1.0
artificial_graph_sbmv5_comuAndEmb_0_10_pos_0_90_3,0.09999999999999998,3,GT_pos + Inferred_Commu normal,0.24171711733018686,0.7343275626318106,0.059678952504538675,0.7536329852416218,louvain_density,0.595819
artificial_graph_sbmv5_comuAndEmb_0_10_pos_0_90_3,0.09999999999999998,3,GT_pos + Inferred_Commu spatial manuel iter,0.22680266156305162,0.7473521981969455,0.055532707223588454,0.721229287655176,GT_pos_dist,0.6650861
artificial_graph_sbmv5_comuAndEmb_0_10_pos_0_90_3,0.09999999999999998,3,GT_pos + Inferred_Commu spatial manuel iter old,0.24595943781725038,0.7510718672506894,0.056984220076150456,0.7377949011668176,GT_pos_dist,0.6242713
artificial_graph_sbmv5_comuAndEmb_0_10_pos_0_90_3,0.09999999999999998,3,GT_pos + Inferred_Commu spatial manuel iter bined,0.2020646760999948,0.741523557904007,0.051652306211904864,0.7216451329319623,GT_pos_dist,0.6159714
artificial_graph_sbmv5_comuAndEmb_0_10_pos_0_90_3,0.09999999999999998,3,GT_pos + Inferred_Commu spatial manuel iter 0_20,0.2593189741057212,0.7523581079515169,0.05200716761975457,0.7167905855399862,spatial_louvain_manualiter_0_20_density,0.52954584
artificial_graph_sbmv5_comuAndEmb_0_10_pos_0_90_3,0.09999999999999998,3,GT_pos + Inferred_Commu spatial manuel iter 0_50,0.24344945670945506,0.7414192681174534,0.06683934047428518,0.6998885129735202,GT_pos_dist,0.6008731
artificial_graph_sbmv5_comuAndEmb_0_10_pos_0_90_3,0.09999999999999998,3,GT_pos + Inferred_Commu spatial manuel iter 0_80,0.27379034175178135,0.7691255880785186,0.0589794664013356,0.6989346795247482,GT_pos_dist,0.6209847
artificial_graph_sbmv5_comuAndEmb_0_10_pos_0_90_3,0.09999999999999998,3,SiNEcustom_spatial,0.12145128799937094,0.677559155484484,0.035353157296552806,0.6570186211305877,SiNEcustom_spatial_dist,1.0
artificial_graph_sbmv5_comuAndEmb_0_10_pos_0_90_3,0.09999999999999998,3,SiNEcustom_spatial_bined,0.11752336539302478,0.700653549329069,0.03934721723736541,0.6815769353721561,SiNEcustom_spatial_bined_dist,1.0
artificial_graph_sbmv5_comuAndEmb_0_10_pos_0_90_3,0.09999999999999998,3,SiNE_spatial,0.12278542645559395,0.6920786113235533,0.04072126137708411,0.7107451116202248,SiNE_spatial_dist,1.0
artificial_graph_sbmv5_comuAndEmb_0_10_pos_0_90_3,0.09999999999999998,3,SiNE_spatial_bined,0.14944790470140362,0.7247329022688822,0.044047638542395615,0.716579732537695,SiNE_spatial_bined_dist,1.0
artificial_graph_sbmv5_comuAndEmb_0_10_pos_0_90_3,0.09999999999999998,3,deepwalk,0.19521055354453834,0.7565876381839671,0.09804296235133667,0.793064361447067,deepwalk_dist,1.0
artificial_graph_sbmv5_comuAndEmb_0_10_pos_0_90_3,0.09999999999999998,3,GT_pos + SiNEcustom_spatial,0.23394358114030808,0.7917101207443973,0.0704441628223525,0.7675400927060579,GT_pos_dist,0.57425624
artificial_graph_sbmv5_comuAndEmb_0_10_pos_0_90_3,0.09999999999999998,3,GT_pos + SiNEcustom_spatial_bined,0.25371813526546005,0.7759971262369927,0.06998093231128812,0.7666143641110342,GT_pos_dist,0.5664669
artificial_graph_sbmv5_comuAndEmb_0_10_pos_0_90_3,0.09999999999999998,3,GT_pos + SiNE_spatial,0.18517504957453548,0.7625553315256437,0.06850468614367332,0.7935409451755554,GT_pos_dist,0.5397
artificial_graph_sbmv5_comuAndEmb_0_10_pos_0_90_3,0.09999999999999998,3,GT_pos + SiNE_spatial_bined,0.3170096859791888,0.7843055458990937,0.07383512075664135,0.7828576375939049,GT_pos_dist,0.5644838
artificial_graph_sbmv5_comuAndEmb_0_10_pos_0_90_3,0.09999999999999998,3,GT_pos + deepwalk,0.2886462230461307,0.7824051542330065,0.09127686533109539,0.8098008684533007,deepwalk_dist,0.56596684
artificial_graph_sbmv5_comuAndEmb_0_00_pos_1_00_3,0.0,3,Inferred_Commu_normal,0.1834652303910341,0.7889152622834085,0.052387284552508996,0.7634609325771896,louvain_density,1.0
artificial_graph_sbmv5_comuAndEmb_0_00_pos_1_00_3,0.0,3,Inferred_Commu_spatial_manuel_iter,0.07330501285914486,0.5328269641585568,0.021433066829510933,0.5149547101449276,spatial_louvain_density,1.0
artificial_graph_sbmv5_comuAndEmb_0_00_pos_1_00_3,0.0,3,Inferred_Commu_spatial_manuel_iter_old,0.072861489549882,0.4876453833372894,0.01934948496728433,0.49567068367989914,spatial_louvain_old_density,1.0
artificial_graph_sbmv5_comuAndEmb_0_00_pos_1_00_3,0.0,3,Inferred_Commu_spatial_manuel_iter_bined,0.07246222284248656,0.5392594350818893,0.023062060955763068,0.5545037807183364,spatial_louvain_bined_density,1.0
artificial_graph_sbmv5_comuAndEmb_0_00_pos_1_00_3,0.0,3,Inferred_Commu_spatial_manuel_iter_0_20,0.1842594069154646,0.781462140992167,0.05281682979284083,0.7626903486662466,spatial_louvain_manualiter_0_20_density,1.0
artificial_graph_sbmv5_comuAndEmb_0_00_pos_1_00_3,0.0,3,Inferred_Commu_spatial_manuel_iter_0_50,0.17286748787201606,0.7396036078803703,0.03864987380150506,0.64417506826297,spatial_louvain_manualiter_0_50_density,1.0
artificial_graph_sbmv5_comuAndEmb_0_00_pos_1_00_3,0.0,3,Inferred_Commu_spatial_manuel_iter_0_80,0.11091940488947317,0.6370638499881319,0.02679701891332819,0.554619959042218,spatial_louvain_manualiter_0_80_density,1.0
artificial_graph_sbmv5_comuAndEmb_0_00_pos_1_00_3,0.0,3,GT_pos,0.21766438425685503,0.7521006408734867,0.06422300909018186,0.7412690348666247,GT_pos_dist,1.0
artificial_graph_sbmv5_comuAndEmb_0_00_pos_1_00_3,0.0,3,GT_pos + Inferred_Commu normal,0.26704923216900517,0.7901258010918586,0.06623221612550596,0.7792655166981726,louvain_density,0.7810845
artificial_graph_sbmv5_comuAndEmb_0_00_pos_1_00_3,0.0,3,GT_pos + Inferred_Commu spatial manuel iter,0.21811137490234161,0.7422620460479469,0.053010983960979266,0.7224019376181474,GT_pos_dist,0.647763
artificial_graph_sbmv5_comuAndEmb_0_00_pos_1_00_3,0.0,3,GT_pos + Inferred_Commu spatial manuel iter old,0.17265604456606423,0.7211250890102064,0.05457725583100617,0.7334080287754673,GT_pos_dist,0.68095344
artificial_graph_sbmv5_comuAndEmb_0_00_pos_1_00_3,0.0,3,GT_pos + Inferred_Commu spatial manuel iter bined,0.225048136465892,0.7379776881082364,0.055464323768575775,0.727712534131485,GT_pos_dist,0.65617055
artificial_graph_sbmv5_comuAndEmb_0_00_pos_1_00_3,0.0,3,GT_pos + Inferred_Commu spatial manuel iter 0_20,0.27566583326575544,0.7776525041538096,0.06573211851562036,0.7185230256248688,spatial_louvain_manualiter_0_20_density,0.7614551
artificial_graph_sbmv5_comuAndEmb_0_00_pos_1_00_3,0.0,3,GT_pos + Inferred_Commu spatial manuel iter 0_50,0.29337717743099195,0.7805601708995964,0.05920888987576922,0.7572669869775258,GT_pos_dist,0.55246896
artificial_graph_sbmv5_comuAndEmb_0_00_pos_1_00_3,0.0,3,GT_pos + Inferred_Commu spatial manuel iter 0_80,0.1989760188569709,0.7374198908141465,0.05028379799923981,0.7010072726318001,GT_pos_dist,0.6206054
artificial_graph_sbmv5_comuAndEmb_0_00_pos_1_00_3,0.0,3,SiNEcustom_spatial,0.19855724302899144,0.7502136244956088,0.05561623290327782,0.7553052142407057,SiNEcustom_spatial_dist,1.0
artificial_graph_sbmv5_comuAndEmb_0_00_pos_1_00_3,0.0,3,SiNEcustom_spatial_bined,0.1253394341513468,0.7080939947780679,0.05059689713848297,0.747862975215291,SiNEcustom_spatial_bined_dist,1.0
artificial_graph_sbmv5_comuAndEmb_0_00_pos_1_00_3,0.0,3,SiNE_spatial,0.13657917128077407,0.7452883930690719,0.057159094440073055,0.7753323881537492,SiNE_spatial_dist,1.0
artificial_graph_sbmv5_comuAndEmb_0_00_pos_1_00_3,0.0,3,SiNE_spatial_bined,0.1412657106006081,0.7284476619985758,0.05253844568720666,0.7774860848561227,SiNE_spatial_bined_dist,1.0
artificial_graph_sbmv5_comuAndEmb_0_00_pos_1_00_3,0.0,3,deepwalk,0.1977763305783197,0.7771896510799905,0.09193840653395591,0.8235458674648184,deepwalk_dist,1.0
artificial_graph_sbmv5_comuAndEmb_0_00_pos_1_00_3,0.0,3,GT_pos + SiNEcustom_spatial,0.29048949548378117,0.8304652266793259,0.07300657247264095,0.8062962087796681,GT_pos_dist,0.5036539
artificial_graph_sbmv5_comuAndEmb_0_00_pos_1_00_3,0.0,3,GT_pos + SiNEcustom_spatial_bined,0.241887290283158,0.8002373605506763,0.0650647787667182,0.8014366729678639,SiNEcustom_spatial_bined_dist,0.5727274
artificial_graph_sbmv5_comuAndEmb_0_00_pos_1_00_3,0.0,3,GT_pos + SiNE_spatial,0.2326880374249708,0.8133277949204842,0.08407891325507184,0.8300689193446755,SiNE_spatial_dist,0.5593966
artificial_graph_sbmv5_comuAndEmb_0_00_pos_1_00_3,0.0,3,GT_pos + SiNE_spatial_bined,0.27290500856530064,0.8151554711606931,0.08560160869748373,0.8249733511867255,SiNE_spatial_bined_dist,0.58754355
artificial_graph_sbmv5_comuAndEmb_0_00_pos_1_00_3,0.0,3,GT_pos + deepwalk,0.22580877330331384,0.8085212437692856,0.07367476416662957,0.8134533186305398,deepwalk_dist,0.6419038
artificial_graph_sbmv5_comuAndEmb_1_00_pos_0_00_4,1.0,4,Inferred_Commu_normal,0.12690340475386652,0.7074172254275171,0.05940891114771209,0.7579289855281991,louvain_density,1.0
artificial_graph_sbmv5_comuAndEmb_1_00_pos_0_00_4,1.0,4,Inferred_Commu_spatial_manuel_iter,0.13801190020722895,0.7506237330422579,0.06663212904440347,0.8231077505819081,spatial_louvain_density,1.0
artificial_graph_sbmv5_comuAndEmb_1_00_pos_0_00_4,1.0,4,Inferred_Commu_spatial_manuel_iter_old,0.1342015239139049,0.7391496439523884,0.06876345349820459,0.8253586144081886,spatial_louvain_old_density,1.0
artificial_graph_sbmv5_comuAndEmb_1_00_pos_0_00_4,1.0,4,Inferred_Commu_spatial_manuel_iter_bined,0.13702444264466512,0.7483237174489318,0.06667094514970048,0.8189902991224391,spatial_louvain_bined_density,1.0
artificial_graph_sbmv5_comuAndEmb_1_00_pos_0_00_4,1.0,4,Inferred_Commu_spatial_manuel_iter_0_20,0.13440397398070997,0.7336270076407297,0.06158544095625965,0.7970209197762003,spatial_louvain_manualiter_0_20_density,1.0
artificial_graph_sbmv5_comuAndEmb_1_00_pos_0_00_4,1.0,4,Inferred_Commu_spatial_manuel_iter_0_50,0.1487057376312116,0.7575237798222361,0.06625863000882759,0.82640330205728,spatial_louvain_manualiter_0_50_density,1.0
artificial_graph_sbmv5_comuAndEmb_1_00_pos_0_00_4,1.0,4,Inferred_Commu_spatial_manuel_iter_0_80,0.13065225631930177,0.7308332033889495,0.06170519861943237,0.8133010452659428,spatial_louvain_manualiter_0_80_density,1.0
artificial_graph_sbmv5_comuAndEmb_1_00_pos_0_00_4,1.0,4,GT_pos,0.06668552510985173,0.4952830188679245,0.020095815977319444,0.4971015917535312,GT_pos_dist,1.0
artificial_graph_sbmv5_comuAndEmb_1_00_pos_0_00_4,1.0,4,GT_pos + Inferred_Commu normal,0.1467195333631959,0.651775040282759,0.05404899715762952,0.7295004987783544,louvain_density,0.8326351
artificial_graph_sbmv5_comuAndEmb_1_00_pos_0_00_4,1.0,4,GT_pos + Inferred_Commu spatial manuel iter,0.12635663265739716,0.687535734705546,0.049365187741996205,0.7381793867194841,spatial_louvain_density,0.79682916
artificial_graph_sbmv5_comuAndEmb_1_00_pos_0_00_4,1.0,4,GT_pos + Inferred_Commu spatial manuel iter old,0.13403778200153707,0.6816492541192369,0.062062140151265995,0.7702420159319927,spatial_louvain_old_density,0.7949318
artificial_graph_sbmv5_comuAndEmb_1_00_pos_0_00_4,1.0,4,GT_pos + Inferred_Commu spatial manuel iter bined,0.12155626844230713,0.6731119081033318,0.055231521080694304,0.746581850250835,spatial_louvain_bined_density,0.7843591
artificial_graph_sbmv5_comuAndEmb_1_00_pos_0_00_4,1.0,4,GT_pos + Inferred_Commu spatial manuel iter 0_20,0.12684357815619762,0.6733458079941784,0.05752035504255623,0.7498052595816045,spatial_louvain_manualiter_0_20_density,0.8107775
artificial_graph_sbmv5_comuAndEmb_1_00_pos_0_00_4,1.0,4,GT_pos + Inferred_Commu spatial manuel iter 0_50,0.12831176923517235,0.6843780861791153,0.05547527607889846,0.7711331665919705,spatial_louvain_manualiter_0_50_density,0.7976213
artificial_graph_sbmv5_comuAndEmb_1_00_pos_0_00_4,1.0,4,GT_pos + Inferred_Commu spatial manuel iter 0_80,0.1174280187534267,0.6572846821560372,0.05762163559887331,0.7513305093322153,spatial_louvain_manualiter_0_80_density,0.78712285
artificial_graph_sbmv5_comuAndEmb_1_00_pos_0_00_4,1.0,4,SiNEcustom_spatial,0.3374445924254606,0.8843105150995374,0.14542554199018554,0.8722450808888375,SiNEcustom_spatial_dist,1.0
artificial_graph_sbmv5_comuAndEmb_1_00_pos_0_00_4,1.0,4,SiNEcustom_spatial_bined,0.28796377672343754,0.8466136493580747,0.1487392666992371,0.8739260362301031,SiNEcustom_spatial_bined_dist,1.0
artificial_graph_sbmv5_comuAndEmb_1_00_pos_0_00_4,1.0,4,SiNE_spatial,0.21315943235494472,0.8107360049898644,0.06937489455827603,0.8284459801356098,SiNE_spatial_dist,1.0
artificial_graph_sbmv5_comuAndEmb_1_00_pos_0_00_4,1.0,4,SiNE_spatial_bined,0.24896578811148656,0.8079811840532253,0.07532980714767167,0.8208899940724892,SiNE_spatial_bined_dist,1.0
artificial_graph_sbmv5_comuAndEmb_1_00_pos_0_00_4,1.0,4,deepwalk,0.31100834471990024,0.8436249285305889,0.2030197908142891,0.8559921352050774,deepwalk_dist,1.0
artificial_graph_sbmv5_comuAndEmb_1_00_pos_0_00_4,1.0,4,GT_pos + SiNEcustom_spatial,0.2971305833838144,0.8473023545922345,0.10925755405892741,0.8436684063670141,SiNEcustom_spatial_dist,0.7170484
artificial_graph_sbmv5_comuAndEmb_1_00_pos_0_00_4,1.0,4,GT_pos + SiNEcustom_spatial_bined,0.3205675326605679,0.801704870315505,0.1167480737687012,0.8439094102849543,SiNEcustom_spatial_bined_dist,0.705759
artificial_graph_sbmv5_comuAndEmb_1_00_pos_0_00_4,1.0,4,GT_pos + SiNE_spatial,0.19841581995782767,0.7980274442538593,0.054318587681141346,0.7819594037791497,SiNE_spatial_dist,0.66173184
artificial_graph_sbmv5_comuAndEmb_1_00_pos_0_00_4,1.0,4,GT_pos + SiNE_spatial_bined,0.2135381990667417,0.781056707729092,0.06312967301765791,0.7858637539938411,SiNE_spatial_bined_dist,0.680329
artificial_graph_sbmv5_comuAndEmb_1_00_pos_0_00_4,1.0,4,GT_pos + deepwalk,0.2916065744076706,0.8241722542751704,0.13088691264588764,0.8260473622576587,deepwalk_dist,0.699125
artificial_graph_sbmv5_comuAndEmb_0_90_pos_0_10_4,0.9,4,Inferred_Commu_normal,0.12286071769239064,0.6991432101418136,0.04283192222588898,0.7338393125413136,louvain_density,1.0
artificial_graph_sbmv5_comuAndEmb_0_90_pos_0_10_4,0.9,4,Inferred_Commu_spatial_manuel_iter,0.12056653820626882,0.6591104426299957,0.04328782564964379,0.7017254071269755,spatial_louvain_density,1.0
artificial_graph_sbmv5_comuAndEmb_0_90_pos_0_10_4,0.9,4,Inferred_Commu_spatial_manuel_iter_old,0.1286796820551351,0.7119144821658789,0.04029442948964075,0.7016651643531038,spatial_louvain_old_density,1.0
artificial_graph_sbmv5_comuAndEmb_0_90_pos_0_10_4,0.9,4,Inferred_Commu_spatial_manuel_iter_bined,0.09896987178961783,0.6345079501504082,0.0456385596891055,0.7534040923021452,spatial_louvain_bined_density,1.0
artificial_graph_sbmv5_comuAndEmb_0_90_pos_0_10_4,0.9,4,Inferred_Commu_spatial_manuel_iter_0_20,0.11739331625614648,0.6619171680275032,0.04197948081054286,0.7134098010936842,spatial_louvain_manualiter_0_20_density,1.0
artificial_graph_sbmv5_comuAndEmb_0_90_pos_0_10_4,0.9,4,Inferred_Commu_spatial_manuel_iter_0_50,0.128815121214184,0.6822222819080361,0.040392928792756896,0.6657684333874166,spatial_louvain_manualiter_0_50_density,1.0
artificial_graph_sbmv5_comuAndEmb_0_90_pos_0_10_4,0.9,4,Inferred_Commu_spatial_manuel_iter_0_80,0.10343641017314598,0.651818328319725,0.0446365801423148,0.7474430623159666,spatial_louvain_manualiter_0_80_density,1.0
artificial_graph_sbmv5_comuAndEmb_0_90_pos_0_10_4,0.9,4,GT_pos,0.05916956558375476,0.4496266652342071,0.020757393072092383,0.5238056607175049,GT_pos_dist,1.0
artificial_graph_sbmv5_comuAndEmb_0_90_pos_0_10_4,0.9,4,GT_pos + Inferred_Commu normal,0.11138998151909764,0.6283170391061452,0.032784580625370964,0.671062135688961,louvain_density,0.74029803
artificial_graph_sbmv5_comuAndEmb_0_90_pos_0_10_4,0.9,4,GT_pos + Inferred_Commu spatial manuel iter,0.0983831909475534,0.6320503867640739,0.033869764313256535,0.6657708370891172,spatial_louvain_density,0.75730693
artificial_graph_sbmv5_comuAndEmb_0_90_pos_0_10_4,0.9,4,GT_pos + Inferred_Commu spatial manuel iter old,0.0994995462672725,0.625282015470563,0.030925796269735153,0.6618053302085211,spatial_louvain_old_density,0.7225683
artificial_graph_sbmv5_comuAndEmb_0_90_pos_0_10_4,0.9,4,GT_pos + Inferred_Commu spatial manuel iter bined,0.08719859218063025,0.5779302750322304,0.03803638773362279,0.7104014181840034,spatial_louvain_bined_density,0.7256618
artificial_graph_sbmv5_comuAndEmb_0_90_pos_0_10_4,0.9,4,GT_pos + Inferred_Commu spatial manuel iter 0_20,0.08696329160504951,0.59079555221315,0.035961674421555394,0.6892169941710233,spatial_louvain_manualiter_0_20_density,0.71150655
artificial_graph_sbmv5_comuAndEmb_0_90_pos_0_10_4,0.9,4,GT_pos + Inferred_Commu spatial manuel iter 0_50,0.10330104392611239,0.6152100343790288,0.03514268725059992,0.6814760230755363,spatial_louvain_manualiter_0_50_density,0.7461758
artificial_graph_sbmv5_comuAndEmb_0_90_pos_0_10_4,0.9,4,GT_pos + Inferred_Commu spatial manuel iter 0_80,0.08659715370521981,0.5872905027932961,0.040292092450646355,0.7241599062556336,spatial_louvain_manualiter_0_80_density,0.7319832
artificial_graph_sbmv5_comuAndEmb_0_90_pos_0_10_4,0.9,4,SiNEcustom_spatial,0.18697194550191354,0.7597765363128492,0.10685801632266372,0.7845100955471427,SiNEcustom_spatial_dist,1.0
artificial_graph_sbmv5_comuAndEmb_0_90_pos_0_10_4,0.9,4,SiNEcustom_spatial_bined,0.2622945828320208,0.7625966910184787,0.1296087572486684,0.7948682471005347,SiNEcustom_spatial_bined_dist,1.0
artificial_graph_sbmv5_comuAndEmb_0_90_pos_0_10_4,0.9,4,SiNE_spatial,0.16984130063599379,0.731440696175333,0.05079154187188796,0.7209765038158766,SiNE_spatial_dist,1.0
artificial_graph_sbmv5_comuAndEmb_0_90_pos_0_10_4,0.9,4,SiNE_spatial_bined,0.1292751245589836,0.6863450795015041,0.04987748788192395,0.7078311099092601,SiNE_spatial_bined_dist,1.0
artificial_graph_sbmv5_comuAndEmb_0_90_pos_0_10_4,0.9,4,deepwalk,0.2205366307228477,0.8022668672110013,0.08983084426486755,0.7819788474250343,deepwalk_dist,1.0
artificial_graph_sbmv5_comuAndEmb_0_90_pos_0_10_4,0.9,4,GT_pos + SiNEcustom_spatial,0.15413289773008962,0.7062070262140094,0.06618393124968464,0.757584880716303,SiNEcustom_spatial_dist,0.6638326
artificial_graph_sbmv5_comuAndEmb_0_90_pos_0_10_4,0.9,4,GT_pos + SiNEcustom_spatial_bined,0.2629571780068934,0.7325553287494629,0.10595988965110155,0.7839300522805119,SiNEcustom_spatial_bined_dist,0.67219126
artificial_graph_sbmv5_comuAndEmb_0_90_pos_0_10_4,0.9,4,GT_pos + SiNE_spatial,0.13901231345051246,0.6891920928233777,0.041706089740832036,0.6956575626464756,SiNE_spatial_dist,0.602326
artificial_graph_sbmv5_comuAndEmb_0_90_pos_0_10_4,0.9,4,GT_pos + SiNE_spatial_bined,0.11662156981061512,0.6206354748603352,0.042441815120612666,0.6841217474911363,SiNE_spatial_bined_dist,0.6151643
artificial_graph_sbmv5_comuAndEmb_0_90_pos_0_10_4,0.9,4,GT_pos + deepwalk,0.15175927690231755,0.7335893854748604,0.057288875951133335,0.7413680067303647,deepwalk_dist,0.6490972
artificial_graph_sbmv5_comuAndEmb_0_80_pos_0_20_4,0.8,4,Inferred_Commu_normal,0.1286599917019913,0.6999922946524888,0.0435315475306766,0.7088078566080944,louvain_density,1.0
artificial_graph_sbmv5_comuAndEmb_0_80_pos_0_20_4,0.8,4,Inferred_Commu_spatial_manuel_iter,0.13395286804171766,0.7264986900909229,0.047514028881873664,0.7350583520500286,spatial_louvain_density,1.0
artificial_graph_sbmv5_comuAndEmb_0_80_pos_0_20_4,0.8,4,Inferred_Commu_spatial_manuel_iter_old,0.12290170525653883,0.6783787948836492,0.04154537483715709,0.7087646981107147,spatial_louvain_old_density,1.0
artificial_graph_sbmv5_comuAndEmb_0_80_pos_0_20_4,0.8,4,Inferred_Commu_spatial_manuel_iter_bined,0.14793162648440625,0.7294395643910208,0.046285524416448086,0.733290615228784,spatial_louvain_bined_density,1.0
artificial_graph_sbmv5_comuAndEmb_0_80_pos_0_20_4,0.8,4,Inferred_Commu_spatial_manuel_iter_0_20,0.13873965390804535,0.7292597729490933,0.037802967391281465,0.5830676296589893,spatial_louvain_manualiter_0_20_density,1.0
artificial_graph_sbmv5_comuAndEmb_0_80_pos_0_20_4,0.8,4,Inferred_Commu_spatial_manuel_iter_0_50,0.15328183765000641,0.7396106231057687,0.03845808564813954,0.5538676766342244,spatial_louvain_manualiter_0_50_density,1.0
artificial_graph_sbmv5_comuAndEmb_0_80_pos_0_20_4,0.8,4,Inferred_Commu_spatial_manuel_iter_0_80,0.14095091695672204,0.74434941182514,0.04626473985564662,0.7261955931357437,spatial_louvain_manualiter_0_80_density,1.0
artificial_graph_sbmv5_comuAndEmb_0_80_pos_0_20_4,0.8,4,GT_pos,0.08535819032301936,0.5676529511480968,0.0223449494075832,0.545511369474905,GT_pos_dist,1.0
artificial_graph_sbmv5_comuAndEmb_0_80_pos_0_20_4,0.8,4,GT_pos + Inferred_Commu normal,0.1486695862073489,0.6999280834232291,0.031248006534332615,0.6309980769513073,louvain_density,0.6851931
artificial_graph_sbmv5_comuAndEmb_0_80_pos_0_20_4,0.8,4,GT_pos + Inferred_Commu spatial manuel iter,0.16826057023627386,0.7180998613037448,0.03633385532508039,0.6646476123368711,spatial_louvain_density,0.6365507
artificial_graph_sbmv5_comuAndEmb_0_80_pos_0_20_4,0.8,4,GT_pos + Inferred_Commu spatial manuel iter old,0.16878556924663402,0.6827580007191658,0.03493815577123883,0.6300651781388998,spatial_louvain_old_density,0.6563568
artificial_graph_sbmv5_comuAndEmb_0_80_pos_0_20_4,0.8,4,GT_pos + Inferred_Commu spatial manuel iter bined,0.16504308176572302,0.7082113319977398,0.04162418371948984,0.6944479675870876,spatial_louvain_bined_density,0.66201824
artificial_graph_sbmv5_comuAndEmb_0_80_pos_0_20_4,0.8,4,GT_pos + Inferred_Commu spatial manuel iter 0_20,0.1492273660037875,0.6837340114039143,0.038134663950694134,0.6024186374245828,spatial_louvain_manualiter_0_20_density,0.6698037
artificial_graph_sbmv5_comuAndEmb_0_80_pos_0_20_4,0.8,4,GT_pos + Inferred_Commu spatial manuel iter 0_50,0.1768021798194538,0.7413828530333384,0.039848637777988485,0.6507629071798711,spatial_louvain_manualiter_0_50_density,0.70632315
artificial_graph_sbmv5_comuAndEmb_0_80_pos_0_20_4,0.8,4,GT_pos + Inferred_Commu spatial manuel iter 0_80,0.17311168833772214,0.7240586633790517,0.04219302154135288,0.6718054638070492,spatial_louvain_manualiter_0_80_density,0.64989567
artificial_graph_sbmv5_comuAndEmb_0_80_pos_0_20_4,0.8,4,SiNEcustom_spatial,0.20049918015590545,0.7447603636924025,0.09420178465500907,0.7838364087432655,SiNEcustom_spatial_dist,1.0
artificial_graph_sbmv5_comuAndEmb_0_80_pos_0_20_4,0.8,4,SiNEcustom_spatial_bined,0.2516454082483299,0.7807314943237273,0.08721994036036809,0.7816664464702514,SiNEcustom_spatial_bined_dist,1.0
artificial_graph_sbmv5_comuAndEmb_0_80_pos_0_20_4,0.8,4,SiNE_spatial,0.1410380372845414,0.7224020136641496,0.04652730421452207,0.6967563600064591,SiNE_spatial_dist,1.0
artificial_graph_sbmv5_comuAndEmb_0_80_pos_0_20_4,0.8,4,SiNE_spatial_bined,0.16451291472084098,0.7251887810140236,0.03889090170620421,0.7025917118069318,SiNE_spatial_bined_dist,1.0
artificial_graph_sbmv5_comuAndEmb_0_80_pos_0_20_4,0.8,4,deepwalk,0.23626815948249386,0.7934581599630143,0.08273413185690098,0.7503956195593136,deepwalk_dist,1.0
artificial_graph_sbmv5_comuAndEmb_0_80_pos_0_20_4,0.8,4,GT_pos + SiNEcustom_spatial,0.2020737537643585,0.7455951096727795,0.0733171297157049,0.7673824518136845,SiNEcustom_spatial_dist,0.6417813
artificial_graph_sbmv5_comuAndEmb_0_80_pos_0_20_4,0.8,4,GT_pos + SiNEcustom_spatial_bined,0.2581666838553833,0.7650639543843427,0.07214424025081993,0.769381982061332,SiNEcustom_spatial_bined_dist,0.6414447
artificial_graph_sbmv5_comuAndEmb_0_80_pos_0_20_4,0.8,4,GT_pos + SiNE_spatial,0.15154910028918672,0.7113962089690244,0.04390286710494193,0.6935648331645161,SiNE_spatial_dist,0.5758024
artificial_graph_sbmv5_comuAndEmb_0_80_pos_0_20_4,0.8,4,GT_pos + SiNE_spatial_bined,0.1945732780699396,0.7170082704063286,0.03994202390261517,0.7035899355558491,SiNE_spatial_bined_dist,0.5739613
artificial_graph_sbmv5_comuAndEmb_0_80_pos_0_20_4,0.8,4,GT_pos + deepwalk,0.24915760646007565,0.7756588072122053,0.07084188223360383,0.7392514789859221,deepwalk_dist,0.64697486
artificial_graph_sbmv5_comuAndEmb_0_70_pos_0_30_4,0.7,4,Inferred_Commu_normal,0.09833142018802535,0.5619769365511873,0.036996921304064914,0.685053847023574,louvain_density,1.0
artificial_graph_sbmv5_comuAndEmb_0_70_pos_0_30_4,0.7,4,Inferred_Commu_spatial_manuel_iter,0.1101676360884967,0.626642175943947,0.0376876199529722,0.67646517609814,spatial_louvain_density,1.0
artificial_graph_sbmv5_comuAndEmb_0_70_pos_0_30_4,0.7,4,Inferred_Commu_spatial_manuel_iter_old,0.12427026941796752,0.6625267613857532,0.03927144320608828,0.7010144722709027,spatial_louvain_old_density,1.0
artificial_graph_sbmv5_comuAndEmb_0_70_pos_0_30_4,0.7,4,Inferred_Commu_spatial_manuel_iter_bined,0.11649443631463023,0.6329919229272091,0.028541139403881602,0.6179167844423088,spatial_louvain_bined_density,1.0
artificial_graph_sbmv5_comuAndEmb_0_70_pos_0_30_4,0.7,4,Inferred_Commu_spatial_manuel_iter_0_20,0.11635307088260702,0.6195260801868432,0.03637328339632739,0.6738109842274859,spatial_louvain_manualiter_0_20_density,1.0
artificial_graph_sbmv5_comuAndEmb_0_70_pos_0_30_4,0.7,4,Inferred_Commu_spatial_manuel_iter_0_50,0.1326943921536022,0.649790774620475,0.03446382540100875,0.6536973542879755,spatial_louvain_manualiter_0_50_density,1.0
artificial_graph_sbmv5_comuAndEmb_0_70_pos_0_30_4,0.7,4,Inferred_Commu_spatial_manuel_iter_0_80,0.10910361935108527,0.6220562475671468,0.03926753164075851,0.6852371530329583,spatial_louvain_manualiter_0_80_density,1.0
artificial_graph_sbmv5_comuAndEmb_0_70_pos_0_30_4,0.7,4,GT_pos,0.11616919645259252,0.5548121837290775,0.024605322543042984,0.5556252473288485,GT_pos_dist,1.0
artificial_graph_sbmv5_comuAndEmb_0_70_pos_0_30_4,0.7,4,GT_pos + Inferred_Commu normal,0.10422200381134616,0.6060359089139743,0.02724241585389369,0.6215850245915541,louvain_density,0.5516055
artificial_graph_sbmv5_comuAndEmb_0_70_pos_0_30_4,0.7,4,GT_pos + Inferred_Commu spatial manuel iter,0.12649342977209382,0.6238930517711171,0.030307632522659594,0.6238690711741761,spatial_louvain_density,0.6095285
artificial_graph_sbmv5_comuAndEmb_0_70_pos_0_30_4,0.7,4,GT_pos + Inferred_Commu spatial manuel iter old,0.12507632102186222,0.644024912417283,0.03047737422184655,0.6406636892984341,spatial_louvain_old_density,0.6063574
artificial_graph_sbmv5_comuAndEmb_0_70_pos_0_30_4,0.7,4,GT_pos + Inferred_Commu spatial manuel iter bined,0.13599808694508608,0.6612860062281043,0.027364336741359598,0.6021856803663294,spatial_louvain_bined_density,0.62545234
artificial_graph_sbmv5_comuAndEmb_0_70_pos_0_30_4,0.7,4,GT_pos + Inferred_Commu spatial manuel iter 0_20,0.1204929943647918,0.6190881666017907,0.02942376525313957,0.6276133472779694,spatial_louvain_manualiter_0_20_density,0.6006625
artificial_graph_sbmv5_comuAndEmb_0_70_pos_0_30_4,0.7,4,GT_pos + Inferred_Commu spatial manuel iter 0_50,0.1424720495926821,0.6765278318411834,0.032526075673019114,0.6638046243428118,spatial_louvain_manualiter_0_50_density,0.58961666
artificial_graph_sbmv5_comuAndEmb_0_70_pos_0_30_4,0.7,4,GT_pos + Inferred_Commu spatial manuel iter 0_80,0.12224345654975098,0.6290993577267419,0.035466260360813635,0.6780930239131664,spatial_louvain_manualiter_0_80_density,0.5719218
artificial_graph_sbmv5_comuAndEmb_0_70_pos_0_30_4,0.7,4,SiNEcustom_spatial,0.16157315134521352,0.6312281043207473,0.07043114879767218,0.7227607552716377,SiNEcustom_spatial_dist,1.0
artificial_graph_sbmv5_comuAndEmb_0_70_pos_0_30_4,0.7,4,SiNEcustom_spatial_bined,0.15991775645114695,0.5621594005449592,0.05889564079769739,0.6910440104019446,SiNEcustom_spatial_bined_dist,1.0
artificial_graph_sbmv5_comuAndEmb_0_70_pos_0_30_4,0.7,4,SiNE_spatial,0.1041110169898305,0.5397893149085247,0.03709574166813947,0.6422758493979308,SiNE_spatial_dist,1.0
artificial_graph_sbmv5_comuAndEmb_0_70_pos_0_30_4,0.7,4,SiNE_spatial_bined,0.10812023952700572,0.5986400350330868,0.028667080696908546,0.6167547628469671,SiNE_spatial_bined_dist,1.0
artificial_graph_sbmv5_comuAndEmb_0_70_pos_0_30_4,0.7,4,deepwalk,0.15036983064254344,0.645983359283768,0.050900958523677896,0.6866141387302844,deepwalk_dist,1.0
artificial_graph_sbmv5_comuAndEmb_0_70_pos_0_30_4,0.7,4,GT_pos + SiNEcustom_spatial,0.1832761907594496,0.6652272284935772,0.05390206149290161,0.737849793657075,SiNEcustom_spatial_dist,0.57195365
artificial_graph_sbmv5_comuAndEmb_0_70_pos_0_30_4,0.7,4,GT_pos + SiNEcustom_spatial_bined,0.1822290841958572,0.6128357337485403,0.04480758011932492,0.7113840522358528,SiNEcustom_spatial_bined_dist,0.55697894
artificial_graph_sbmv5_comuAndEmb_0_70_pos_0_30_4,0.7,4,GT_pos + SiNE_spatial,0.09290829043277476,0.5545445698715453,0.03505063893091194,0.6725592175928543,SiNE_spatial_dist,0.52069926
artificial_graph_sbmv5_comuAndEmb_0_70_pos_0_30_4,0.7,4,GT_pos + SiNE_spatial_bined,0.10395669138860522,0.5973871156091864,0.028418588665145048,0.6442486856238341,SiNE_spatial_bined_dist,0.53020877
artificial_graph_sbmv5_comuAndEmb_0_70_pos_0_30_4,0.7,4,GT_pos + deepwalk,0.15856552552749076,0.6312767613857532,0.04187332953599607,0.6800787212391882,deepwalk_dist,0.5715065
artificial_graph_sbmv5_comuAndEmb_0_60_pos_0_40_4,0.6,4,Inferred_Commu_normal,0.12111994766691367,0.6540620614377047,0.03231063221857527,0.6449896567799079,louvain_density,1.0
artificial_graph_sbmv5_comuAndEmb_0_60_pos_0_40_4,0.6,4,Inferred_Commu_spatial_manuel_iter,0.09328082271790378,0.6134674359374188,0.03364076874622173,0.6272600664296953,spatial_louvain_density,1.0
artificial_graph_sbmv5_comuAndEmb_0_60_pos_0_40_4,0.6,4,Inferred_Commu_spatial_manuel_iter_old,0.09694373263100367,0.6174177452050523,0.03502006740504661,0.6369966785152379,spatial_louvain_old_density,1.0
artificial_graph_sbmv5_comuAndEmb_0_60_pos_0_40_4,0.6,4,Inferred_Commu_spatial_manuel_iter_bined,0.08271158345363344,0.5866469151203285,0.031241951598690143,0.6480152671755726,spatial_louvain_bined_density,1.0
artificial_graph_sbmv5_comuAndEmb_0_60_pos_0_40_4,0.6,4,Inferred_Commu_spatial_manuel_iter_0_20,0.08722405615793771,0.6050990176204585,0.029939519390200914,0.6022344268981994,spatial_louvain_manualiter_0_20_density,1.0
artificial_graph_sbmv5_comuAndEmb_0_60_pos_0_40_4,0.6,4,Inferred_Commu_spatial_manuel_iter_0_50,0.09357011906119153,0.585061593637923,0.03339776254944431,0.6388648680146846,spatial_louvain_manualiter_0_50_density,1.0
artificial_graph_sbmv5_comuAndEmb_0_60_pos_0_40_4,0.6,4,Inferred_Commu_spatial_manuel_iter_0_80,0.08375635998690027,0.5581631061905504,0.03233352570723859,0.6373058096847504,spatial_louvain_manualiter_0_80_density,1.0
artificial_graph_sbmv5_comuAndEmb_0_60_pos_0_40_4,0.6,4,GT_pos,0.09596634807995005,0.5333957066375592,0.0245869690005246,0.555643610512208,GT_pos_dist,1.0
artificial_graph_sbmv5_comuAndEmb_0_60_pos_0_40_4,0.6,4,GT_pos + Inferred_Commu normal,0.12415646619727791,0.603552679453194,0.02779012250821017,0.5854390769768661,louvain_density,0.5263976
artificial_graph_sbmv5_comuAndEmb_0_60_pos_0_40_4,0.6,4,GT_pos + Inferred_Commu spatial manuel iter,0.1462384728209231,0.6020843079162119,0.026979806877644636,0.5849963580210943,spatial_louvain_density,0.5969275
artificial_graph_sbmv5_comuAndEmb_0_60_pos_0_40_4,0.6,4,GT_pos + Inferred_Commu spatial manuel iter old,0.1006753257676237,0.5933910286397422,0.028992932722895468,0.6177292989919003,spatial_louvain_old_density,0.5931701
artificial_graph_sbmv5_comuAndEmb_0_60_pos_0_40_4,0.6,4,GT_pos + Inferred_Commu spatial manuel iter bined,0.09470238527298085,0.5947554446696813,0.028520039556321933,0.6043671697453529,spatial_louvain_bined_density,0.57037383
artificial_graph_sbmv5_comuAndEmb_0_60_pos_0_40_4,0.6,4,GT_pos + Inferred_Commu spatial manuel iter 0_20,0.09134358808816401,0.5628670928842456,0.029362295583260457,0.5895489773323233,spatial_louvain_manualiter_0_20_density,0.54523045
artificial_graph_sbmv5_comuAndEmb_0_60_pos_0_40_4,0.6,4,GT_pos + Inferred_Commu spatial manuel iter 0_50,0.10665369047199384,0.5626851707469203,0.03163549114500323,0.6206845463551075,spatial_louvain_manualiter_0_50_density,0.57597274
artificial_graph_sbmv5_comuAndEmb_0_60_pos_0_40_4,0.6,4,GT_pos + Inferred_Commu spatial manuel iter 0_80,0.11404812230846811,0.6074380165289256,0.028468951147762843,0.5946725132568031,spatial_louvain_manualiter_0_80_density,0.60611606
artificial_graph_sbmv5_comuAndEmb_0_60_pos_0_40_4,0.6,4,SiNEcustom_spatial,0.14746540834993774,0.6542959613285514,0.056487440920584164,0.6673811258085193,SiNEcustom_spatial_dist,1.0
artificial_graph_sbmv5_comuAndEmb_0_60_pos_0_40_4,0.6,4,SiNEcustom_spatial_bined,0.16200161886630912,0.6598835698321118,0.05449345606373905,0.6832371365305052,SiNEcustom_spatial_bined_dist,1.0
artificial_graph_sbmv5_comuAndEmb_0_60_pos_0_40_4,0.6,4,SiNE_spatial,0.12577947960290453,0.6362336919798326,0.03882932039710744,0.6360909912009789,SiNE_spatial_dist,1.0
artificial_graph_sbmv5_comuAndEmb_0_60_pos_0_40_4,0.6,4,SiNE_spatial_bined,0.11563206193780884,0.6854826134414469,0.029078515941316878,0.6235334479342697,SiNE_spatial_bined_dist,1.0
artificial_graph_sbmv5_comuAndEmb_0_60_pos_0_40_4,0.6,4,deepwalk,0.12537239301484113,0.6716565310047299,0.0380213407523619,0.652581143290018,deepwalk_dist,1.0
artificial_graph_sbmv5_comuAndEmb_0_60_pos_0_40_4,0.6,4,GT_pos + SiNEcustom_spatial,0.12051545700622252,0.6686028379853424,0.04302339990558651,0.6566543324981061,SiNEcustom_spatial_dist,0.5425017
artificial_graph_sbmv5_comuAndEmb_0_60_pos_0_40_4,0.6,4,GT_pos + SiNEcustom_spatial_bined,0.1335877974809269,0.6772701283850512,0.04664631224911239,0.6959961540702757,SiNEcustom_spatial_bined_dist,0.54195374
artificial_graph_sbmv5_comuAndEmb_0_60_pos_0_40_4,0.6,4,GT_pos + SiNE_spatial,0.12762670706142723,0.6095561099849265,0.036302400694950394,0.6621694539945224,SiNE_spatial_dist,0.54015267
artificial_graph_sbmv5_comuAndEmb_0_60_pos_0_40_4,0.6,4,GT_pos + SiNE_spatial_bined,0.11366666675315588,0.6352071313477832,0.03403599912875423,0.6446094341821572,SiNE_spatial_bined_dist,0.5345684
artificial_graph_sbmv5_comuAndEmb_0_60_pos_0_40_4,0.6,4,GT_pos + deepwalk,0.1397559574529715,0.6425230001559332,0.03859184344352026,0.6447035429170794,deepwalk_dist,0.53533566
artificial_graph_sbmv5_comuAndEmb_0_50_pos_0_50_4,0.5,4,Inferred_Commu_normal,0.09327988865856804,0.558431711072745,0.030652291687615754,0.6073201033706003,louvain_density,1.0
artificial_graph_sbmv5_comuAndEmb_0_50_pos_0_50_4,0.5,4,Inferred_Commu_spatial_manuel_iter,0.11268709299657645,0.5437100461947646,0.019260841869465275,0.4808034714832575,spatial_louvain_density,1.0
artificial_graph_sbmv5_comuAndEmb_0_50_pos_0_50_4,0.5,4,Inferred_Commu_spatial_manuel_iter_old,0.1214824597710912,0.6078344454295179,0.02090548338422622,0.4957850223186523,spatial_louvain_old_density,1.0
artificial_graph_sbmv5_comuAndEmb_0_50_pos_0_50_4,0.5,4,Inferred_Commu_spatial_manuel_iter_bined,0.1053373233124788,0.5808758340721385,0.022825694151416945,0.4904995785022318,spatial_louvain_bined_density,1.0
artificial_graph_sbmv5_comuAndEmb_0_50_pos_0_50_4,0.5,4,Inferred_Commu_spatial_manuel_iter_0_20,0.11728871244789672,0.6134688068685549,0.029859681626153534,0.5877945302027335,spatial_louvain_manualiter_0_20_density,1.0
artificial_graph_sbmv5_comuAndEmb_0_50_pos_0_50_4,0.5,4,Inferred_Commu_spatial_manuel_iter_0_50,0.10376843179800507,0.5805025430451216,0.02780755606285583,0.6136925968408397,spatial_louvain_manualiter_0_50_density,1.0
artificial_graph_sbmv5_comuAndEmb_0_50_pos_0_50_4,0.5,4,Inferred_Commu_spatial_manuel_iter_0_80,0.1000109684580961,0.5384723064719331,0.03068276670936093,0.6132617017454153,spatial_louvain_manualiter_0_80_density,1.0
artificial_graph_sbmv5_comuAndEmb_0_50_pos_0_50_4,0.5,4,GT_pos,0.13797110268566085,0.58327889505856,0.032531084907382594,0.6220809552106799,GT_pos_dist,1.0
artificial_graph_sbmv5_comuAndEmb_0_50_pos_0_50_4,0.5,4,GT_pos + Inferred_Commu normal,0.13565838508929567,0.5947925901731137,0.029814311645889432,0.5923898232473294,GT_pos_dist,0.50086546
artificial_graph_sbmv5_comuAndEmb_0_50_pos_0_50_4,0.5,4,GT_pos + Inferred_Commu spatial manuel iter,0.14648927086631536,0.6268606224627875,0.02878222125259914,0.598039828084189,spatial_louvain_density,0.5039981
artificial_graph_sbmv5_comuAndEmb_0_50_pos_0_50_4,0.5,4,GT_pos + Inferred_Commu spatial manuel iter old,0.14738773515786247,0.6007185852270076,0.03176199577994303,0.6335328422769172,spatial_louvain_old_density,0.5228544
artificial_graph_sbmv5_comuAndEmb_0_50_pos_0_50_4,0.5,4,GT_pos + Inferred_Commu spatial manuel iter bined,0.12816247066990105,0.619359805888666,0.03262156770790165,0.6088251958928153,spatial_louvain_bined_density,0.51428825
artificial_graph_sbmv5_comuAndEmb_0_50_pos_0_50_4,0.5,4,GT_pos + Inferred_Commu spatial manuel iter 0_20,0.13251089492471163,0.5709952872007839,0.03894742840480507,0.6558155636323434,GT_pos_dist,0.51457137
artificial_graph_sbmv5_comuAndEmb_0_50_pos_0_50_4,0.5,4,GT_pos + Inferred_Commu spatial manuel iter 0_50,0.14719025461564736,0.6086393542065233,0.031078858472412426,0.6320540069927171,spatial_louvain_manualiter_0_50_density,0.54093516
artificial_graph_sbmv5_comuAndEmb_0_50_pos_0_50_4,0.5,4,GT_pos + Inferred_Commu spatial manuel iter 0_80,0.1370255744292124,0.6083243899024777,0.034330258814414344,0.635976838352151,spatial_louvain_manualiter_0_80_density,0.51879984
artificial_graph_sbmv5_comuAndEmb_0_50_pos_0_50_4,0.5,4,SiNEcustom_spatial,0.09721824138146742,0.608592692828146,0.04309641669545974,0.6473452550406986,SiNEcustom_spatial_dist,1.0
artificial_graph_sbmv5_comuAndEmb_0_50_pos_0_50_4,0.5,4,SiNEcustom_spatial_bined,0.11334364892133528,0.5947809248285194,0.034170840299122325,0.6513007006536671,SiNEcustom_spatial_bined_dist,1.0
artificial_graph_sbmv5_comuAndEmb_0_50_pos_0_50_4,0.5,4,SiNE_spatial,0.1013004543349877,0.6243059119966404,0.028281772663309328,0.6239776951672862,SiNE_spatial_dist,1.0
artificial_graph_sbmv5_comuAndEmb_0_50_pos_0_50_4,0.5,4,SiNE_spatial_bined,0.11713268425748764,0.6371027950165649,0.028571424359821525,0.6193120603640083,SiNE_spatial_bined_dist,1.0
artificial_graph_sbmv5_comuAndEmb_0_50_pos_0_50_4,0.5,4,deepwalk,0.15485913054265416,0.6398441509962205,0.048206014926945755,0.6798297425408715,deepwalk_dist,1.0
artificial_graph_sbmv5_comuAndEmb_0_50_pos_0_50_4,0.5,4,GT_pos + SiNEcustom_spatial,0.14858872242061633,0.6530376557323503,0.045518368389961573,0.6977525186219096,SiNEcustom_spatial_dist,0.5064156
artificial_graph_sbmv5_comuAndEmb_0_50_pos_0_50_4,0.5,4,GT_pos + SiNEcustom_spatial_bined,0.15590122532049724,0.652139424198591,0.04178059547857334,0.6932364118793273,SiNEcustom_spatial_bined_dist,0.5448461
artificial_graph_sbmv5_comuAndEmb_0_50_pos_0_50_4,0.5,4,GT_pos + SiNE_spatial,0.1263971752911486,0.6534109467593672,0.03694455085474666,0.6827615704592253,SiNE_spatial_dist,0.514525
artificial_graph_sbmv5_comuAndEmb_0_50_pos_0_50_4,0.5,4,GT_pos + SiNE_spatial_bined,0.12255082690870495,0.6308268396248425,0.038647290780382766,0.6800427025607716,SiNE_spatial_bined_dist,0.52576816
artificial_graph_sbmv5_comuAndEmb_0_50_pos_0_50_4,0.5,4,GT_pos + deepwalk,0.18793916296537388,0.6548691148336521,0.04387691738953199,0.6981423695084368,deepwalk_dist,0.56399286
artificial_graph_sbmv5_comuAndEmb_0_40_pos_0_60_4,0.3999999999999999,4,Inferred_Commu_normal,0.11636380026127313,0.6533300923675255,0.03435738127268621,0.6431291785242575,louvain_density,1.0
artificial_graph_sbmv5_comuAndEmb_0_40_pos_0_60_4,0.3999999999999999,4,Inferred_Commu_spatial_manuel_iter,0.06694579466224526,0.48104035002430723,0.02137371736138571,0.5239856483435683,spatial_louvain_density,1.0
artificial_graph_sbmv5_comuAndEmb_0_40_pos_0_60_4,0.3999999999999999,4,Inferred_Commu_spatial_manuel_iter_old,0.10250908401564142,0.578852698104035,0.022784201149127246,0.5542048719380182,spatial_louvain_old_density,1.0
artificial_graph_sbmv5_comuAndEmb_0_40_pos_0_60_4,0.3999999999999999,4,Inferred_Commu_spatial_manuel_iter_bined,0.07821556862226577,0.5476300437530384,0.022845189763538602,0.5387496085292957,spatial_louvain_bined_density,1.0
artificial_graph_sbmv5_comuAndEmb_0_40_pos_0_60_4,0.3999999999999999,4,Inferred_Commu_spatial_manuel_iter_0_20,0.10720037531202921,0.6266771998055419,0.027661628493780496,0.6184712898789504,spatial_louvain_manualiter_0_20_density,1.0
artificial_graph_sbmv5_comuAndEmb_0_40_pos_0_60_4,0.3999999999999999,4,Inferred_Commu_spatial_manuel_iter_0_50,0.08359186833030051,0.5726178901312591,0.019453757598807696,0.46441510872673303,spatial_louvain_manualiter_0_50_density,1.0
artificial_graph_sbmv5_comuAndEmb_0_40_pos_0_60_4,0.3999999999999999,4,Inferred_Commu_spatial_manuel_iter_0_80,0.07174672783297587,0.5278925619834711,0.028588532963824097,0.6157776991054044,spatial_louvain_manualiter_0_80_density,1.0
artificial_graph_sbmv5_comuAndEmb_0_40_pos_0_60_4,0.3999999999999999,4,GT_pos,0.1568162459697367,0.6463660670879923,0.03580726434957055,0.6535429800792472,GT_pos_dist,1.0
artificial_graph_sbmv5_comuAndEmb_0_40_pos_0_60_4,0.3999999999999999,4,GT_pos + Inferred_Commu normal,0.14079393083052985,0.6190933398152649,0.03237174296673693,0.6218273171661606,louvain_density,0.60900307
artificial_graph_sbmv5_comuAndEmb_0_40_pos_0_60_4,0.3999999999999999,4,GT_pos + Inferred_Commu spatial manuel iter,0.15008226295185284,0.6248420029168693,0.037695046201939156,0.6637248948135238,GT_pos_dist,0.5575852
artificial_graph_sbmv5_comuAndEmb_0_40_pos_0_60_4,0.3999999999999999,4,GT_pos + Inferred_Commu spatial manuel iter old,0.21487442287162556,0.6864487117160915,0.031221427797470808,0.6231250936125597,spatial_louvain_old_density,0.50191927
artificial_graph_sbmv5_comuAndEmb_0_40_pos_0_60_4,0.3999999999999999,4,GT_pos + Inferred_Commu spatial manuel iter bined,0.11487265489490585,0.6557122022362664,0.030210530951627554,0.62438950994676,GT_pos_dist,0.53422785
artificial_graph_sbmv5_comuAndEmb_0_40_pos_0_60_4,0.3999999999999999,4,GT_pos + Inferred_Commu spatial manuel iter 0_20,0.12085547967372781,0.6364730189596499,0.03538168325405286,0.6395079043041353,GT_pos_dist,0.5263934
artificial_graph_sbmv5_comuAndEmb_0_40_pos_0_60_4,0.3999999999999999,4,GT_pos + Inferred_Commu spatial manuel iter 0_50,0.15106309993954567,0.6405930967428294,0.026797460312743965,0.5718518266363475,GT_pos_dist,0.5359811
artificial_graph_sbmv5_comuAndEmb_0_40_pos_0_60_4,0.3999999999999999,4,GT_pos + Inferred_Commu spatial manuel iter 0_80,0.13105411155832283,0.6085804569761789,0.04179922624838581,0.6435757955365531,GT_pos_dist,0.5596813
artificial_graph_sbmv5_comuAndEmb_0_40_pos_0_60_4,0.3999999999999999,4,SiNEcustom_spatial,0.11002198418773639,0.6118862421001459,0.03336102738036627,0.6221524761373074,SiNEcustom_spatial_dist,1.0
artificial_graph_sbmv5_comuAndEmb_0_40_pos_0_60_4,0.3999999999999999,4,SiNEcustom_spatial_bined,0.09245961107472214,0.5170636849781234,0.03804097778964474,0.6383656268297,SiNEcustom_spatial_bined_dist,1.0
artificial_graph_sbmv5_comuAndEmb_0_40_pos_0_60_4,0.3999999999999999,4,SiNE_spatial,0.07974172064040201,0.5502430724355858,0.030348151814782634,0.6229088656200215,SiNE_spatial_dist,1.0
artificial_graph_sbmv5_comuAndEmb_0_40_pos_0_60_4,0.3999999999999999,4,SiNE_spatial_bined,0.07379835736590043,0.5340422946037919,0.0320383003093372,0.6352192916763116,SiNE_spatial_bined_dist,1.0
artificial_graph_sbmv5_comuAndEmb_0_40_pos_0_60_4,0.3999999999999999,4,deepwalk,0.1488240553412753,0.6679022848808944,0.044795537182973376,0.682490026007271,deepwalk_dist,1.0
artificial_graph_sbmv5_comuAndEmb_0_40_pos_0_60_4,0.3999999999999999,4,GT_pos + SiNEcustom_spatial,0.11202620470271116,0.6422824501701507,0.04424877005442393,0.660805408423088,GT_pos_dist,0.53007466
artificial_graph_sbmv5_comuAndEmb_0_40_pos_0_60_4,0.3999999999999999,4,GT_pos + SiNEcustom_spatial_bined,0.14159906534390537,0.6161157024793389,0.04198808832883525,0.6896523740145151,GT_pos_dist,0.52439034
artificial_graph_sbmv5_comuAndEmb_0_40_pos_0_60_4,0.3999999999999999,4,GT_pos + SiNE_spatial,0.12219424587476789,0.6464632960622264,0.04133913517584997,0.6775723369779824,GT_pos_dist,0.530433
artificial_graph_sbmv5_comuAndEmb_0_40_pos_0_60_4,0.3999999999999999,4,GT_pos + SiNE_spatial_bined,0.13141955451161155,0.6300315994166261,0.04014664150677346,0.6918456992688008,GT_pos_dist,0.5477368
artificial_graph_sbmv5_comuAndEmb_0_40_pos_0_60_4,0.3999999999999999,4,GT_pos + deepwalk,0.1757768102966068,0.6685585804569761,0.04966674313438702,0.701192249560872,GT_pos_dist,0.54238987
artificial_graph_sbmv5_comuAndEmb_0_30_pos_0_70_4,0.29999999999999993,4,Inferred_Commu_normal,0.14336512572495022,0.6896329606222654,0.03434081312494987,0.6641830857422966,louvain_density,1.0
artificial_graph_sbmv5_comuAndEmb_0_30_pos_0_70_4,0.29999999999999993,4,Inferred_Commu_spatial_manuel_iter,0.07150587982429561,0.505359747204667,0.020030919744943483,0.4981828951130839,spatial_louvain_density,1.0
artificial_graph_sbmv5_comuAndEmb_0_30_pos_0_70_4,0.29999999999999993,4,Inferred_Commu_spatial_manuel_iter_old,0.060512728505550714,0.45730432668935345,0.01894764970122865,0.4932183657629935,spatial_louvain_old_density,1.0
artificial_graph_sbmv5_comuAndEmb_0_30_pos_0_70_4,0.29999999999999993,4,Inferred_Commu_spatial_manuel_iter_bined,0.07856065585824575,0.5589086047642197,0.01973497322693764,0.5111101428357457,spatial_louvain_bined_density,1.0
artificial_graph_sbmv5_comuAndEmb_0_30_pos_0_70_4,0.29999999999999993,4,Inferred_Commu_spatial_manuel_iter_0_20,0.1295417132494783,0.6831429265921244,0.029701793808567488,0.6124287523318038,spatial_louvain_manualiter_0_20_density,1.0
artificial_graph_sbmv5_comuAndEmb_0_30_pos_0_70_4,0.29999999999999993,4,Inferred_Commu_spatial_manuel_iter_0_50,0.09794420868258281,0.5952479338842974,0.0371371057213275,0.6442965101237729,spatial_louvain_manualiter_0_50_density,1.0
artificial_graph_sbmv5_comuAndEmb_0_30_pos_0_70_4,0.29999999999999993,4,Inferred_Commu_spatial_manuel_iter_0_80,0.0995163780590872,0.5392683519688868,0.020366258331739592,0.5067089228087853,spatial_louvain_manualiter_0_80_density,1.0
artificial_graph_sbmv5_comuAndEmb_0_30_pos_0_70_4,0.29999999999999993,4,GT_pos,0.17010416455146227,0.6162129314535731,0.034914827409098015,0.64355019675658,GT_pos_dist,1.0
artificial_graph_sbmv5_comuAndEmb_0_30_pos_0_70_4,0.29999999999999993,4,GT_pos + Inferred_Commu normal,0.17083845015232701,0.6553354399611084,0.03531240753397548,0.645099467599842,GT_pos_dist,0.54361266
artificial_graph_sbmv5_comuAndEmb_0_30_pos_0_70_4,0.29999999999999993,4,GT_pos + Inferred_Commu spatial manuel iter,0.10640356831018795,0.5917355371900825,0.035406136731739424,0.638679348048093,GT_pos_dist,0.6128757
artificial_graph_sbmv5_comuAndEmb_0_30_pos_0_70_4,0.29999999999999993,4,GT_pos + Inferred_Commu spatial manuel iter old,0.1371756880188682,0.6329363150218765,0.03194551821882624,0.6242518484225432,GT_pos_dist,0.6091575
artificial_graph_sbmv5_comuAndEmb_0_30_pos_0_70_4,0.29999999999999993,4,GT_pos + Inferred_Commu spatial manuel iter bined,0.11966510036810131,0.6274793388429751,0.03372051065055451,0.6441610272191283,GT_pos_dist,0.5924546
artificial_graph_sbmv5_comuAndEmb_0_30_pos_0_70_4,0.29999999999999993,4,GT_pos + Inferred_Commu spatial manuel iter 0_20,0.1509463702583397,0.6360476421973749,0.030103047343464487,0.6147596029465829,GT_pos_dist,0.55874014
artificial_graph_sbmv5_comuAndEmb_0_30_pos_0_70_4,0.29999999999999993,4,GT_pos + Inferred_Commu spatial manuel iter 0_50,0.1464829810636713,0.6239669421487604,0.03302139129974303,0.6129354175460574,GT_pos_dist,0.577057
artificial_graph_sbmv5_comuAndEmb_0_30_pos_0_70_4,0.29999999999999993,4,GT_pos + Inferred_Commu spatial manuel iter 0_80,0.10809452852931298,0.5935828877005347,0.03393413783425124,0.622428343840634,GT_pos_dist,0.59670126
artificial_graph_sbmv5_comuAndEmb_0_30_pos_0_70_4,0.29999999999999993,4,SiNEcustom_spatial,0.0933746620057478,0.612603305785124,0.030113371637200126,0.6171165969962282,SiNEcustom_spatial_dist,1.0
artificial_graph_sbmv5_comuAndEmb_0_30_pos_0_70_4,0.29999999999999993,4,SiNEcustom_spatial_bined,0.0882012610846264,0.5606951871657754,0.03267389928063885,0.6433848939965414,SiNEcustom_spatial_bined_dist,1.0
artificial_graph_sbmv5_comuAndEmb_0_30_pos_0_70_4,0.29999999999999993,4,SiNE_spatial,0.11457876559320673,0.6370807000486145,0.028709237996634697,0.6154699690908348,SiNE_spatial_dist,1.0
artificial_graph_sbmv5_comuAndEmb_0_30_pos_0_70_4,0.29999999999999993,4,SiNE_spatial_bined,0.12471619945546525,0.6807729703451628,0.034613434787041694,0.6701590392287685,SiNE_spatial_bined_dist,1.0
artificial_graph_sbmv5_comuAndEmb_0_30_pos_0_70_4,0.29999999999999993,4,deepwalk,0.13203948701911247,0.6652649489547885,0.05305995636229512,0.6953976661537833,deepwalk_dist,1.0
artificial_graph_sbmv5_comuAndEmb_0_30_pos_0_70_4,0.29999999999999993,4,GT_pos + SiNEcustom_spatial,0.13457964549481405,0.6603062712688381,0.03340584561029951,0.6594530303236612,GT_pos_dist,0.5320336
artificial_graph_sbmv5_comuAndEmb_0_30_pos_0_70_4,0.29999999999999993,4,GT_pos + SiNEcustom_spatial_bined,0.12910271408984017,0.6414924647544967,0.03971554898132864,0.674251167603927,GT_pos_dist,0.5512355
artificial_graph_sbmv5_comuAndEmb_0_30_pos_0_70_4,0.29999999999999993,4,GT_pos + SiNE_spatial,0.15569680644230352,0.6695308701993193,0.03618793601955963,0.6482925069103089,GT_pos_dist,0.5397078
artificial_graph_sbmv5_comuAndEmb_0_30_pos_0_70_4,0.29999999999999993,4,GT_pos + SiNE_spatial_bined,0.1840105628172729,0.6700413223140497,0.04097338049709881,0.6908063615691508,GT_pos_dist,0.5507572
artificial_graph_sbmv5_comuAndEmb_0_30_pos_0_70_4,0.29999999999999993,4,GT_pos + deepwalk,0.15637227661424713,0.6548128342245989,0.054792898596507406,0.7004675862256778,GT_pos_dist,0.53194606
artificial_graph_sbmv5_comuAndEmb_0_20_pos_0_80_4,0.19999999999999996,4,Inferred_Commu_normal,0.11505611284671827,0.6524207052797479,0.045729387300367685,0.7289397707612457,louvain_density,1.0
artificial_graph_sbmv5_comuAndEmb_0_20_pos_0_80_4,0.19999999999999996,4,Inferred_Commu_spatial_manuel_iter,0.07435468488924397,0.5275068951930654,0.021135101146773604,0.5288244755622837,spatial_louvain_density,1.0
artificial_graph_sbmv5_comuAndEmb_0_20_pos_0_80_4,0.19999999999999996,4,Inferred_Commu_spatial_manuel_iter_old,0.07779487831096919,0.509764085894405,0.01992101279682126,0.5129449610726644,spatial_louvain_old_density,1.0
artificial_graph_sbmv5_comuAndEmb_0_20_pos_0_80_4,0.19999999999999996,4,Inferred_Commu_spatial_manuel_iter_bined,0.06519250709151435,0.4780215721040189,0.019867256949223713,0.49537062067474047,spatial_louvain_bined_density,1.0
artificial_graph_sbmv5_comuAndEmb_0_20_pos_0_80_4,0.19999999999999996,4,Inferred_Commu_spatial_manuel_iter_0_20,0.09797769306471217,0.6406865642237984,0.04975172069186234,0.7293782439446366,spatial_louvain_manualiter_0_20_density,1.0
artificial_graph_sbmv5_comuAndEmb_0_20_pos_0_80_4,0.19999999999999996,4,Inferred_Commu_spatial_manuel_iter_0_50,0.14461917780827507,0.6714563632781718,0.043797980764172864,0.6969885380622838,spatial_louvain_manualiter_0_50_density,1.0
artificial_graph_sbmv5_comuAndEmb_0_20_pos_0_80_4,0.19999999999999996,4,Inferred_Commu_spatial_manuel_iter_0_80,0.09283374885125169,0.5912751182033097,0.023361871189191835,0.53153330449827,spatial_louvain_manualiter_0_80_density,1.0
artificial_graph_sbmv5_comuAndEmb_0_20_pos_0_80_4,0.19999999999999996,4,GT_pos,0.10121536193628283,0.6003127462568951,0.05094318958743322,0.7090564176038061,GT_pos_dist,1.0
artificial_graph_sbmv5_comuAndEmb_0_20_pos_0_80_4,0.19999999999999996,4,GT_pos + Inferred_Commu normal,0.12669623867805604,0.67010195035461,0.061789508313209125,0.7337067474048442,louvain_density,0.5142767
artificial_graph_sbmv5_comuAndEmb_0_20_pos_0_80_4,0.19999999999999996,4,GT_pos + Inferred_Commu spatial manuel iter,0.10762800351538519,0.6313041765169425,0.04445941021214471,0.6966648194204151,GT_pos_dist,0.57644176
artificial_graph_sbmv5_comuAndEmb_0_20_pos_0_80_4,0.19999999999999996,4,GT_pos + Inferred_Commu spatial manuel iter old,0.08933114020439425,0.5745296493301812,0.048916033045369976,0.7154156304065744,GT_pos_dist,0.59138286
artificial_graph_sbmv5_comuAndEmb_0_20_pos_0_80_4,0.19999999999999996,4,GT_pos + Inferred_Commu spatial manuel iter bined,0.10599553078515622,0.6052871355397951,0.0427189816199503,0.6908495080017301,GT_pos_dist,0.6182571
artificial_graph_sbmv5_comuAndEmb_0_20_pos_0_80_4,0.19999999999999996,4,GT_pos + Inferred_Commu spatial manuel iter 0_20,0.11707727109064495,0.6539967494089834,0.060416483734386864,0.7241910413062285,spatial_louvain_manualiter_0_20_density,0.71261644
artificial_graph_sbmv5_comuAndEmb_0_20_pos_0_80_4,0.19999999999999996,4,GT_pos + Inferred_Commu spatial manuel iter 0_50,0.12113611589172799,0.6384579393223011,0.05658890850013665,0.7239764003027681,GT_pos_dist,0.5752248
artificial_graph_sbmv5_comuAndEmb_0_20_pos_0_80_4,0.19999999999999996,4,GT_pos + Inferred_Commu spatial manuel iter 0_80,0.11862832416366359,0.6081067769897557,0.04710125518521022,0.7009273626730105,GT_pos_dist,0.622828
artificial_graph_sbmv5_comuAndEmb_0_20_pos_0_80_4,0.19999999999999996,4,SiNEcustom_spatial,0.12875983305814417,0.6521621355397952,0.03407297427867988,0.6331829855103807,SiNEcustom_spatial_dist,1.0
artificial_graph_sbmv5_comuAndEmb_0_20_pos_0_80_4,0.19999999999999996,4,SiNEcustom_spatial_bined,0.10263624384428346,0.5779279944838456,0.04025513198084507,0.6668737835207612,SiNEcustom_spatial_bined_dist,1.0
artificial_graph_sbmv5_comuAndEmb_0_20_pos_0_80_4,0.19999999999999996,4,SiNE_spatial,0.08737071806754408,0.5540657013396375,0.030986746641899227,0.6436799848615917,SiNE_spatial_dist,1.0
artificial_graph_sbmv5_comuAndEmb_0_20_pos_0_80_4,0.19999999999999996,4,SiNE_spatial_bined,0.1099742042045114,0.6590573286052009,0.030558635797883184,0.6410986159169549,SiNE_spatial_bined_dist,1.0
artificial_graph_sbmv5_comuAndEmb_0_20_pos_0_80_4,0.19999999999999996,4,deepwalk,0.10288337225571201,0.61860963356974,0.05381897252362159,0.711438554282007,deepwalk_dist,1.0
artificial_graph_sbmv5_comuAndEmb_0_20_pos_0_80_4,0.19999999999999996,4,GT_pos + SiNEcustom_spatial,0.12177489598495016,0.6395784081954295,0.050497075506641384,0.7099320123269897,GT_pos_dist,0.58986527
artificial_graph_sbmv5_comuAndEmb_0_20_pos_0_80_4,0.19999999999999996,4,GT_pos + SiNEcustom_spatial_bined,0.11007072421321659,0.6137953112687156,0.059020135463932914,0.7284508812716263,GT_pos_dist,0.53578407
artificial_graph_sbmv5_comuAndEmb_0_20_pos_0_80_4,0.19999999999999996,4,GT_pos + SiNE_spatial,0.09975889592186152,0.6001280535855004,0.05154829702506109,0.7118964911332181,GT_pos_dist,0.556602
artificial_graph_sbmv5_comuAndEmb_0_20_pos_0_80_4,0.19999999999999996,4,GT_pos + SiNE_spatial_bined,0.12143213714692258,0.6648813041765169,0.04673691837355106,0.7182382677335639,GT_pos_dist,0.57069546
artificial_graph_sbmv5_comuAndEmb_0_20_pos_0_80_4,0.19999999999999996,4,GT_pos + deepwalk,0.11926971658479643,0.6678486997635935,0.058536752164198985,0.7468195826124567,GT_pos_dist,0.53723174
artificial_graph_sbmv5_comuAndEmb_0_10_pos_0_90_4,0.09999999999999998,4,Inferred_Commu_normal,0.1746427452241321,0.7324608610567515,0.04850639479515159,0.7482567148760331,louvain_density,1.0
artificial_graph_sbmv5_comuAndEmb_0_10_pos_0_90_4,0.09999999999999998,4,Inferred_Commu_spatial_manuel_iter,0.10302120123133954,0.5755748532289628,0.02056293808059113,0.5094659664830119,spatial_louvain_density,1.0
artificial_graph_sbmv5_comuAndEmb_0_10_pos_0_90_4,0.09999999999999998,4,Inferred_Commu_spatial_manuel_iter_old,0.0910680101793008,0.5489481409001957,0.020735913601364536,0.5111230199724518,spatial_louvain_old_density,1.0
artificial_graph_sbmv5_comuAndEmb_0_10_pos_0_90_4,0.09999999999999998,4,Inferred_Commu_spatial_manuel_iter_bined,0.09059550694221206,0.5350171232876713,0.021828639928532644,0.5302918388429753,spatial_louvain_bined_density,1.0
artificial_graph_sbmv5_comuAndEmb_0_10_pos_0_90_4,0.09999999999999998,4,Inferred_Commu_spatial_manuel_iter_0_20,0.1604092301218796,0.6821795499021527,0.040138155842934814,0.6842359676308539,spatial_louvain_manualiter_0_20_density,1.0
artificial_graph_sbmv5_comuAndEmb_0_10_pos_0_90_4,0.09999999999999998,4,Inferred_Commu_spatial_manuel_iter_0_50,0.15659829654318944,0.6515166340508807,0.033443381336164965,0.6448064451331497,spatial_louvain_manualiter_0_50_density,1.0
artificial_graph_sbmv5_comuAndEmb_0_10_pos_0_90_4,0.09999999999999998,4,Inferred_Commu_spatial_manuel_iter_0_80,0.11054162771716544,0.5599681996086107,0.021325882817732105,0.5209251606978879,spatial_louvain_manualiter_0_80_density,1.0
artificial_graph_sbmv5_comuAndEmb_0_10_pos_0_90_4,0.09999999999999998,4,GT_pos,0.1691362602152297,0.7197040117416829,0.06717575140869116,0.7441039657943067,GT_pos_dist,1.0
artificial_graph_sbmv5_comuAndEmb_0_10_pos_0_90_4,0.09999999999999998,4,GT_pos + Inferred_Commu normal,0.18915900962218826,0.7332803326810176,0.06872964375497743,0.7555686122589531,louvain_density,0.686996
artificial_graph_sbmv5_comuAndEmb_0_10_pos_0_90_4,0.09999999999999998,4,GT_pos + Inferred_Commu spatial manuel iter,0.16935783341392988,0.7449853228962817,0.05399624157096592,0.7366363923324151,GT_pos_dist,0.6542561
artificial_graph_sbmv5_comuAndEmb_0_10_pos_0_90_4,0.09999999999999998,4,GT_pos + Inferred_Commu spatial manuel iter old,0.19846774572457707,0.7054672211350292,0.05712825404270604,0.7216051136363637,GT_pos_dist,0.6878386
artificial_graph_sbmv5_comuAndEmb_0_10_pos_0_90_4,0.09999999999999998,4,GT_pos + Inferred_Commu spatial manuel iter bined,0.18055506713589986,0.747578277886497,0.055617642314325685,0.7306488177226814,GT_pos_dist,0.6044454
artificial_graph_sbmv5_comuAndEmb_0_10_pos_0_90_4,0.09999999999999998,4,GT_pos + Inferred_Commu spatial manuel iter 0_20,0.19208217197155156,0.7439946183953032,0.061243272566113505,0.7215368170339762,GT_pos_dist,0.5173809
artificial_graph_sbmv5_comuAndEmb_0_10_pos_0_90_4,0.09999999999999998,4,GT_pos + Inferred_Commu spatial manuel iter 0_50,0.24185905684469527,0.7514677103718199,0.05952805177108556,0.7357195534894398,GT_pos_dist,0.6266465
artificial_graph_sbmv5_comuAndEmb_0_10_pos_0_90_4,0.09999999999999998,4,GT_pos + Inferred_Commu spatial manuel iter 0_80,0.2182438233682882,0.7112402152641879,0.05567604271699367,0.7251332931588613,GT_pos_dist,0.616997
artificial_graph_sbmv5_comuAndEmb_0_10_pos_0_90_4,0.09999999999999998,4,SiNEcustom_spatial,0.11664825345577787,0.6819593933463797,0.039729965518697785,0.6903671659779615,SiNEcustom_spatial_dist,1.0
artificial_graph_sbmv5_comuAndEmb_0_10_pos_0_90_4,0.09999999999999998,4,SiNEcustom_spatial_bined,0.12214348352497645,0.697725048923679,0.03680874430632628,0.6788673668503213,SiNEcustom_spatial_bined_dist,1.0
artificial_graph_sbmv5_comuAndEmb_0_10_pos_0_90_4,0.09999999999999998,4,SiNE_spatial,0.15033370754005254,0.7201198630136987,0.04121943995253377,0.6916181703397613,SiNE_spatial_dist,1.0
artificial_graph_sbmv5_comuAndEmb_0_10_pos_0_90_4,0.09999999999999998,4,SiNE_spatial_bined,0.1489913130305521,0.7268468688845401,0.03769507253306019,0.6841534664830119,SiNE_spatial_bined_dist,1.0
artificial_graph_sbmv5_comuAndEmb_0_10_pos_0_90_4,0.09999999999999998,4,deepwalk,0.22271245258333697,0.7670132093933464,0.08220329526412942,0.7666686753902664,deepwalk_dist,1.0
artificial_graph_sbmv5_comuAndEmb_0_10_pos_0_90_4,0.09999999999999998,4,GT_pos + SiNEcustom_spatial,0.17276404212491114,0.741389432485323,0.08031094605918898,0.768738952020202,GT_pos_dist,0.5701827
artificial_graph_sbmv5_comuAndEmb_0_10_pos_0_90_4,0.09999999999999998,4,GT_pos + SiNEcustom_spatial_bined,0.25862034566051156,0.7909613502935421,0.06729841107532343,0.7611079545454545,GT_pos_dist,0.5979579
artificial_graph_sbmv5_comuAndEmb_0_10_pos_0_90_4,0.09999999999999998,4,GT_pos + SiNE_spatial,0.25750721399899534,0.7919275929549903,0.07364942044518308,0.7610462580348945,GT_pos_dist,0.5528244
artificial_graph_sbmv5_comuAndEmb_0_10_pos_0_90_4,0.09999999999999998,4,GT_pos + SiNE_spatial_bined,0.2837184310407714,0.7951932485322895,0.06451828328779169,0.76353951446281,GT_pos_dist,0.5497662
artificial_graph_sbmv5_comuAndEmb_0_10_pos_0_90_4,0.09999999999999998,4,GT_pos + deepwalk,0.2628256528971846,0.8174168297455968,0.09068722936487816,0.7991561926078973,deepwalk_dist,0.5627522
artificial_graph_sbmv5_comuAndEmb_0_00_pos_1_00_4,0.0,4,Inferred_Commu_normal,0.1858536729835921,0.7648350344172798,0.04644127775845065,0.7450578008314979,louvain_density,1.0
artificial_graph_sbmv5_comuAndEmb_0_00_pos_1_00_4,0.0,4,Inferred_Commu_spatial_manuel_iter,0.08242217942821367,0.5023380014241633,0.02070321451710994,0.5149195219538896,spatial_louvain_density,1.0
artificial_graph_sbmv5_comuAndEmb_0_00_pos_1_00_4,0.0,4,Inferred_Commu_spatial_manuel_iter_old,0.0941736704656938,0.5521243769285543,0.022032249234076217,0.5565859062414471,spatial_louvain_old_density,1.0
artificial_graph_sbmv5_comuAndEmb_0_00_pos_1_00_4,0.0,4,Inferred_Commu_spatial_manuel_iter_bined,0.1045238276122701,0.5786612864941845,0.022293959111521093,0.5329073753079019,spatial_louvain_bined_density,1.0
artificial_graph_sbmv5_comuAndEmb_0_00_pos_1_00_4,0.0,4,Inferred_Commu_spatial_manuel_iter_0_20,0.14795373073701804,0.7495371469261809,0.04420419614580205,0.7294812912979446,spatial_louvain_manualiter_0_20_density,1.0
artificial_graph_sbmv5_comuAndEmb_0_00_pos_1_00_4,0.0,4,Inferred_Commu_spatial_manuel_iter_0_50,0.16052638318170348,0.7381675765487775,0.04950249178464165,0.7256115679860288,spatial_louvain_manualiter_0_50_density,1.0
artificial_graph_sbmv5_comuAndEmb_0_00_pos_1_00_4,0.0,4,Inferred_Commu_spatial_manuel_iter_0_80,0.11179808107073452,0.6065155471160693,0.027764594981141404,0.5947577838887512,spatial_louvain_manualiter_0_80_density,1.0
artificial_graph_sbmv5_comuAndEmb_0_00_pos_1_00_4,0.0,4,GT_pos,0.15666712607557762,0.7351293615001186,0.06121195801150205,0.7508458340392812,GT_pos_dist,1.0
artificial_graph_sbmv5_comuAndEmb_0_00_pos_1_00_4,0.0,4,GT_pos + Inferred_Commu normal,0.16359165446824872,0.7633871350581534,0.0672420401293976,0.7722274498559867,louvain_density,0.7532228
artificial_graph_sbmv5_comuAndEmb_0_00_pos_1_00_4,0.0,4,GT_pos + Inferred_Commu spatial manuel iter,0.15590820854765275,0.717113695703774,0.06002197649368355,0.7349617484914439,GT_pos_dist,0.6875391
artificial_graph_sbmv5_comuAndEmb_0_00_pos_1_00_4,0.0,4,GT_pos + Inferred_Commu spatial manuel iter old,0.17623123934367874,0.7422857821030144,0.05904418608241474,0.7459736214469106,GT_pos_dist,0.6717485
artificial_graph_sbmv5_comuAndEmb_0_00_pos_1_00_4,0.0,4,GT_pos + Inferred_Commu spatial manuel iter bined,0.19918997967233798,0.7450866366009967,0.05388060898351025,0.7283276205867404,GT_pos_dist,0.65156204
artificial_graph_sbmv5_comuAndEmb_0_00_pos_1_00_4,0.0,4,GT_pos + Inferred_Commu spatial manuel iter 0_20,0.17669300989062559,0.7739615475907904,0.06709574138983111,0.7565126614448253,spatial_louvain_manualiter_0_20_density,0.7379053
artificial_graph_sbmv5_comuAndEmb_0_00_pos_1_00_4,0.0,4,GT_pos + Inferred_Commu spatial manuel iter 0_50,0.18519301540017846,0.7621647282221694,0.07469721141151281,0.760312658838249,GT_pos_dist,0.6529716
artificial_graph_sbmv5_comuAndEmb_0_00_pos_1_00_4,0.0,4,GT_pos + Inferred_Commu spatial manuel iter 0_80,0.1691823031223889,0.7434844528839306,0.06008321543088284,0.7630525616129494,GT_pos_dist,0.7017763
artificial_graph_sbmv5_comuAndEmb_0_00_pos_1_00_4,0.0,4,SiNEcustom_spatial,0.20323273735055272,0.7706266318537859,0.05204106753344646,0.7584356631781988,SiNEcustom_spatial_dist,1.0
artificial_graph_sbmv5_comuAndEmb_0_00_pos_1_00_4,0.0,4,SiNEcustom_spatial_bined,0.16455496428452326,0.7666271065748871,0.050572461432754845,0.7570507891410028,SiNEcustom_spatial_bined_dist,1.0
artificial_graph_sbmv5_comuAndEmb_0_00_pos_1_00_4,0.0,4,SiNE_spatial,0.13031220591450465,0.7370519819605981,0.06139328839430906,0.7876728485970103,SiNE_spatial_dist,1.0
artificial_graph_sbmv5_comuAndEmb_0_00_pos_1_00_4,0.0,4,SiNE_spatial_bined,0.15988323087003548,0.7637194398291004,0.04428965868298311,0.7469387063561366,SiNE_spatial_bined_dist,1.0
artificial_graph_sbmv5_comuAndEmb_0_00_pos_1_00_4,0.0,4,deepwalk,0.23470252883388554,0.8377877996676952,0.09649944406874701,0.8258565861668992,deepwalk_dist,1.0
artificial_graph_sbmv5_comuAndEmb_0_00_pos_1_00_4,0.0,4,GT_pos + SiNEcustom_spatial,0.23256761454441444,0.7943508188938998,0.08139775979799885,0.8070489645375281,GT_pos_dist,0.5158207
artificial_graph_sbmv5_comuAndEmb_0_00_pos_1_00_4,0.0,4,GT_pos + SiNEcustom_spatial_bined,0.21129760554833338,0.7857108948492759,0.0959367515905356,0.8127876031226785,GT_pos_dist,0.5514497
artificial_graph_sbmv5_comuAndEmb_0_00_pos_1_00_4,0.0,4,GT_pos + SiNE_spatial,0.19778597458602293,0.8024566816995016,0.09684910336125184,0.8307334905967757,SiNE_spatial_dist,0.52917135
artificial_graph_sbmv5_comuAndEmb_0_00_pos_1_00_4,0.0,4,GT_pos + SiNE_spatial_bined,0.22381781765871117,0.8214336577260859,0.06546759020602902,0.7983058556738651,SiNE_spatial_bined_dist,0.5141117
artificial_graph_sbmv5_comuAndEmb_0_00_pos_1_00_4,0.0,4,GT_pos + deepwalk,0.2827243157237438,0.8438167576548777,0.11578591157789184,0.8324135594103924,deepwalk_dist,0.62217635
artificial_graph_sbmv5_comuAndEmb_1_00_pos_0_00_5,1.0,5,Inferred_Commu_normal,0.15505419999061126,0.7771596352959357,0.05037567823739464,0.7839352071005916,louvain_density,1.0
artificial_graph_sbmv5_comuAndEmb_1_00_pos_0_00_5,1.0,5,Inferred_Commu_spatial_manuel_iter,0.18338014028819496,0.7860840673775306,0.05226523623200674,0.7815514792899408,spatial_louvain_density,1.0
artificial_graph_sbmv5_comuAndEmb_1_00_pos_0_00_5,1.0,5,Inferred_Commu_spatial_manuel_iter_old,0.16800025972146243,0.7731159532272189,0.05476708114384862,0.7627581360946746,spatial_louvain_old_density,1.0
artificial_graph_sbmv5_comuAndEmb_1_00_pos_0_00_5,1.0,5,Inferred_Commu_spatial_manuel_iter_bined,0.14666389132679203,0.7381651470663987,0.06220943133383741,0.7861162721893491,spatial_louvain_bined_density,1.0
artificial_graph_sbmv5_comuAndEmb_1_00_pos_0_00_5,1.0,5,Inferred_Commu_spatial_manuel_iter_0_20,0.1523346377883838,0.7584994591253282,0.054324229148388435,0.792064201183432,spatial_louvain_manualiter_0_20_density,1.0
artificial_graph_sbmv5_comuAndEmb_1_00_pos_0_00_5,1.0,5,Inferred_Commu_spatial_manuel_iter_0_50,0.16671981580001605,0.7599289136145881,0.06214674324070456,0.7655723372781064,spatial_louvain_manualiter_0_50_density,1.0
artificial_graph_sbmv5_comuAndEmb_1_00_pos_0_00_5,1.0,5,Inferred_Commu_spatial_manuel_iter_0_80,0.18525846238492794,0.7893421933755731,0.06004045666778216,0.7936758875739646,spatial_louvain_manualiter_0_80_density,1.0
artificial_graph_sbmv5_comuAndEmb_1_00_pos_0_00_5,1.0,5,GT_pos,0.08851733154607272,0.5031422242826972,0.022049924672029222,0.5358128698224852,GT_pos_dist,1.0
artificial_graph_sbmv5_comuAndEmb_1_00_pos_0_00_5,1.0,5,GT_pos + Inferred_Commu normal,0.1509769026872201,0.7454025652912998,0.044413128345211404,0.7427699704142012,louvain_density,0.8211368
artificial_graph_sbmv5_comuAndEmb_1_00_pos_0_00_5,1.0,5,GT_pos + Inferred_Commu spatial manuel iter,0.17142496518589245,0.758653994745789,0.04621091315357656,0.7166600591715976,spatial_louvain_density,0.80975723
artificial_graph_sbmv5_comuAndEmb_1_00_pos_0_00_5,1.0,5,GT_pos + Inferred_Commu spatial manuel iter old,0.13510971769910374,0.7400710863854119,0.04329074407241444,0.7094933431952664,spatial_louvain_old_density,0.7929135
artificial_graph_sbmv5_comuAndEmb_1_00_pos_0_00_5,1.0,5,GT_pos + Inferred_Commu spatial manuel iter bined,0.16148615012939252,0.7459691958996548,0.0574452213698212,0.7627217455621301,spatial_louvain_bined_density,0.78614444
artificial_graph_sbmv5_comuAndEmb_1_00_pos_0_00_5,1.0,5,GT_pos + Inferred_Commu spatial manuel iter 0_20,0.14341690590573722,0.7187580487302323,0.05094577197719091,0.760851775147929,spatial_louvain_manualiter_0_20_density,0.82381266
artificial_graph_sbmv5_comuAndEmb_1_00_pos_0_00_5,1.0,5,GT_pos + Inferred_Commu spatial manuel iter 0_50,0.15968904894480415,0.7417323443053625,0.058240404221164124,0.7502420118343195,spatial_louvain_manualiter_0_50_density,0.78316104
artificial_graph_sbmv5_comuAndEmb_1_00_pos_0_00_5,1.0,5,GT_pos + Inferred_Commu spatial manuel iter 0_80,0.15154976361271733,0.7536187091124504,0.04943268455294313,0.7417928994082841,spatial_louvain_manualiter_0_80_density,0.80691034
artificial_graph_sbmv5_comuAndEmb_1_00_pos_0_00_5,1.0,5,SiNEcustom_spatial,0.33491969475162736,0.8597975583371967,0.11556159529956908,0.8378247041420118,SiNEcustom_spatial_dist,1.0
artificial_graph_sbmv5_comuAndEmb_1_00_pos_0_00_5,1.0,5,SiNEcustom_spatial_bined,0.33346970021583194,0.8331015299026425,0.14681054536231852,0.8538149408284024,SiNEcustom_spatial_bined_dist,1.0
artificial_graph_sbmv5_comuAndEmb_1_00_pos_0_00_5,1.0,5,SiNE_spatial,0.2241514485599577,0.7623757276052129,0.08409750644085595,0.8245057692307693,SiNE_spatial_dist,1.0
artificial_graph_sbmv5_comuAndEmb_1_00_pos_0_00_5,1.0,5,SiNE_spatial_bined,0.270327550084313,0.8076546644001442,0.09392468028917604,0.8264761834319528,SiNE_spatial_bined_dist,1.0
artificial_graph_sbmv5_comuAndEmb_1_00_pos_0_00_5,1.0,5,deepwalk,0.37296584517200576,0.841021480451244,0.12759196146610058,0.8482315088757397,deepwalk_dist,1.0
artificial_graph_sbmv5_comuAndEmb_1_00_pos_0_00_5,1.0,5,GT_pos + SiNEcustom_spatial,0.3429877097404609,0.8229536908257354,0.10505530649668349,0.8152612426035503,SiNEcustom_spatial_dist,0.71270674
artificial_graph_sbmv5_comuAndEmb_1_00_pos_0_00_5,1.0,5,GT_pos + SiNEcustom_spatial_bined,0.33810436986050574,0.8371452119713595,0.12012024216215171,0.8363599112426036,SiNEcustom_spatial_bined_dist,0.7470302
artificial_graph_sbmv5_comuAndEmb_1_00_pos_0_00_5,1.0,5,GT_pos + SiNE_spatial,0.1967728292530999,0.7443079379797042,0.07576515151885241,0.7983970414201184,SiNE_spatial_dist,0.6890342
artificial_graph_sbmv5_comuAndEmb_1_00_pos_0_00_5,1.0,5,GT_pos + SiNE_spatial_bined,0.18853664861262104,0.7769922217071036,0.07986732157767418,0.8093539940828403,SiNE_spatial_bined_dist,0.7060035
artificial_graph_sbmv5_comuAndEmb_1_00_pos_0_00_5,1.0,5,GT_pos + deepwalk,0.35573526704677766,0.8337969401947148,0.1277121242913677,0.840935798816568,deepwalk_dist,0.73490405
artificial_graph_sbmv5_comuAndEmb_0_90_pos_0_10_5,0.9,5,Inferred_Commu_normal,0.13519960327186092,0.7137454355764216,0.04295507934901252,0.7317296249753971,louvain_density,1.0
artificial_graph_sbmv5_comuAndEmb_0_90_pos_0_10_5,0.9,5,Inferred_Commu_spatial_manuel_iter,0.13926823302912533,0.6636932707355242,0.044928245222812704,0.6878181350209692,spatial_louvain_density,1.0
artificial_graph_sbmv5_comuAndEmb_0_90_pos_0_10_5,0.9,5,Inferred_Commu_spatial_manuel_iter_old,0.18210130890756934,0.7456442357850809,0.04008401009025031,0.7031363078926252,spatial_louvain_old_density,1.0
artificial_graph_sbmv5_comuAndEmb_0_90_pos_0_10_5,0.9,5,Inferred_Commu_spatial_manuel_iter_bined,0.1843109414874225,0.7433359415753782,0.037502304008580845,0.6785460794258809,spatial_louvain_bined_density,1.0
artificial_graph_sbmv5_comuAndEmb_0_90_pos_0_10_5,0.9,5,Inferred_Commu_spatial_manuel_iter_0_20,0.15108546249787602,0.695735524256651,0.05084320781060786,0.7445446562400642,spatial_louvain_manualiter_0_20_density,1.0
artificial_graph_sbmv5_comuAndEmb_0_90_pos_0_10_5,0.9,5,Inferred_Commu_spatial_manuel_iter_0_50,0.13606594194922375,0.7214397496087637,0.04089783820660639,0.7203164317400718,spatial_louvain_manualiter_0_50_density,1.0
artificial_graph_sbmv5_comuAndEmb_0_90_pos_0_10_5,0.9,5,Inferred_Commu_spatial_manuel_iter_0_80,0.14310436733217405,0.6599504434011476,0.042621225987229325,0.6807167406016745,spatial_louvain_manualiter_0_80_density,1.0
artificial_graph_sbmv5_comuAndEmb_0_90_pos_0_10_5,0.9,5,GT_pos,0.06546965354666913,0.4725091288471571,0.01983274212344875,0.5131512967645233,GT_pos_dist,1.0
artificial_graph_sbmv5_comuAndEmb_0_90_pos_0_10_5,0.9,5,GT_pos + Inferred_Commu normal,0.1372659451707498,0.6840245174752217,0.03494731294355023,0.6702705567078988,louvain_density,0.77472234
artificial_graph_sbmv5_comuAndEmb_0_90_pos_0_10_5,0.9,5,GT_pos + Inferred_Commu spatial manuel iter,0.12171469621831839,0.6208789775691184,0.04231420714866203,0.6806001604869112,spatial_louvain_density,0.8169094
artificial_graph_sbmv5_comuAndEmb_0_90_pos_0_10_5,0.9,5,GT_pos + Inferred_Commu spatial manuel iter old,0.15509038042229345,0.6875065206051122,0.03497081330782165,0.6742409423306939,spatial_louvain_old_density,0.7692741
artificial_graph_sbmv5_comuAndEmb_0_90_pos_0_10_5,0.9,5,GT_pos + Inferred_Commu spatial manuel iter bined,0.1647457285794948,0.7116849243609807,0.03684283763938215,0.6478650698723675,spatial_louvain_bined_density,0.75375587
artificial_graph_sbmv5_comuAndEmb_0_90_pos_0_10_5,0.9,5,GT_pos + Inferred_Commu spatial manuel iter 0_20,0.12436721989323499,0.6686750130412102,0.0446589216788539,0.7249016639161834,spatial_louvain_manualiter_0_20_density,0.76658916
artificial_graph_sbmv5_comuAndEmb_0_90_pos_0_10_5,0.9,5,GT_pos + Inferred_Commu spatial manuel iter 0_50,0.14791531957675955,0.7061424100156495,0.03659773971896583,0.6985207951672244,spatial_louvain_manualiter_0_50_density,0.75828886
artificial_graph_sbmv5_comuAndEmb_0_90_pos_0_10_5,0.9,5,GT_pos + Inferred_Commu spatial manuel iter 0_80,0.14406863200944353,0.6437141366718832,0.038557230638311166,0.6770471922360672,spatial_louvain_manualiter_0_80_density,0.7801669
artificial_graph_sbmv5_comuAndEmb_0_90_pos_0_10_5,0.9,5,SiNEcustom_spatial,0.35729568129546446,0.8031820552947312,0.08914110454161561,0.7898641917364381,SiNEcustom_spatial_dist,1.0
artificial_graph_sbmv5_comuAndEmb_0_90_pos_0_10_5,0.9,5,SiNEcustom_spatial_bined,0.26858827477167957,0.787623891497131,0.0830651390986783,0.7717968477948189,SiNEcustom_spatial_bined_dist,1.0
artificial_graph_sbmv5_comuAndEmb_0_90_pos_0_10_5,0.9,5,SiNE_spatial,0.18248227163345285,0.7490219092331768,0.054487767613687975,0.7015014610365032,SiNE_spatial_dist,1.0
artificial_graph_sbmv5_comuAndEmb_0_90_pos_0_10_5,0.9,5,SiNE_spatial_bined,0.2257831546876968,0.765792905581638,0.048815895445799146,0.7114475616587687,SiNE_spatial_bined_dist,1.0
artificial_graph_sbmv5_comuAndEmb_0_90_pos_0_10_5,0.9,5,deepwalk,0.33090582008262487,0.8118805425143454,0.0816101779255667,0.7608619358355161,deepwalk_dist,1.0
artificial_graph_sbmv5_comuAndEmb_0_90_pos_0_10_5,0.9,5,GT_pos + SiNEcustom_spatial,0.2828941487711459,0.7679055816379761,0.06849241478087727,0.7806723795969659,SiNEcustom_spatial_dist,0.69934833
artificial_graph_sbmv5_comuAndEmb_0_90_pos_0_10_5,0.9,5,GT_pos + SiNEcustom_spatial_bined,0.22515233759921705,0.726943140323422,0.05672001670260812,0.7511091765204622,SiNEcustom_spatial_bined_dist,0.6646357
artificial_graph_sbmv5_comuAndEmb_0_90_pos_0_10_5,0.9,5,GT_pos + SiNE_spatial,0.13821030275418417,0.6688967136150236,0.04240113827667105,0.700424836106527,SiNE_spatial_dist,0.62850666
artificial_graph_sbmv5_comuAndEmb_0_90_pos_0_10_5,0.9,5,GT_pos + SiNE_spatial_bined,0.1572634233723834,0.718283776734481,0.03913666649912841,0.6869878423594604,SiNE_spatial_bined_dist,0.59228474
artificial_graph_sbmv5_comuAndEmb_0_90_pos_0_10_5,0.9,5,GT_pos + deepwalk,0.2903748027017997,0.7687793427230047,0.0769908113946301,0.7397388302623811,deepwalk_dist,0.66621196
artificial_graph_sbmv5_comuAndEmb_0_80_pos_0_20_5,0.8,5,Inferred_Commu_normal,0.12813131958164678,0.685223711922741,0.038536403551994655,0.6883602706947931,louvain_density,1.0
artificial_graph_sbmv5_comuAndEmb_0_80_pos_0_20_5,0.8,5,Inferred_Commu_spatial_manuel_iter,0.16631147960295678,0.7381979760620536,0.04018465142036426,0.7023659370825444,spatial_louvain_density,1.0
artificial_graph_sbmv5_comuAndEmb_0_80_pos_0_20_5,0.8,5,Inferred_Commu_spatial_manuel_iter_old,0.15794349148482167,0.7355653156624031,0.03961360370956232,0.7015472468108219,spatial_louvain_old_density,1.0
artificial_graph_sbmv5_comuAndEmb_0_80_pos_0_20_5,0.8,5,Inferred_Commu_spatial_manuel_iter_bined,0.16161488659643425,0.6789181692094313,0.03858029073796426,0.6777548773505968,spatial_louvain_bined_density,1.0
artificial_graph_sbmv5_comuAndEmb_0_80_pos_0_20_5,0.8,5,Inferred_Commu_spatial_manuel_iter_0_20,0.14974479348538364,0.7329711820003082,0.03837018875931619,0.71903142936833,spatial_louvain_manualiter_0_20_density,1.0
artificial_graph_sbmv5_comuAndEmb_0_80_pos_0_20_5,0.8,5,Inferred_Commu_spatial_manuel_iter_0_50,0.14366891137399962,0.6788796424718755,0.04867273190916427,0.7153980417198808,spatial_louvain_manualiter_0_50_density,1.0
artificial_graph_sbmv5_comuAndEmb_0_80_pos_0_20_5,0.8,5,Inferred_Commu_spatial_manuel_iter_0_80,0.16254259999920373,0.7378897621616068,0.04011271391728316,0.7213054711469297,spatial_louvain_manualiter_0_80_density,1.0
artificial_graph_sbmv5_comuAndEmb_0_80_pos_0_20_5,0.8,5,GT_pos,0.09501720014261048,0.5922715364462937,0.019904640166271866,0.5114980696114267,GT_pos_dist,1.0
artificial_graph_sbmv5_comuAndEmb_0_80_pos_0_20_5,0.8,5,GT_pos + Inferred_Commu normal,0.15454445866110186,0.6662557147994042,0.029050363958020707,0.61471161609489,louvain_density,0.6617153
artificial_graph_sbmv5_comuAndEmb_0_80_pos_0_20_5,0.8,5,GT_pos + Inferred_Commu spatial manuel iter,0.19308396054283397,0.7509631684388967,0.03141736078488147,0.6441542255692077,spatial_louvain_density,0.6734333
artificial_graph_sbmv5_comuAndEmb_0_80_pos_0_20_5,0.8,5,GT_pos + Inferred_Commu spatial manuel iter old,0.16275040073436367,0.6716623003030769,0.03591504026195591,0.6499914857386121,spatial_louvain_old_density,0.6669862
artificial_graph_sbmv5_comuAndEmb_0_80_pos_0_20_5,0.8,5,GT_pos + Inferred_Commu spatial manuel iter bined,0.22259761106921933,0.6773642574613448,0.029328585292277772,0.6240886070374775,spatial_louvain_bined_density,0.6986107
artificial_graph_sbmv5_comuAndEmb_0_80_pos_0_20_5,0.8,5,GT_pos + Inferred_Commu spatial manuel iter 0_20,0.15820696640639917,0.6664997174705912,0.027372729379549272,0.6074943115926073,spatial_louvain_manualiter_0_20_density,0.64167154
artificial_graph_sbmv5_comuAndEmb_0_80_pos_0_20_5,0.8,5,GT_pos + Inferred_Commu spatial manuel iter 0_50,0.18172685597904814,0.6559177068885806,0.03892218951765478,0.6703871052979257,spatial_louvain_manualiter_0_50_density,0.6683707
artificial_graph_sbmv5_comuAndEmb_0_80_pos_0_20_5,0.8,5,GT_pos + Inferred_Commu spatial manuel iter 0_80,0.19392038486328803,0.7203087275902809,0.03432615153779787,0.6481874899076643,spatial_louvain_manualiter_0_80_density,0.658069
artificial_graph_sbmv5_comuAndEmb_0_80_pos_0_20_5,0.8,5,SiNEcustom_spatial,0.15364922161238254,0.6547105357784969,0.08505758629234497,0.7212564407451447,SiNEcustom_spatial_dist,1.0
artificial_graph_sbmv5_comuAndEmb_0_80_pos_0_20_5,0.8,5,SiNEcustom_spatial_bined,0.1461021440658044,0.6931088508758412,0.07962190497635831,0.7265646423276229,SiNEcustom_spatial_bined_dist,1.0
artificial_graph_sbmv5_comuAndEmb_0_80_pos_0_20_5,0.8,5,SiNE_spatial,0.16003554288000169,0.6720732521703395,0.041983546912499475,0.6757261343785322,SiNE_spatial_dist,1.0
artificial_graph_sbmv5_comuAndEmb_0_80_pos_0_20_5,0.8,5,SiNE_spatial_bined,0.09634524891598767,0.6246596804849232,0.03473189309454343,0.6555144522247178,SiNE_spatial_bined_dist,1.0
artificial_graph_sbmv5_comuAndEmb_0_80_pos_0_20_5,0.8,5,deepwalk,0.16364699251368134,0.7261776339446243,0.06669270723445553,0.7077871728248264,deepwalk_dist,1.0
artificial_graph_sbmv5_comuAndEmb_0_80_pos_0_20_5,0.8,5,GT_pos + SiNEcustom_spatial,0.17023455233483567,0.710959572610058,0.0574953030161765,0.709380807680451,SiNEcustom_spatial_dist,0.6377219
artificial_graph_sbmv5_comuAndEmb_0_80_pos_0_20_5,0.8,5,GT_pos + SiNEcustom_spatial_bined,0.1584634228294015,0.7189859762675296,0.062363921563951645,0.7208499581626812,SiNEcustom_spatial_bined_dist,0.59900486
artificial_graph_sbmv5_comuAndEmb_0_80_pos_0_20_5,0.8,5,GT_pos + SiNE_spatial,0.17168079045277712,0.709559767812195,0.03606249920613288,0.6653920230178653,SiNE_spatial_dist,0.5681943
artificial_graph_sbmv5_comuAndEmb_0_80_pos_0_20_5,0.8,5,GT_pos + SiNE_spatial_bined,0.12778937431116566,0.6729079981507166,0.03389293716187754,0.6602530790798726,SiNE_spatial_bined_dist,0.5648623
artificial_graph_sbmv5_comuAndEmb_0_80_pos_0_20_5,0.8,5,GT_pos + deepwalk,0.16599549284331588,0.7266784815328504,0.050935178765327785,0.7005673727631714,deepwalk_dist,0.6245454
artificial_graph_sbmv5_comuAndEmb_0_70_pos_0_30_5,0.7,5,Inferred_Commu_normal,0.1811019797872899,0.7035811599844298,0.03025604800953098,0.6365255243371587,louvain_density,1.0
artificial_graph_sbmv5_comuAndEmb_0_70_pos_0_30_5,0.7,5,Inferred_Commu_spatial_manuel_iter,0.17331980300890032,0.7065735694822889,0.03388840149234085,0.6521883656509696,spatial_louvain_density,1.0
artificial_graph_sbmv5_comuAndEmb_0_70_pos_0_30_5,0.7,5,Inferred_Commu_spatial_manuel_iter_old,0.1550321017977827,0.6883271701050991,0.03310744949316073,0.646989937249138,spatial_louvain_old_density,1.0
artificial_graph_sbmv5_comuAndEmb_0_70_pos_0_30_5,0.7,5,Inferred_Commu_spatial_manuel_iter_bined,0.17025873338589292,0.7169983456597897,0.03118926759339206,0.635901548985245,spatial_louvain_bined_density,1.0
artificial_graph_sbmv5_comuAndEmb_0_70_pos_0_30_5,0.7,5,Inferred_Commu_spatial_manuel_iter_0_20,0.16797669897162543,0.7223384585441807,0.031817948213592344,0.6303895076035954,spatial_louvain_manualiter_0_20_density,1.0
artificial_graph_sbmv5_comuAndEmb_0_70_pos_0_30_5,0.7,5,Inferred_Commu_spatial_manuel_iter_0_50,0.17268788165230148,0.6855902101985208,0.03110318126532983,0.6029252642885409,spatial_louvain_manualiter_0_50_density,1.0
artificial_graph_sbmv5_comuAndEmb_0_70_pos_0_30_5,0.7,5,Inferred_Commu_spatial_manuel_iter_0_80,0.13531119478881726,0.6966231996885948,0.03207059577126162,0.6010047204477359,spatial_louvain_manualiter_0_80_density,1.0
artificial_graph_sbmv5_comuAndEmb_0_70_pos_0_30_5,0.7,5,GT_pos,0.07435248281710108,0.5154607824056053,0.02805214993589078,0.6031301939058171,GT_pos_dist,1.0
artificial_graph_sbmv5_comuAndEmb_0_70_pos_0_30_5,0.7,5,GT_pos + Inferred_Commu normal,0.13536551332175045,0.6566635850525495,0.037927178441175304,0.6804682288427836,louvain_density,0.6409767
artificial_graph_sbmv5_comuAndEmb_0_70_pos_0_30_5,0.7,5,GT_pos + Inferred_Commu spatial manuel iter,0.13593727996380256,0.6731340015570262,0.046244535766982474,0.6867274860082537,spatial_louvain_density,0.6548084
artificial_graph_sbmv5_comuAndEmb_0_70_pos_0_30_5,0.7,5,GT_pos + Inferred_Commu spatial manuel iter old,0.11631468259171102,0.6425895289996107,0.043720476250385054,0.691287240658036,spatial_louvain_old_density,0.66226554
artificial_graph_sbmv5_comuAndEmb_0_70_pos_0_30_5,0.7,5,GT_pos + Inferred_Commu spatial manuel iter bined,0.1188309393768188,0.6708471195017516,0.03840387098565627,0.6712250551190005,spatial_louvain_bined_density,0.67196256
artificial_graph_sbmv5_comuAndEmb_0_70_pos_0_30_5,0.7,5,GT_pos + Inferred_Commu spatial manuel iter 0_20,0.157916395176707,0.6676965745426235,0.04360136156392519,0.693069421674487,spatial_louvain_manualiter_0_20_density,0.70086336
artificial_graph_sbmv5_comuAndEmb_0_70_pos_0_30_5,0.7,5,GT_pos + Inferred_Commu spatial manuel iter 0_50,0.15060746341115613,0.6752262553522772,0.04677854467010653,0.6723484934139861,spatial_louvain_manualiter_0_50_density,0.7131248
artificial_graph_sbmv5_comuAndEmb_0_70_pos_0_30_5,0.7,5,GT_pos + Inferred_Commu spatial manuel iter 0_80,0.11732494375195726,0.6032867847411444,0.04297032065505462,0.684908134999152,spatial_louvain_manualiter_0_80_density,0.62803906
artificial_graph_sbmv5_comuAndEmb_0_70_pos_0_30_5,0.7,5,SiNEcustom_spatial,0.25299856602650383,0.6986181393538342,0.05870205877156583,0.6584600599242467,SiNEcustom_spatial_dist,1.0
artificial_graph_sbmv5_comuAndEmb_0_70_pos_0_30_5,0.7,5,SiNEcustom_spatial_bined,0.281092198331354,0.7022065978980148,0.06036323920442611,0.6995114195262593,SiNEcustom_spatial_bined_dist,1.0
artificial_graph_sbmv5_comuAndEmb_0_70_pos_0_30_5,0.7,5,SiNE_spatial,0.11968459918959046,0.6255717205138187,0.03389149370061971,0.6228851263497088,SiNE_spatial_dist,1.0
artificial_graph_sbmv5_comuAndEmb_0_70_pos_0_30_5,0.7,5,SiNE_spatial_bined,0.1245498850513071,0.5985913779680809,0.02798978359586303,0.6058811973542879,SiNE_spatial_bined_dist,1.0
artificial_graph_sbmv5_comuAndEmb_0_70_pos_0_30_5,0.7,5,deepwalk,0.21527131915716569,0.7171929739198132,0.04579560963159605,0.6836818079032168,deepwalk_dist,1.0
artificial_graph_sbmv5_comuAndEmb_0_70_pos_0_30_5,0.7,5,GT_pos + SiNEcustom_spatial,0.20363890979398244,0.7283111132736473,0.062012577071336616,0.7280281530894906,SiNEcustom_spatial_dist,0.59959227
artificial_graph_sbmv5_comuAndEmb_0_70_pos_0_30_5,0.7,5,GT_pos + SiNEcustom_spatial_bined,0.18892706465769585,0.7047367652783184,0.06309912322207237,0.7331327378596868,SiNEcustom_spatial_bined_dist,0.6200911
artificial_graph_sbmv5_comuAndEmb_0_70_pos_0_30_5,0.7,5,GT_pos + SiNE_spatial,0.10449954829583966,0.587242117555469,0.04010261174454933,0.6647009440895472,SiNE_spatial_dist,0.5379929
artificial_graph_sbmv5_comuAndEmb_0_70_pos_0_30_5,0.7,5,GT_pos + SiNE_spatial_bined,0.110726811102391,0.5665263721292331,0.03324432283197062,0.6608676296003165,SiNE_spatial_bined_dist,0.52897406
artificial_graph_sbmv5_comuAndEmb_0_70_pos_0_30_5,0.7,5,GT_pos + deepwalk,0.1563374672425123,0.6968056636823666,0.0445343613894712,0.6877664085024592,deepwalk_dist,0.5906946
artificial_graph_sbmv5_comuAndEmb_0_60_pos_0_40_5,0.6,5,Inferred_Commu_normal,0.09805369648412342,0.5982509485940019,0.03201551512251243,0.6361333838354408,louvain_density,1.0
artificial_graph_sbmv5_comuAndEmb_0_60_pos_0_40_5,0.6,5,Inferred_Commu_spatial_manuel_iter,0.1199530838054399,0.651982951296845,0.02995734511364396,0.6340141891498164,spatial_louvain_density,1.0
artificial_graph_sbmv5_comuAndEmb_0_60_pos_0_40_5,0.6,5,Inferred_Commu_spatial_manuel_iter_old,0.13617806658464532,0.68001195488331,0.03378782712753543,0.6392032806945982,spatial_louvain_old_density,1.0
artificial_graph_sbmv5_comuAndEmb_0_60_pos_0_40_5,0.6,5,Inferred_Commu_spatial_manuel_iter_bined,0.14738529245732318,0.7057539373148293,0.033924619882568896,0.6442841326263038,spatial_louvain_bined_density,1.0
artificial_graph_sbmv5_comuAndEmb_0_60_pos_0_40_5,0.6,5,Inferred_Commu_spatial_manuel_iter_0_20,0.13254130188488084,0.663236134934248,0.03249412016742651,0.6198487850358371,spatial_louvain_manualiter_0_20_density,1.0
artificial_graph_sbmv5_comuAndEmb_0_60_pos_0_40_5,0.6,5,Inferred_Commu_spatial_manuel_iter_0_50,0.13714923601668494,0.6824679037372006,0.030731424991104605,0.6138332556377833,spatial_louvain_manualiter_0_50_density,1.0
artificial_graph_sbmv5_comuAndEmb_0_60_pos_0_40_5,0.6,5,Inferred_Commu_spatial_manuel_iter_0_80,0.14232157361742784,0.7221659129892406,0.031188048728551198,0.6359722626886545,spatial_louvain_manualiter_0_80_density,1.0
artificial_graph_sbmv5_comuAndEmb_0_60_pos_0_40_5,0.6,5,GT_pos,0.09450964212043186,0.5462861895108893,0.025348499899762175,0.5645355748499505,GT_pos_dist,1.0
artificial_graph_sbmv5_comuAndEmb_0_60_pos_0_40_5,0.6,5,GT_pos + Inferred_Commu normal,0.10292251165952337,0.6184443058371016,0.03396022261193856,0.6527199755259018,louvain_density,0.6306789
artificial_graph_sbmv5_comuAndEmb_0_60_pos_0_40_5,0.6,5,GT_pos + Inferred_Commu spatial manuel iter,0.10403774374158227,0.6266697853318779,0.03664512715596288,0.6423643727055534,spatial_louvain_density,0.60428023
artificial_graph_sbmv5_comuAndEmb_0_60_pos_0_40_5,0.6,5,GT_pos + Inferred_Commu spatial manuel iter old,0.12672815158055067,0.6835464421227715,0.032073997637327566,0.6384683293514364,spatial_louvain_old_density,0.55747473
artificial_graph_sbmv5_comuAndEmb_0_60_pos_0_40_5,0.6,5,GT_pos + Inferred_Commu spatial manuel iter bined,0.16562369430842128,0.7018556058007173,0.034482917805499044,0.6466313151914224,spatial_louvain_bined_density,0.5960583
artificial_graph_sbmv5_comuAndEmb_0_60_pos_0_40_5,0.6,5,GT_pos + Inferred_Commu spatial manuel iter 0_20,0.11999430415933801,0.6306590779146525,0.030593618749392867,0.6161092010955073,spatial_louvain_manualiter_0_20_density,0.577724
artificial_graph_sbmv5_comuAndEmb_0_60_pos_0_40_5,0.6,5,GT_pos + Inferred_Commu spatial manuel iter 0_50,0.16041985383075802,0.6717344976350123,0.03278444436269303,0.6278914398927801,spatial_louvain_manualiter_0_50_density,0.5900358
artificial_graph_sbmv5_comuAndEmb_0_60_pos_0_40_5,0.6,5,GT_pos + Inferred_Commu spatial manuel iter 0_80,0.12188820494809893,0.6655231560891938,0.028096378444660414,0.5974235184429811,spatial_louvain_manualiter_0_80_density,0.57368445
artificial_graph_sbmv5_comuAndEmb_0_60_pos_0_40_5,0.6,5,SiNEcustom_spatial,0.1485027728591301,0.6692915432195021,0.04563848331854052,0.647467222189849,SiNEcustom_spatial_dist,1.0
artificial_graph_sbmv5_comuAndEmb_0_60_pos_0_40_5,0.6,5,SiNEcustom_spatial_bined,0.12707459453446202,0.5951842611362336,0.04532083088743327,0.6672102441582658,SiNEcustom_spatial_bined_dist,1.0
artificial_graph_sbmv5_comuAndEmb_0_60_pos_0_40_5,0.6,5,SiNE_spatial,0.09701186345923003,0.6070351889391341,0.032694309804135645,0.6292223646640637,SiNE_spatial_dist,1.0
artificial_graph_sbmv5_comuAndEmb_0_60_pos_0_40_5,0.6,5,SiNE_spatial_bined,0.14573867577061572,0.6983211185612558,0.027453837318486572,0.5942356214672805,SiNE_spatial_bined_dist,1.0
artificial_graph_sbmv5_comuAndEmb_0_60_pos_0_40_5,0.6,5,deepwalk,0.20532977830130672,0.685651541140392,0.04124271639820244,0.659974943185129,deepwalk_dist,1.0
artificial_graph_sbmv5_comuAndEmb_0_60_pos_0_40_5,0.6,5,GT_pos + SiNEcustom_spatial,0.1548995873952683,0.6932013098393887,0.04623284658041549,0.6626464075520075,SiNEcustom_spatial_dist,0.5494676
artificial_graph_sbmv5_comuAndEmb_0_60_pos_0_40_5,0.6,5,GT_pos + SiNEcustom_spatial_bined,0.1294129809600449,0.6340766152086907,0.042633033590086244,0.6665389546063749,SiNEcustom_spatial_bined_dist,0.56642884
artificial_graph_sbmv5_comuAndEmb_0_60_pos_0_40_5,0.6,5,GT_pos + SiNE_spatial,0.14144111302653362,0.633322937782629,0.03526551543695228,0.6363255346425034,SiNE_spatial_dist,0.54867876
artificial_graph_sbmv5_comuAndEmb_0_60_pos_0_40_5,0.6,5,GT_pos + SiNE_spatial_bined,0.12381003205986434,0.6677322106138572,0.0274477431603504,0.6061910727813065,SiNE_spatial_bined_dist,0.5434021
artificial_graph_sbmv5_comuAndEmb_0_60_pos_0_40_5,0.6,5,GT_pos + deepwalk,0.17484388173615997,0.7211783356723322,0.03707641916809355,0.6421655206573044,deepwalk_dist,0.5394896
artificial_graph_sbmv5_comuAndEmb_0_50_pos_0_50_5,0.5,5,Inferred_Commu_normal,0.10769455225455517,0.6119710791925466,0.029324490360241096,0.6130454908891976,louvain_density,1.0
artificial_graph_sbmv5_comuAndEmb_0_50_pos_0_50_5,0.5,5,Inferred_Commu_spatial_manuel_iter,0.10882416414601552,0.6172360248447204,0.023509453816921936,0.5576515310917532,spatial_louvain_density,1.0
artificial_graph_sbmv5_comuAndEmb_0_50_pos_0_50_5,0.5,5,Inferred_Commu_spatial_manuel_iter_old,0.09071305936649353,0.5466687694099378,0.03308910260341932,0.6259631920773191,spatial_louvain_old_density,1.0
artificial_graph_sbmv5_comuAndEmb_0_50_pos_0_50_5,0.5,5,Inferred_Commu_spatial_manuel_iter_bined,0.10526586456626909,0.6116192740683231,0.024074072978671385,0.5591042096256084,spatial_louvain_bined_density,1.0
artificial_graph_sbmv5_comuAndEmb_0_50_pos_0_50_5,0.5,5,Inferred_Commu_spatial_manuel_iter_0_20,0.08131554348584921,0.5655206715838509,0.03040346562140901,0.617240107169409,spatial_louvain_manualiter_0_20_density,1.0
artificial_graph_sbmv5_comuAndEmb_0_50_pos_0_50_5,0.5,5,Inferred_Commu_spatial_manuel_iter_0_50,0.11384120759234438,0.606172360248447,0.029047664532101995,0.6050662795101629,spatial_louvain_manualiter_0_50_density,1.0
artificial_graph_sbmv5_comuAndEmb_0_50_pos_0_50_5,0.5,5,Inferred_Commu_spatial_manuel_iter_0_80,0.1462557610785134,0.6785350349378882,0.02332345689438768,0.5587207002482851,spatial_louvain_manualiter_0_80_density,1.0
artificial_graph_sbmv5_comuAndEmb_0_50_pos_0_50_5,0.5,5,GT_pos,0.13509925367696607,0.5791804153726707,0.029049650491846782,0.5994955743522844,GT_pos_dist,1.0
artificial_graph_sbmv5_comuAndEmb_0_50_pos_0_50_5,0.5,5,GT_pos + Inferred_Commu normal,0.12544023304742735,0.5794109083850931,0.030485552195327073,0.5839735443055731,GT_pos_dist,0.55457544
artificial_graph_sbmv5_comuAndEmb_0_50_pos_0_50_5,0.5,5,GT_pos + Inferred_Commu spatial manuel iter,0.14108308486359047,0.6113887810559007,0.027093424542221495,0.5917092398546762,GT_pos_dist,0.50704646
artificial_graph_sbmv5_comuAndEmb_0_50_pos_0_50_5,0.5,5,GT_pos + Inferred_Commu spatial manuel iter old,0.12428272008466931,0.5795564829192547,0.03916348027973137,0.6532528160024689,GT_pos_dist,0.51349574
artificial_graph_sbmv5_comuAndEmb_0_50_pos_0_50_5,0.5,5,GT_pos + Inferred_Commu spatial manuel iter bined,0.13270598745447776,0.6221127717391304,0.02743701790671267,0.6237803868759556,GT_pos_dist,0.52959555
artificial_graph_sbmv5_comuAndEmb_0_50_pos_0_50_5,0.5,5,GT_pos + Inferred_Commu spatial manuel iter 0_20,0.11273843778924755,0.5816187888198757,0.03087043507599816,0.6056154525943693,GT_pos_dist,0.60479826
artificial_graph_sbmv5_comuAndEmb_0_50_pos_0_50_5,0.5,5,GT_pos + Inferred_Commu spatial manuel iter 0_50,0.1430621990345319,0.622658676242236,0.0360977954964132,0.6232591283367701,spatial_louvain_manualiter_0_50_density,0.5076748
artificial_graph_sbmv5_comuAndEmb_0_50_pos_0_50_5,0.5,5,GT_pos + Inferred_Commu spatial manuel iter 0_80,0.2220876626756278,0.6726877911490683,0.027173030279288718,0.5836229993407118,GT_pos_dist,0.5086246
artificial_graph_sbmv5_comuAndEmb_0_50_pos_0_50_5,0.5,5,SiNEcustom_spatial,0.1440573389320038,0.6760238742236025,0.032118861529943046,0.6259672600260909,SiNEcustom_spatial_dist,1.0
artificial_graph_sbmv5_comuAndEmb_0_50_pos_0_50_5,0.5,5,SiNEcustom_spatial_bined,0.16048164428368,0.6171632375776397,0.035580719628455576,0.6383763273436294,SiNEcustom_spatial_bined_dist,1.0
artificial_graph_sbmv5_comuAndEmb_0_50_pos_0_50_5,0.5,5,SiNE_spatial,0.10458564099135667,0.5934952445652174,0.028541262605188095,0.5982498001094139,SiNE_spatial_dist,1.0
artificial_graph_sbmv5_comuAndEmb_0_50_pos_0_50_5,0.5,5,SiNE_spatial_bined,0.1073498857210312,0.6208511257763976,0.029592465504779862,0.6182809409586332,SiNE_spatial_bined_dist,1.0
artificial_graph_sbmv5_comuAndEmb_0_50_pos_0_50_5,0.5,5,deepwalk,0.09885195859949351,0.6035884122670807,0.03287971113034818,0.6345091108025082,deepwalk_dist,1.0
artificial_graph_sbmv5_comuAndEmb_0_50_pos_0_50_5,0.5,5,GT_pos + SiNEcustom_spatial,0.1488249082534028,0.6315629852484472,0.03363872753764663,0.635956879743018,SiNEcustom_spatial_dist,0.5214472
artificial_graph_sbmv5_comuAndEmb_0_50_pos_0_50_5,0.5,5,GT_pos + SiNEcustom_spatial_bined,0.1229803696400236,0.628712150621118,0.03976504258469937,0.659950904066546,GT_pos_dist,0.5011483
artificial_graph_sbmv5_comuAndEmb_0_50_pos_0_50_5,0.5,5,GT_pos + SiNE_spatial,0.10959236482183676,0.6313203610248448,0.031327249891252434,0.6267950174641249,SiNE_spatial_dist,0.51328564
artificial_graph_sbmv5_comuAndEmb_0_50_pos_0_50_5,0.5,5,GT_pos + SiNE_spatial_bined,0.14588584295167462,0.6336374223602483,0.03689189334637451,0.6473627067289484,SiNE_spatial_bined_dist,0.51098883
artificial_graph_sbmv5_comuAndEmb_0_50_pos_0_50_5,0.5,5,GT_pos + deepwalk,0.10536179087098876,0.5920637616459627,0.03504196164974775,0.6527520374812383,deepwalk_dist,0.5307414
artificial_graph_sbmv5_comuAndEmb_0_40_pos_0_60_5,0.3999999999999999,5,Inferred_Commu_normal,0.08819044973808168,0.5991935483870967,0.029151668006710315,0.6107490222633738,louvain_density,1.0
artificial_graph_sbmv5_comuAndEmb_0_40_pos_0_60_5,0.3999999999999999,5,Inferred_Commu_spatial_manuel_iter,0.08165719971721237,0.5312194525904204,0.018316377607358665,0.4557922085101091,spatial_louvain_density,1.0
artificial_graph_sbmv5_comuAndEmb_0_40_pos_0_60_5,0.3999999999999999,5,Inferred_Commu_spatial_manuel_iter_old,0.10967982292594411,0.5768572825024437,0.018609510137274406,0.4645411202166913,spatial_louvain_old_density,1.0
artificial_graph_sbmv5_comuAndEmb_0_40_pos_0_60_5,0.3999999999999999,5,Inferred_Commu_spatial_manuel_iter_bined,0.10198418315272353,0.5999511241446726,0.022933396549909002,0.5468402868948743,spatial_louvain_bined_density,1.0
artificial_graph_sbmv5_comuAndEmb_0_40_pos_0_60_5,0.3999999999999999,5,Inferred_Commu_spatial_manuel_iter_0_20,0.09086092803008514,0.5714320625610949,0.03771328609668741,0.6605133981011871,spatial_louvain_manualiter_0_20_density,1.0
artificial_graph_sbmv5_comuAndEmb_0_40_pos_0_60_5,0.3999999999999999,5,Inferred_Commu_spatial_manuel_iter_0_50,0.08737040436438058,0.5341642228739003,0.023239523839599097,0.5410938212573071,spatial_louvain_manualiter_0_50_density,1.0
artificial_graph_sbmv5_comuAndEmb_0_40_pos_0_60_5,0.3999999999999999,5,Inferred_Commu_spatial_manuel_iter_0_80,0.08551496876899764,0.5155913978494624,0.021787518467047042,0.54192963060212,spatial_louvain_manualiter_0_80_density,1.0
artificial_graph_sbmv5_comuAndEmb_0_40_pos_0_60_5,0.3999999999999999,5,GT_pos,0.12373168864176262,0.6775293255131964,0.03848667724925685,0.6459367615151808,GT_pos_dist,1.0
artificial_graph_sbmv5_comuAndEmb_0_40_pos_0_60_5,0.3999999999999999,5,GT_pos + Inferred_Commu normal,0.11120081303472104,0.6582844574780058,0.033330656144986065,0.6494016113652382,GT_pos_dist,0.50029486
artificial_graph_sbmv5_comuAndEmb_0_40_pos_0_60_5,0.3999999999999999,5,GT_pos + Inferred_Commu spatial manuel iter,0.13141327189741325,0.681158357771261,0.03522951332829142,0.6555451140807893,GT_pos_dist,0.6045215
artificial_graph_sbmv5_comuAndEmb_0_40_pos_0_60_5,0.3999999999999999,5,GT_pos + Inferred_Commu spatial manuel iter old,0.11354868520974937,0.6533357771260997,0.0335119976809885,0.6131530796976272,GT_pos_dist,0.5814582
artificial_graph_sbmv5_comuAndEmb_0_40_pos_0_60_5,0.3999999999999999,5,GT_pos + Inferred_Commu spatial manuel iter bined,0.13995977213837,0.6941715542521995,0.03362359962562822,0.6364451845607441,GT_pos_dist,0.5762625
artificial_graph_sbmv5_comuAndEmb_0_40_pos_0_60_5,0.3999999999999999,5,GT_pos + Inferred_Commu spatial manuel iter 0_20,0.11712194382044842,0.6402492668621701,0.03216358037016889,0.621506336286121,GT_pos_dist,0.5670296
artificial_graph_sbmv5_comuAndEmb_0_40_pos_0_60_5,0.3999999999999999,5,GT_pos + Inferred_Commu spatial manuel iter 0_50,0.14418632719420688,0.6705522971652003,0.036807331347242636,0.6329582233523583,GT_pos_dist,0.55533576
artificial_graph_sbmv5_comuAndEmb_0_40_pos_0_60_5,0.3999999999999999,5,GT_pos + Inferred_Commu spatial manuel iter 0_80,0.12192710103145803,0.6506231671554252,0.030160581542934196,0.6184824698387252,GT_pos_dist,0.5386853
artificial_graph_sbmv5_comuAndEmb_0_40_pos_0_60_5,0.3999999999999999,5,SiNEcustom_spatial,0.08689377685926643,0.5617913000977517,0.025930624234238166,0.5805252829562886,SiNEcustom_spatial_dist,1.0
artificial_graph_sbmv5_comuAndEmb_0_40_pos_0_60_5,0.3999999999999999,5,SiNEcustom_spatial_bined,0.08556007089811503,0.5506720430107527,0.027879800173276445,0.6094890894266248,SiNEcustom_spatial_bined_dist,1.0
artificial_graph_sbmv5_comuAndEmb_0_40_pos_0_60_5,0.3999999999999999,5,SiNE_spatial,0.09543935786291781,0.5842253176930596,0.02973141285342816,0.6194306325230442,SiNE_spatial_dist,1.0
artificial_graph_sbmv5_comuAndEmb_0_40_pos_0_60_5,0.3999999999999999,5,SiNE_spatial_bined,0.09822125549756745,0.6411290322580644,0.028841700387629288,0.6278405494672544,SiNE_spatial_bined_dist,1.0
artificial_graph_sbmv5_comuAndEmb_0_40_pos_0_60_5,0.3999999999999999,5,deepwalk,0.1056248900456925,0.6668743890518085,0.037184725891234824,0.6637969348129518,deepwalk_dist,1.0
artificial_graph_sbmv5_comuAndEmb_0_40_pos_0_60_5,0.3999999999999999,5,GT_pos + SiNEcustom_spatial,0.11915264811759499,0.6727394916911046,0.04641266765351555,0.6455445612968311,GT_pos_dist,0.5301678
artificial_graph_sbmv5_comuAndEmb_0_40_pos_0_60_5,0.3999999999999999,5,GT_pos + SiNEcustom_spatial_bined,0.11251321971435299,0.663245356793744,0.04062067982513304,0.6779339699561918,GT_pos_dist,0.5435161
artificial_graph_sbmv5_comuAndEmb_0_40_pos_0_60_5,0.3999999999999999,5,GT_pos + SiNE_spatial,0.14062305362624428,0.6928152492668623,0.04380022111881181,0.6953960006080624,GT_pos_dist,0.5186592
artificial_graph_sbmv5_comuAndEmb_0_40_pos_0_60_5,0.3999999999999999,5,GT_pos + SiNE_spatial_bined,0.10783187739350897,0.6631964809384165,0.03774950647195543,0.6648481917054767,GT_pos_dist,0.53945124
artificial_graph_sbmv5_comuAndEmb_0_40_pos_0_60_5,0.3999999999999999,5,GT_pos + deepwalk,0.1332511915954502,0.7347018572825025,0.04143693184929683,0.6846713008388496,GT_pos_dist,0.5365995
artificial_graph_sbmv5_comuAndEmb_0_30_pos_0_70_5,0.29999999999999993,5,Inferred_Commu_normal,0.13395975573463537,0.6531152419984387,0.03707561865286847,0.6822026343894625,louvain_density,1.0
artificial_graph_sbmv5_comuAndEmb_0_30_pos_0_70_5,0.29999999999999993,5,Inferred_Commu_spatial_manuel_iter,0.07412601519105255,0.5011221701795472,0.02030086248953944,0.5078577429690281,spatial_louvain_density,1.0
artificial_graph_sbmv5_comuAndEmb_0_30_pos_0_70_5,0.29999999999999993,5,Inferred_Commu_spatial_manuel_iter_old,0.07309754320281472,0.48292349726775957,0.01970803075805933,0.5019817728729085,spatial_louvain_old_density,1.0
artificial_graph_sbmv5_comuAndEmb_0_30_pos_0_70_5,0.29999999999999993,5,Inferred_Commu_spatial_manuel_iter_bined,0.09719808466435835,0.5304815573770492,0.021727401850992402,0.5426234247063011,spatial_louvain_bined_density,1.0
artificial_graph_sbmv5_comuAndEmb_0_30_pos_0_70_5,0.29999999999999993,5,Inferred_Commu_spatial_manuel_iter_0_20,0.12992278295102355,0.6708626073380172,0.03769474836340923,0.6884857244571022,spatial_louvain_manualiter_0_20_density,1.0
artificial_graph_sbmv5_comuAndEmb_0_30_pos_0_70_5,0.29999999999999993,5,Inferred_Commu_spatial_manuel_iter_0_50,0.08846590785174874,0.543911007025761,0.025072153909617614,0.5406168743325027,spatial_louvain_manualiter_0_50_density,1.0
artificial_graph_sbmv5_comuAndEmb_0_30_pos_0_70_5,0.29999999999999993,5,Inferred_Commu_spatial_manuel_iter_0_80,0.07953906969964439,0.5276395394223263,0.02119629460688209,0.5232152367390531,spatial_louvain_manualiter_0_80_density,1.0
artificial_graph_sbmv5_comuAndEmb_0_30_pos_0_70_5,0.29999999999999993,5,GT_pos,0.12635375697509021,0.67522931303669,0.04416329410398774,0.6847282306870772,GT_pos_dist,1.0
artificial_graph_sbmv5_comuAndEmb_0_30_pos_0_70_5,0.29999999999999993,5,GT_pos + Inferred_Commu normal,0.1377338404223612,0.6651663739266198,0.04745556118846821,0.6728985404058384,GT_pos_dist,0.5003773
artificial_graph_sbmv5_comuAndEmb_0_30_pos_0_70_5,0.29999999999999993,5,GT_pos + Inferred_Commu spatial manuel iter,0.15575491853884885,0.6682401444184232,0.042246827017834394,0.6797708793164827,GT_pos_dist,0.61557335
artificial_graph_sbmv5_comuAndEmb_0_30_pos_0_70_5,0.29999999999999993,5,GT_pos + Inferred_Commu spatial manuel iter old,0.1202155186238282,0.6369901444184232,0.03815001260209727,0.6469368458526166,GT_pos_dist,0.6223292
artificial_graph_sbmv5_comuAndEmb_0_30_pos_0_70_5,0.29999999999999993,5,GT_pos + Inferred_Commu spatial manuel iter bined,0.14009676873779991,0.6741315378610461,0.03778649024242145,0.6543268066927732,GT_pos_dist,0.5773949
artificial_graph_sbmv5_comuAndEmb_0_30_pos_0_70_5,0.29999999999999993,5,GT_pos + Inferred_Commu spatial manuel iter 0_20,0.11524101569724428,0.6208894418423107,0.04571029155848352,0.6560746173015308,GT_pos_dist,0.5646779
artificial_graph_sbmv5_comuAndEmb_0_30_pos_0_70_5,0.29999999999999993,5,GT_pos + Inferred_Commu spatial manuel iter 0_50,0.11329024583584163,0.6380513270882122,0.03562472755348878,0.6492320398718405,GT_pos_dist,0.5806444
artificial_graph_sbmv5_comuAndEmb_0_30_pos_0_70_5,0.29999999999999993,5,GT_pos + Inferred_Commu spatial manuel iter 0_80,0.12600733647217227,0.626158762685402,0.04317417053799743,0.6675309362762549,GT_pos_dist,0.5808963
artificial_graph_sbmv5_comuAndEmb_0_30_pos_0_70_5,0.29999999999999993,5,SiNEcustom_spatial,0.11190670140392348,0.5772833723653396,0.031033380825608296,0.6072588109647561,SiNEcustom_spatial_dist,1.0
artificial_graph_sbmv5_comuAndEmb_0_30_pos_0_70_5,0.29999999999999993,5,SiNEcustom_spatial_bined,0.08107742226314615,0.5308962724434035,0.029686457426573977,0.6076183695265218,SiNEcustom_spatial_bined_dist,1.0
artificial_graph_sbmv5_comuAndEmb_0_30_pos_0_70_5,0.29999999999999993,5,SiNE_spatial,0.1161570621726205,0.6021662763466042,0.03200154450785143,0.6355043075827698,SiNE_spatial_dist,1.0
artificial_graph_sbmv5_comuAndEmb_0_30_pos_0_70_5,0.29999999999999993,5,SiNE_spatial_bined,0.12815692801779138,0.6573477751756439,0.03367401713138203,0.6614950516197934,SiNE_spatial_bined_dist,1.0
artificial_graph_sbmv5_comuAndEmb_0_30_pos_0_70_5,0.29999999999999993,5,deepwalk,0.14790762219009773,0.6626170960187354,0.04701253860004116,0.6897535065859737,deepwalk_dist,1.0
artificial_graph_sbmv5_comuAndEmb_0_30_pos_0_70_5,0.29999999999999993,5,GT_pos + SiNEcustom_spatial,0.18057808616682045,0.7031006049960967,0.05724512093975897,0.7034692773228908,GT_pos_dist,0.56622946
artificial_graph_sbmv5_comuAndEmb_0_30_pos_0_70_5,0.29999999999999993,5,GT_pos + SiNEcustom_spatial_bined,0.13958943325703338,0.6377219945355193,0.049506455264917974,0.6740472766108936,GT_pos_dist,0.5725837
artificial_graph_sbmv5_comuAndEmb_0_30_pos_0_70_5,0.29999999999999993,5,GT_pos + SiNE_spatial,0.16223471877528556,0.6750707455113192,0.04802444695677209,0.6943772160911357,GT_pos_dist,0.5445664
artificial_graph_sbmv5_comuAndEmb_0_30_pos_0_70_5,0.29999999999999993,5,GT_pos + SiNE_spatial_bined,0.16048923607119334,0.6979532591725215,0.048542620028536,0.7011853328586686,GT_pos_dist,0.56386954
artificial_graph_sbmv5_comuAndEmb_0_30_pos_0_70_5,0.29999999999999993,5,GT_pos + deepwalk,0.15644064394554227,0.6983679742388759,0.05774965368786625,0.7312136703453186,GT_pos_dist,0.51400363
artificial_graph_sbmv5_comuAndEmb_0_20_pos_0_80_5,0.19999999999999996,5,Inferred_Commu_normal,0.17101573038165213,0.7332266009852217,0.03927192993581747,0.6927418352151975,louvain_density,1.0
artificial_graph_sbmv5_comuAndEmb_0_20_pos_0_80_5,0.19999999999999996,5,Inferred_Commu_spatial_manuel_iter,0.07535189451950362,0.5242980295566502,0.020629133839926768,0.5165866211742254,spatial_louvain_density,1.0
artificial_graph_sbmv5_comuAndEmb_0_20_pos_0_80_5,0.19999999999999996,5,Inferred_Commu_spatial_manuel_iter_old,0.07891011447496447,0.5010467980295567,0.02119364034249453,0.5329153233384897,spatial_louvain_old_density,1.0
artificial_graph_sbmv5_comuAndEmb_0_20_pos_0_80_5,0.19999999999999996,5,Inferred_Commu_spatial_manuel_iter_bined,0.08251041781226623,0.5545443349753695,0.02116764714015848,0.5035199294481632,spatial_louvain_bined_density,1.0
artificial_graph_sbmv5_comuAndEmb_0_20_pos_0_80_5,0.19999999999999996,5,Inferred_Commu_spatial_manuel_iter_0_20,0.16229862099114523,0.7566748768472907,0.04078031661735038,0.6723399210629039,spatial_louvain_manualiter_0_20_density,1.0
artificial_graph_sbmv5_comuAndEmb_0_20_pos_0_80_5,0.19999999999999996,5,Inferred_Commu_spatial_manuel_iter_0_50,0.15567448538138917,0.6718103448275862,0.020423831609721006,0.43077419075019163,spatial_louvain_manualiter_0_50_density,1.0
artificial_graph_sbmv5_comuAndEmb_0_20_pos_0_80_5,0.19999999999999996,5,Inferred_Commu_spatial_manuel_iter_0_80,0.09021740499232656,0.6073152709359606,0.024150703827322418,0.5602534372334427,spatial_louvain_manualiter_0_80_density,1.0
artificial_graph_sbmv5_comuAndEmb_0_20_pos_0_80_5,0.19999999999999996,5,GT_pos,0.22023268475204033,0.7498152709359606,0.04585465432519788,0.6903414824560136,GT_pos_dist,1.0
artificial_graph_sbmv5_comuAndEmb_0_20_pos_0_80_5,0.19999999999999996,5,GT_pos + Inferred_Commu normal,0.20074863221242015,0.7504064039408866,0.03928805642155761,0.6787438014139282,louvain_density,0.7861096
artificial_graph_sbmv5_comuAndEmb_0_20_pos_0_80_5,0.19999999999999996,5,GT_pos + Inferred_Commu spatial manuel iter,0.20040717637272845,0.706588669950739,0.04319113762660161,0.6587936792493747,GT_pos_dist,0.58608574
artificial_graph_sbmv5_comuAndEmb_0_20_pos_0_80_5,0.19999999999999996,5,GT_pos + Inferred_Commu spatial manuel iter old,0.25052152863365246,0.7408620689655172,0.04027476963812931,0.6750230594630543,GT_pos_dist,0.61149824
artificial_graph_sbmv5_comuAndEmb_0_20_pos_0_80_5,0.19999999999999996,5,GT_pos + Inferred_Commu spatial manuel iter bined,0.2606728629421603,0.7722536945812808,0.04974447288637224,0.6926215501163816,GT_pos_dist,0.5931084
artificial_graph_sbmv5_comuAndEmb_0_20_pos_0_80_5,0.19999999999999996,5,GT_pos + Inferred_Commu spatial manuel iter 0_20,0.20386398096032596,0.775307881773399,0.04646953691036345,0.7096988535326519,spatial_louvain_manualiter_0_20_density,0.57054114
artificial_graph_sbmv5_comuAndEmb_0_20_pos_0_80_5,0.19999999999999996,5,GT_pos + Inferred_Commu spatial manuel iter 0_50,0.2451067515865827,0.6951231527093595,0.02722199666748317,0.5084800994665241,GT_pos_dist,0.51050484
artificial_graph_sbmv5_comuAndEmb_0_20_pos_0_80_5,0.19999999999999996,5,GT_pos + Inferred_Commu spatial manuel iter 0_80,0.22679805207714793,0.736576354679803,0.0478517574792338,0.6467355318133846,GT_pos_dist,0.6383389
artificial_graph_sbmv5_comuAndEmb_0_20_pos_0_80_5,0.19999999999999996,5,SiNEcustom_spatial,0.14217112834075235,0.6428448275862069,0.03182745901238703,0.6099790368517688,SiNEcustom_spatial_dist,1.0
artificial_graph_sbmv5_comuAndEmb_0_20_pos_0_80_5,0.19999999999999996,5,SiNEcustom_spatial_bined,0.10346838639040148,0.6164901477832512,0.03293890937484459,0.6443928638551952,SiNEcustom_spatial_bined_dist,1.0
artificial_graph_sbmv5_comuAndEmb_0_20_pos_0_80_5,0.19999999999999996,5,SiNE_spatial,0.17952556094068953,0.6661083743842364,0.03400684708573705,0.6705152597261779,SiNE_spatial_dist,1.0
artificial_graph_sbmv5_comuAndEmb_0_20_pos_0_80_5,0.19999999999999996,5,SiNE_spatial_bined,0.1167884354180983,0.5882881773399015,0.033904019566528144,0.6623169338865676,SiNE_spatial_bined_dist,1.0
artificial_graph_sbmv5_comuAndEmb_0_20_pos_0_80_5,0.19999999999999996,5,deepwalk,0.18265970027019082,0.749642857142857,0.0660727889701813,0.755983894519221,deepwalk_dist,1.0
artificial_graph_sbmv5_comuAndEmb_0_20_pos_0_80_5,0.19999999999999996,5,GT_pos + SiNEcustom_spatial,0.24814700287682462,0.7542241379310345,0.045626112552478094,0.7111237693186254,GT_pos_dist,0.5928861
artificial_graph_sbmv5_comuAndEmb_0_20_pos_0_80_5,0.19999999999999996,5,GT_pos + SiNEcustom_spatial_bined,0.2629480292968513,0.7671551724137933,0.05389794642158087,0.7268412149951569,GT_pos_dist,0.55366105
artificial_graph_sbmv5_comuAndEmb_0_20_pos_0_80_5,0.19999999999999996,5,GT_pos + SiNE_spatial,0.3402640013941337,0.7715394088669951,0.0487816783832731,0.7219549220026311,GT_pos_dist,0.53130984
artificial_graph_sbmv5_comuAndEmb_0_20_pos_0_80_5,0.19999999999999996,5,GT_pos + SiNE_spatial_bined,0.17355342495081552,0.7289408866995075,0.054094252525933015,0.7210695542800966,GT_pos_dist,0.5542902
artificial_graph_sbmv5_comuAndEmb_0_20_pos_0_80_5,0.19999999999999996,5,GT_pos + deepwalk,0.24417390175761716,0.7920935960591133,0.07121639767331861,0.7786482383726814,deepwalk_dist,0.586889
artificial_graph_sbmv5_comuAndEmb_0_10_pos_0_90_5,0.09999999999999998,5,Inferred_Commu_normal,0.1596442432652722,0.7407659806460406,0.04851106969100291,0.7116308099173554,louvain_density,1.0
artificial_graph_sbmv5_comuAndEmb_0_10_pos_0_90_5,0.09999999999999998,5,Inferred_Commu_spatial_manuel_iter,0.08067393464989422,0.528746990141293,0.02232841707401914,0.5393782479338843,spatial_louvain_density,1.0
artificial_graph_sbmv5_comuAndEmb_0_10_pos_0_90_5,0.09999999999999998,5,Inferred_Commu_spatial_manuel_iter_old,0.08872362153078149,0.5365953386942893,0.020915413973780012,0.5288111074380165,spatial_louvain_old_density,1.0
artificial_graph_sbmv5_comuAndEmb_0_10_pos_0_90_5,0.09999999999999998,5,Inferred_Commu_spatial_manuel_iter_bined,0.07338858582176172,0.5021920857752943,0.018437785134641102,0.4694790082644628,spatial_louvain_bined_density,1.0
artificial_graph_sbmv5_comuAndEmb_0_10_pos_0_90_5,0.09999999999999998,5,Inferred_Commu_spatial_manuel_iter_0_20,0.15330950850178562,0.7150288492117578,0.04721722920059586,0.7310763636363637,spatial_louvain_manualiter_0_20_density,1.0
artificial_graph_sbmv5_comuAndEmb_0_10_pos_0_90_5,0.09999999999999998,5,Inferred_Commu_spatial_manuel_iter_0_50,0.12870240429576826,0.6741174867111899,0.04020475121079378,0.684538049586777,spatial_louvain_manualiter_0_50_density,1.0
artificial_graph_sbmv5_comuAndEmb_0_10_pos_0_90_5,0.09999999999999998,5,Inferred_Commu_spatial_manuel_iter_0_80,0.07493298343087541,0.5219435736677116,0.023950673080342905,0.5339145785123968,spatial_louvain_manualiter_0_80_density,1.0
artificial_graph_sbmv5_comuAndEmb_0_10_pos_0_90_5,0.09999999999999998,5,GT_pos,0.23929491386145818,0.6951637817454909,0.05565769617812494,0.7153437355371901,GT_pos_dist,1.0
artificial_graph_sbmv5_comuAndEmb_0_10_pos_0_90_5,0.09999999999999998,5,GT_pos + Inferred_Commu normal,0.2908694425842493,0.7482622325201036,0.06304713793271033,0.7357307768595042,louvain_density,0.5398603
artificial_graph_sbmv5_comuAndEmb_0_10_pos_0_90_5,0.09999999999999998,5,GT_pos + Inferred_Commu spatial manuel iter,0.2408724465096509,0.7003316523556404,0.052514820110503374,0.7020858181818183,GT_pos_dist,0.6401568
artificial_graph_sbmv5_comuAndEmb_0_10_pos_0_90_5,0.09999999999999998,5,GT_pos + Inferred_Commu spatial manuel iter old,0.25132874782271425,0.7051133524147017,0.04276886121575239,0.6744260495867769,GT_pos_dist,0.6804004
artificial_graph_sbmv5_comuAndEmb_0_10_pos_0_90_5,0.09999999999999998,5,GT_pos + Inferred_Commu spatial manuel iter bined,0.20579297415957143,0.6984575893871247,0.044356498724312174,0.6531927272727274,GT_pos_dist,0.6320539
artificial_graph_sbmv5_comuAndEmb_0_10_pos_0_90_5,0.09999999999999998,5,GT_pos + Inferred_Commu spatial manuel iter 0_20,0.31543715295075625,0.7249557039661987,0.06036910951593603,0.7339929917355372,GT_pos_dist,0.5311455
artificial_graph_sbmv5_comuAndEmb_0_10_pos_0_90_5,0.09999999999999998,5,GT_pos + Inferred_Commu spatial manuel iter 0_50,0.19481449116170332,0.7323043023942574,0.05956122050706256,0.6957592066115702,GT_pos_dist,0.6111691
artificial_graph_sbmv5_comuAndEmb_0_10_pos_0_90_5,0.09999999999999998,5,GT_pos + Inferred_Commu spatial manuel iter 0_80,0.16989068541845465,0.6846576711644177,0.05507968722939562,0.6836071404958678,GT_pos_dist,0.6880065
artificial_graph_sbmv5_comuAndEmb_0_10_pos_0_90_5,0.09999999999999998,5,SiNEcustom_spatial,0.12273014141981253,0.6507428104129753,0.0433129913118017,0.6877082975206612,SiNEcustom_spatial_dist,1.0
artificial_graph_sbmv5_comuAndEmb_0_10_pos_0_90_5,0.09999999999999998,5,SiNEcustom_spatial_bined,0.10135669658521052,0.6432919903684522,0.034029369494413826,0.6394997685950413,SiNEcustom_spatial_bined_dist,1.0
artificial_graph_sbmv5_comuAndEmb_0_10_pos_0_90_5,0.09999999999999998,5,SiNE_spatial,0.11895484083970792,0.6293557766571259,0.0401913920216653,0.6864814545454547,SiNE_spatial_dist,1.0
artificial_graph_sbmv5_comuAndEmb_0_10_pos_0_90_5,0.09999999999999998,5,SiNE_spatial_bined,0.11616613704073778,0.6619985461814547,0.04262952941822332,0.7014388099173554,SiNE_spatial_bined_dist,1.0
artificial_graph_sbmv5_comuAndEmb_0_10_pos_0_90_5,0.09999999999999998,5,deepwalk,0.18608207210483907,0.7017854709009131,0.08477809436724898,0.7863223801652893,deepwalk_dist,1.0
artificial_graph_sbmv5_comuAndEmb_0_10_pos_0_90_5,0.09999999999999998,5,GT_pos + SiNEcustom_spatial,0.17442893799304313,0.7323156603516424,0.06529298845826567,0.7414767603305785,GT_pos_dist,0.60571057
artificial_graph_sbmv5_comuAndEmb_0_10_pos_0_90_5,0.09999999999999998,5,GT_pos + SiNEcustom_spatial_bined,0.21673265155979105,0.735223297442188,0.060320775287054734,0.7383444628099174,GT_pos_dist,0.5944618
artificial_graph_sbmv5_comuAndEmb_0_10_pos_0_90_5,0.09999999999999998,5,GT_pos + SiNE_spatial,0.17091454025921454,0.7085775294171095,0.053649931152966276,0.7401459834710744,GT_pos_dist,0.5983337
artificial_graph_sbmv5_comuAndEmb_0_10_pos_0_90_5,0.09999999999999998,5,GT_pos + SiNE_spatial_bined,0.18816352079317164,0.7549066375902957,0.06086280654189615,0.7543613884297521,GT_pos_dist,0.6127825
artificial_graph_sbmv5_comuAndEmb_0_10_pos_0_90_5,0.09999999999999998,5,GT_pos + deepwalk,0.2673598522391813,0.7800985870701013,0.09152687583781402,0.8003880991735537,deepwalk_dist,0.51294833
artificial_graph_sbmv5_comuAndEmb_0_00_pos_1_00_5,0.0,5,Inferred_Commu_normal,0.23455310223166653,0.8515969288083232,0.05709909355708134,0.7784892561983472,louvain_density,1.0
artificial_graph_sbmv5_comuAndEmb_0_00_pos_1_00_5,0.0,5,Inferred_Commu_spatial_manuel_iter,0.10735457570251061,0.6185316432692745,0.02011308864279269,0.5178484628099174,spatial_louvain_density,1.0
artificial_graph_sbmv5_comuAndEmb_0_00_pos_1_00_5,0.0,5,Inferred_Commu_spatial_manuel_iter_old,0.08781777674350298,0.5571873154331924,0.02030841325324885,0.5048995702479339,spatial_louvain_old_density,1.0
artificial_graph_sbmv5_comuAndEmb_0_00_pos_1_00_5,0.0,5,Inferred_Commu_spatial_manuel_iter_bined,0.09014718073097794,0.561355685793467,0.022447369775801203,0.5442152727272728,spatial_louvain_bined_density,1.0
artificial_graph_sbmv5_comuAndEmb_0_00_pos_1_00_5,0.0,5,Inferred_Commu_spatial_manuel_iter_0_20,0.2457244392083372,0.8459860978601608,0.05724677388169378,0.7659907438016529,spatial_louvain_manualiter_0_20_density,1.0
artificial_graph_sbmv5_comuAndEmb_0_00_pos_1_00_5,0.0,5,Inferred_Commu_spatial_manuel_iter_0_50,0.25837676241640795,0.806051519694698,0.04149359979893239,0.6787074380165289,spatial_louvain_manualiter_0_50_density,1.0
artificial_graph_sbmv5_comuAndEmb_0_00_pos_1_00_5,0.0,5,Inferred_Commu_spatial_manuel_iter_0_80,0.09371391915432757,0.5866271409749672,0.02228472152927315,0.5504064793388429,spatial_louvain_manualiter_0_80_density,1.0
artificial_graph_sbmv5_comuAndEmb_0_00_pos_1_00_5,0.0,5,GT_pos,0.2763800057105895,0.8316409976829766,0.06384889697559258,0.7693014214876033,GT_pos_dist,1.0
artificial_graph_sbmv5_comuAndEmb_0_00_pos_1_00_5,0.0,5,GT_pos + Inferred_Commu normal,0.29574731915177366,0.8560492481032211,0.06368061164713146,0.7789736198347108,louvain_density,0.6252471
artificial_graph_sbmv5_comuAndEmb_0_00_pos_1_00_5,0.0,5,GT_pos + Inferred_Commu spatial manuel iter,0.2978704169735188,0.8327313615919314,0.061740375801695384,0.753967867768595,GT_pos_dist,0.62298244
artificial_graph_sbmv5_comuAndEmb_0_00_pos_1_00_5,0.0,5,GT_pos + Inferred_Commu spatial manuel iter old,0.2306702252659287,0.8160805960656036,0.05465976566907775,0.755036561983471,GT_pos_dist,0.6395288
artificial_graph_sbmv5_comuAndEmb_0_00_pos_1_00_5,0.0,5,GT_pos + Inferred_Commu spatial manuel iter bined,0.27658993463011167,0.807891508791059,0.06685401059536354,0.7578885289256199,GT_pos_dist,0.64195204
artificial_graph_sbmv5_comuAndEmb_0_00_pos_1_00_5,0.0,5,GT_pos + Inferred_Commu spatial manuel iter 0_20,0.2655125456155331,0.8531075371405206,0.07350342528839564,0.7923330909090909,spatial_louvain_manualiter_0_20_density,0.5478109
artificial_graph_sbmv5_comuAndEmb_0_00_pos_1_00_5,0.0,5,GT_pos + Inferred_Commu spatial manuel iter 0_50,0.33226660626839316,0.8743809913225206,0.05768356525664324,0.7596784132231404,GT_pos_dist,0.6027034
artificial_graph_sbmv5_comuAndEmb_0_00_pos_1_00_5,0.0,5,GT_pos + Inferred_Commu spatial manuel iter 0_80,0.27745576880778977,0.8368202262505111,0.05401987491231997,0.7587426115702479,GT_pos_dist,0.6616202
artificial_graph_sbmv5_comuAndEmb_0_00_pos_1_00_5,0.0,5,SiNEcustom_spatial,0.19857209907431847,0.7711939484803054,0.04927638239801981,0.7491181487603306,SiNEcustom_spatial_dist,1.0
artificial_graph_sbmv5_comuAndEmb_0_00_pos_1_00_5,0.0,5,SiNEcustom_spatial_bined,0.18643579498477958,0.7427649811457906,0.05049985445790691,0.7461518016528925,SiNEcustom_spatial_bined_dist,1.0
artificial_graph_sbmv5_comuAndEmb_0_00_pos_1_00_5,0.0,5,SiNE_spatial,0.16567870466236145,0.7854027531688701,0.05023490996681093,0.7619475041322313,SiNE_spatial_dist,1.0
artificial_graph_sbmv5_comuAndEmb_0_00_pos_1_00_5,0.0,5,SiNE_spatial_bined,0.2202718971555683,0.7825519058652493,0.049175340647783894,0.7599029421487603,SiNE_spatial_bined_dist,1.0
artificial_graph_sbmv5_comuAndEmb_0_00_pos_1_00_5,0.0,5,deepwalk,0.21950652855248404,0.819215392303848,0.10001321533837117,0.8161355371900825,deepwalk_dist,1.0
artificial_graph_sbmv5_comuAndEmb_0_00_pos_1_00_5,0.0,5,GT_pos + SiNEcustom_spatial,0.3630000665089897,0.8541751851347055,0.08934618175188222,0.8144296198347107,GT_pos_dist,0.5930083
artificial_graph_sbmv5_comuAndEmb_0_00_pos_1_00_5,0.0,5,GT_pos + SiNEcustom_spatial_bined,0.2964907287572927,0.8292558266321384,0.0835926437768533,0.802502479338843,GT_pos_dist,0.5402244
artificial_graph_sbmv5_comuAndEmb_0_00_pos_1_00_5,0.0,5,GT_pos + SiNE_spatial,0.2865075045779247,0.8568897369497069,0.08576669664550093,0.8144279008264463,SiNE_spatial_dist,0.5579247
artificial_graph_sbmv5_comuAndEmb_0_00_pos_1_00_5,0.0,5,GT_pos + SiNE_spatial_bined,0.33014272150404794,0.8566398618872383,0.09308489375677541,0.823587305785124,SiNE_spatial_bined_dist,0.53665864
artificial_graph_sbmv5_comuAndEmb_0_00_pos_1_00_5,0.0,5,GT_pos + deepwalk,0.2892192748804908,0.8676570805506338,0.08830049897634068,0.8281541818181819,deepwalk_dist,0.5880841
artificial_graph_sbmv5_comuAndEmb_1_00_pos_0_00_6,1.0,6,Inferred_Commu_normal,0.12907251951390844,0.7366958638757309,0.04796784903296984,0.7602816837930413,louvain_density,1.0
artificial_graph_sbmv5_comuAndEmb_1_00_pos_0_00_6,1.0,6,Inferred_Commu_spatial_manuel_iter,0.14694070514849633,0.696379898912382,0.05788224644968758,0.7788110690463314,spatial_louvain_density,1.0
artificial_graph_sbmv5_comuAndEmb_1_00_pos_0_00_6,1.0,6,Inferred_Commu_spatial_manuel_iter_old,0.1537331828415436,0.7318002593347271,0.06065431041949203,0.7979736794663783,spatial_louvain_old_density,1.0
artificial_graph_sbmv5_comuAndEmb_1_00_pos_0_00_6,1.0,6,Inferred_Commu_spatial_manuel_iter_bined,0.15769240322775824,0.7550477652226839,0.056472495339139644,0.770668679766841,spatial_louvain_bined_density,1.0
artificial_graph_sbmv5_comuAndEmb_1_00_pos_0_00_6,1.0,6,Inferred_Commu_spatial_manuel_iter_0_20,0.1518035436308238,0.7519516261345894,0.054413930047734385,0.7621069947719488,spatial_louvain_manualiter_0_20_density,1.0
artificial_graph_sbmv5_comuAndEmb_1_00_pos_0_00_6,1.0,6,Inferred_Commu_spatial_manuel_iter_0_50,0.1289200679457422,0.6991584852734922,0.06266996844019547,0.792816387236344,spatial_louvain_manualiter_0_50_density,1.0
artificial_graph_sbmv5_comuAndEmb_1_00_pos_0_00_6,1.0,6,Inferred_Commu_spatial_manuel_iter_0_80,0.1276153796151768,0.6868400857392364,0.057717643120296674,0.7503940568475452,spatial_louvain_manualiter_0_80_density,1.0
artificial_graph_sbmv5_comuAndEmb_1_00_pos_0_00_6,1.0,6,GT_pos,0.07179656026535741,0.5080314377199715,0.021818400002459673,0.5148706508022354,GT_pos_dist,1.0
artificial_graph_sbmv5_comuAndEmb_1_00_pos_0_00_6,1.0,6,GT_pos + Inferred_Commu normal,0.1409125478025205,0.6958241816401599,0.05463886947693601,0.7547827654588066,louvain_density,0.80129194
artificial_graph_sbmv5_comuAndEmb_1_00_pos_0_00_6,1.0,6,GT_pos + Inferred_Commu spatial manuel iter,0.1522499848901454,0.6659874566672841,0.05078232232350033,0.7461548284357911,spatial_louvain_density,0.78134716
artificial_graph_sbmv5_comuAndEmb_1_00_pos_0_00_6,1.0,6,GT_pos + Inferred_Commu spatial manuel iter old,0.14459647493435873,0.6933896107332822,0.050028327174108725,0.7435079021693408,spatial_louvain_old_density,0.7604481
artificial_graph_sbmv5_comuAndEmb_1_00_pos_0_00_6,1.0,6,GT_pos + Inferred_Commu spatial manuel iter bined,0.1553527989314155,0.7009844134536505,0.04989654589173809,0.7368199026500811,spatial_louvain_bined_density,0.76085836
artificial_graph_sbmv5_comuAndEmb_1_00_pos_0_00_6,1.0,6,GT_pos + Inferred_Commu spatial manuel iter 0_20,0.16303442339511331,0.6928471248246845,0.05305401673811073,0.7436114115738237,spatial_louvain_manualiter_0_20_density,0.7761286
artificial_graph_sbmv5_comuAndEmb_1_00_pos_0_00_6,1.0,6,GT_pos + Inferred_Commu spatial manuel iter 0_50,0.1268072702399384,0.6700362539363306,0.051925011688050235,0.7218035274322457,spatial_louvain_manualiter_0_50_density,0.7759159
artificial_graph_sbmv5_comuAndEmb_1_00_pos_0_00_6,1.0,6,GT_pos + Inferred_Commu spatial manuel iter 0_80,0.15473324417727094,0.6524253089523405,0.049739582810370525,0.7038693588125714,spatial_louvain_manualiter_0_80_density,0.7933015
artificial_graph_sbmv5_comuAndEmb_1_00_pos_0_00_6,1.0,6,SiNEcustom_spatial,0.3140143202812109,0.8245388869776921,0.1316936395642908,0.8536507721891713,SiNEcustom_spatial_dist,1.0
artificial_graph_sbmv5_comuAndEmb_1_00_pos_0_00_6,1.0,6,SiNEcustom_spatial_bined,0.35869518008925566,0.8420969065071846,0.16895634792833825,0.8640020131001742,SiNEcustom_spatial_bined_dist,1.0
artificial_graph_sbmv5_comuAndEmb_1_00_pos_0_00_6,1.0,6,SiNE_spatial,0.21630676192207493,0.7525602688613089,0.08613889661670783,0.806599663481762,SiNE_spatial_dist,1.0
artificial_graph_sbmv5_comuAndEmb_1_00_pos_0_00_6,1.0,6,SiNE_spatial_bined,0.22708835236918826,0.781034163380878,0.06669241763792107,0.7861680487951446,SiNE_spatial_bined_dist,1.0
artificial_graph_sbmv5_comuAndEmb_1_00_pos_0_00_6,1.0,6,deepwalk,0.2430829361421093,0.7789568392918573,0.1393910934550498,0.8303898503695691,deepwalk_dist,1.0
artificial_graph_sbmv5_comuAndEmb_1_00_pos_0_00_6,1.0,6,GT_pos + SiNEcustom_spatial,0.32083864696378844,0.8185980047103654,0.10998663581285827,0.8304576047112554,SiNEcustom_spatial_dist,0.72794455
artificial_graph_sbmv5_comuAndEmb_1_00_pos_0_00_6,1.0,6,GT_pos + SiNEcustom_spatial_bined,0.3639978828033611,0.8098123792638069,0.12398117773784574,0.8456345772489635,SiNEcustom_spatial_bined_dist,0.72118825
artificial_graph_sbmv5_comuAndEmb_1_00_pos_0_00_6,1.0,6,GT_pos + SiNE_spatial,0.2009094848932393,0.7401624811453069,0.06920164303420223,0.7852466798870259,SiNE_spatial_dist,0.6636731
artificial_graph_sbmv5_comuAndEmb_1_00_pos_0_00_6,1.0,6,GT_pos + SiNE_spatial_bined,0.20109073271110856,0.7719839106618328,0.06781885025009508,0.7719214590469322,SiNE_spatial_bined_dist,0.6525409
artificial_graph_sbmv5_comuAndEmb_1_00_pos_0_00_6,1.0,6,GT_pos + deepwalk,0.2627379694737836,0.7679880388472837,0.10070223120635777,0.8064755723814674,deepwalk_dist,0.675876
artificial_graph_sbmv5_comuAndEmb_0_90_pos_0_10_6,0.9,6,Inferred_Commu_normal,0.15868276022811428,0.7697823741480487,0.04611944357316347,0.7469603550295857,louvain_density,1.0
artificial_graph_sbmv5_comuAndEmb_0_90_pos_0_10_6,0.9,6,Inferred_Commu_spatial_manuel_iter,0.1904337229495913,0.7870056051156549,0.04889350517423303,0.778478550295858,spatial_louvain_density,1.0
artificial_graph_sbmv5_comuAndEmb_0_90_pos_0_10_6,0.9,6,Inferred_Commu_spatial_manuel_iter_old,0.13996888671154709,0.7340069998157943,0.034698108618955364,0.666867899408284,spatial_louvain_old_density,1.0
artificial_graph_sbmv5_comuAndEmb_0_90_pos_0_10_6,0.9,6,Inferred_Commu_spatial_manuel_iter_bined,0.15231481275725475,0.7634799084234626,0.04350230451425547,0.705923076923077,spatial_louvain_bined_density,1.0
artificial_graph_sbmv5_comuAndEmb_0_90_pos_0_10_6,0.9,6,Inferred_Commu_spatial_manuel_iter_0_20,0.1566322811901833,0.7600852609141865,0.04770262810164951,0.7639745562130177,spatial_louvain_manualiter_0_20_density,1.0
artificial_graph_sbmv5_comuAndEmb_0_90_pos_0_10_6,0.9,6,Inferred_Commu_spatial_manuel_iter_0_50,0.18726253322637548,0.7680587352964395,0.0476680849504128,0.7475186390532544,spatial_louvain_manualiter_0_50_density,1.0
artificial_graph_sbmv5_comuAndEmb_0_90_pos_0_10_6,0.9,6,Inferred_Commu_spatial_manuel_iter_0_80,0.18620904121879311,0.7515723270440252,0.04889350517423303,0.778478550295858,spatial_louvain_manualiter_0_80_density,1.0
artificial_graph_sbmv5_comuAndEmb_0_90_pos_0_10_6,0.9,6,GT_pos,0.06631407096415828,0.4856319570537618,0.02025834531810149,0.5223278106508877,GT_pos_dist,1.0
artificial_graph_sbmv5_comuAndEmb_0_90_pos_0_10_6,0.9,6,GT_pos + Inferred_Commu normal,0.1482479974142128,0.7371121812583878,0.038640570176585474,0.6852764792899408,louvain_density,0.7259732
artificial_graph_sbmv5_comuAndEmb_0_90_pos_0_10_6,0.9,6,GT_pos + Inferred_Commu spatial manuel iter,0.18387035459318282,0.7424278308465566,0.04588873122654543,0.7441134615384615,spatial_louvain_density,0.698341
artificial_graph_sbmv5_comuAndEmb_0_90_pos_0_10_6,0.9,6,GT_pos + Inferred_Commu spatial manuel iter old,0.15437764064373755,0.7224809873424385,0.03519966017842393,0.6796647928994083,spatial_louvain_old_density,0.6905479
artificial_graph_sbmv5_comuAndEmb_0_90_pos_0_10_6,0.9,6,GT_pos + Inferred_Commu spatial manuel iter bined,0.14818059140794454,0.7379411068129786,0.04174610628418483,0.6806563609467455,spatial_louvain_bined_density,0.7301013
artificial_graph_sbmv5_comuAndEmb_0_90_pos_0_10_6,0.9,6,GT_pos + Inferred_Commu spatial manuel iter 0_20,0.16132643776494232,0.7255203810426042,0.049282854508053024,0.7224128698224852,spatial_louvain_manualiter_0_20_density,0.72144026
artificial_graph_sbmv5_comuAndEmb_0_90_pos_0_10_6,0.9,6,GT_pos + Inferred_Commu spatial manuel iter 0_50,0.17796361966083032,0.7314939080550512,0.043124166194284795,0.7238863905325444,spatial_louvain_manualiter_0_50_density,0.6886591
artificial_graph_sbmv5_comuAndEmb_0_90_pos_0_10_6,0.9,6,GT_pos + Inferred_Commu spatial manuel iter 0_80,0.13792232237588653,0.6734428041367332,0.04145318628672133,0.7312560650887574,spatial_louvain_manualiter_0_80_density,0.7115659
artificial_graph_sbmv5_comuAndEmb_0_90_pos_0_10_6,0.9,6,SiNEcustom_spatial,0.32749621146831576,0.8053340701560485,0.09019475234407043,0.7957442307692306,SiNEcustom_spatial_dist,1.0
artificial_graph_sbmv5_comuAndEmb_0_90_pos_0_10_6,0.9,6,SiNEcustom_spatial_bined,0.30429864684653635,0.7451382858345832,0.10653186714474415,0.7707747041420119,SiNEcustom_spatial_bined_dist,1.0
artificial_graph_sbmv5_comuAndEmb_0_90_pos_0_10_6,0.9,6,SiNE_spatial,0.17645645654281084,0.7147969790268677,0.052349922769665144,0.7212241124260356,SiNE_spatial_dist,1.0
artificial_graph_sbmv5_comuAndEmb_0_90_pos_0_10_6,0.9,6,SiNE_spatial_bined,0.22514253254217184,0.7305465645640904,0.055060917712778525,0.7267186390532545,SiNE_spatial_bined_dist,1.0
artificial_graph_sbmv5_comuAndEmb_0_90_pos_0_10_6,0.9,6,deepwalk,0.21821005387525944,0.7019552117049551,0.11676758564862803,0.7607161242603551,deepwalk_dist,1.0
artificial_graph_sbmv5_comuAndEmb_0_90_pos_0_10_6,0.9,6,GT_pos + SiNEcustom_spatial,0.3087785923349855,0.7553880161048393,0.07321536801007344,0.751728550295858,SiNEcustom_spatial_dist,0.6374152
artificial_graph_sbmv5_comuAndEmb_0_90_pos_0_10_6,0.9,6,GT_pos + SiNEcustom_spatial_bined,0.28704608781144386,0.7460066840346307,0.10384216794186689,0.7634065088757396,SiNEcustom_spatial_bined_dist,0.6379439
artificial_graph_sbmv5_comuAndEmb_0_90_pos_0_10_6,0.9,6,GT_pos + SiNE_spatial,0.21077925605168302,0.7188363464119365,0.04508973386836191,0.6948406804733728,SiNE_spatial_dist,0.58366287
artificial_graph_sbmv5_comuAndEmb_0_90_pos_0_10_6,0.9,6,GT_pos + SiNE_spatial_bined,0.20707624685643258,0.687705586695087,0.04246844972505045,0.6935201183431953,SiNE_spatial_bined_dist,0.62392646
artificial_graph_sbmv5_comuAndEmb_0_90_pos_0_10_6,0.9,6,GT_pos + deepwalk,0.21914221480290086,0.6948896081682061,0.11252056506032314,0.7406380177514793,deepwalk_dist,0.6685674
artificial_graph_sbmv5_comuAndEmb_0_80_pos_0_20_6,0.8,6,Inferred_Commu_normal,0.1508556570239703,0.7708690680388793,0.03932687818648784,0.6919575243244807,louvain_density,1.0
artificial_graph_sbmv5_comuAndEmb_0_80_pos_0_20_6,0.8,6,Inferred_Commu_spatial_manuel_iter,0.16641847968705445,0.7760668433910286,0.04080545931542926,0.7220694241640041,spatial_louvain_density,1.0
artificial_graph_sbmv5_comuAndEmb_0_80_pos_0_20_6,0.8,6,Inferred_Commu_spatial_manuel_iter_old,0.14041082182262846,0.7561723582306773,0.043865259448373384,0.7271938296057483,spatial_louvain_old_density,1.0
artificial_graph_sbmv5_comuAndEmb_0_80_pos_0_20_6,0.8,6,Inferred_Commu_spatial_manuel_iter_bined,0.146935413303783,0.7571989188627268,0.035600639935881515,0.6587589816247162,spatial_louvain_bined_density,1.0
artificial_graph_sbmv5_comuAndEmb_0_80_pos_0_20_6,0.8,6,Inferred_Commu_spatial_manuel_iter_0_20,0.18937207433558242,0.7825250792660741,0.03349504070136571,0.6515999942170625,spatial_louvain_manualiter_0_20_density,1.0
artificial_graph_sbmv5_comuAndEmb_0_80_pos_0_20_6,0.8,6,Inferred_Commu_spatial_manuel_iter_0_50,0.15269674484234622,0.7333151411196007,0.04128424430072952,0.6982038196301813,spatial_louvain_manualiter_0_50_density,1.0
artificial_graph_sbmv5_comuAndEmb_0_80_pos_0_20_6,0.8,6,Inferred_Commu_spatial_manuel_iter_0_80,0.15009256892491116,0.760616456156765,0.046983659869278493,0.7428923361621536,spatial_louvain_manualiter_0_80_density,1.0
artificial_graph_sbmv5_comuAndEmb_0_80_pos_0_20_6,0.8,6,GT_pos,0.07905256390792291,0.5545896356359479,0.023333026913882872,0.54441295956281,GT_pos_dist,1.0
artificial_graph_sbmv5_comuAndEmb_0_80_pos_0_20_6,0.8,6,GT_pos + Inferred_Commu normal,0.1487575671054545,0.7526898487447371,0.03451610023637513,0.6523895097514782,louvain_density,0.69474614
artificial_graph_sbmv5_comuAndEmb_0_80_pos_0_20_6,0.8,6,GT_pos + Inferred_Commu spatial manuel iter,0.15642408048551362,0.7343157128748895,0.04042301975929356,0.6908320201246223,spatial_louvain_density,0.71644336
artificial_graph_sbmv5_comuAndEmb_0_80_pos_0_20_6,0.8,6,GT_pos + Inferred_Commu spatial manuel iter old,0.13590562101610465,0.7185014813659754,0.049911557224841,0.7046924200147465,spatial_louvain_old_density,0.7543615
artificial_graph_sbmv5_comuAndEmb_0_80_pos_0_20_6,0.8,6,GT_pos + Inferred_Commu spatial manuel iter bined,0.1360888398019865,0.7266230053537086,0.035621734531639776,0.6594260434587749,spatial_louvain_bined_density,0.7288851
artificial_graph_sbmv5_comuAndEmb_0_80_pos_0_20_6,0.8,6,GT_pos + Inferred_Commu spatial manuel iter 0_20,0.16062704406860537,0.7467903737200479,0.03314252410101847,0.6070614003383019,spatial_louvain_manualiter_0_20_density,0.68521094
artificial_graph_sbmv5_comuAndEmb_0_80_pos_0_20_6,0.8,6,GT_pos + Inferred_Commu spatial manuel iter 0_50,0.1508367163566786,0.7220229741670565,0.04093904311647403,0.6774527606297619,spatial_louvain_manualiter_0_50_density,0.6936402
artificial_graph_sbmv5_comuAndEmb_0_80_pos_0_20_6,0.8,6,GT_pos + Inferred_Commu spatial manuel iter 0_80,0.14338685434213244,0.7411507874629659,0.04286630373685456,0.6978465786696353,spatial_louvain_manualiter_0_80_density,0.66012037
artificial_graph_sbmv5_comuAndEmb_0_80_pos_0_20_6,0.8,6,SiNEcustom_spatial,0.29143505226405786,0.7830058734861478,0.08192460594723787,0.7335887464037357,SiNEcustom_spatial_dist,1.0
artificial_graph_sbmv5_comuAndEmb_0_80_pos_0_20_6,0.8,6,SiNEcustom_spatial_bined,0.19627427714613074,0.7386428608555538,0.08209484624457591,0.7600909366912922,SiNEcustom_spatial_bined_dist,1.0
artificial_graph_sbmv5_comuAndEmb_0_80_pos_0_20_6,0.8,6,SiNE_spatial,0.13058557488333047,0.6854956078798274,0.036486531407371466,0.6758468389018202,SiNE_spatial_dist,1.0
artificial_graph_sbmv5_comuAndEmb_0_80_pos_0_20_6,0.8,6,SiNE_spatial_bined,0.16141944130936842,0.6961770362284944,0.041066096245878037,0.6897928262661019,SiNE_spatial_bined_dist,1.0
artificial_graph_sbmv5_comuAndEmb_0_80_pos_0_20_6,0.8,6,deepwalk,0.22795737779910152,0.7106398461458495,0.08819439092223268,0.7413306539056513,deepwalk_dist,1.0
artificial_graph_sbmv5_comuAndEmb_0_80_pos_0_20_6,0.8,6,GT_pos + SiNEcustom_spatial,0.23413774944253657,0.7796143250688705,0.0719034575120017,0.7264608422848385,SiNEcustom_spatial_dist,0.6215035
artificial_graph_sbmv5_comuAndEmb_0_80_pos_0_20_6,0.8,6,GT_pos + SiNEcustom_spatial_bined,0.20007836762721537,0.7197489474504912,0.07296758205247258,0.7465650797322501,SiNEcustom_spatial_bined_dist,0.6472793
artificial_graph_sbmv5_comuAndEmb_0_80_pos_0_20_6,0.8,6,GT_pos + SiNE_spatial,0.1451196237328263,0.687119912677374,0.0448737233998702,0.6875924185690121,SiNE_spatial_dist,0.5822554
artificial_graph_sbmv5_comuAndEmb_0_80_pos_0_20_6,0.8,6,GT_pos + SiNE_spatial_bined,0.14201355371980634,0.6744633296948905,0.03761785371010748,0.6791029218291431,SiNE_spatial_bined_dist,0.56406844
artificial_graph_sbmv5_comuAndEmb_0_80_pos_0_20_6,0.8,6,GT_pos + deepwalk,0.18926313332512315,0.7239331566089714,0.10212027939067278,0.7357249634952074,deepwalk_dist,0.61018556
artificial_graph_sbmv5_comuAndEmb_0_70_pos_0_30_6,0.7,6,Inferred_Commu_normal,0.14764180593317372,0.7342701507855056,0.029547103989291033,0.5959545922094185,louvain_density,1.0
artificial_graph_sbmv5_comuAndEmb_0_70_pos_0_30_6,0.7,6,Inferred_Commu_spatial_manuel_iter,0.1435106588043939,0.7130338675298019,0.026686554538271436,0.5317209045780474,spatial_louvain_density,1.0
artificial_graph_sbmv5_comuAndEmb_0_70_pos_0_30_6,0.7,6,Inferred_Commu_spatial_manuel_iter_old,0.1595347748254542,0.7262703613062814,0.03663979930797541,0.672657384356226,spatial_louvain_old_density,1.0
artificial_graph_sbmv5_comuAndEmb_0_70_pos_0_30_6,0.7,6,Inferred_Commu_spatial_manuel_iter_bined,0.1329883504529888,0.6983368858714244,0.03712391663780997,0.6743261132064221,spatial_louvain_bined_density,1.0
artificial_graph_sbmv5_comuAndEmb_0_70_pos_0_30_6,0.7,6,Inferred_Commu_spatial_manuel_iter_0_20,0.11553569061592192,0.6752322307307702,0.036523673219216665,0.6824282583742043,spatial_louvain_manualiter_0_20_density,1.0
artificial_graph_sbmv5_comuAndEmb_0_70_pos_0_30_6,0.7,6,Inferred_Commu_spatial_manuel_iter_0_50,0.12812233545320414,0.6869950790768664,0.03235799079976827,0.6463484444179425,spatial_louvain_manualiter_0_50_density,1.0
artificial_graph_sbmv5_comuAndEmb_0_70_pos_0_30_6,0.7,6,Inferred_Commu_spatial_manuel_iter_0_80,0.1594021449725844,0.7180995236967448,0.034855331339185835,0.6768663257852447,spatial_louvain_manualiter_0_80_density,1.0
artificial_graph_sbmv5_comuAndEmb_0_70_pos_0_30_6,0.7,6,GT_pos,0.08633338064633742,0.583616220625773,0.02598271803541614,0.5502112371610441,GT_pos_dist,1.0
artificial_graph_sbmv5_comuAndEmb_0_70_pos_0_30_6,0.7,6,GT_pos + Inferred_Commu normal,0.2246488948028234,0.7512697034288571,0.030712240973555786,0.6144847274190903,louvain_density,0.67776924
artificial_graph_sbmv5_comuAndEmb_0_70_pos_0_30_6,0.7,6,GT_pos + Inferred_Commu spatial manuel iter,0.1505855765463515,0.7089813425962473,0.02956031438957566,0.6323230124774526,spatial_louvain_density,0.65254176
artificial_graph_sbmv5_comuAndEmb_0_70_pos_0_30_6,0.7,6,GT_pos + Inferred_Commu spatial manuel iter old,0.15968736913369813,0.7340596300097366,0.035940971025788596,0.6759426663287667,spatial_louvain_old_density,0.675751
artificial_graph_sbmv5_comuAndEmb_0_70_pos_0_30_6,0.7,6,GT_pos + Inferred_Commu spatial manuel iter bined,0.12322856923126672,0.6990737085866161,0.034040364020115656,0.6536947868994201,spatial_louvain_bined_density,0.6842499
artificial_graph_sbmv5_comuAndEmb_0_70_pos_0_30_6,0.7,6,GT_pos + Inferred_Commu spatial manuel iter 0_20,0.12494203090596251,0.671113918054788,0.035157606033859576,0.6685766461442137,spatial_louvain_manualiter_0_20_density,0.63300943
artificial_graph_sbmv5_comuAndEmb_0_70_pos_0_30_6,0.7,6,GT_pos + Inferred_Commu spatial manuel iter 0_50,0.1064965357227112,0.6626536143785691,0.028383546105375572,0.6229142380107631,spatial_louvain_manualiter_0_50_density,0.5998787
artificial_graph_sbmv5_comuAndEmb_0_70_pos_0_30_6,0.7,6,GT_pos + Inferred_Commu spatial manuel iter 0_80,0.1451575651829922,0.7232572827030869,0.03813612379161249,0.6760580492240723,spatial_louvain_manualiter_0_80_density,0.63389724
artificial_graph_sbmv5_comuAndEmb_0_70_pos_0_30_6,0.7,6,SiNEcustom_spatial,0.2267136010382597,0.7282571511276019,0.05592067538247368,0.6714154529598545,SiNEcustom_spatial_dist,1.0
artificial_graph_sbmv5_comuAndEmb_0_70_pos_0_30_6,0.7,6,SiNEcustom_spatial_bined,0.23352521844040502,0.739230546564564,0.054270100544993816,0.7056242453153649,SiNEcustom_spatial_bined_dist,1.0
artificial_graph_sbmv5_comuAndEmb_0_70_pos_0_30_6,0.7,6,SiNE_spatial,0.1708141430118494,0.725099339491066,0.03079915402070735,0.6107447712467018,SiNE_spatial_dist,1.0
artificial_graph_sbmv5_comuAndEmb_0_70_pos_0_30_6,0.7,6,SiNE_spatial_bined,0.09503185629020756,0.6017473224388832,0.03646879108379142,0.6691729401768011,SiNE_spatial_bined_dist,1.0
artificial_graph_sbmv5_comuAndEmb_0_70_pos_0_30_6,0.7,6,deepwalk,0.17007804846453217,0.658982658351096,0.05638897344067415,0.7133443150817669,deepwalk_dist,1.0
artificial_graph_sbmv5_comuAndEmb_0_70_pos_0_30_6,0.7,6,GT_pos + SiNEcustom_spatial,0.2513306173071798,0.7563485171442856,0.05859130298740565,0.6805539571562738,SiNEcustom_spatial_dist,0.60188866
artificial_graph_sbmv5_comuAndEmb_0_70_pos_0_30_6,0.7,6,GT_pos + SiNEcustom_spatial_bined,0.17990320455706482,0.7553485434593827,0.04815937114320584,0.7088455747529108,SiNEcustom_spatial_bined_dist,0.60158896
artificial_graph_sbmv5_comuAndEmb_0_70_pos_0_30_6,0.7,6,GT_pos + SiNE_spatial,0.1338913319898808,0.7101392068629773,0.03232379264371138,0.6455365900925747,SiNE_spatial_dist,0.54791707
artificial_graph_sbmv5_comuAndEmb_0_70_pos_0_30_6,0.7,6,GT_pos + SiNE_spatial_bined,0.10029697509782526,0.6381279440014737,0.03529983752622749,0.6554461024731295,SiNE_spatial_bined_dist,0.570041
artificial_graph_sbmv5_comuAndEmb_0_70_pos_0_30_6,0.7,6,GT_pos + deepwalk,0.17965536819481365,0.6883503065708797,0.0560548023921361,0.7102754878430554,deepwalk_dist,0.6005548
artificial_graph_sbmv5_comuAndEmb_0_60_pos_0_40_6,0.6,6,Inferred_Commu_normal,0.10950861533452733,0.6309361619307123,0.0310846668413548,0.5999119509299564,louvain_density,1.0
artificial_graph_sbmv5_comuAndEmb_0_60_pos_0_40_6,0.6,6,Inferred_Commu_spatial_manuel_iter,0.13469317438406828,0.6891056831451927,0.03863775054440241,0.6707528690146418,spatial_louvain_density,1.0
artificial_graph_sbmv5_comuAndEmb_0_60_pos_0_40_6,0.6,6,Inferred_Commu_spatial_manuel_iter_old,0.14979304217952188,0.7049922148695991,0.029771943926463835,0.5634053649160494,spatial_louvain_old_density,1.0
artificial_graph_sbmv5_comuAndEmb_0_60_pos_0_40_6,0.6,6,Inferred_Commu_spatial_manuel_iter_bined,0.16513407456608323,0.6993844881276762,0.031162270993136395,0.5482821244841426,spatial_louvain_bined_density,1.0
artificial_graph_sbmv5_comuAndEmb_0_60_pos_0_40_6,0.6,6,Inferred_Commu_spatial_manuel_iter_0_20,0.17084906095961586,0.6756520046710782,0.03498348959085837,0.5901960257787326,spatial_louvain_manualiter_0_20_density,1.0
artificial_graph_sbmv5_comuAndEmb_0_60_pos_0_40_6,0.6,6,Inferred_Commu_spatial_manuel_iter_0_50,0.16163312110395534,0.7496229077462048,0.03700134796528496,0.6794991237492227,spatial_louvain_manualiter_0_50_density,1.0
artificial_graph_sbmv5_comuAndEmb_0_60_pos_0_40_6,0.6,6,Inferred_Commu_spatial_manuel_iter_0_80,0.15024640919935373,0.7197596340988713,0.03350469987747397,0.6377784216179546,spatial_louvain_manualiter_0_80_density,1.0
artificial_graph_sbmv5_comuAndEmb_0_60_pos_0_40_6,0.6,6,GT_pos,0.08393732102583987,0.5551162903853639,0.027091231013708087,0.5565378201141953,GT_pos_dist,1.0
artificial_graph_sbmv5_comuAndEmb_0_60_pos_0_40_6,0.6,6,GT_pos + Inferred_Commu normal,0.12912631033772326,0.6100866095757104,0.027476190221614852,0.5678712759341964,louvain_density,0.5225898
artificial_graph_sbmv5_comuAndEmb_0_60_pos_0_40_6,0.6,6,GT_pos + Inferred_Commu spatial manuel iter,0.12863492671644833,0.6734259439470611,0.034773065246764746,0.6558071400305274,spatial_louvain_density,0.5687624
artificial_graph_sbmv5_comuAndEmb_0_60_pos_0_40_6,0.6,6,GT_pos + Inferred_Commu spatial manuel iter old,0.11628374396774294,0.62666650447645,0.02765979801605648,0.5785558821866696,spatial_louvain_old_density,0.5689912
artificial_graph_sbmv5_comuAndEmb_0_60_pos_0_40_6,0.6,6,GT_pos + Inferred_Commu spatial manuel iter bined,0.14478533337594066,0.6911857726741922,0.03299409965944966,0.602925264288541,spatial_louvain_bined_density,0.55768526
artificial_graph_sbmv5_comuAndEmb_0_60_pos_0_40_6,0.6,6,GT_pos + Inferred_Commu spatial manuel iter 0_20,0.12840452377602093,0.6729028804982483,0.030541010825309356,0.622132539996608,spatial_louvain_manualiter_0_20_density,0.56719655
artificial_graph_sbmv5_comuAndEmb_0_60_pos_0_40_6,0.6,6,GT_pos + Inferred_Commu spatial manuel iter 0_50,0.1337262150086301,0.6860037952510706,0.042620459246620154,0.6528523376109446,spatial_louvain_manualiter_0_50_density,0.55797786
artificial_graph_sbmv5_comuAndEmb_0_60_pos_0_40_6,0.6,6,GT_pos + Inferred_Commu spatial manuel iter 0_80,0.12980167881002277,0.6730610159595173,0.051354723516881626,0.6310396291480582,spatial_louvain_manualiter_0_80_density,0.57120514
artificial_graph_sbmv5_comuAndEmb_0_60_pos_0_40_6,0.6,6,SiNEcustom_spatial,0.19649476610884986,0.7159157259634099,0.04592663371923668,0.6443572276556051,SiNEcustom_spatial_dist,1.0
artificial_graph_sbmv5_comuAndEmb_0_60_pos_0_40_6,0.6,6,SiNEcustom_spatial_bined,0.22204258168756094,0.6903950953678475,0.05145975095547889,0.6756513935213975,SiNEcustom_spatial_bined_dist,1.0
artificial_graph_sbmv5_comuAndEmb_0_60_pos_0_40_6,0.6,6,SiNE_spatial,0.1079718538838324,0.6250121642662514,0.028631929002880564,0.6149304652608966,SiNE_spatial_dist,1.0
artificial_graph_sbmv5_comuAndEmb_0_60_pos_0_40_6,0.6,6,SiNE_spatial_bined,0.08981979050365203,0.5700296808096537,0.026587498834814892,0.6055078014585336,SiNE_spatial_bined_dist,1.0
artificial_graph_sbmv5_comuAndEmb_0_60_pos_0_40_6,0.6,6,deepwalk,0.12359518448573195,0.662173997664461,0.03248210173726548,0.6211498671490758,deepwalk_dist,1.0
artificial_graph_sbmv5_comuAndEmb_0_60_pos_0_40_6,0.6,6,GT_pos + SiNEcustom_spatial,0.16179130699835226,0.7156359478396264,0.038470867998259856,0.6437926112273165,SiNEcustom_spatial_dist,0.55376565
artificial_graph_sbmv5_comuAndEmb_0_60_pos_0_40_6,0.6,6,GT_pos + SiNEcustom_spatial_bined,0.17282468491258776,0.6746423705722071,0.05096923772464873,0.6787420148114647,SiNEcustom_spatial_bined_dist,0.54657966
artificial_graph_sbmv5_comuAndEmb_0_60_pos_0_40_6,0.6,6,GT_pos + SiNE_spatial,0.10446472411140736,0.6128235694822888,0.03139227791841988,0.6464227768669795,SiNE_spatial_dist,0.5008292
artificial_graph_sbmv5_comuAndEmb_0_60_pos_0_40_6,0.6,6,GT_pos + SiNE_spatial_bined,0.09184276033035088,0.5633514986376023,0.03996254306248548,0.6457764712533213,SiNE_spatial_bined_dist,0.5040455
artificial_graph_sbmv5_comuAndEmb_0_60_pos_0_40_6,0.6,6,GT_pos + deepwalk,0.1771047180885066,0.6923048851693266,0.033605062810646125,0.6304187630730962,deepwalk_dist,0.5568508
artificial_graph_sbmv5_comuAndEmb_0_50_pos_0_50_6,0.5,6,Inferred_Commu_normal,0.09702255829357877,0.588411646680043,0.02694159860970253,0.571415265129006,louvain_density,1.0
artificial_graph_sbmv5_comuAndEmb_0_50_pos_0_50_6,0.5,6,Inferred_Commu_spatial_manuel_iter,0.10399521511392038,0.6256590919695768,0.026705125185627877,0.5719873965257527,spatial_louvain_density,1.0
artificial_graph_sbmv5_comuAndEmb_0_50_pos_0_50_6,0.5,6,Inferred_Commu_spatial_manuel_iter_old,0.10250012884645375,0.5567519014511688,0.032437700573307894,0.6095295808515637,spatial_louvain_old_density,1.0
artificial_graph_sbmv5_comuAndEmb_0_50_pos_0_50_6,0.5,6,Inferred_Commu_spatial_manuel_iter_bined,0.11266105636002524,0.5944542951798796,0.02710149142828532,0.5947902875858543,spatial_louvain_bined_density,1.0
artificial_graph_sbmv5_comuAndEmb_0_50_pos_0_50_6,0.5,6,Inferred_Commu_spatial_manuel_iter_0_20,0.10404198871535691,0.5417619336475199,0.029887385901695564,0.6093312696065561,spatial_louvain_manualiter_0_20_density,1.0
artificial_graph_sbmv5_comuAndEmb_0_50_pos_0_50_6,0.5,6,Inferred_Commu_spatial_manuel_iter_0_50,0.09743716453634244,0.5915029629975269,0.0290888373560447,0.5808570915272039,spatial_louvain_manualiter_0_50_density,1.0
artificial_graph_sbmv5_comuAndEmb_0_50_pos_0_50_6,0.5,6,Inferred_Commu_spatial_manuel_iter_0_80,0.08601072180344248,0.5224557883439876,0.027579973845837595,0.602899351860809,spatial_louvain_manualiter_0_80_density,1.0
artificial_graph_sbmv5_comuAndEmb_0_50_pos_0_50_6,0.5,6,GT_pos,0.10606226020075572,0.5698987448089217,0.03041266823817642,0.6230346457345808,GT_pos_dist,1.0
artificial_graph_sbmv5_comuAndEmb_0_50_pos_0_50_6,0.5,6,GT_pos + Inferred_Commu normal,0.12456748024405367,0.5817857309504924,0.02697771965056875,0.6065955417973771,louvain_density,0.5116816
artificial_graph_sbmv5_comuAndEmb_0_50_pos_0_50_6,0.5,6,GT_pos + Inferred_Commu spatial manuel iter,0.1590276089926488,0.6457001539825487,0.03465564545964029,0.5989191691657108,spatial_louvain_density,0.54014134
artificial_graph_sbmv5_comuAndEmb_0_50_pos_0_50_6,0.5,6,GT_pos + Inferred_Commu spatial manuel iter old,0.13359541311266165,0.6162918202603704,0.032453373115479106,0.6385826619311508,spatial_louvain_old_density,0.53332275
artificial_graph_sbmv5_comuAndEmb_0_50_pos_0_50_6,0.5,6,GT_pos + Inferred_Commu spatial manuel iter bined,0.14920846474384833,0.5847837245112221,0.029992036399706875,0.63629206340432,spatial_louvain_bined_density,0.5405761
artificial_graph_sbmv5_comuAndEmb_0_50_pos_0_50_6,0.5,6,GT_pos + Inferred_Commu spatial manuel iter 0_20,0.1093922755033159,0.5796743035789277,0.031756442904621075,0.6245371125329943,GT_pos_dist,0.522019
artificial_graph_sbmv5_comuAndEmb_0_50_pos_0_50_6,0.5,6,GT_pos + Inferred_Commu spatial manuel iter 0_50,0.10944437748116728,0.5846087443423078,0.035434402620768475,0.6631793369356421,spatial_louvain_manualiter_0_50_density,0.54286695
artificial_graph_sbmv5_comuAndEmb_0_50_pos_0_50_6,0.5,6,GT_pos + Inferred_Commu spatial manuel iter 0_80,0.14604970896017797,0.595515841537959,0.030868215898837963,0.6428403421732701,spatial_louvain_manualiter_0_80_density,0.5198513
artificial_graph_sbmv5_comuAndEmb_0_50_pos_0_50_6,0.5,6,SiNEcustom_spatial,0.12651009194006899,0.6503546264756661,0.03616287574009448,0.634334379016321,SiNEcustom_spatial_dist,1.0
artificial_graph_sbmv5_comuAndEmb_0_50_pos_0_50_6,0.5,6,SiNEcustom_spatial_bined,0.13735070713087327,0.6485348327189584,0.0371111848055994,0.6432622545293736,SiNEcustom_spatial_bined_dist,1.0
artificial_graph_sbmv5_comuAndEmb_0_50_pos_0_50_6,0.5,6,SiNE_spatial,0.1278002862597057,0.6609700900564603,0.02637976956768165,0.6204198394162601,SiNE_spatial_dist,1.0
artificial_graph_sbmv5_comuAndEmb_0_50_pos_0_50_6,0.5,6,SiNE_spatial_bined,0.11115033044489686,0.6152419392468853,0.036455068335484106,0.6352525531709069,SiNE_spatial_bined_dist,1.0
artificial_graph_sbmv5_comuAndEmb_0_50_pos_0_50_6,0.5,6,deepwalk,0.16644859040619447,0.6539708832998927,0.04604808652484565,0.669022539765896,deepwalk_dist,1.0
artificial_graph_sbmv5_comuAndEmb_0_50_pos_0_50_6,0.5,6,GT_pos + SiNEcustom_spatial,0.1538588824041883,0.6877653865895198,0.04307968374337599,0.6820023216926245,SiNEcustom_spatial_dist,0.53952026
artificial_graph_sbmv5_comuAndEmb_0_50_pos_0_50_6,0.5,6,GT_pos + SiNEcustom_spatial_bined,0.15600924061052868,0.6611217395361859,0.036751689961155326,0.6533823468442945,SiNEcustom_spatial_bined_dist,0.5497873
artificial_graph_sbmv5_comuAndEmb_0_50_pos_0_50_6,0.5,6,GT_pos + SiNE_spatial,0.14608078145388761,0.657447155988988,0.036478861125265064,0.6571879880045881,SiNE_spatial_dist,0.5025452
artificial_graph_sbmv5_comuAndEmb_0_50_pos_0_50_6,0.5,6,GT_pos + SiNE_spatial_bined,0.13941022558029548,0.6393775372124493,0.03992027601300323,0.6624887715758488,SiNE_spatial_bined_dist,0.531448
artificial_graph_sbmv5_comuAndEmb_0_50_pos_0_50_6,0.5,6,GT_pos + deepwalk,0.16257588766168526,0.6521977509215623,0.04984344849865783,0.703727698622186,deepwalk_dist,0.5517193
artificial_graph_sbmv5_comuAndEmb_0_40_pos_0_60_6,0.3999999999999999,6,Inferred_Commu_normal,0.07831449177776623,0.5508164631947664,0.027497834053151687,0.5993514792899409,louvain_density,1.0
artificial_graph_sbmv5_comuAndEmb_0_40_pos_0_60_6,0.3999999999999999,6,Inferred_Commu_spatial_manuel_iter,0.1024108340678803,0.5888837377015401,0.019837031154489884,0.4931322485207101,spatial_louvain_density,1.0
artificial_graph_sbmv5_comuAndEmb_0_40_pos_0_60_6,0.3999999999999999,6,Inferred_Commu_spatial_manuel_iter_old,0.08817214094948561,0.5385566373048989,0.02066460562280831,0.520232100591716,spatial_louvain_old_density,1.0
artificial_graph_sbmv5_comuAndEmb_0_40_pos_0_60_6,0.3999999999999999,6,Inferred_Commu_spatial_manuel_iter_bined,0.10357115113963766,0.5340622263431721,0.02173196934886966,0.5273627218934911,spatial_louvain_bined_density,1.0
artificial_graph_sbmv5_comuAndEmb_0_40_pos_0_60_6,0.3999999999999999,6,Inferred_Commu_spatial_manuel_iter_0_20,0.08136613559186187,0.5300958120846854,0.022574654357641052,0.5651007396449705,spatial_louvain_manualiter_0_20_density,1.0
artificial_graph_sbmv5_comuAndEmb_0_40_pos_0_60_6,0.3999999999999999,6,Inferred_Commu_spatial_manuel_iter_0_50,0.11619541406503092,0.5620718075516408,0.02087621614549312,0.5389007396449703,spatial_louvain_manualiter_0_50_density,1.0
artificial_graph_sbmv5_comuAndEmb_0_40_pos_0_60_6,0.3999999999999999,6,Inferred_Commu_spatial_manuel_iter_0_80,0.08733217899713452,0.5548859012002266,0.01883072499431666,0.48811952662721886,spatial_louvain_manualiter_0_80_density,1.0
artificial_graph_sbmv5_comuAndEmb_0_40_pos_0_60_6,0.3999999999999999,6,GT_pos,0.11386974244115788,0.604813784577345,0.03327540612366266,0.5914442307692308,GT_pos_dist,1.0
artificial_graph_sbmv5_comuAndEmb_0_40_pos_0_60_6,0.3999999999999999,6,GT_pos + Inferred_Commu normal,0.10238238920555351,0.5359552876938134,0.035265920883129555,0.5900272189349113,louvain_density,0.5243153
artificial_graph_sbmv5_comuAndEmb_0_40_pos_0_60_6,0.3999999999999999,6,GT_pos + Inferred_Commu spatial manuel iter,0.11824976201822507,0.6398933704218822,0.025498575854827205,0.5273349112426036,spatial_louvain_density,0.5126748
artificial_graph_sbmv5_comuAndEmb_0_40_pos_0_60_6,0.3999999999999999,6,GT_pos + Inferred_Commu spatial manuel iter old,0.11695417303018814,0.6203446144336269,0.030393565388836093,0.5895847633136094,GT_pos_dist,0.50380284
artificial_graph_sbmv5_comuAndEmb_0_40_pos_0_60_6,0.3999999999999999,6,GT_pos + Inferred_Commu spatial manuel iter bined,0.15381948454702285,0.6827770050996755,0.033852221481117814,0.5859096153846153,GT_pos_dist,0.51210874
artificial_graph_sbmv5_comuAndEmb_0_40_pos_0_60_6,0.3999999999999999,6,GT_pos + Inferred_Commu spatial manuel iter 0_20,0.0986278954155259,0.5422139803224644,0.031041570449023493,0.5827513313609467,GT_pos_dist,0.55683327
artificial_graph_sbmv5_comuAndEmb_0_40_pos_0_60_6,0.3999999999999999,6,GT_pos + Inferred_Commu spatial manuel iter 0_50,0.1587851796025589,0.6672848091485087,0.03277361864518937,0.5854233727810652,GT_pos_dist,0.6068098
artificial_graph_sbmv5_comuAndEmb_0_40_pos_0_60_6,0.3999999999999999,6,GT_pos + Inferred_Commu spatial manuel iter 0_80,0.11882733694780089,0.6461005511770463,0.028093365505270328,0.5689442307692307,GT_pos_dist,0.52639425
artificial_graph_sbmv5_comuAndEmb_0_40_pos_0_60_6,0.3999999999999999,6,SiNEcustom_spatial,0.08258206454209727,0.5571653016020193,0.03198408649903857,0.5994004437869822,SiNEcustom_spatial_dist,1.0
artificial_graph_sbmv5_comuAndEmb_0_40_pos_0_60_6,0.3999999999999999,6,SiNEcustom_spatial_bined,0.10625844964894535,0.6299773347756658,0.027098934472827872,0.5927957100591716,SiNEcustom_spatial_bined_dist,1.0
artificial_graph_sbmv5_comuAndEmb_0_40_pos_0_60_6,0.3999999999999999,6,SiNE_spatial,0.11312674412928164,0.5712666769690413,0.02987880646987358,0.6175544378698224,SiNE_spatial_dist,1.0
artificial_graph_sbmv5_comuAndEmb_0_40_pos_0_60_6,0.3999999999999999,6,SiNE_spatial_bined,0.08973185364556807,0.5808350074692216,0.025635486040112433,0.5964613905325444,SiNE_spatial_bined_dist,1.0
artificial_graph_sbmv5_comuAndEmb_0_40_pos_0_60_6,0.3999999999999999,6,deepwalk,0.09950101422491331,0.5788646783083502,0.040209929749832236,0.6749343195266273,deepwalk_dist,1.0
artificial_graph_sbmv5_comuAndEmb_0_40_pos_0_60_6,0.3999999999999999,6,GT_pos + SiNEcustom_spatial,0.1013812279699276,0.6322953690825736,0.03654513381736056,0.6438971893491124,GT_pos_dist,0.51054436
artificial_graph_sbmv5_comuAndEmb_0_40_pos_0_60_6,0.3999999999999999,6,GT_pos + SiNEcustom_spatial_bined,0.14383335530812255,0.6484958532941844,0.03940094601033891,0.6318730769230769,SiNEcustom_spatial_bined_dist,0.5152282
artificial_graph_sbmv5_comuAndEmb_0_40_pos_0_60_6,0.3999999999999999,6,GT_pos + SiNE_spatial,0.11574114998869992,0.6634600525421109,0.03617321429102001,0.6597211538461538,SiNE_spatial_dist,0.53294396
artificial_graph_sbmv5_comuAndEmb_0_40_pos_0_60_6,0.3999999999999999,6,GT_pos + SiNE_spatial_bined,0.1099962328435988,0.6403440993148921,0.03350429824697043,0.6430454142011834,SiNE_spatial_bined_dist,0.5361606
artificial_graph_sbmv5_comuAndEmb_0_40_pos_0_60_6,0.3999999999999999,6,GT_pos + deepwalk,0.12496138313754036,0.6167130273528049,0.050722784592905065,0.6824062130177515,deepwalk_dist,0.55547106
artificial_graph_sbmv5_comuAndEmb_0_30_pos_0_70_6,0.29999999999999993,6,Inferred_Commu_normal,0.11788341235447597,0.6389295472287275,0.044629913966738655,0.6869277322890708,louvain_density,1.0
artificial_graph_sbmv5_comuAndEmb_0_30_pos_0_70_6,0.29999999999999993,6,Inferred_Commu_spatial_manuel_iter,0.0839155176207943,0.5194916081186572,0.021199082645597396,0.5060656461374154,spatial_louvain_density,1.0
artificial_graph_sbmv5_comuAndEmb_0_30_pos_0_70_6,0.29999999999999993,6,Inferred_Commu_spatial_manuel_iter_old,0.07377981615317769,0.5021223653395784,0.02262557277805321,0.539554716981132,spatial_louvain_old_density,1.0
artificial_graph_sbmv5_comuAndEmb_0_30_pos_0_70_6,0.29999999999999993,6,Inferred_Commu_spatial_manuel_iter_bined,0.08438516160190994,0.5460333723653397,0.019597856458405456,0.5072014239943041,spatial_louvain_bined_density,1.0
artificial_graph_sbmv5_comuAndEmb_0_30_pos_0_70_6,0.29999999999999993,6,Inferred_Commu_spatial_manuel_iter_0_20,0.12222466122019088,0.6234265222482436,0.02352189916910124,0.5174467782128871,spatial_louvain_manualiter_0_20_density,1.0
artificial_graph_sbmv5_comuAndEmb_0_30_pos_0_70_6,0.29999999999999993,6,Inferred_Commu_spatial_manuel_iter_0_50,0.11926555405024211,0.6411616900858705,0.024500451270019215,0.5954355286578854,spatial_louvain_manualiter_0_50_density,1.0
artificial_graph_sbmv5_comuAndEmb_0_30_pos_0_70_6,0.29999999999999993,6,Inferred_Commu_spatial_manuel_iter_0_80,0.09996489849639686,0.5536690085870413,0.021181123222229203,0.503194304022784,spatial_louvain_manualiter_0_80_density,1.0
artificial_graph_sbmv5_comuAndEmb_0_30_pos_0_70_6,0.29999999999999993,6,GT_pos,0.13705811791319766,0.6378073770491803,0.04521338109006935,0.6714130295478818,GT_pos_dist,1.0
artificial_graph_sbmv5_comuAndEmb_0_30_pos_0_70_6,0.29999999999999993,6,GT_pos + Inferred_Commu normal,0.13535135741100307,0.6447843481654957,0.046089135282925506,0.6846171591313636,louvain_density,0.54181355
artificial_graph_sbmv5_comuAndEmb_0_30_pos_0_70_6,0.29999999999999993,6,GT_pos + Inferred_Commu spatial manuel iter,0.14240600955797433,0.647004293520687,0.03570694395292825,0.6579638305446778,GT_pos_dist,0.63653564
artificial_graph_sbmv5_comuAndEmb_0_30_pos_0_70_6,0.29999999999999993,6,GT_pos + Inferred_Commu spatial manuel iter old,0.14391155505797903,0.6443330405932866,0.039299805653599404,0.6823784976860092,GT_pos_dist,0.6164694
artificial_graph_sbmv5_comuAndEmb_0_30_pos_0_70_6,0.29999999999999993,6,GT_pos + Inferred_Commu spatial manuel iter bined,0.13487740306386728,0.6419789227166276,0.03572686919487231,0.6492907084371663,GT_pos_dist,0.63557404
artificial_graph_sbmv5_comuAndEmb_0_30_pos_0_70_6,0.29999999999999993,6,GT_pos + Inferred_Commu spatial manuel iter 0_20,0.12709843086848369,0.6395516198282591,0.03691785809876377,0.6374274118903525,GT_pos_dist,0.5602629
artificial_graph_sbmv5_comuAndEmb_0_30_pos_0_70_6,0.29999999999999993,6,GT_pos + Inferred_Commu spatial manuel iter 0_50,0.14062955171127386,0.6582259953161592,0.03208239985703064,0.6400884300462798,GT_pos_dist,0.54257715
artificial_graph_sbmv5_comuAndEmb_0_30_pos_0_70_6,0.29999999999999993,6,GT_pos + Inferred_Commu spatial manuel iter 0_80,0.13674177264411008,0.6323185011709602,0.04259055693893106,0.6471363474546101,GT_pos_dist,0.618969
artificial_graph_sbmv5_comuAndEmb_0_30_pos_0_70_6,0.29999999999999993,6,SiNEcustom_spatial,0.11033369521430023,0.6090212724434036,0.027189498671223576,0.5956892844428621,SiNEcustom_spatial_dist,1.0
artificial_graph_sbmv5_comuAndEmb_0_30_pos_0_70_6,0.29999999999999993,6,SiNEcustom_spatial_bined,0.10960412950196007,0.6108752927400468,0.027021920784856643,0.594464791740833,SiNEcustom_spatial_bined_dist,1.0
artificial_graph_sbmv5_comuAndEmb_0_30_pos_0_70_6,0.29999999999999993,6,SiNE_spatial,0.11170158985586992,0.6479191061670571,0.02587404332262494,0.6012469918120328,SiNE_spatial_dist,1.0
artificial_graph_sbmv5_comuAndEmb_0_30_pos_0_70_6,0.29999999999999993,6,SiNE_spatial_bined,0.08466855874215942,0.5547301912568304,0.030622789122861455,0.6298238519045924,SiNE_spatial_bined_dist,1.0
artificial_graph_sbmv5_comuAndEmb_0_30_pos_0_70_6,0.29999999999999993,6,deepwalk,0.20880003571113964,0.7032835675253708,0.06469697208498289,0.7152148095407619,deepwalk_dist,1.0
artificial_graph_sbmv5_comuAndEmb_0_30_pos_0_70_6,0.29999999999999993,6,GT_pos + SiNEcustom_spatial,0.1668439678785069,0.6728264051522248,0.04990825621305518,0.7015629761480955,GT_pos_dist,0.573886
artificial_graph_sbmv5_comuAndEmb_0_30_pos_0_70_6,0.29999999999999993,6,GT_pos + SiNEcustom_spatial_bined,0.16424196968706672,0.67035031225605,0.042341353046561905,0.6660609469562122,GT_pos_dist,0.5911885
artificial_graph_sbmv5_comuAndEmb_0_30_pos_0_70_6,0.29999999999999993,6,GT_pos + SiNE_spatial,0.14103803851019167,0.6645564988290398,0.043391335653309826,0.6923485938056247,GT_pos_dist,0.56847376
artificial_graph_sbmv5_comuAndEmb_0_30_pos_0_70_6,0.29999999999999993,6,GT_pos + SiNE_spatial_bined,0.10313803657806209,0.6075819672131147,0.045483608977732085,0.703980206479174,GT_pos_dist,0.57902724
artificial_graph_sbmv5_comuAndEmb_0_30_pos_0_70_6,0.29999999999999993,6,GT_pos + deepwalk,0.18532083450677048,0.7144198868071818,0.06766557340525566,0.7444679245283019,GT_pos_dist,0.5197274
artificial_graph_sbmv5_comuAndEmb_0_20_pos_0_80_6,0.19999999999999996,6,Inferred_Commu_normal,0.12174127022075319,0.67233647031486,0.039006289747208336,0.6941112855398569,louvain_density,1.0
artificial_graph_sbmv5_comuAndEmb_0_20_pos_0_80_6,0.19999999999999996,6,Inferred_Commu_spatial_manuel_iter,0.07067004019347667,0.49025212036714294,0.01971055172285297,0.5070080103047137,spatial_louvain_density,1.0
artificial_graph_sbmv5_comuAndEmb_0_20_pos_0_80_6,0.19999999999999996,6,Inferred_Commu_spatial_manuel_iter_old,0.11085265826352787,0.6062855815034275,0.0215358219698904,0.519798601886514,spatial_louvain_old_density,1.0
artificial_graph_sbmv5_comuAndEmb_0_20_pos_0_80_6,0.19999999999999996,6,Inferred_Commu_spatial_manuel_iter_bined,0.07659869495846107,0.49362147089578257,0.024312318369417427,0.5514868037944961,spatial_louvain_bined_density,1.0
artificial_graph_sbmv5_comuAndEmb_0_20_pos_0_80_6,0.19999999999999996,6,Inferred_Commu_spatial_manuel_iter_0_20,0.1363289366443749,0.6971999535261997,0.042743109792352976,0.698034188034188,spatial_louvain_manualiter_0_20_density,1.0
artificial_graph_sbmv5_comuAndEmb_0_20_pos_0_80_6,0.19999999999999996,6,Inferred_Commu_spatial_manuel_iter_0_50,0.09619024361982151,0.5877541535959102,0.03730353832188889,0.6845300487058729,spatial_louvain_manualiter_0_50_density,1.0
artificial_graph_sbmv5_comuAndEmb_0_20_pos_0_80_6,0.19999999999999996,6,Inferred_Commu_spatial_manuel_iter_0_80,0.09921973673779062,0.5770187057046591,0.024721293828630517,0.5569762106025844,spatial_louvain_manualiter_0_80_density,1.0
artificial_graph_sbmv5_comuAndEmb_0_20_pos_0_80_6,0.19999999999999996,6,GT_pos,0.16994334620118895,0.6450795863831764,0.04858123871717129,0.6876756698734721,GT_pos_dist,1.0
artificial_graph_sbmv5_comuAndEmb_0_20_pos_0_80_6,0.19999999999999996,6,GT_pos + Inferred_Commu normal,0.13643329377438487,0.6400604159405135,0.04746135179162923,0.7078632478632478,louvain_density,0.7573492
artificial_graph_sbmv5_comuAndEmb_0_20_pos_0_80_6,0.19999999999999996,6,GT_pos + Inferred_Commu spatial manuel iter,0.13750067419443737,0.6465086557453236,0.04524251547163704,0.6844884541587839,GT_pos_dist,0.588221
artificial_graph_sbmv5_comuAndEmb_0_20_pos_0_80_6,0.19999999999999996,6,GT_pos + Inferred_Commu spatial manuel iter old,0.1561230454478706,0.6591960032531661,0.03510468517119865,0.6504339250493096,GT_pos_dist,0.61887014
artificial_graph_sbmv5_comuAndEmb_0_20_pos_0_80_6,0.19999999999999996,6,GT_pos + Inferred_Commu spatial manuel iter bined,0.20045684728172458,0.6095155106308818,0.04517256128849959,0.7023221833111943,GT_pos_dist,0.59940904
artificial_graph_sbmv5_comuAndEmb_0_20_pos_0_80_6,0.19999999999999996,6,GT_pos + Inferred_Commu spatial manuel iter 0_20,0.13253061860756082,0.6270012780295109,0.046160806990711484,0.7028183660051791,spatial_louvain_manualiter_0_20_density,0.52710795
artificial_graph_sbmv5_comuAndEmb_0_20_pos_0_80_6,0.19999999999999996,6,GT_pos + Inferred_Commu spatial manuel iter 0_50,0.16354822977454034,0.6418961310561172,0.05066093282360549,0.6949651813388078,GT_pos_dist,0.6264104
artificial_graph_sbmv5_comuAndEmb_0_20_pos_0_80_6,0.19999999999999996,6,GT_pos + Inferred_Commu spatial manuel iter 0_80,0.151939986859169,0.6879284303473916,0.04183796063997543,0.6804209099813496,GT_pos_dist,0.6013501
artificial_graph_sbmv5_comuAndEmb_0_20_pos_0_80_6,0.19999999999999996,6,SiNEcustom_spatial,0.11425151078043241,0.6261415127222029,0.03279328420581462,0.6500741993049686,SiNEcustom_spatial_dist,1.0
artificial_graph_sbmv5_comuAndEmb_0_20_pos_0_80_6,0.19999999999999996,6,SiNEcustom_spatial_bined,0.09697438432359184,0.6201231555710468,0.03457047952238303,0.651774745401119,SiNEcustom_spatial_bined_dist,1.0
artificial_graph_sbmv5_comuAndEmb_0_20_pos_0_80_6,0.19999999999999996,6,SiNE_spatial,0.122577428986927,0.6735564075752295,0.03290811258785726,0.6527502046183365,SiNE_spatial_dist,1.0
artificial_graph_sbmv5_comuAndEmb_0_20_pos_0_80_6,0.19999999999999996,6,SiNE_spatial_bined,0.0922125447495046,0.6235157429998839,0.034866736738378715,0.6604791423472741,SiNE_spatial_bined_dist,1.0
artificial_graph_sbmv5_comuAndEmb_0_20_pos_0_80_6,0.19999999999999996,6,deepwalk,0.15939788253969148,0.7239688625537353,0.07571918955959767,0.7581856726911673,deepwalk_dist,1.0
artificial_graph_sbmv5_comuAndEmb_0_20_pos_0_80_6,0.19999999999999996,6,GT_pos + SiNEcustom_spatial,0.1256417679639371,0.6733240385732544,0.047286665479781734,0.7164221980705496,GT_pos_dist,0.5617013
artificial_graph_sbmv5_comuAndEmb_0_20_pos_0_80_6,0.19999999999999996,6,GT_pos + SiNEcustom_spatial_bined,0.14642090824374243,0.6681073544789125,0.0478981561567544,0.7119957332045244,GT_pos_dist,0.57943225
artificial_graph_sbmv5_comuAndEmb_0_20_pos_0_80_6,0.19999999999999996,6,GT_pos + SiNE_spatial,0.13854618151614284,0.6794934355756942,0.054878026942690256,0.7207458841524775,GT_pos_dist,0.56764716
artificial_graph_sbmv5_comuAndEmb_0_20_pos_0_80_6,0.19999999999999996,6,GT_pos + SiNE_spatial_bined,0.13740481796464277,0.6215057511327988,0.05924222957744279,0.7158506084879711,GT_pos_dist,0.5551998
artificial_graph_sbmv5_comuAndEmb_0_20_pos_0_80_6,0.19999999999999996,6,GT_pos + deepwalk,0.179295672795621,0.6988381549901242,0.07880859930847411,0.7700382401481303,deepwalk_dist,0.5326964
artificial_graph_sbmv5_comuAndEmb_0_10_pos_0_90_6,0.09999999999999998,6,Inferred_Commu_normal,0.15400499646698534,0.7239079102715466,0.05417759269623375,0.7517685420009316,louvain_density,1.0
artificial_graph_sbmv5_comuAndEmb_0_10_pos_0_90_6,0.09999999999999998,6,Inferred_Commu_spatial_manuel_iter,0.09576361627238449,0.5409799291617474,0.019692961341410395,0.4964065006987216,spatial_louvain_density,1.0
artificial_graph_sbmv5_comuAndEmb_0_10_pos_0_90_6,0.09999999999999998,6,Inferred_Commu_spatial_manuel_iter_old,0.0762968317055085,0.5103305785123966,0.019973909334980982,0.507788287355727,spatial_louvain_old_density,1.0
artificial_graph_sbmv5_comuAndEmb_0_10_pos_0_90_6,0.09999999999999998,6,Inferred_Commu_spatial_manuel_iter_bined,0.08432175829502563,0.5594923258559623,0.02051365432272101,0.5206063350758242,spatial_louvain_bined_density,1.0
artificial_graph_sbmv5_comuAndEmb_0_10_pos_0_90_6,0.09999999999999998,6,Inferred_Commu_spatial_manuel_iter_0_20,0.1803001674999704,0.7847815820543094,0.046079475663809974,0.7206113813984784,spatial_louvain_manualiter_0_20_density,1.0
artificial_graph_sbmv5_comuAndEmb_0_10_pos_0_90_6,0.09999999999999998,6,Inferred_Commu_spatial_manuel_iter_0_50,0.12871137124940585,0.6467296340023612,0.031413400560511034,0.5979809533668029,spatial_louvain_manualiter_0_50_density,1.0
artificial_graph_sbmv5_comuAndEmb_0_10_pos_0_90_6,0.09999999999999998,6,Inferred_Commu_spatial_manuel_iter_0_80,0.09693679392576746,0.6009445100354192,0.030776084975210862,0.6199760623156152,spatial_louvain_manualiter_0_80_density,1.0
artificial_graph_sbmv5_comuAndEmb_0_10_pos_0_90_6,0.09999999999999998,6,GT_pos,0.19684722773636432,0.6796930342384888,0.05544134022128559,0.741160524817556,GT_pos_dist,1.0
artificial_graph_sbmv5_comuAndEmb_0_10_pos_0_90_6,0.09999999999999998,6,GT_pos + Inferred_Commu normal,0.18009838454456664,0.6983943329397875,0.07222510067987278,0.760154495108949,louvain_density,0.65741545
artificial_graph_sbmv5_comuAndEmb_0_10_pos_0_90_6,0.09999999999999998,6,GT_pos + Inferred_Commu spatial manuel iter,0.22310390293695354,0.6808028335301062,0.05264523572956701,0.7069922623052637,GT_pos_dist,0.65625584
artificial_graph_sbmv5_comuAndEmb_0_10_pos_0_90_6,0.09999999999999998,6,GT_pos + Inferred_Commu spatial manuel iter old,0.16879292337246488,0.6807319952774498,0.05394100836470832,0.7323676310749961,GT_pos_dist,0.6744548
artificial_graph_sbmv5_comuAndEmb_0_10_pos_0_90_6,0.09999999999999998,6,GT_pos + Inferred_Commu spatial manuel iter bined,0.21291740288022432,0.6789138134592679,0.052612913247553364,0.7235639977226852,GT_pos_dist,0.62550294
artificial_graph_sbmv5_comuAndEmb_0_10_pos_0_90_6,0.09999999999999998,6,GT_pos + Inferred_Commu spatial manuel iter 0_20,0.19746614595426898,0.727012987012987,0.05468177012956973,0.7499976709280058,spatial_louvain_manualiter_0_20_density,0.50090593
artificial_graph_sbmv5_comuAndEmb_0_10_pos_0_90_6,0.09999999999999998,6,GT_pos + Inferred_Commu spatial manuel iter 0_50,0.22935554528958196,0.6895631641086186,0.053617528097943686,0.7058397598467988,GT_pos_dist,0.60073245
artificial_graph_sbmv5_comuAndEmb_0_10_pos_0_90_6,0.09999999999999998,6,GT_pos + Inferred_Commu spatial manuel iter 0_80,0.1673858994903384,0.6874734356552539,0.05123411430860597,0.7122809378396564,GT_pos_dist,0.6395905
artificial_graph_sbmv5_comuAndEmb_0_10_pos_0_90_6,0.09999999999999998,6,SiNEcustom_spatial,0.1391616789087608,0.680767414403778,0.043592019264061206,0.7050562859065266,SiNEcustom_spatial_dist,1.0
artificial_graph_sbmv5_comuAndEmb_0_10_pos_0_90_6,0.09999999999999998,6,SiNEcustom_spatial_bined,0.18355271673271317,0.652892561983471,0.03552118787342382,0.6647593292272658,SiNEcustom_spatial_bined_dist,1.0
artificial_graph_sbmv5_comuAndEmb_0_10_pos_0_90_6,0.09999999999999998,6,SiNE_spatial,0.11581916506725454,0.669409681227863,0.03800952709214819,0.7158077998033229,SiNE_spatial_dist,1.0
artificial_graph_sbmv5_comuAndEmb_0_10_pos_0_90_6,0.09999999999999998,6,SiNE_spatial_bined,0.13735954241359677,0.7113341204250295,0.04097660816958081,0.6895586408570986,SiNE_spatial_bined_dist,1.0
artificial_graph_sbmv5_comuAndEmb_0_10_pos_0_90_6,0.09999999999999998,6,deepwalk,0.17470768702018988,0.7602361275088548,0.07206779851006034,0.7923936390455981,deepwalk_dist,1.0
artificial_graph_sbmv5_comuAndEmb_0_10_pos_0_90_6,0.09999999999999998,6,GT_pos + SiNEcustom_spatial,0.18533816080168947,0.7082526564344745,0.07603644737636583,0.78221740593137,GT_pos_dist,0.5890731
artificial_graph_sbmv5_comuAndEmb_0_10_pos_0_90_6,0.09999999999999998,6,GT_pos + SiNEcustom_spatial_bined,0.19379245149040328,0.7219362455726093,0.06162374414505747,0.762473992029398,GT_pos_dist,0.5658781
artificial_graph_sbmv5_comuAndEmb_0_10_pos_0_90_6,0.09999999999999998,6,GT_pos + SiNE_spatial,0.21558629175616073,0.7536127508854782,0.06994531695002504,0.7876702810413541,GT_pos_dist,0.5533359
artificial_graph_sbmv5_comuAndEmb_0_10_pos_0_90_6,0.09999999999999998,6,GT_pos + SiNE_spatial_bined,0.19760053717908244,0.7467886658795749,0.06417984734809007,0.7576621292893743,GT_pos_dist,0.5477349
artificial_graph_sbmv5_comuAndEmb_0_10_pos_0_90_6,0.09999999999999998,6,GT_pos + deepwalk,0.2488794075398433,0.7707083825265644,0.0768664207372922,0.8071791056363542,deepwalk_dist,0.55060506
artificial_graph_sbmv5_comuAndEmb_0_00_pos_1_00_6,0.0,6,Inferred_Commu_normal,0.16116634271814956,0.7536062612883805,0.050303765370775175,0.7445264259549973,louvain_density,1.0
artificial_graph_sbmv5_comuAndEmb_0_00_pos_1_00_6,0.0,6,Inferred_Commu_spatial_manuel_iter,0.11442696409266993,0.54683925346177,0.020934656048710094,0.5318972480510942,spatial_louvain_density,1.0
artificial_graph_sbmv5_comuAndEmb_0_00_pos_1_00_6,0.0,6,Inferred_Commu_spatial_manuel_iter_old,0.08373329234266791,0.5716074653822999,0.021777226781819856,0.5283492331843981,spatial_louvain_old_density,1.0
artificial_graph_sbmv5_comuAndEmb_0_00_pos_1_00_6,0.0,6,Inferred_Commu_spatial_manuel_iter_bined,0.10914043469600969,0.5698013245033112,0.02031107995940795,0.5204142011834318,spatial_louvain_bined_density,1.0
artificial_graph_sbmv5_comuAndEmb_0_00_pos_1_00_6,0.0,6,Inferred_Commu_spatial_manuel_iter_0_20,0.169359899530913,0.7755328115593015,0.05246110531184667,0.7353827369211984,spatial_louvain_manualiter_0_20_density,1.0
artificial_graph_sbmv5_comuAndEmb_0_00_pos_1_00_6,0.0,6,Inferred_Commu_spatial_manuel_iter_0_50,0.15208500788093343,0.710114388922336,0.041615558080644474,0.686907109984033,spatial_louvain_manualiter_0_50_density,1.0
artificial_graph_sbmv5_comuAndEmb_0_00_pos_1_00_6,0.0,6,Inferred_Commu_spatial_manuel_iter_0_80,0.10144761651947252,0.6043106562311862,0.027077288377305476,0.5601014370245139,spatial_louvain_manualiter_0_80_density,1.0
artificial_graph_sbmv5_comuAndEmb_0_00_pos_1_00_6,0.0,6,GT_pos,0.15490293818611264,0.7101384708007226,0.05727361367513423,0.7287916113190839,GT_pos_dist,1.0
artificial_graph_sbmv5_comuAndEmb_0_00_pos_1_00_6,0.0,6,GT_pos + Inferred_Commu normal,0.16663836794731376,0.7520168573148704,0.06295825093863612,0.7546369869446793,louvain_density,0.69812983
artificial_graph_sbmv5_comuAndEmb_0_00_pos_1_00_6,0.0,6,GT_pos + Inferred_Commu spatial manuel iter,0.1576883810570444,0.6888139674894642,0.050394471157128196,0.7206398851453797,GT_pos_dist,0.67482555
artificial_graph_sbmv5_comuAndEmb_0_00_pos_1_00_6,0.0,6,GT_pos + Inferred_Commu spatial manuel iter old,0.18345756684570294,0.7303552077062011,0.050172676697993523,0.7188848636101384,GT_pos_dist,0.64743954
artificial_graph_sbmv5_comuAndEmb_0_00_pos_1_00_6,0.0,6,GT_pos + Inferred_Commu spatial manuel iter bined,0.14509427487326587,0.7263816977724262,0.04851396495177837,0.7278794831542084,GT_pos_dist,0.6336954
artificial_graph_sbmv5_comuAndEmb_0_00_pos_1_00_6,0.0,6,GT_pos + Inferred_Commu spatial manuel iter 0_20,0.16851573128700365,0.7445635159542444,0.06539906809538963,0.7720323632411543,spatial_louvain_manualiter_0_20_density,0.7757966
artificial_graph_sbmv5_comuAndEmb_0_00_pos_1_00_6,0.0,6,GT_pos + Inferred_Commu spatial manuel iter 0_50,0.13946032708559591,0.7223841059602649,0.0480372571487907,0.7142779320801299,GT_pos_dist,0.57482505
artificial_graph_sbmv5_comuAndEmb_0_00_pos_1_00_6,0.0,6,GT_pos + Inferred_Commu spatial manuel iter 0_80,0.168496037825077,0.7223479831426851,0.05760585164519201,0.734800949965785,GT_pos_dist,0.6728034
artificial_graph_sbmv5_comuAndEmb_0_00_pos_1_00_6,0.0,6,SiNEcustom_spatial,0.14206675020243864,0.7430222757375076,0.058034734616000574,0.7771087764494358,SiNEcustom_spatial_dist,1.0
artificial_graph_sbmv5_comuAndEmb_0_00_pos_1_00_6,0.0,6,SiNEcustom_spatial_bined,0.12773518484698598,0.6843949428055388,0.05540251654091238,0.7824462960726697,SiNEcustom_spatial_bined_dist,1.0
artificial_graph_sbmv5_comuAndEmb_0_00_pos_1_00_6,0.0,6,SiNE_spatial,0.16741064181759494,0.7764960866947621,0.054306646684735685,0.771514578217875,SiNE_spatial_dist,1.0
artificial_graph_sbmv5_comuAndEmb_0_00_pos_1_00_6,0.0,6,SiNE_spatial_bined,0.19255533874876696,0.7573630343166767,0.06329057721791054,0.7881286479088678,SiNE_spatial_bined_dist,1.0
artificial_graph_sbmv5_comuAndEmb_0_00_pos_1_00_6,0.0,6,deepwalk,0.1343283199350626,0.7083202889825406,0.09713143484337235,0.8216675388103959,deepwalk_dist,1.0
artificial_graph_sbmv5_comuAndEmb_0_00_pos_1_00_6,0.0,6,GT_pos + SiNEcustom_spatial,0.20578462598801384,0.7754605659241421,0.07727298997328733,0.8061622992392223,GT_pos_dist,0.5589304
artificial_graph_sbmv5_comuAndEmb_0_00_pos_1_00_6,0.0,6,GT_pos + SiNEcustom_spatial_bined,0.19124422925345888,0.7468512944009632,0.06837849901850124,0.8018170108279999,GT_pos_dist,0.5631619
artificial_graph_sbmv5_comuAndEmb_0_00_pos_1_00_6,0.0,6,GT_pos + SiNE_spatial,0.21816766583900973,0.7963997591812161,0.0791947656254734,0.7946420856310966,SiNE_spatial_dist,0.5327556
artificial_graph_sbmv5_comuAndEmb_0_00_pos_1_00_6,0.0,6,GT_pos + SiNE_spatial_bined,0.24493186242489548,0.7937627934978928,0.09570447750708161,0.8205823236592468,GT_pos_dist,0.5306086
artificial_graph_sbmv5_comuAndEmb_0_00_pos_1_00_6,0.0,6,GT_pos + deepwalk,0.17945222785536613,0.7514870559903672,0.09430661258866761,0.808663473278858,deepwalk_dist,0.594014
artificial_graph_sbmv5_comuAndEmb_1_00_pos_0_00_7,1.0,7,Inferred_Commu_normal,0.16550245321179463,0.7928578787410498,0.05237761847709603,0.7577340320899575,louvain_density,1.0
artificial_graph_sbmv5_comuAndEmb_1_00_pos_0_00_7,1.0,7,Inferred_Commu_spatial_manuel_iter,0.14213329393288202,0.7145340751043116,0.06556148610337804,0.7210102611529484,spatial_louvain_density,1.0
artificial_graph_sbmv5_comuAndEmb_1_00_pos_0_00_7,1.0,7,Inferred_Commu_spatial_manuel_iter_old,0.15679376584503005,0.7235615309328802,0.05490067776644214,0.7418757798623039,spatial_louvain_old_density,1.0
artificial_graph_sbmv5_comuAndEmb_1_00_pos_0_00_7,1.0,7,Inferred_Commu_spatial_manuel_iter_bined,0.14954890518666664,0.728661206408077,0.0744174170845816,0.7634858560502635,spatial_louvain_bined_density,1.0
artificial_graph_sbmv5_comuAndEmb_1_00_pos_0_00_7,1.0,7,Inferred_Commu_spatial_manuel_iter_0_20,0.2301127288851133,0.8121490753618709,0.05929452547200725,0.7832539158262504,spatial_louvain_manualiter_0_20_density,1.0
artificial_graph_sbmv5_comuAndEmb_1_00_pos_0_00_7,1.0,7,Inferred_Commu_spatial_manuel_iter_0_50,0.1596189396304563,0.7709910884458868,0.06337771394220364,0.7967164310565024,spatial_louvain_manualiter_0_50_density,1.0
artificial_graph_sbmv5_comuAndEmb_1_00_pos_0_00_7,1.0,7,Inferred_Commu_spatial_manuel_iter_0_80,0.1825851587042353,0.7831221346520373,0.057531679808948966,0.7452474273718823,spatial_louvain_manualiter_0_80_density,1.0
artificial_graph_sbmv5_comuAndEmb_1_00_pos_0_00_7,1.0,7,GT_pos,0.06968432586215965,0.5088471642713646,0.019296491653217732,0.5034544413616947,GT_pos_dist,1.0
artificial_graph_sbmv5_comuAndEmb_1_00_pos_0_00_7,1.0,7,GT_pos + Inferred_Commu normal,0.15413586364452894,0.7682480811827126,0.04520529127650456,0.7215639817383772,louvain_density,0.807137
artificial_graph_sbmv5_comuAndEmb_1_00_pos_0_00_7,1.0,7,GT_pos + Inferred_Commu spatial manuel iter,0.14952124269487527,0.6868721990418791,0.05500304039614433,0.6906266789976659,spatial_louvain_density,0.81688297
artificial_graph_sbmv5_comuAndEmb_1_00_pos_0_00_7,1.0,7,GT_pos + Inferred_Commu spatial manuel iter old,0.16373779693928525,0.6843223613042807,0.04742316149103673,0.6847685735676223,spatial_louvain_old_density,0.82698977
artificial_graph_sbmv5_comuAndEmb_1_00_pos_0_00_7,1.0,7,GT_pos + Inferred_Commu spatial manuel iter bined,0.15655806356659238,0.6923195796631123,0.058007461516767785,0.702758327094435,spatial_louvain_bined_density,0.7594077
artificial_graph_sbmv5_comuAndEmb_1_00_pos_0_00_7,1.0,7,GT_pos + Inferred_Commu spatial manuel iter 0_20,0.20404152926409375,0.7775202184103436,0.04809763874699008,0.7280806212474862,spatial_louvain_manualiter_0_20_density,0.81051624
artificial_graph_sbmv5_comuAndEmb_1_00_pos_0_00_7,1.0,7,GT_pos + Inferred_Commu spatial manuel iter 0_50,0.1553625744340764,0.7240380157626333,0.043056054273016245,0.7247914739948034,spatial_louvain_manualiter_0_50_density,0.7859131
artificial_graph_sbmv5_comuAndEmb_1_00_pos_0_00_7,1.0,7,GT_pos + Inferred_Commu spatial manuel iter 0_80,0.176507281925491,0.7731030752588472,0.04586567678885288,0.7140579263369593,spatial_louvain_manualiter_0_80_density,0.79981995
artificial_graph_sbmv5_comuAndEmb_1_00_pos_0_00_7,1.0,7,SiNEcustom_spatial,0.4907452636077947,0.8376216968011128,0.1566109106931981,0.8826554219697305,SiNEcustom_spatial_dist,1.0
artificial_graph_sbmv5_comuAndEmb_1_00_pos_0_00_7,1.0,7,SiNEcustom_spatial_bined,0.3628176226470494,0.8344665945500438,0.14761084281925865,0.8499688789066514,SiNEcustom_spatial_bined_dist,1.0
artificial_graph_sbmv5_comuAndEmb_1_00_pos_0_00_7,1.0,7,SiNE_spatial,0.2136706307684386,0.7919950548601453,0.08124417360517089,0.8024233349481069,SiNE_spatial_dist,1.0
artificial_graph_sbmv5_comuAndEmb_1_00_pos_0_00_7,1.0,7,SiNE_spatial_bined,0.2136977563930891,0.7935532890331221,0.07106346509590393,0.8033051481921875,SiNE_spatial_bined_dist,1.0
artificial_graph_sbmv5_comuAndEmb_1_00_pos_0_00_7,1.0,7,deepwalk,0.29507846698190476,0.8319425127491886,0.15453053326527846,0.8370225040736337,deepwalk_dist,1.0
artificial_graph_sbmv5_comuAndEmb_1_00_pos_0_00_7,1.0,7,GT_pos + SiNEcustom_spatial,0.3719771685130003,0.8175320661412456,0.10890372712686217,0.8482648522482055,SiNEcustom_spatial_dist,0.7132378
artificial_graph_sbmv5_comuAndEmb_1_00_pos_0_00_7,1.0,7,GT_pos + SiNEcustom_spatial_bined,0.33070410138790357,0.8226446195848143,0.1098091840654022,0.8293379427782916,SiNEcustom_spatial_bined_dist,0.72725296
artificial_graph_sbmv5_comuAndEmb_1_00_pos_0_00_7,1.0,7,GT_pos + SiNE_spatial,0.19829085846997152,0.7808556122186163,0.06884759411659576,0.7784655245812597,SiNE_spatial_dist,0.6882134
artificial_graph_sbmv5_comuAndEmb_1_00_pos_0_00_7,1.0,7,GT_pos + SiNE_spatial_bined,0.16421921287865843,0.7875521557719054,0.06313065412000969,0.774650695086684,SiNE_spatial_bined_dist,0.6820819
artificial_graph_sbmv5_comuAndEmb_1_00_pos_0_00_7,1.0,7,GT_pos + deepwalk,0.23096659414554505,0.7934760212228918,0.10916555983966801,0.8056680025249189,deepwalk_dist,0.6995348
artificial_graph_sbmv5_comuAndEmb_0_90_pos_0_10_7,0.9,7,Inferred_Commu_normal,0.13334267770582178,0.7028821664327668,0.043589455636640156,0.7250331796035796,louvain_density,1.0
artificial_graph_sbmv5_comuAndEmb_0_90_pos_0_10_7,0.9,7,Inferred_Commu_spatial_manuel_iter,0.1367105202610654,0.7303654036072563,0.053318840190026834,0.7527139325420347,spatial_louvain_density,1.0
artificial_graph_sbmv5_comuAndEmb_0_90_pos_0_10_7,0.9,7,Inferred_Commu_spatial_manuel_iter_old,0.13163404585917687,0.736667706221737,0.04705018530112237,0.7212794749092801,spatial_louvain_old_density,1.0
artificial_graph_sbmv5_comuAndEmb_0_90_pos_0_10_7,0.9,7,Inferred_Commu_spatial_manuel_iter_bined,0.152410970811748,0.762149799885649,0.051205131314146356,0.7276301522358282,spatial_louvain_bined_density,1.0
artificial_graph_sbmv5_comuAndEmb_0_90_pos_0_10_7,0.9,7,Inferred_Commu_spatial_manuel_iter_0_20,0.14031515479192522,0.7430219865897396,0.042156071252594615,0.7315128164351081,spatial_louvain_manualiter_0_20_density,1.0
artificial_graph_sbmv5_comuAndEmb_0_90_pos_0_10_7,0.9,7,Inferred_Commu_spatial_manuel_iter_0_50,0.13954526617709082,0.7364208118925101,0.04472399103511641,0.7445388830256329,spatial_louvain_manualiter_0_50_density,1.0
artificial_graph_sbmv5_comuAndEmb_0_90_pos_0_10_7,0.9,7,Inferred_Commu_spatial_manuel_iter_0_80,0.14918731690137949,0.7489734393679506,0.04702747072110426,0.7563876881261837,spatial_louvain_manualiter_0_80_density,1.0
artificial_graph_sbmv5_comuAndEmb_0_90_pos_0_10_7,0.9,7,GT_pos,0.08418202456243097,0.5498726545038723,0.022998518600290056,0.543662478856135,GT_pos_dist,1.0
artificial_graph_sbmv5_comuAndEmb_0_90_pos_0_10_7,0.9,7,GT_pos + Inferred_Commu normal,0.12107494199948816,0.6627033629606528,0.04373003409721225,0.7133444172967658,louvain_density,0.78355193
artificial_graph_sbmv5_comuAndEmb_0_90_pos_0_10_7,0.9,7,GT_pos + Inferred_Commu spatial manuel iter,0.14064149401482454,0.7060658038359582,0.046959071793630944,0.7322510083997167,spatial_louvain_density,0.75832826
artificial_graph_sbmv5_comuAndEmb_0_90_pos_0_10_7,0.9,7,GT_pos + Inferred_Commu spatial manuel iter old,0.13329657091193087,0.7177737928166745,0.034302732992833665,0.6521216151744278,spatial_louvain_old_density,0.7508633
artificial_graph_sbmv5_comuAndEmb_0_90_pos_0_10_7,0.9,7,GT_pos + Inferred_Commu spatial manuel iter bined,0.14466803781849552,0.7354592234523624,0.04692741957751244,0.7132792146770952,spatial_louvain_bined_density,0.756749
artificial_graph_sbmv5_comuAndEmb_0_90_pos_0_10_7,0.9,7,GT_pos + Inferred_Commu spatial manuel iter 0_20,0.12956588461763074,0.7174749207339259,0.03961056035700111,0.6971127239081091,spatial_louvain_manualiter_0_20_density,0.75524396
artificial_graph_sbmv5_comuAndEmb_0_90_pos_0_10_7,0.9,7,GT_pos + Inferred_Commu spatial manuel iter 0_50,0.13508000011247792,0.7198529029575341,0.04037658379758465,0.7079009382816002,spatial_louvain_manualiter_0_50_density,0.73393476
artificial_graph_sbmv5_comuAndEmb_0_90_pos_0_10_7,0.9,7,GT_pos + Inferred_Commu spatial manuel iter 0_80,0.14400623194638806,0.733146213420656,0.0452533196887942,0.7237363558819703,spatial_louvain_manualiter_0_80_density,0.7387383
artificial_graph_sbmv5_comuAndEmb_0_90_pos_0_10_7,0.9,7,SiNEcustom_spatial,0.3520346247958559,0.8411170019231768,0.1180697616353662,0.8217423990515983,SiNEcustom_spatial_dist,1.0
artificial_graph_sbmv5_comuAndEmb_0_90_pos_0_10_7,0.9,7,SiNEcustom_spatial_bined,0.38336885686435185,0.8245880763033422,0.11383395903067296,0.7973943529615868,SiNEcustom_spatial_bined_dist,1.0
artificial_graph_sbmv5_comuAndEmb_0_90_pos_0_10_7,0.9,7,SiNE_spatial,0.2024178408953788,0.7593430011954884,0.06628710641503997,0.7367718197458399,SiNE_spatial_dist,1.0
artificial_graph_sbmv5_comuAndEmb_0_90_pos_0_10_7,0.9,7,SiNE_spatial_bined,0.23890705867342407,0.778236914600551,0.06253370056194266,0.7646565658025994,SiNE_spatial_bined_dist,1.0
artificial_graph_sbmv5_comuAndEmb_0_90_pos_0_10_7,0.9,7,deepwalk,0.3808102596619384,0.8602837985342274,0.09838364237179528,0.7835894692709162,deepwalk_dist,1.0
artificial_graph_sbmv5_comuAndEmb_0_90_pos_0_10_7,0.9,7,GT_pos + SiNEcustom_spatial,0.29944249272122686,0.8290841519829513,0.09136000813929938,0.802701499226532,SiNEcustom_spatial_dist,0.65399396
artificial_graph_sbmv5_comuAndEmb_0_90_pos_0_10_7,0.9,7,GT_pos + SiNEcustom_spatial_bined,0.3590850907178945,0.8460159051925776,0.09870135772046554,0.7891935693735632,SiNEcustom_spatial_bined_dist,0.6821952
artificial_graph_sbmv5_comuAndEmb_0_90_pos_0_10_7,0.9,7,GT_pos + SiNE_spatial,0.20041797063019218,0.781719424086491,0.05981107618637595,0.7394529341178852,SiNE_spatial_dist,0.6176645
artificial_graph_sbmv5_comuAndEmb_0_90_pos_0_10_7,0.9,7,GT_pos + SiNE_spatial_bined,0.23309718821172215,0.780393991371693,0.05602306509553709,0.7507828651563562,SiNE_spatial_bined_dist,0.6300627
artificial_graph_sbmv5_comuAndEmb_0_90_pos_0_10_7,0.9,7,GT_pos + deepwalk,0.3606989066879551,0.8717189043089557,0.07925091617255825,0.7826952825687808,deepwalk_dist,0.6871808
artificial_graph_sbmv5_comuAndEmb_0_80_pos_0_20_7,0.8,7,Inferred_Commu_normal,0.12679217042695085,0.7167817535049175,0.03731720814777374,0.6986773681640625,louvain_density,1.0
artificial_graph_sbmv5_comuAndEmb_0_80_pos_0_20_7,0.8,7,Inferred_Commu_spatial_manuel_iter,0.14978165384665923,0.6946406151914626,0.04337108352408396,0.7052037048339843,spatial_louvain_density,1.0
artificial_graph_sbmv5_comuAndEmb_0_80_pos_0_20_7,0.8,7,Inferred_Commu_spatial_manuel_iter_old,0.14744881342594102,0.7106873822975517,0.04449423311783787,0.6908433532714844,spatial_louvain_old_density,1.0
artificial_graph_sbmv5_comuAndEmb_0_80_pos_0_20_7,0.8,7,Inferred_Commu_spatial_manuel_iter_bined,0.11735821658169776,0.6823080142289182,0.044340253992255566,0.7125747680664063,spatial_louvain_bined_density,1.0
artificial_graph_sbmv5_comuAndEmb_0_80_pos_0_20_7,0.8,7,Inferred_Commu_spatial_manuel_iter_0_20,0.12704115798570642,0.6926265955220757,0.03740981549780631,0.6944847106933594,spatial_louvain_manualiter_0_20_density,1.0
artificial_graph_sbmv5_comuAndEmb_0_80_pos_0_20_7,0.8,7,Inferred_Commu_spatial_manuel_iter_0_50,0.12338286465657525,0.6863622096672944,0.04035502865885987,0.6260632324218751,spatial_louvain_manualiter_0_50_density,1.0
artificial_graph_sbmv5_comuAndEmb_0_80_pos_0_20_7,0.8,7,Inferred_Commu_spatial_manuel_iter_0_80,0.16756451199025849,0.7367257794517682,0.031279343049049974,0.6293034362792969,spatial_louvain_manualiter_0_80_density,1.0
artificial_graph_sbmv5_comuAndEmb_0_80_pos_0_20_7,0.8,7,GT_pos,0.08537368020879796,0.532198158610588,0.023125121840051534,0.5301187133789063,GT_pos_dist,1.0
artificial_graph_sbmv5_comuAndEmb_0_80_pos_0_20_7,0.8,7,GT_pos + Inferred_Commu normal,0.12116471877105929,0.6503714166143544,0.03341749663856958,0.6605052185058593,louvain_density,0.71067446
artificial_graph_sbmv5_comuAndEmb_0_80_pos_0_20_7,0.8,7,GT_pos + Inferred_Commu spatial manuel iter,0.14480271884902882,0.6149299016530654,0.034482870402812046,0.6386761474609375,spatial_louvain_density,0.6619015
artificial_graph_sbmv5_comuAndEmb_0_80_pos_0_20_7,0.8,7,GT_pos + Inferred_Commu spatial manuel iter old,0.13923498612388924,0.6636194810629839,0.038234143463004126,0.6426620483398438,spatial_louvain_old_density,0.7054
artificial_graph_sbmv5_comuAndEmb_0_80_pos_0_20_7,0.8,7,GT_pos + Inferred_Commu spatial manuel iter bined,0.14777627322639325,0.6077500523121993,0.03722795548489562,0.6565002441406249,spatial_louvain_bined_density,0.68623716
artificial_graph_sbmv5_comuAndEmb_0_80_pos_0_20_7,0.8,7,GT_pos + Inferred_Commu spatial manuel iter 0_20,0.17286579149084677,0.6265170537769408,0.03830618780203614,0.6485165405273439,spatial_louvain_manualiter_0_20_density,0.6488918
artificial_graph_sbmv5_comuAndEmb_0_80_pos_0_20_7,0.8,7,GT_pos + Inferred_Commu spatial manuel iter 0_50,0.13366433333247468,0.6191802678384599,0.03324002857143138,0.6147883605957032,spatial_louvain_manualiter_0_50_density,0.69483095
artificial_graph_sbmv5_comuAndEmb_0_80_pos_0_20_7,0.8,7,GT_pos + Inferred_Commu spatial manuel iter 0_80,0.21199911880727842,0.6660258422264071,0.029804284952806327,0.5988537597656249,spatial_louvain_manualiter_0_80_density,0.69570214
artificial_graph_sbmv5_comuAndEmb_0_80_pos_0_20_7,0.8,7,SiNEcustom_spatial,0.2290108484814245,0.732122305921741,0.1007226895215188,0.7520515441894532,SiNEcustom_spatial_dist,1.0
artificial_graph_sbmv5_comuAndEmb_0_80_pos_0_20_7,0.8,7,SiNEcustom_spatial_bined,0.24816463948468057,0.7092226407198159,0.09220581560518296,0.7349563598632811,SiNEcustom_spatial_bined_dist,1.0
artificial_graph_sbmv5_comuAndEmb_0_80_pos_0_20_7,0.8,7,SiNE_spatial,0.11396455929664956,0.6698184766687592,0.043257135917129735,0.6729074096679688,SiNE_spatial_dist,1.0
artificial_graph_sbmv5_comuAndEmb_0_80_pos_0_20_7,0.8,7,SiNE_spatial_bined,0.16872983512070316,0.6761351747227454,0.042094537403221194,0.6671337890625,SiNE_spatial_bined_dist,1.0
artificial_graph_sbmv5_comuAndEmb_0_80_pos_0_20_7,0.8,7,deepwalk,0.2809109109563858,0.74008683825068,0.08919741360278408,0.718388214111328,deepwalk_dist,1.0
artificial_graph_sbmv5_comuAndEmb_0_80_pos_0_20_7,0.8,7,GT_pos + SiNEcustom_spatial,0.25991598453284404,0.7251124712282905,0.08166899252135065,0.7436418151855468,SiNEcustom_spatial_dist,0.644967
artificial_graph_sbmv5_comuAndEmb_0_80_pos_0_20_7,0.8,7,GT_pos + SiNEcustom_spatial_bined,0.25510288832280137,0.7080063820883029,0.0734795060300823,0.7239434814453125,SiNEcustom_spatial_bined_dist,0.6334713
artificial_graph_sbmv5_comuAndEmb_0_80_pos_0_20_7,0.8,7,GT_pos + SiNE_spatial,0.16150202060096963,0.6889647415777359,0.04286770575211927,0.69610595703125,SiNE_spatial_dist,0.56241554
artificial_graph_sbmv5_comuAndEmb_0_80_pos_0_20_7,0.8,7,GT_pos + SiNE_spatial_bined,0.1670417000394727,0.6886770244821092,0.03656517226446669,0.6804377746582031,SiNE_spatial_bined_dist,0.5695243
artificial_graph_sbmv5_comuAndEmb_0_80_pos_0_20_7,0.8,7,GT_pos + deepwalk,0.26449428478781684,0.7166771291065076,0.07176480509518708,0.7192057800292968,deepwalk_dist,0.63437146
artificial_graph_sbmv5_comuAndEmb_0_70_pos_0_30_7,0.7,7,Inferred_Commu_normal,0.10492501166039192,0.6332512315270936,0.034572391953938714,0.6767680608365019,louvain_density,1.0
artificial_graph_sbmv5_comuAndEmb_0_70_pos_0_30_7,0.7,7,Inferred_Commu_spatial_manuel_iter,0.10909042119631324,0.6583128078817734,0.04251279220834807,0.6853480605473551,spatial_louvain_density,1.0
artificial_graph_sbmv5_comuAndEmb_0_70_pos_0_30_7,0.7,7,Inferred_Commu_spatial_manuel_iter_old,0.09993486740157162,0.6163177339901478,0.039161830282994255,0.6874170509910509,spatial_louvain_old_density,1.0
artificial_graph_sbmv5_comuAndEmb_0_70_pos_0_30_7,0.7,7,Inferred_Commu_spatial_manuel_iter_bined,0.11090953028000541,0.64878078817734,0.04171463987178775,0.709179834897136,spatial_louvain_bined_density,1.0
artificial_graph_sbmv5_comuAndEmb_0_70_pos_0_30_7,0.7,7,Inferred_Commu_spatial_manuel_iter_0_20,0.1014581872321077,0.6087068965517242,0.03910117385017669,0.6672684294987639,spatial_louvain_manualiter_0_20_density,1.0
artificial_graph_sbmv5_comuAndEmb_0_70_pos_0_30_7,0.7,7,Inferred_Commu_spatial_manuel_iter_0_50,0.09949272345338511,0.622807881773399,0.03891173141844358,0.6810970232329512,spatial_louvain_manualiter_0_50_density,1.0
artificial_graph_sbmv5_comuAndEmb_0_70_pos_0_30_7,0.7,7,Inferred_Commu_spatial_manuel_iter_0_80,0.0975778022675498,0.6094827586206896,0.037917308810082005,0.6742107013257383,spatial_louvain_manualiter_0_80_density,1.0
artificial_graph_sbmv5_comuAndEmb_0_70_pos_0_30_7,0.7,7,GT_pos,0.12133140047216899,0.6089039408866994,0.024380760112045687,0.5455148982925877,GT_pos_dist,1.0
artificial_graph_sbmv5_comuAndEmb_0_70_pos_0_30_7,0.7,7,GT_pos + Inferred_Commu normal,0.1683016229640258,0.6903940886699508,0.037661806713323184,0.6819868727320042,louvain_density,0.6777777
artificial_graph_sbmv5_comuAndEmb_0_70_pos_0_30_7,0.7,7,GT_pos + Inferred_Commu spatial manuel iter,0.20547498661730773,0.7302586206896551,0.03624691713804039,0.6787958478509157,spatial_louvain_density,0.68138605
artificial_graph_sbmv5_comuAndEmb_0_70_pos_0_30_7,0.7,7,GT_pos + Inferred_Commu spatial manuel iter old,0.17905485705095206,0.6750738916256158,0.035484800509293105,0.6550431551706689,spatial_louvain_old_density,0.6878131
artificial_graph_sbmv5_comuAndEmb_0_70_pos_0_30_7,0.7,7,GT_pos + Inferred_Commu spatial manuel iter bined,0.21879257212984649,0.7251724137931033,0.038961380538591536,0.6848377163180037,spatial_louvain_bined_density,0.65438414
artificial_graph_sbmv5_comuAndEmb_0_70_pos_0_30_7,0.7,7,GT_pos + Inferred_Commu spatial manuel iter 0_20,0.17426333236864008,0.6880665024630542,0.029657812948489917,0.566226199598086,spatial_louvain_manualiter_0_20_density,0.6259726
artificial_graph_sbmv5_comuAndEmb_0_70_pos_0_30_7,0.7,7,GT_pos + Inferred_Commu spatial manuel iter 0_50,0.1502427598824399,0.6849137931034482,0.03574716497679463,0.6825800575402277,spatial_louvain_manualiter_0_50_density,0.6593255
artificial_graph_sbmv5_comuAndEmb_0_70_pos_0_30_7,0.7,7,GT_pos + Inferred_Commu spatial manuel iter 0_80,0.16429558333619396,0.7020443349753694,0.034262143137399254,0.6586684786537322,spatial_louvain_manualiter_0_80_density,0.67405975
artificial_graph_sbmv5_comuAndEmb_0_70_pos_0_30_7,0.7,7,SiNEcustom_spatial,0.15039391571928873,0.5906773399014777,0.06012067708615566,0.7161453830473188,SiNEcustom_spatial_dist,1.0
artificial_graph_sbmv5_comuAndEmb_0_70_pos_0_30_7,0.7,7,SiNEcustom_spatial_bined,0.17187728003774122,0.672783251231527,0.0854183978035999,0.690995243533953,SiNEcustom_spatial_bined_dist,1.0
artificial_graph_sbmv5_comuAndEmb_0_70_pos_0_30_7,0.7,7,SiNE_spatial,0.10239385333499265,0.5938300492610837,0.03302900284305338,0.6396891671124347,SiNE_spatial_dist,1.0
artificial_graph_sbmv5_comuAndEmb_0_70_pos_0_30_7,0.7,7,SiNE_spatial_bined,0.11105475832131353,0.6475985221674877,0.033231285164248545,0.6547525625641545,SiNE_spatial_bined_dist,1.0
artificial_graph_sbmv5_comuAndEmb_0_70_pos_0_30_7,0.7,7,deepwalk,0.21041341086816095,0.6810344827586208,0.0595308205303524,0.6967483988491955,deepwalk_dist,1.0
artificial_graph_sbmv5_comuAndEmb_0_70_pos_0_30_7,0.7,7,GT_pos + SiNEcustom_spatial,0.18902168567544333,0.6725862068965518,0.04812909001775932,0.7048245601353207,SiNEcustom_spatial_dist,0.57581055
artificial_graph_sbmv5_comuAndEmb_0_70_pos_0_30_7,0.7,7,GT_pos + SiNEcustom_spatial_bined,0.24530021749886605,0.76,0.06775884440798667,0.7169502233659588,SiNEcustom_spatial_bined_dist,0.55704653
artificial_graph_sbmv5_comuAndEmb_0_70_pos_0_30_7,0.7,7,GT_pos + SiNE_spatial,0.14088613026233954,0.6643965517241379,0.03209099007858592,0.6548297647790196,SiNE_spatial_dist,0.5081807
artificial_graph_sbmv5_comuAndEmb_0_70_pos_0_30_7,0.7,7,GT_pos + SiNE_spatial_bined,0.12366715584565498,0.6696059113300492,0.03244169651545728,0.644992699041478,SiNE_spatial_bined_dist,0.51475984
artificial_graph_sbmv5_comuAndEmb_0_70_pos_0_30_7,0.7,7,GT_pos + deepwalk,0.2101516908203101,0.6773152709359606,0.05177102711500753,0.6852812676198876,deepwalk_dist,0.58081555
artificial_graph_sbmv5_comuAndEmb_0_60_pos_0_40_7,0.6,7,Inferred_Commu_normal,0.12886626441075322,0.6646205357142857,0.01947189618190545,0.48509110802508104,louvain_density,1.0
artificial_graph_sbmv5_comuAndEmb_0_60_pos_0_40_7,0.6,7,Inferred_Commu_spatial_manuel_iter,0.15713736417461946,0.6475640527950309,0.030757285274630033,0.5964430697583077,spatial_louvain_density,1.0
artificial_graph_sbmv5_comuAndEmb_0_60_pos_0_40_7,0.6,7,Inferred_Commu_spatial_manuel_iter_old,0.17106095509837238,0.6903629658385093,0.0288813977686593,0.49004993757802745,spatial_louvain_old_density,1.0
artificial_graph_sbmv5_comuAndEmb_0_60_pos_0_40_7,0.6,7,Inferred_Commu_spatial_manuel_iter_bined,0.1561358902172351,0.7086568322981366,0.03528496830024465,0.6543825835682926,spatial_louvain_bined_density,1.0
artificial_graph_sbmv5_comuAndEmb_0_60_pos_0_40_7,0.6,7,Inferred_Commu_spatial_manuel_iter_0_20,0.1120825024145599,0.6126261645962733,0.03841194765543339,0.6692795522450871,spatial_louvain_manualiter_0_20_density,1.0
artificial_graph_sbmv5_comuAndEmb_0_60_pos_0_40_7,0.6,7,Inferred_Commu_spatial_manuel_iter_0_50,0.12851571035847764,0.6213363742236025,0.03829437958474184,0.668750999452931,spatial_louvain_manualiter_0_50_density,1.0
artificial_graph_sbmv5_comuAndEmb_0_60_pos_0_40_7,0.6,7,Inferred_Commu_spatial_manuel_iter_0_80,0.15496872801476919,0.6839334239130433,0.03151110739888392,0.6320484226177951,spatial_louvain_manualiter_0_80_density,1.0
artificial_graph_sbmv5_comuAndEmb_0_60_pos_0_40_7,0.6,7,GT_pos,0.09563495871531802,0.5612383540372671,0.025027096712972978,0.5431253068495842,GT_pos_dist,1.0
artificial_graph_sbmv5_comuAndEmb_0_60_pos_0_40_7,0.6,7,GT_pos + Inferred_Commu normal,0.11289905490747532,0.6551581909937888,0.023943932052320736,0.5196121421257136,louvain_density,0.52244407
artificial_graph_sbmv5_comuAndEmb_0_60_pos_0_40_7,0.6,7,GT_pos + Inferred_Commu spatial manuel iter,0.13605320218359157,0.6662097243788819,0.02588023334008254,0.5745600302992047,spatial_louvain_density,0.56781113
artificial_graph_sbmv5_comuAndEmb_0_60_pos_0_40_7,0.6,7,GT_pos + Inferred_Commu spatial manuel iter old,0.13642850031670697,0.7078319099378882,0.034467485682336735,0.6039164527486709,spatial_louvain_old_density,0.5185812
artificial_graph_sbmv5_comuAndEmb_0_60_pos_0_40_7,0.6,7,GT_pos + Inferred_Commu spatial manuel iter bined,0.14012246593317373,0.6854013004658386,0.03543381613963843,0.6398598661785129,spatial_louvain_bined_density,0.5890352
artificial_graph_sbmv5_comuAndEmb_0_60_pos_0_40_7,0.6,7,GT_pos + Inferred_Commu spatial manuel iter 0_20,0.10861502833942371,0.6119589479813665,0.028916430880736865,0.6002409908962112,GT_pos_dist,0.556154
artificial_graph_sbmv5_comuAndEmb_0_60_pos_0_40_7,0.6,7,GT_pos + Inferred_Commu spatial manuel iter 0_50,0.14542582599666906,0.6304347826086956,0.03405599052121819,0.6216938097041619,spatial_louvain_manualiter_0_50_density,0.5267497
artificial_graph_sbmv5_comuAndEmb_0_60_pos_0_40_7,0.6,7,GT_pos + Inferred_Commu spatial manuel iter 0_80,0.14861145273730308,0.6826717779503105,0.03531246464429105,0.5967414327596122,spatial_louvain_manualiter_0_80_density,0.5507269
artificial_graph_sbmv5_comuAndEmb_0_60_pos_0_40_7,0.6,7,SiNEcustom_spatial,0.14506654369203065,0.7015236801242235,0.04767728232712977,0.6683693136388504,SiNEcustom_spatial_dist,1.0
artificial_graph_sbmv5_comuAndEmb_0_60_pos_0_40_7,0.6,7,SiNEcustom_spatial_bined,0.18685842689022597,0.6415227096273292,0.051259252930875694,0.6754604497187504,SiNEcustom_spatial_bined_dist,1.0
artificial_graph_sbmv5_comuAndEmb_0_60_pos_0_40_7,0.6,7,SiNE_spatial,0.12301783911986414,0.6615756017080745,0.03107108744465585,0.6136631177320484,SiNE_spatial_dist,1.0
artificial_graph_sbmv5_comuAndEmb_0_60_pos_0_40_7,0.6,7,SiNE_spatial_bined,0.12514823210818382,0.6461204386645963,0.03018061136909161,0.6465975115375444,SiNE_spatial_bined_dist,1.0
artificial_graph_sbmv5_comuAndEmb_0_60_pos_0_40_7,0.6,7,deepwalk,0.18543727137557992,0.7120050465838508,0.05106437916994715,0.6575177096045673,deepwalk_dist,1.0
artificial_graph_sbmv5_comuAndEmb_0_60_pos_0_40_7,0.6,7,GT_pos + SiNEcustom_spatial,0.15154860089089747,0.7310631793478262,0.04114312321999543,0.6628249800109414,SiNEcustom_spatial_dist,0.5363077
artificial_graph_sbmv5_comuAndEmb_0_60_pos_0_40_7,0.6,7,GT_pos + SiNEcustom_spatial_bined,0.17477509067341987,0.7271690605590062,0.04199719024052652,0.6800742049965633,SiNEcustom_spatial_bined_dist,0.54863876
artificial_graph_sbmv5_comuAndEmb_0_60_pos_0_40_7,0.6,7,GT_pos + SiNE_spatial,0.10687080627960605,0.6658215256211181,0.027465098451239248,0.6136479681297254,SiNE_spatial_dist,0.5049821
artificial_graph_sbmv5_comuAndEmb_0_60_pos_0_40_7,0.6,7,GT_pos + SiNE_spatial_bined,0.12475051528575448,0.6707225349378881,0.03145056090975273,0.6399725062772658,SiNE_spatial_bined_dist,0.5224137
artificial_graph_sbmv5_comuAndEmb_0_60_pos_0_40_7,0.6,7,GT_pos + deepwalk,0.2357169813351623,0.7398825698757764,0.04372907726195323,0.6512035517401001,deepwalk_dist,0.55522716
artificial_graph_sbmv5_comuAndEmb_0_50_pos_0_50_7,0.5,7,Inferred_Commu_normal,0.11121023359419438,0.6458499040845928,0.02812907134697485,0.587474521051459,louvain_density,1.0
artificial_graph_sbmv5_comuAndEmb_0_50_pos_0_50_7,0.5,7,Inferred_Commu_spatial_manuel_iter,0.11834378109392707,0.6518621625415244,0.027044261513703562,0.5810637112942748,spatial_louvain_density,1.0
artificial_graph_sbmv5_comuAndEmb_0_50_pos_0_50_7,0.5,7,Inferred_Commu_spatial_manuel_iter_old,0.1060841659368828,0.6392995835867683,0.026465052603519744,0.5918120683893964,spatial_louvain_old_density,1.0
artificial_graph_sbmv5_comuAndEmb_0_50_pos_0_50_7,0.5,7,Inferred_Commu_spatial_manuel_iter_bined,0.13211159705644313,0.6395686146072147,0.023153632963310296,0.568103976386723,spatial_louvain_bined_density,1.0
artificial_graph_sbmv5_comuAndEmb_0_50_pos_0_50_7,0.5,7,Inferred_Commu_spatial_manuel_iter_0_20,0.134319311121347,0.6337552051653956,0.029939442729479078,0.6085043996435732,spatial_louvain_manualiter_0_20_density,1.0
artificial_graph_sbmv5_comuAndEmb_0_50_pos_0_50_7,0.5,7,Inferred_Commu_spatial_manuel_iter_0_50,0.11543245241141173,0.6028985168202873,0.028134961669907095,0.5978596290933393,spatial_louvain_manualiter_0_50_density,1.0
artificial_graph_sbmv5_comuAndEmb_0_50_pos_0_50_7,0.5,7,Inferred_Commu_spatial_manuel_iter_0_80,0.12564922176225632,0.6102208393767838,0.023979843521766395,0.5443124860770774,spatial_louvain_manualiter_0_80_density,1.0
artificial_graph_sbmv5_comuAndEmb_0_50_pos_0_50_7,0.5,7,GT_pos,0.08592196230884946,0.5334651195433491,0.027605836208516008,0.5891126921363332,GT_pos_dist,1.0
artificial_graph_sbmv5_comuAndEmb_0_50_pos_0_50_7,0.5,7,GT_pos + Inferred_Commu normal,0.11610062215045762,0.6382234595049829,0.028527781667680975,0.6131236077077301,louvain_density,0.5303255
artificial_graph_sbmv5_comuAndEmb_0_50_pos_0_50_7,0.5,7,GT_pos + Inferred_Commu spatial manuel iter,0.11852687595233752,0.6062789500772002,0.031738441911789934,0.6228423646691913,spatial_louvain_density,0.5385696
artificial_graph_sbmv5_comuAndEmb_0_50_pos_0_50_7,0.5,7,GT_pos + Inferred_Commu spatial manuel iter old,0.11895697878350045,0.6451480840312543,0.02760568985435325,0.6110989362887057,spatial_louvain_old_density,0.51332617
artificial_graph_sbmv5_comuAndEmb_0_50_pos_0_50_7,0.5,7,GT_pos + Inferred_Commu spatial manuel iter bined,0.10288275121402526,0.5941374631544473,0.029664313247848472,0.614366785475607,spatial_louvain_bined_density,0.5013837
artificial_graph_sbmv5_comuAndEmb_0_50_pos_0_50_7,0.5,7,GT_pos + Inferred_Commu spatial manuel iter 0_20,0.10561801895775365,0.591341879941983,0.028664504627160733,0.5868248774782803,spatial_louvain_manualiter_0_20_density,0.50694054
artificial_graph_sbmv5_comuAndEmb_0_50_pos_0_50_7,0.5,7,GT_pos + Inferred_Commu spatial manuel iter 0_50,0.10801600556853813,0.6316497450053806,0.02839910612856221,0.5998213689017599,GT_pos_dist,0.5070723
artificial_graph_sbmv5_comuAndEmb_0_50_pos_0_50_7,0.5,7,GT_pos + Inferred_Commu spatial manuel iter 0_80,0.1525884191332136,0.6111332054461236,0.03039072572256448,0.5671689128981956,GT_pos_dist,0.548792
artificial_graph_sbmv5_comuAndEmb_0_50_pos_0_50_7,0.5,7,SiNEcustom_spatial,0.14954132546507182,0.6655710475833996,0.038082511724624915,0.6820118623301403,SiNEcustom_spatial_dist,1.0
artificial_graph_sbmv5_comuAndEmb_0_50_pos_0_50_7,0.5,7,SiNEcustom_spatial_bined,0.15486879138265552,0.6556168998268843,0.043568580311395946,0.6351648474047672,SiNEcustom_spatial_bined_dist,1.0
artificial_graph_sbmv5_comuAndEmb_0_50_pos_0_50_7,0.5,7,SiNE_spatial,0.08943134334870126,0.5424484162260796,0.031407555903400906,0.5971931387836935,SiNE_spatial_dist,1.0
artificial_graph_sbmv5_comuAndEmb_0_50_pos_0_50_7,0.5,7,SiNE_spatial_bined,0.14451789133138104,0.6426683198427924,0.028895251727929408,0.6082696591668523,SiNE_spatial_bined_dist,1.0
artificial_graph_sbmv5_comuAndEmb_0_50_pos_0_50_7,0.5,7,deepwalk,0.12424036580863562,0.6459785710943715,0.03751176462193817,0.6404935676097125,deepwalk_dist,1.0
artificial_graph_sbmv5_comuAndEmb_0_50_pos_0_50_7,0.5,7,GT_pos + SiNEcustom_spatial,0.12230719943848622,0.6783207785523793,0.035924127830344654,0.6617948039652484,SiNEcustom_spatial_dist,0.5325257
artificial_graph_sbmv5_comuAndEmb_0_50_pos_0_50_7,0.5,7,GT_pos + SiNEcustom_spatial_bined,0.16852683344980218,0.6622023113273756,0.044733716301592154,0.6636633994208064,SiNEcustom_spatial_bined_dist,0.5114449
artificial_graph_sbmv5_comuAndEmb_0_50_pos_0_50_7,0.5,7,GT_pos + SiNE_spatial,0.09771625317347837,0.5883123567117391,0.033733536072356025,0.635223045221653,GT_pos_dist,0.50974536
artificial_graph_sbmv5_comuAndEmb_0_50_pos_0_50_7,0.5,7,GT_pos + SiNE_spatial_bined,0.12622643555948865,0.6533593786553127,0.028273342143389536,0.6083657273334818,GT_pos_dist,0.515517
artificial_graph_sbmv5_comuAndEmb_0_50_pos_0_50_7,0.5,7,GT_pos + deepwalk,0.14237953133908918,0.6731857951621204,0.033013336739365864,0.6367100133660057,deepwalk_dist,0.5414702
artificial_graph_sbmv5_comuAndEmb_0_40_pos_0_60_7,0.3999999999999999,7,Inferred_Commu_normal,0.1286790297619992,0.6686998954339491,0.02693852862373995,0.5934370504555384,louvain_density,1.0
artificial_graph_sbmv5_comuAndEmb_0_40_pos_0_60_7,0.3999999999999999,7,Inferred_Commu_spatial_manuel_iter,0.10452154129645774,0.6075055187637969,0.02242689660993467,0.5450608716500612,spatial_louvain_density,1.0
artificial_graph_sbmv5_comuAndEmb_0_40_pos_0_60_7,0.3999999999999999,7,Inferred_Commu_spatial_manuel_iter_old,0.07597427724612266,0.4968514000232369,0.020660135172397547,0.4892587511321861,spatial_louvain_old_density,1.0
artificial_graph_sbmv5_comuAndEmb_0_40_pos_0_60_7,0.3999999999999999,7,Inferred_Commu_spatial_manuel_iter_bined,0.0760045557968128,0.5165562913907285,0.02117114279874625,0.5018382705525067,spatial_louvain_bined_density,1.0
artificial_graph_sbmv5_comuAndEmb_0_40_pos_0_60_7,0.3999999999999999,7,Inferred_Commu_spatial_manuel_iter_0_20,0.14174628573975023,0.6562913907284769,0.023349721742554796,0.5147246789919548,spatial_louvain_manualiter_0_20_density,1.0
artificial_graph_sbmv5_comuAndEmb_0_40_pos_0_60_7,0.3999999999999999,7,Inferred_Commu_spatial_manuel_iter_0_50,0.1008591532081992,0.5995584988962472,0.022115536784211895,0.5083884330545048,spatial_louvain_manualiter_0_50_density,1.0
artificial_graph_sbmv5_comuAndEmb_0_40_pos_0_60_7,0.3999999999999999,7,Inferred_Commu_spatial_manuel_iter_0_80,0.0779133402420929,0.5244916928081793,0.01985821586380958,0.5101706270978741,spatial_louvain_manualiter_0_80_density,1.0
artificial_graph_sbmv5_comuAndEmb_0_40_pos_0_60_7,0.3999999999999999,7,GT_pos,0.13013596833701846,0.602486348321134,0.03753476360191448,0.6346694016729714,GT_pos_dist,1.0
artificial_graph_sbmv5_comuAndEmb_0_40_pos_0_60_7,0.3999999999999999,7,GT_pos + Inferred_Commu normal,0.12931339314316756,0.6163123039386547,0.03147049755313814,0.5980904683254302,louvain_density,0.5756794
artificial_graph_sbmv5_comuAndEmb_0_40_pos_0_60_7,0.3999999999999999,7,GT_pos + Inferred_Commu spatial manuel iter,0.17972620246647836,0.6556407575229464,0.032755730647750184,0.6387454046566146,GT_pos_dist,0.54207736
artificial_graph_sbmv5_comuAndEmb_0_40_pos_0_60_7,0.3999999999999999,7,GT_pos + Inferred_Commu spatial manuel iter old,0.12390180842300406,0.5771348902056466,0.03612112959978673,0.6433716500612713,GT_pos_dist,0.5705087
artificial_graph_sbmv5_comuAndEmb_0_40_pos_0_60_7,0.3999999999999999,7,GT_pos + Inferred_Commu spatial manuel iter bined,0.10247704119301776,0.6049262228418728,0.03534505777359732,0.6490862592572859,GT_pos_dist,0.5043673
artificial_graph_sbmv5_comuAndEmb_0_40_pos_0_60_7,0.3999999999999999,7,GT_pos + Inferred_Commu spatial manuel iter 0_20,0.12171640467717956,0.6209945393284535,0.025708847708142184,0.5687404763173317,GT_pos_dist,0.51133436
artificial_graph_sbmv5_comuAndEmb_0_40_pos_0_60_7,0.3999999999999999,7,GT_pos + Inferred_Commu spatial manuel iter 0_50,0.16776553168572605,0.6336005576856047,0.03091508851938452,0.6175708615269859,GT_pos_dist,0.53003305
artificial_graph_sbmv5_comuAndEmb_0_40_pos_0_60_7,0.3999999999999999,7,GT_pos + Inferred_Commu spatial manuel iter 0_80,0.13551005264205734,0.5790170791216451,0.036800664284043494,0.6290541584527678,spatial_louvain_manualiter_0_80_density,0.5126497
artificial_graph_sbmv5_comuAndEmb_0_40_pos_0_60_7,0.3999999999999999,7,SiNEcustom_spatial,0.14951163142449125,0.6574880910886488,0.028901534855185814,0.5889634503702913,SiNEcustom_spatial_dist,1.0
artificial_graph_sbmv5_comuAndEmb_0_40_pos_0_60_7,0.3999999999999999,7,SiNEcustom_spatial_bined,0.08669668962907051,0.5392471244336006,0.029710825403561222,0.6125474186158026,SiNEcustom_spatial_bined_dist,1.0
artificial_graph_sbmv5_comuAndEmb_0_40_pos_0_60_7,0.3999999999999999,7,SiNE_spatial,0.11317512916301357,0.6290809805971883,0.02439045031992093,0.5676006979594012,SiNE_spatial_dist,1.0
artificial_graph_sbmv5_comuAndEmb_0_40_pos_0_60_7,0.3999999999999999,7,SiNE_spatial_bined,0.09433186993592413,0.5830254444057162,0.0325851459680948,0.6201662315520273,SiNE_spatial_bined_dist,1.0
artificial_graph_sbmv5_comuAndEmb_0_40_pos_0_60_7,0.3999999999999999,7,deepwalk,0.152459523839858,0.6510166143836411,0.03833146069182509,0.6246611433747136,deepwalk_dist,1.0
artificial_graph_sbmv5_comuAndEmb_0_40_pos_0_60_7,0.3999999999999999,7,GT_pos + SiNEcustom_spatial,0.17245805877288725,0.7037527593818984,0.036425453710401505,0.6529408865682774,SiNEcustom_spatial_dist,0.5068409
artificial_graph_sbmv5_comuAndEmb_0_40_pos_0_60_7,0.3999999999999999,7,GT_pos + SiNEcustom_spatial_bined,0.12994775834491945,0.6526780527477634,0.04064808396836161,0.6672369332409824,GT_pos_dist,0.5105013
artificial_graph_sbmv5_comuAndEmb_0_40_pos_0_60_7,0.3999999999999999,7,GT_pos + SiNE_spatial,0.14497246579384374,0.6323457650749389,0.0354448771430981,0.6416411369811924,GT_pos_dist,0.53447723
artificial_graph_sbmv5_comuAndEmb_0_40_pos_0_60_7,0.3999999999999999,7,GT_pos + SiNE_spatial_bined,0.09289664355720205,0.5848146857209249,0.03940622618885061,0.6611196654057222,GT_pos_dist,0.5285473
artificial_graph_sbmv5_comuAndEmb_0_40_pos_0_60_7,0.3999999999999999,7,GT_pos + deepwalk,0.12587189540021249,0.6697339374927385,0.04237959342663934,0.6672990036762747,deepwalk_dist,0.5038046
artificial_graph_sbmv5_comuAndEmb_0_30_pos_0_70_7,0.29999999999999993,7,Inferred_Commu_normal,0.1183772872537956,0.644121121257553,0.035033734763279964,0.6504391404958678,louvain_density,1.0
artificial_graph_sbmv5_comuAndEmb_0_30_pos_0_70_7,0.29999999999999993,7,Inferred_Commu_spatial_manuel_iter,0.06936165737916923,0.4638703375584935,0.020947121340715483,0.5212637355371901,spatial_louvain_density,1.0
artificial_graph_sbmv5_comuAndEmb_0_30_pos_0_70_7,0.29999999999999993,7,Inferred_Commu_spatial_manuel_iter_old,0.09297580610834055,0.5266457680250785,0.020792798087182623,0.5068616198347107,spatial_louvain_old_density,1.0
artificial_graph_sbmv5_comuAndEmb_0_30_pos_0_70_7,0.29999999999999993,7,Inferred_Commu_spatial_manuel_iter_bined,0.08522301483468887,0.5393893962109855,0.018912266971722942,0.48832383471074386,spatial_louvain_bined_density,1.0
artificial_graph_sbmv5_comuAndEmb_0_30_pos_0_70_7,0.29999999999999993,7,Inferred_Commu_spatial_manuel_iter_0_20,0.11882606671129524,0.6513561401117623,0.02694946716631557,0.5307898181818181,spatial_louvain_manualiter_0_20_density,1.0
artificial_graph_sbmv5_comuAndEmb_0_30_pos_0_70_7,0.29999999999999993,7,Inferred_Commu_spatial_manuel_iter_0_50,0.07898721553921982,0.5548702921266639,0.023771954031433718,0.5629741487603306,spatial_louvain_manualiter_0_50_density,1.0
artificial_graph_sbmv5_comuAndEmb_0_30_pos_0_70_7,0.29999999999999993,7,Inferred_Commu_spatial_manuel_iter_0_80,0.06864730692684412,0.5005792558266321,0.01861310790644613,0.4730484628099173,spatial_louvain_manualiter_0_80_density,1.0
artificial_graph_sbmv5_comuAndEmb_0_30_pos_0_70_7,0.29999999999999993,7,GT_pos,0.1277893849411406,0.6312639134977966,0.041390406217704,0.673936132231405,GT_pos_dist,1.0
artificial_graph_sbmv5_comuAndEmb_0_30_pos_0_70_7,0.29999999999999993,7,GT_pos + Inferred_Commu normal,0.13029628122600023,0.6330698287220027,0.04542959923999107,0.6869857851239669,louvain_density,0.6818621
artificial_graph_sbmv5_comuAndEmb_0_30_pos_0_70_7,0.29999999999999993,7,GT_pos + Inferred_Commu spatial manuel iter,0.1175589412846873,0.6043001226659398,0.0316340613917009,0.6426254545454546,GT_pos_dist,0.59353286
artificial_graph_sbmv5_comuAndEmb_0_30_pos_0_70_7,0.29999999999999993,7,GT_pos + Inferred_Commu spatial manuel iter old,0.10381994554090082,0.5983485529962291,0.037992398049107354,0.6552563305785124,GT_pos_dist,0.60951054
artificial_graph_sbmv5_comuAndEmb_0_30_pos_0_70_7,0.29999999999999993,7,GT_pos + Inferred_Commu spatial manuel iter bined,0.14934780195355624,0.6429512516469038,0.0370042350316363,0.6284977190082645,GT_pos_dist,0.6473213
artificial_graph_sbmv5_comuAndEmb_0_30_pos_0_70_7,0.29999999999999993,7,GT_pos + Inferred_Commu spatial manuel iter 0_20,0.13021799145285262,0.6525487256371814,0.047292900569117106,0.6739497520661157,GT_pos_dist,0.536022
artificial_graph_sbmv5_comuAndEmb_0_30_pos_0_70_7,0.29999999999999993,7,GT_pos + Inferred_Commu spatial manuel iter 0_50,0.11569691394516532,0.62146199627459,0.03167158455850062,0.6099475041322314,GT_pos_dist,0.62645805
artificial_graph_sbmv5_comuAndEmb_0_30_pos_0_70_7,0.29999999999999993,7,GT_pos + Inferred_Commu spatial manuel iter 0_80,0.11716161683006521,0.6298100949525237,0.039813913250620295,0.63177626446281,GT_pos_dist,0.5975066
artificial_graph_sbmv5_comuAndEmb_0_30_pos_0_70_7,0.29999999999999993,7,SiNEcustom_spatial,0.10712964704178168,0.6318431693244286,0.02942507231816458,0.6049518016528925,SiNEcustom_spatial_dist,1.0
artificial_graph_sbmv5_comuAndEmb_0_30_pos_0_70_7,0.29999999999999993,7,SiNEcustom_spatial_bined,0.12133002692912309,0.6220753259733769,0.02621041739215063,0.5922615537190082,SiNEcustom_spatial_bined_dist,1.0
artificial_graph_sbmv5_comuAndEmb_0_30_pos_0_70_7,0.29999999999999993,7,SiNE_spatial,0.1327530142725492,0.669631093544137,0.030503879986715454,0.6356197024793389,SiNE_spatial_dist,1.0
artificial_graph_sbmv5_comuAndEmb_0_30_pos_0_70_7,0.29999999999999993,7,SiNE_spatial_bined,0.13042603243191103,0.6366021534687202,0.031614698877462384,0.6159062479338844,SiNE_spatial_bined_dist,1.0
artificial_graph_sbmv5_comuAndEmb_0_30_pos_0_70_7,0.29999999999999993,7,deepwalk,0.18145009768068115,0.6585798010085866,0.05644521401255426,0.7167607272727272,deepwalk_dist,1.0
artificial_graph_sbmv5_comuAndEmb_0_30_pos_0_70_7,0.29999999999999993,7,GT_pos + SiNEcustom_spatial,0.15722671358826718,0.6672799963654535,0.04164643717965379,0.6825726942148761,GT_pos_dist,0.59446955
artificial_graph_sbmv5_comuAndEmb_0_30_pos_0_70_7,0.29999999999999993,7,GT_pos + SiNEcustom_spatial_bined,0.13591993263540156,0.6713802189814184,0.040902462738654236,0.6780009256198347,GT_pos_dist,0.6200463
artificial_graph_sbmv5_comuAndEmb_0_30_pos_0_70_7,0.29999999999999993,7,GT_pos + SiNE_spatial,0.1434365518067491,0.6501749125437281,0.049701163648961544,0.710214347107438,GT_pos_dist,0.5887553
artificial_graph_sbmv5_comuAndEmb_0_30_pos_0_70_7,0.29999999999999993,7,GT_pos + SiNE_spatial_bined,0.14781900186309435,0.6396801599200399,0.05217581771690037,0.7072526280991736,GT_pos_dist,0.58959174
artificial_graph_sbmv5_comuAndEmb_0_30_pos_0_70_7,0.29999999999999993,7,GT_pos + deepwalk,0.20669090509671836,0.6855322338830585,0.06086500494641881,0.7354442314049587,GT_pos_dist,0.5577888
artificial_graph_sbmv5_comuAndEmb_0_20_pos_0_80_7,0.19999999999999996,7,Inferred_Commu_normal,0.13438652685470026,0.7109190307328606,0.0371673266502223,0.6872526492214532,louvain_density,1.0
artificial_graph_sbmv5_comuAndEmb_0_20_pos_0_80_7,0.19999999999999996,7,Inferred_Commu_spatial_manuel_iter,0.07799209593993282,0.5586460795902286,0.022113371275439074,0.5299452584342561,spatial_louvain_density,1.0
artificial_graph_sbmv5_comuAndEmb_0_20_pos_0_80_7,0.19999999999999996,7,Inferred_Commu_spatial_manuel_iter_old,0.09432748916964606,0.5770168439716311,0.024131111433866023,0.5545366565743943,spatial_louvain_old_density,1.0
artificial_graph_sbmv5_comuAndEmb_0_20_pos_0_80_7,0.19999999999999996,7,Inferred_Commu_spatial_manuel_iter_bined,0.06587917745893583,0.48861061859732063,0.019647033157324908,0.5012863592128027,spatial_louvain_bined_density,1.0
artificial_graph_sbmv5_comuAndEmb_0_20_pos_0_80_7,0.19999999999999996,7,Inferred_Commu_spatial_manuel_iter_0_20,0.18270448146081564,0.7632239952718677,0.04107316908978009,0.6763819204152249,spatial_louvain_manualiter_0_20_density,1.0
artificial_graph_sbmv5_comuAndEmb_0_20_pos_0_80_7,0.19999999999999996,7,Inferred_Commu_spatial_manuel_iter_0_50,0.13458992057194197,0.6164671985815602,0.03737730441956581,0.6464881596020762,spatial_louvain_manualiter_0_50_density,1.0
artificial_graph_sbmv5_comuAndEmb_0_20_pos_0_80_7,0.19999999999999996,7,Inferred_Commu_spatial_manuel_iter_0_80,0.09756524600877546,0.5900807722616234,0.01933411896249001,0.4866882028546713,spatial_louvain_manualiter_0_80_density,1.0
artificial_graph_sbmv5_comuAndEmb_0_20_pos_0_80_7,0.19999999999999996,7,GT_pos,0.15338156123813454,0.7022754137115839,0.04794301805722624,0.7140120836937718,GT_pos_dist,1.0
artificial_graph_sbmv5_comuAndEmb_0_20_pos_0_80_7,0.19999999999999996,7,GT_pos + Inferred_Commu normal,0.15773612559018518,0.7295606776989756,0.04275641593188459,0.6897503514273357,louvain_density,0.7342017
artificial_graph_sbmv5_comuAndEmb_0_20_pos_0_80_7,0.19999999999999996,7,GT_pos + Inferred_Commu spatial manuel iter,0.15337723565398015,0.6958234830575256,0.049239818960512494,0.7044678579152249,GT_pos_dist,0.62085694
artificial_graph_sbmv5_comuAndEmb_0_20_pos_0_80_7,0.19999999999999996,7,GT_pos + Inferred_Commu spatial manuel iter old,0.1857189435789764,0.7340794917257683,0.044842290630620014,0.7039885650951557,GT_pos_dist,0.6186186
artificial_graph_sbmv5_comuAndEmb_0_20_pos_0_80_7,0.19999999999999996,7,GT_pos + Inferred_Commu spatial manuel iter bined,0.13926659365423286,0.7002930457052798,0.044171131625645066,0.6977742484861591,GT_pos_dist,0.64689034
artificial_graph_sbmv5_comuAndEmb_0_20_pos_0_80_7,0.19999999999999996,7,GT_pos + Inferred_Commu spatial manuel iter 0_20,0.1907669879079306,0.7643937155240347,0.04690382140404167,0.7141135921280276,spatial_louvain_manualiter_0_20_density,0.7120449
artificial_graph_sbmv5_comuAndEmb_0_20_pos_0_80_7,0.19999999999999996,7,GT_pos + Inferred_Commu spatial manuel iter 0_50,0.1814232510723527,0.7110298463356974,0.04439910235926615,0.6976411115916954,GT_pos_dist,0.55642796
artificial_graph_sbmv5_comuAndEmb_0_20_pos_0_80_7,0.19999999999999996,7,GT_pos + Inferred_Commu spatial manuel iter 0_80,0.13480434699643606,0.6877093183609142,0.03455293363176162,0.6382727346453287,GT_pos_dist,0.6214329
artificial_graph_sbmv5_comuAndEmb_0_20_pos_0_80_7,0.19999999999999996,7,SiNEcustom_spatial,0.12076526644053115,0.629186367218282,0.03735118082809708,0.6531620350346021,SiNEcustom_spatial_dist,1.0
artificial_graph_sbmv5_comuAndEmb_0_20_pos_0_80_7,0.19999999999999996,7,SiNEcustom_spatial_bined,0.1232448125974929,0.6625295508274232,0.035821522853132996,0.6321823637543253,SiNEcustom_spatial_bined_dist,1.0
artificial_graph_sbmv5_comuAndEmb_0_20_pos_0_80_7,0.19999999999999996,7,SiNE_spatial,0.1856492134843144,0.6765785066981875,0.034886567953377634,0.6626319204152251,SiNE_spatial_dist,1.0
artificial_graph_sbmv5_comuAndEmb_0_20_pos_0_80_7,0.19999999999999996,7,SiNE_spatial_bined,0.12711856914472633,0.6740666863672183,0.03136736335170957,0.6540879108996539,SiNE_spatial_bined_dist,1.0
artificial_graph_sbmv5_comuAndEmb_0_20_pos_0_80_7,0.19999999999999996,7,deepwalk,0.25096375424952067,0.7907555161544523,0.07807415445342618,0.7526148897058823,deepwalk_dist,1.0
artificial_graph_sbmv5_comuAndEmb_0_20_pos_0_80_7,0.19999999999999996,7,GT_pos + SiNEcustom_spatial,0.1742540686833062,0.7320601851851852,0.050629557077268544,0.7344562337802767,GT_pos_dist,0.5785545
artificial_graph_sbmv5_comuAndEmb_0_20_pos_0_80_7,0.19999999999999996,7,GT_pos + SiNEcustom_spatial_bined,0.209725867052092,0.777309889676911,0.05454546298358867,0.7245208423442906,GT_pos_dist,0.5947092
artificial_graph_sbmv5_comuAndEmb_0_20_pos_0_80_7,0.19999999999999996,7,GT_pos + SiNE_spatial,0.17514859830245158,0.7249187352245863,0.05267193756782681,0.7312183715397924,GT_pos_dist,0.5811377
artificial_graph_sbmv5_comuAndEmb_0_20_pos_0_80_7,0.19999999999999996,7,GT_pos + SiNE_spatial_bined,0.1536678594972028,0.7550852048857368,0.0611302996921794,0.7431217560553633,GT_pos_dist,0.56878155
artificial_graph_sbmv5_comuAndEmb_0_20_pos_0_80_7,0.19999999999999996,7,GT_pos + deepwalk,0.2932061011707679,0.8151842001576044,0.08038314731262673,0.779774410683391,deepwalk_dist,0.5207282
artificial_graph_sbmv5_comuAndEmb_0_10_pos_0_90_7,0.09999999999999998,7,Inferred_Commu_normal,0.15554298608685685,0.70679012345679,0.03670097486892114,0.6492962962962963,louvain_density,1.0
artificial_graph_sbmv5_comuAndEmb_0_10_pos_0_90_7,0.09999999999999998,7,Inferred_Commu_spatial_manuel_iter,0.06528892199658809,0.4863156329019784,0.020152348083398428,0.5136692729766804,spatial_louvain_density,1.0
artificial_graph_sbmv5_comuAndEmb_0_10_pos_0_90_7,0.09999999999999998,7,Inferred_Commu_spatial_manuel_iter_old,0.0776453949668138,0.5657816450989143,0.021296906586455475,0.5325860082304527,spatial_louvain_old_density,1.0
artificial_graph_sbmv5_comuAndEmb_0_10_pos_0_90_7,0.09999999999999998,7,Inferred_Commu_spatial_manuel_iter_bined,0.09742346725300291,0.6024220338142694,0.023342528482832622,0.5656031550068588,spatial_louvain_bined_density,1.0
artificial_graph_sbmv5_comuAndEmb_0_10_pos_0_90_7,0.09999999999999998,7,Inferred_Commu_spatial_manuel_iter_0_20,0.14739079569078173,0.720412514254549,0.0453820396319978,0.7163296296296296,spatial_louvain_manualiter_0_20_density,1.0
artificial_graph_sbmv5_comuAndEmb_0_10_pos_0_90_7,0.09999999999999998,7,Inferred_Commu_spatial_manuel_iter_0_50,0.12116912176697567,0.6561059051018892,0.03706469823295636,0.670738134430727,spatial_louvain_manualiter_0_50_density,1.0
artificial_graph_sbmv5_comuAndEmb_0_10_pos_0_90_7,0.09999999999999998,7,Inferred_Commu_spatial_manuel_iter_0_80,0.07027839030064349,0.4665327978580991,0.02046262738832325,0.5237231824417009,spatial_louvain_manualiter_0_80_density,1.0
artificial_graph_sbmv5_comuAndEmb_0_10_pos_0_90_7,0.09999999999999998,7,GT_pos,0.1800147113207372,0.7427859586494125,0.05524229205290178,0.7147455418381344,GT_pos_dist,1.0
artificial_graph_sbmv5_comuAndEmb_0_10_pos_0_90_7,0.09999999999999998,7,GT_pos + Inferred_Commu normal,0.2136548921522445,0.7468268134265457,0.05709792237932444,0.7237729766803841,louvain_density,0.7219631
artificial_graph_sbmv5_comuAndEmb_0_10_pos_0_90_7,0.09999999999999998,7,GT_pos + Inferred_Commu spatial manuel iter,0.14035872424733997,0.7046333482076454,0.04795222377175601,0.7051534979423868,GT_pos_dist,0.64447224
artificial_graph_sbmv5_comuAndEmb_0_10_pos_0_90_7,0.09999999999999998,7,GT_pos + Inferred_Commu spatial manuel iter old,0.17078690943740046,0.7055505974515346,0.052528698249655746,0.7215491083676269,GT_pos_dist,0.68328834
artificial_graph_sbmv5_comuAndEmb_0_10_pos_0_90_7,0.09999999999999998,7,GT_pos + Inferred_Commu spatial manuel iter bined,0.1644277783846027,0.7308245326986961,0.05311236318969178,0.7130235939643347,GT_pos_dist,0.64546424
artificial_graph_sbmv5_comuAndEmb_0_10_pos_0_90_7,0.09999999999999998,7,GT_pos + Inferred_Commu spatial manuel iter 0_20,0.20349297361670077,0.7359933561406118,0.048025390480498045,0.7157157750342937,GT_pos_dist,0.5524075
artificial_graph_sbmv5_comuAndEmb_0_10_pos_0_90_7,0.09999999999999998,7,GT_pos + Inferred_Commu spatial manuel iter 0_50,0.16463881830935054,0.7342208339530963,0.04528004146525965,0.6866091906721536,GT_pos_dist,0.6061897
artificial_graph_sbmv5_comuAndEmb_0_10_pos_0_90_7,0.09999999999999998,7,GT_pos + Inferred_Commu spatial manuel iter 0_80,0.19064585017206376,0.7442362040755616,0.0488581983711056,0.6774141289437585,GT_pos_dist,0.6517541
artificial_graph_sbmv5_comuAndEmb_0_10_pos_0_90_7,0.09999999999999998,7,SiNEcustom_spatial,0.12401215902799816,0.6763845505478705,0.03014196948732758,0.6248547325102881,SiNEcustom_spatial_dist,1.0
artificial_graph_sbmv5_comuAndEmb_0_10_pos_0_90_7,0.09999999999999998,7,SiNEcustom_spatial_bined,0.09725846709243634,0.6135901631216223,0.03136373974138638,0.63109670781893,SiNEcustom_spatial_bined_dist,1.0
artificial_graph_sbmv5_comuAndEmb_0_10_pos_0_90_7,0.09999999999999998,7,SiNE_spatial,0.14589733174305802,0.7269943973424563,0.035248109295558355,0.6719540466392318,SiNE_spatial_dist,1.0
artificial_graph_sbmv5_comuAndEmb_0_10_pos_0_90_7,0.09999999999999998,7,SiNE_spatial_bined,0.15047742191384672,0.7001338688085675,0.042429263120006395,0.6807296296296296,SiNE_spatial_bined_dist,1.0
artificial_graph_sbmv5_comuAndEmb_0_10_pos_0_90_7,0.09999999999999998,7,deepwalk,0.25131985969410686,0.7963210868164016,0.06397332339982262,0.7516956104252401,deepwalk_dist,1.0
artificial_graph_sbmv5_comuAndEmb_0_10_pos_0_90_7,0.09999999999999998,7,GT_pos + SiNEcustom_spatial,0.18387600698444456,0.7244285785115772,0.053933102988432194,0.7143503429355281,GT_pos_dist,0.6100097
artificial_graph_sbmv5_comuAndEmb_0_10_pos_0_90_7,0.09999999999999998,7,GT_pos + SiNEcustom_spatial_bined,0.16324294836635683,0.7327581932668947,0.05705747595835774,0.7251197530864197,GT_pos_dist,0.61688244
artificial_graph_sbmv5_comuAndEmb_0_10_pos_0_90_7,0.09999999999999998,7,GT_pos + SiNE_spatial,0.2324797421570895,0.7965937825375576,0.059669767666886774,0.7364901234567901,GT_pos_dist,0.5776687
artificial_graph_sbmv5_comuAndEmb_0_10_pos_0_90_7,0.09999999999999998,7,GT_pos + SiNE_spatial_bined,0.1994344670265787,0.7867271555357231,0.06636967069209782,0.7593131687242798,GT_pos_dist,0.59559643
artificial_graph_sbmv5_comuAndEmb_0_10_pos_0_90_7,0.09999999999999998,7,GT_pos + deepwalk,0.21751432695871514,0.8139967276513461,0.06933391425933097,0.7740898491083676,deepwalk_dist,0.55579054
artificial_graph_sbmv5_comuAndEmb_0_00_pos_1_00_7,0.0,7,Inferred_Commu_normal,0.14867636008669985,0.7088618902983741,0.05086354344362294,0.7523803651032233,louvain_density,1.0
artificial_graph_sbmv5_comuAndEmb_0_00_pos_1_00_7,0.0,7,Inferred_Commu_spatial_manuel_iter,0.08571780278077841,0.5518134715025907,0.019393080940624287,0.4986302848113462,spatial_louvain_density,1.0
artificial_graph_sbmv5_comuAndEmb_0_00_pos_1_00_7,0.0,7,Inferred_Commu_spatial_manuel_iter_old,0.10319125990975543,0.6008799356798284,0.021172027692378845,0.5427887617065557,spatial_louvain_old_density,1.0
artificial_graph_sbmv5_comuAndEmb_0_00_pos_1_00_7,0.0,7,Inferred_Commu_spatial_manuel_iter_bined,0.10010168542366896,0.5663190101840273,0.023063573129843487,0.5533536311198468,spatial_louvain_bined_density,1.0
artificial_graph_sbmv5_comuAndEmb_0_00_pos_1_00_7,0.0,7,Inferred_Commu_spatial_manuel_iter_0_20,0.16288862130080267,0.7389449705199214,0.04727890244958595,0.6902476843822664,spatial_louvain_manualiter_0_20_density,1.0
artificial_graph_sbmv5_comuAndEmb_0_00_pos_1_00_7,0.0,7,Inferred_Commu_spatial_manuel_iter_0_50,0.14997444608904642,0.7168460782562087,0.04895891784837354,0.754129443352475,spatial_louvain_manualiter_0_50_density,1.0
artificial_graph_sbmv5_comuAndEmb_0_00_pos_1_00_7,0.0,7,Inferred_Commu_spatial_manuel_iter_0_80,0.1463196706529914,0.6724472931927818,0.021182647532257886,0.5308230880898241,spatial_louvain_manualiter_0_80_density,1.0
artificial_graph_sbmv5_comuAndEmb_0_00_pos_1_00_7,0.0,7,GT_pos,0.18282484281687628,0.7455668215115241,0.07895476686375864,0.7743375598977403,GT_pos_dist,1.0
artificial_graph_sbmv5_comuAndEmb_0_00_pos_1_00_7,0.0,7,GT_pos + Inferred_Commu normal,0.21797824331720692,0.771294890119707,0.08039224164185163,0.783284901273108,louvain_density,0.7492885
artificial_graph_sbmv5_comuAndEmb_0_00_pos_1_00_7,0.0,7,GT_pos + Inferred_Commu spatial manuel iter,0.19411527912273985,0.7600500268000715,0.06763094131703938,0.7482215028070041,GT_pos_dist,0.7031506
artificial_graph_sbmv5_comuAndEmb_0_00_pos_1_00_7,0.0,7,GT_pos + Inferred_Commu spatial manuel iter old,0.18533620387010583,0.7516750044666786,0.07028011394811694,0.7665764828303849,GT_pos_dist,0.6597304
artificial_graph_sbmv5_comuAndEmb_0_00_pos_1_00_7,0.0,7,GT_pos + Inferred_Commu spatial manuel iter bined,0.1775073247661812,0.7410554761479364,0.05562701222315786,0.7480462738145707,GT_pos_dist,0.6508084
artificial_graph_sbmv5_comuAndEmb_0_00_pos_1_00_7,0.0,7,GT_pos + Inferred_Commu spatial manuel iter 0_20,0.2375207379249982,0.793550116133643,0.07801661094127875,0.7777256201744582,GT_pos_dist,0.5715885
artificial_graph_sbmv5_comuAndEmb_0_00_pos_1_00_7,0.0,7,GT_pos + Inferred_Commu spatial manuel iter 0_50,0.21872280182466028,0.7827072538860103,0.07289050744679514,0.7864720391567426,GT_pos_dist,0.5409018
artificial_graph_sbmv5_comuAndEmb_0_00_pos_1_00_7,0.0,7,GT_pos + Inferred_Commu spatial manuel iter 0_80,0.23258211927869962,0.7662028765410042,0.06267840839974725,0.7568013000860729,GT_pos_dist,0.6439275
artificial_graph_sbmv5_comuAndEmb_0_00_pos_1_00_7,0.0,7,SiNEcustom_spatial,0.18983038791460538,0.7510831695551188,0.05143848986757099,0.7465040274405519,SiNEcustom_spatial_dist,1.0
artificial_graph_sbmv5_comuAndEmb_0_00_pos_1_00_7,0.0,7,SiNEcustom_spatial_bined,0.16090918237084195,0.7353269608718956,0.0507389603424597,0.7558990763222466,SiNEcustom_spatial_bined_dist,1.0
artificial_graph_sbmv5_comuAndEmb_0_00_pos_1_00_7,0.0,7,SiNE_spatial,0.17441912044990004,0.7208214221904592,0.05103082170814885,0.7574630336198147,SiNE_spatial_dist,1.0
artificial_graph_sbmv5_comuAndEmb_0_00_pos_1_00_7,0.0,7,SiNE_spatial_bined,0.16293733602040453,0.7273651063069503,0.05448035247419779,0.7617740008478822,SiNE_spatial_bined_dist,1.0
artificial_graph_sbmv5_comuAndEmb_0_00_pos_1_00_7,0.0,7,deepwalk,0.17188450444490389,0.7301567804180812,0.12054622463513283,0.8241189090582085,deepwalk_dist,1.0
artificial_graph_sbmv5_comuAndEmb_0_00_pos_1_00_7,0.0,7,GT_pos + SiNEcustom_spatial,0.19903403559392316,0.8068608182955155,0.07448646351529156,0.8069112678408551,GT_pos_dist,0.5613861
artificial_graph_sbmv5_comuAndEmb_0_00_pos_1_00_7,0.0,7,GT_pos + SiNEcustom_spatial_bined,0.21645093862297374,0.7979051277470073,0.0780353148641862,0.8167491424827533,GT_pos_dist,0.6041191
artificial_graph_sbmv5_comuAndEmb_0_00_pos_1_00_7,0.0,7,GT_pos + SiNE_spatial,0.20476741343097815,0.8050518134715026,0.09434805021788778,0.8125597050397606,SiNE_spatial_dist,0.548237
artificial_graph_sbmv5_comuAndEmb_0_00_pos_1_00_7,0.0,7,GT_pos + SiNE_spatial_bined,0.19176150436729583,0.7952921207789887,0.09803569232360491,0.8126813632918384,SiNE_spatial_bined_dist,0.55657905
artificial_graph_sbmv5_comuAndEmb_0_00_pos_1_00_7,0.0,7,GT_pos + deepwalk,0.2502195370974231,0.7777939074504199,0.12252489750871771,0.8348137870787888,deepwalk_dist,0.6006128
artificial_graph_sbmv5_comuAndEmb_1_00_pos_0_00_8,1.0,8,Inferred_Commu_normal,0.18230354380669506,0.8121197998430142,0.05069638042370464,0.7718560606060606,louvain_density,1.0
artificial_graph_sbmv5_comuAndEmb_1_00_pos_0_00_8,1.0,8,Inferred_Commu_spatial_manuel_iter,0.19799769652683888,0.8177492150706437,0.054831155577195284,0.7645833333333334,spatial_louvain_density,1.0
artificial_graph_sbmv5_comuAndEmb_1_00_pos_0_00_8,1.0,8,Inferred_Commu_spatial_manuel_iter_old,0.18533337271526806,0.8069073783359498,0.05278254552484172,0.800873507805326,spatial_louvain_old_density,1.0
artificial_graph_sbmv5_comuAndEmb_1_00_pos_0_00_8,1.0,8,Inferred_Commu_spatial_manuel_iter_bined,0.19212748458961187,0.808109301412873,0.05219532310809715,0.7542626549586777,spatial_louvain_bined_density,1.0
artificial_graph_sbmv5_comuAndEmb_1_00_pos_0_00_8,1.0,8,Inferred_Commu_spatial_manuel_iter_0_20,0.177491095019307,0.7568926609105181,0.0533684397799612,0.7683647555096418,spatial_louvain_manualiter_0_20_density,1.0
artificial_graph_sbmv5_comuAndEmb_1_00_pos_0_00_8,1.0,8,Inferred_Commu_spatial_manuel_iter_0_50,0.15265344548963963,0.779115973312402,0.05475135198179808,0.7756640266299357,spatial_louvain_manualiter_0_50_density,1.0
artificial_graph_sbmv5_comuAndEmb_1_00_pos_0_00_8,1.0,8,Inferred_Commu_spatial_manuel_iter_0_80,0.17515922405373757,0.7578002354788068,0.05122474883247376,0.7545437327823692,spatial_louvain_manualiter_0_80_density,1.0
artificial_graph_sbmv5_comuAndEmb_1_00_pos_0_00_8,1.0,8,GT_pos,0.08751069066505296,0.5629660518053375,0.02069784758282097,0.5236254591368228,GT_pos_dist,1.0
artificial_graph_sbmv5_comuAndEmb_1_00_pos_0_00_8,1.0,8,GT_pos + Inferred_Commu normal,0.19172970704796172,0.7761847527472527,0.05234140040083508,0.7598134756657484,louvain_density,0.8151947
artificial_graph_sbmv5_comuAndEmb_1_00_pos_0_00_8,1.0,8,GT_pos + Inferred_Commu spatial manuel iter,0.1911678780889339,0.7806490384615385,0.056009531089355497,0.7381030475206611,spatial_louvain_density,0.7852419
artificial_graph_sbmv5_comuAndEmb_1_00_pos_0_00_8,1.0,8,GT_pos + Inferred_Commu spatial manuel iter old,0.1854310246476196,0.778723508634223,0.04999599817322425,0.7737735307621671,spatial_louvain_old_density,0.77496445
artificial_graph_sbmv5_comuAndEmb_1_00_pos_0_00_8,1.0,8,GT_pos + Inferred_Commu spatial manuel iter bined,0.16980942069797314,0.7685562205651492,0.04088977895026279,0.686862804178145,spatial_louvain_bined_density,0.75939006
artificial_graph_sbmv5_comuAndEmb_1_00_pos_0_00_8,1.0,8,GT_pos + Inferred_Commu spatial manuel iter 0_20,0.19414720868135288,0.7572605965463108,0.05543754262026954,0.7389231806703398,spatial_louvain_manualiter_0_20_density,0.7600498
artificial_graph_sbmv5_comuAndEmb_1_00_pos_0_00_8,1.0,8,GT_pos + Inferred_Commu spatial manuel iter 0_50,0.19046281593587003,0.7749215070643642,0.05543545731628833,0.745837924701561,spatial_louvain_manualiter_0_50_density,0.809565
artificial_graph_sbmv5_comuAndEmb_1_00_pos_0_00_8,1.0,8,GT_pos + Inferred_Commu spatial manuel iter 0_80,0.20701099137212203,0.7777300824175823,0.05042627020550227,0.7233181244260789,spatial_louvain_manualiter_0_80_density,0.8014642
artificial_graph_sbmv5_comuAndEmb_1_00_pos_0_00_8,1.0,8,SiNEcustom_spatial,0.4178955440605961,0.8503605769230769,0.15721009181530154,0.8526231060606061,SiNEcustom_spatial_dist,1.0
artificial_graph_sbmv5_comuAndEmb_1_00_pos_0_00_8,1.0,8,SiNEcustom_spatial_bined,0.4396611108505286,0.859767464678179,0.1374428792146575,0.8428770661157025,SiNEcustom_spatial_bined_dist,1.0
artificial_graph_sbmv5_comuAndEmb_1_00_pos_0_00_8,1.0,8,SiNE_spatial,0.2205995460350872,0.7962863029827315,0.057370571199759086,0.7864303546831957,SiNE_spatial_dist,1.0
artificial_graph_sbmv5_comuAndEmb_1_00_pos_0_00_8,1.0,8,SiNE_spatial_bined,0.22255537035022818,0.7832613814756673,0.08327257532616375,0.8116089876033057,SiNE_spatial_bined_dist,1.0
artificial_graph_sbmv5_comuAndEmb_1_00_pos_0_00_8,1.0,8,deepwalk,0.3632508584414915,0.8220417974882261,0.150549845598922,0.8474296946740129,deepwalk_dist,1.0
artificial_graph_sbmv5_comuAndEmb_1_00_pos_0_00_8,1.0,8,GT_pos + SiNEcustom_spatial,0.3945190083301609,0.8449519230769231,0.14028441830255847,0.8398654155188245,SiNEcustom_spatial_dist,0.69805133
artificial_graph_sbmv5_comuAndEmb_1_00_pos_0_00_8,1.0,8,GT_pos + SiNEcustom_spatial_bined,0.37391623135629803,0.8301854395604396,0.12138667964609065,0.8139056760789716,SiNEcustom_spatial_bined_dist,0.68888783
artificial_graph_sbmv5_comuAndEmb_1_00_pos_0_00_8,1.0,8,GT_pos + SiNE_spatial,0.2359022750879878,0.7970467032967034,0.05211656060528154,0.7734155475206612,SiNE_spatial_dist,0.67496294
artificial_graph_sbmv5_comuAndEmb_1_00_pos_0_00_8,1.0,8,GT_pos + SiNE_spatial_bined,0.2607826923715743,0.782034929356358,0.059438986569304644,0.780146349862259,SiNE_spatial_bined_dist,0.6506802
artificial_graph_sbmv5_comuAndEmb_1_00_pos_0_00_8,1.0,8,GT_pos + deepwalk,0.3930659845437763,0.8031544348508635,0.1263143635025736,0.8168242079889807,deepwalk_dist,0.70201206
artificial_graph_sbmv5_comuAndEmb_0_90_pos_0_10_8,0.9,8,Inferred_Commu_normal,0.13721855294393095,0.6977308294209702,0.04025984535114732,0.7196480079322155,louvain_density,1.0
artificial_graph_sbmv5_comuAndEmb_0_90_pos_0_10_8,0.9,8,Inferred_Commu_spatial_manuel_iter,0.14269681216518115,0.6654407929055817,0.04740826049255788,0.7402529896039901,spatial_louvain_density,1.0
artificial_graph_sbmv5_comuAndEmb_0_90_pos_0_10_8,0.9,8,Inferred_Commu_spatial_manuel_iter_old,0.12353682887807556,0.6711789254042775,0.04296628420773764,0.746041854455862,spatial_louvain_old_density,1.0
artificial_graph_sbmv5_comuAndEmb_0_90_pos_0_10_8,0.9,8,Inferred_Commu_spatial_manuel_iter_bined,0.1454278932080857,0.706338028169014,0.04262543835452869,0.6598333934258759,spatial_louvain_bined_density,1.0
artificial_graph_sbmv5_comuAndEmb_0_90_pos_0_10_8,0.9,8,Inferred_Commu_spatial_manuel_iter_0_20,0.12314644509844873,0.6660015649452269,0.04469574117886603,0.714158554173427,spatial_louvain_manualiter_0_20_density,1.0
artificial_graph_sbmv5_comuAndEmb_0_90_pos_0_10_8,0.9,8,Inferred_Commu_spatial_manuel_iter_0_50,0.1376119544586983,0.7090766823161189,0.0448106303220437,0.7131701820804037,spatial_louvain_manualiter_0_50_density,1.0
artificial_graph_sbmv5_comuAndEmb_0_90_pos_0_10_8,0.9,8,Inferred_Commu_spatial_manuel_iter_0_80,0.13326717738928648,0.6809859154929577,0.04170722738873747,0.7212634457063878,spatial_louvain_manualiter_0_80_density,1.0
artificial_graph_sbmv5_comuAndEmb_0_90_pos_0_10_8,0.9,8,GT_pos,0.1126993842143708,0.5144757433489828,0.019907704355313395,0.505513641007151,GT_pos_dist,1.0
artificial_graph_sbmv5_comuAndEmb_0_90_pos_0_10_8,0.9,8,GT_pos + Inferred_Commu normal,0.1578262058822738,0.6634976525821596,0.042251623770985444,0.6853820383390422,louvain_density,0.7455132
artificial_graph_sbmv5_comuAndEmb_0_90_pos_0_10_8,0.9,8,GT_pos + Inferred_Commu spatial manuel iter,0.168244400693769,0.6487350026082419,0.03880354674575128,0.6722366444324259,spatial_louvain_density,0.7201374
artificial_graph_sbmv5_comuAndEmb_0_90_pos_0_10_8,0.9,8,GT_pos + Inferred_Commu spatial manuel iter old,0.13714118765824018,0.6142801251956181,0.042655303977413635,0.7178229974160207,spatial_louvain_old_density,0.6736301
artificial_graph_sbmv5_comuAndEmb_0_90_pos_0_10_8,0.9,8,GT_pos + Inferred_Commu spatial manuel iter bined,0.14541357243259828,0.6449921752738654,0.0380360371500612,0.6416178414758729,spatial_louvain_bined_density,0.68326306
artificial_graph_sbmv5_comuAndEmb_0_90_pos_0_10_8,0.9,8,GT_pos + Inferred_Commu spatial manuel iter 0_20,0.13957509304558902,0.6339723526343245,0.040801322443362945,0.6784783065921519,spatial_louvain_manualiter_0_20_density,0.7777988
artificial_graph_sbmv5_comuAndEmb_0_90_pos_0_10_8,0.9,8,GT_pos + Inferred_Commu spatial manuel iter 0_50,0.1505625675806126,0.6465832029212311,0.04080118590552258,0.6814779760831681,spatial_louvain_manualiter_0_50_density,0.7299794
artificial_graph_sbmv5_comuAndEmb_0_90_pos_0_10_8,0.9,8,GT_pos + Inferred_Commu spatial manuel iter 0_80,0.1410047641976853,0.6742044861763171,0.04306332857400451,0.6924944414398173,spatial_louvain_manualiter_0_80_density,0.7233487
artificial_graph_sbmv5_comuAndEmb_0_90_pos_0_10_8,0.9,8,SiNEcustom_spatial,0.21269939263129328,0.7699660928534169,0.10485074610466945,0.792537407607716,SiNEcustom_spatial_dist,1.0
artificial_graph_sbmv5_comuAndEmb_0_90_pos_0_10_8,0.9,8,SiNEcustom_spatial_bined,0.26522831742623426,0.7284559207094418,0.11896228212345551,0.7797743525028544,SiNEcustom_spatial_bined_dist,1.0
artificial_graph_sbmv5_comuAndEmb_0_90_pos_0_10_8,0.9,8,SiNE_spatial,0.15219316948991868,0.7002608242044862,0.061969860597268764,0.716664713659035,SiNE_spatial_dist,1.0
artificial_graph_sbmv5_comuAndEmb_0_90_pos_0_10_8,0.9,8,SiNE_spatial_bined,0.1751310514078125,0.7492305685967657,0.05679464905699402,0.7448195721410973,SiNE_spatial_bined_dist,1.0
artificial_graph_sbmv5_comuAndEmb_0_90_pos_0_10_8,0.9,8,deepwalk,0.24945167692159229,0.6994392279603547,0.0991410436193211,0.7646380926627006,deepwalk_dist,1.0
artificial_graph_sbmv5_comuAndEmb_0_90_pos_0_10_8,0.9,8,GT_pos + SiNEcustom_spatial,0.22332448221460055,0.7472874282733438,0.07127221749604427,0.7803127816837931,SiNEcustom_spatial_dist,0.64719313
artificial_graph_sbmv5_comuAndEmb_0_90_pos_0_10_8,0.9,8,GT_pos + SiNEcustom_spatial_bined,0.2590453075581987,0.7033776734480961,0.08526790565726658,0.7596541674178234,SiNEcustom_spatial_bined_dist,0.62448716
artificial_graph_sbmv5_comuAndEmb_0_90_pos_0_10_8,0.9,8,GT_pos + SiNE_spatial,0.15045564083982235,0.6671491914449661,0.05669082450151322,0.6902214410191696,SiNE_spatial_dist,0.61055285
artificial_graph_sbmv5_comuAndEmb_0_90_pos_0_10_8,0.9,8,GT_pos + SiNE_spatial_bined,0.1434315989242015,0.6921231090245175,0.04501134685269958,0.7264435731025779,SiNE_spatial_bined_dist,0.6097294
artificial_graph_sbmv5_comuAndEmb_0_90_pos_0_10_8,0.9,8,GT_pos + deepwalk,0.22485335387279515,0.7132368283776733,0.08905106571967383,0.7484183642809927,deepwalk_dist,0.65014875
artificial_graph_sbmv5_comuAndEmb_0_80_pos_0_20_8,0.8,8,Inferred_Commu_normal,0.11096258011713382,0.6472743870631193,0.043720631113194616,0.7131720389407864,louvain_density,1.0
artificial_graph_sbmv5_comuAndEmb_0_80_pos_0_20_8,0.8,8,Inferred_Commu_spatial_manuel_iter,0.12769584163260447,0.6418753260302557,0.04091985463647884,0.6774752078002695,spatial_louvain_density,1.0
artificial_graph_sbmv5_comuAndEmb_0_80_pos_0_20_8,0.8,8,Inferred_Commu_spatial_manuel_iter_old,0.12461448780324533,0.6770474700052165,0.04289329814983245,0.7060991082378234,spatial_louvain_old_density,1.0
artificial_graph_sbmv5_comuAndEmb_0_80_pos_0_20_8,0.8,8,Inferred_Commu_spatial_manuel_iter_bined,0.11001683178435952,0.6645409494001043,0.04502501597718318,0.7002065133461521,spatial_louvain_bined_density,1.0
artificial_graph_sbmv5_comuAndEmb_0_80_pos_0_20_8,0.8,8,Inferred_Commu_spatial_manuel_iter_0_20,0.1230664293757792,0.6740219092331768,0.046734333948118316,0.7092410180320672,spatial_louvain_manualiter_0_20_density,1.0
artificial_graph_sbmv5_comuAndEmb_0_80_pos_0_20_8,0.8,8,Inferred_Commu_spatial_manuel_iter_0_50,0.13697700946685534,0.6761997913406365,0.03926697813452608,0.6954458053869097,spatial_louvain_manualiter_0_50_density,1.0
artificial_graph_sbmv5_comuAndEmb_0_80_pos_0_20_8,0.8,8,Inferred_Commu_spatial_manuel_iter_0_80,0.12012656621297318,0.6823422013562859,0.042572053467017826,0.7063168253872125,spatial_louvain_manualiter_0_80_density,1.0
artificial_graph_sbmv5_comuAndEmb_0_80_pos_0_20_8,0.8,8,GT_pos,0.10030574469849192,0.5912493479394888,0.01962411152246732,0.510973671062393,GT_pos_dist,1.0
artificial_graph_sbmv5_comuAndEmb_0_80_pos_0_20_8,0.8,8,GT_pos + Inferred_Commu normal,0.12547878467029877,0.6847809076682316,0.040250303099893456,0.6688794682735545,louvain_density,0.7537711
artificial_graph_sbmv5_comuAndEmb_0_80_pos_0_20_8,0.8,8,GT_pos + Inferred_Commu spatial manuel iter,0.12637774633100074,0.6830203442879499,0.0373232205046794,0.6597326227497766,spatial_louvain_density,0.7460304
artificial_graph_sbmv5_comuAndEmb_0_80_pos_0_20_8,0.8,8,GT_pos + Inferred_Commu spatial manuel iter old,0.12467212219859117,0.6756390193009911,0.04019958416156144,0.6514580084482733,spatial_louvain_old_density,0.68566895
artificial_graph_sbmv5_comuAndEmb_0_80_pos_0_20_8,0.8,8,GT_pos + Inferred_Commu spatial manuel iter bined,0.13359937262396343,0.6505998956703182,0.038418871968309454,0.6550683583400203,spatial_louvain_bined_density,0.6516151
artificial_graph_sbmv5_comuAndEmb_0_80_pos_0_20_8,0.8,8,GT_pos + Inferred_Commu spatial manuel iter 0_20,0.12628301858372276,0.6615805946791863,0.039049991015310384,0.6283796878075368,spatial_louvain_manualiter_0_20_density,0.6720244
artificial_graph_sbmv5_comuAndEmb_0_80_pos_0_20_8,0.8,8,GT_pos + Inferred_Commu spatial manuel iter 0_50,0.14640331391484207,0.6854329681794471,0.034290151470180705,0.6538644037002832,spatial_louvain_manualiter_0_50_density,0.69479144
artificial_graph_sbmv5_comuAndEmb_0_80_pos_0_20_8,0.8,8,GT_pos + Inferred_Commu spatial manuel iter 0_80,0.12226272632220114,0.6752477829942619,0.031215109368268133,0.652994292116459,spatial_louvain_manualiter_0_80_density,0.67202425
artificial_graph_sbmv5_comuAndEmb_0_80_pos_0_20_8,0.8,8,SiNEcustom_spatial,0.16981590365259433,0.6801773604590506,0.08052026833354452,0.7623113143272419,SiNEcustom_spatial_dist,1.0
artificial_graph_sbmv5_comuAndEmb_0_80_pos_0_20_8,0.8,8,SiNEcustom_spatial_bined,0.1877391865613739,0.6502347417840375,0.09202896475848216,0.7506015231116293,SiNEcustom_spatial_bined_dist,1.0
artificial_graph_sbmv5_comuAndEmb_0_80_pos_0_20_8,0.8,8,SiNE_spatial,0.12084009861007086,0.6168753260302555,0.03619454268193345,0.6760611061484656,SiNE_spatial_dist,1.0
artificial_graph_sbmv5_comuAndEmb_0_80_pos_0_20_8,0.8,8,SiNE_spatial_bined,0.12392840523022342,0.6640323422013563,0.041556903835877734,0.6729895986313191,SiNE_spatial_bined_dist,1.0
artificial_graph_sbmv5_comuAndEmb_0_80_pos_0_20_8,0.8,8,deepwalk,0.23154739624402315,0.7072900365153887,0.07142123666002721,0.733261215158443,deepwalk_dist,1.0
artificial_graph_sbmv5_comuAndEmb_0_80_pos_0_20_8,0.8,8,GT_pos + SiNEcustom_spatial,0.17529631520456235,0.7323422013562859,0.06134752177899241,0.7400814546775879,SiNEcustom_spatial_dist,0.6323002
artificial_graph_sbmv5_comuAndEmb_0_80_pos_0_20_8,0.8,8,GT_pos + SiNEcustom_spatial_bined,0.18405161134642553,0.6812336984872196,0.07193597856671882,0.7327609804841861,SiNEcustom_spatial_bined_dist,0.6417696
artificial_graph_sbmv5_comuAndEmb_0_80_pos_0_20_8,0.8,8,GT_pos + SiNE_spatial,0.11153722314118836,0.6477960354720917,0.03268631493990219,0.6786843101333858,SiNE_spatial_dist,0.5418434
artificial_graph_sbmv5_comuAndEmb_0_80_pos_0_20_8,0.8,8,GT_pos + SiNE_spatial_bined,0.18425334143036645,0.6711006781429317,0.035350999849782114,0.6513464246241427,SiNE_spatial_bined_dist,0.5408022
artificial_graph_sbmv5_comuAndEmb_0_80_pos_0_20_8,0.8,8,GT_pos + deepwalk,0.1837439499748543,0.6957224830464267,0.059921479580938325,0.7115670184257142,deepwalk_dist,0.6093822
artificial_graph_sbmv5_comuAndEmb_0_70_pos_0_30_8,0.7,8,Inferred_Commu_normal,0.1081408766227693,0.6279109589041096,0.03475568541209539,0.6804528301886793,louvain_density,1.0
artificial_graph_sbmv5_comuAndEmb_0_70_pos_0_30_8,0.7,8,Inferred_Commu_spatial_manuel_iter,0.09852005964963918,0.6300513698630137,0.04213880500032894,0.6474538981844072,spatial_louvain_density,1.0
artificial_graph_sbmv5_comuAndEmb_0_70_pos_0_30_8,0.7,8,Inferred_Commu_spatial_manuel_iter_old,0.11060980556725127,0.6439456947162425,0.03995413836221348,0.6793856888572445,spatial_louvain_old_density,1.0
artificial_graph_sbmv5_comuAndEmb_0_70_pos_0_30_8,0.7,8,Inferred_Commu_spatial_manuel_iter_bined,0.13696434487466086,0.6447529354207436,0.045303336493218854,0.7223403346386614,spatial_louvain_bined_density,1.0
artificial_graph_sbmv5_comuAndEmb_0_70_pos_0_30_8,0.7,8,Inferred_Commu_spatial_manuel_iter_0_20,0.11946902415294681,0.6485200587084149,0.03886737618173146,0.6156330366678533,spatial_louvain_manualiter_0_20_density,1.0
artificial_graph_sbmv5_comuAndEmb_0_70_pos_0_30_8,0.7,8,Inferred_Commu_spatial_manuel_iter_0_50,0.09341689459859125,0.5960616438356164,0.03826121720915591,0.6855194019223922,spatial_louvain_manualiter_0_50_density,1.0
artificial_graph_sbmv5_comuAndEmb_0_70_pos_0_30_8,0.7,8,Inferred_Commu_spatial_manuel_iter_0_80,0.10367210471898117,0.5927592954990215,0.030881869369511917,0.5181903880384479,spatial_louvain_manualiter_0_80_density,1.0
artificial_graph_sbmv5_comuAndEmb_0_70_pos_0_30_8,0.7,8,GT_pos,0.1257113807380153,0.6078522504892367,0.027335199245294053,0.5829567817728729,GT_pos_dist,1.0
artificial_graph_sbmv5_comuAndEmb_0_70_pos_0_30_8,0.7,8,GT_pos + Inferred_Commu normal,0.1316188038936022,0.6200464774951077,0.03695295066052864,0.6547045923816305,louvain_density,0.6130379
artificial_graph_sbmv5_comuAndEmb_0_70_pos_0_30_8,0.7,8,GT_pos + Inferred_Commu spatial manuel iter,0.12943296928222928,0.6454500978473582,0.03307709308207308,0.6416441438234248,spatial_louvain_density,0.61519486
artificial_graph_sbmv5_comuAndEmb_0_70_pos_0_30_8,0.7,8,GT_pos + Inferred_Commu spatial manuel iter old,0.16099689545752024,0.6539872798434443,0.03809795486072959,0.65262299750801,spatial_louvain_old_density,0.6122213
artificial_graph_sbmv5_comuAndEmb_0_70_pos_0_30_8,0.7,8,GT_pos + Inferred_Commu spatial manuel iter bined,0.16319638177094595,0.6204256360078277,0.037741151651499286,0.6500723389106443,spatial_louvain_bined_density,0.5581677
artificial_graph_sbmv5_comuAndEmb_0_70_pos_0_30_8,0.7,8,GT_pos + Inferred_Commu spatial manuel iter 0_20,0.11219198942863148,0.6413405088062623,0.03526329470729944,0.5840079743681025,spatial_louvain_manualiter_0_20_density,0.5794368
artificial_graph_sbmv5_comuAndEmb_0_70_pos_0_30_8,0.7,8,GT_pos + Inferred_Commu spatial manuel iter 0_50,0.12859896445466662,0.6342221135029353,0.0357740066035922,0.6629374154503382,spatial_louvain_manualiter_0_50_density,0.6255413
artificial_graph_sbmv5_comuAndEmb_0_70_pos_0_30_8,0.7,8,GT_pos + Inferred_Commu spatial manuel iter 0_80,0.09499559129067636,0.5679549902152641,0.026398210708636686,0.5353404058383767,spatial_louvain_manualiter_0_80_density,0.5722657
artificial_graph_sbmv5_comuAndEmb_0_70_pos_0_30_8,0.7,8,SiNEcustom_spatial,0.1826441738061466,0.7150073385518592,0.06399846790393415,0.7045848344606622,SiNEcustom_spatial_dist,1.0
artificial_graph_sbmv5_comuAndEmb_0_70_pos_0_30_8,0.7,8,SiNEcustom_spatial_bined,0.17107024975238738,0.6347725048923679,0.06592462694709836,0.7023245283018866,SiNEcustom_spatial_bined_dist,1.0
artificial_graph_sbmv5_comuAndEmb_0_70_pos_0_30_8,0.7,8,SiNE_spatial,0.11158236193372727,0.6294275929549902,0.03274578312274087,0.6283050195799217,SiNE_spatial_dist,1.0
artificial_graph_sbmv5_comuAndEmb_0_70_pos_0_30_8,0.7,8,SiNE_spatial_bined,0.1360782897869483,0.6819960861056751,0.032232728477955816,0.6213069419722322,SiNE_spatial_bined_dist,1.0
artificial_graph_sbmv5_comuAndEmb_0_70_pos_0_30_8,0.7,8,deepwalk,0.1680197829467517,0.6940680039138942,0.0474908490732176,0.672790459238163,deepwalk_dist,1.0
artificial_graph_sbmv5_comuAndEmb_0_70_pos_0_30_8,0.7,8,GT_pos + SiNEcustom_spatial,0.13945041877869083,0.6858977495107632,0.060735251195620024,0.7161483802064792,SiNEcustom_spatial_dist,0.5762469
artificial_graph_sbmv5_comuAndEmb_0_70_pos_0_30_8,0.7,8,GT_pos + SiNEcustom_spatial_bined,0.18783088511998852,0.6668909001956946,0.06248396589139313,0.7066632965468138,SiNEcustom_spatial_bined_dist,0.58879286
artificial_graph_sbmv5_comuAndEmb_0_70_pos_0_30_8,0.7,8,GT_pos + SiNE_spatial,0.11665526743871779,0.6257093933463796,0.03366148554962532,0.661418725525098,SiNE_spatial_dist,0.53382236
artificial_graph_sbmv5_comuAndEmb_0_70_pos_0_30_8,0.7,8,GT_pos + SiNE_spatial_bined,0.1421781957843765,0.6773605675146771,0.033222922552464236,0.6434257030971876,SiNE_spatial_bined_dist,0.50973165
artificial_graph_sbmv5_comuAndEmb_0_70_pos_0_30_8,0.7,8,GT_pos + deepwalk,0.20219352209318098,0.7292074363992173,0.04714549218885132,0.6866529013883944,deepwalk_dist,0.57193094
artificial_graph_sbmv5_comuAndEmb_0_60_pos_0_40_8,0.6,8,Inferred_Commu_normal,0.1376439635051541,0.7073680351906159,0.030280259610398347,0.6317270352814363,louvain_density,1.0
artificial_graph_sbmv5_comuAndEmb_0_60_pos_0_40_8,0.6,8,Inferred_Commu_spatial_manuel_iter,0.13194405680404367,0.6914222873900293,0.028817668902928036,0.5879886955680547,spatial_louvain_density,1.0
artificial_graph_sbmv5_comuAndEmb_0_60_pos_0_40_8,0.6,8,Inferred_Commu_spatial_manuel_iter_old,0.1290944317295183,0.6868646138807428,0.03228983553468184,0.6325506833791684,spatial_louvain_old_density,1.0
artificial_graph_sbmv5_comuAndEmb_0_60_pos_0_40_8,0.6,8,Inferred_Commu_spatial_manuel_iter_bined,0.11437323575938455,0.6792888563049855,0.036962025551856105,0.6830512292533271,spatial_louvain_bined_density,1.0
artificial_graph_sbmv5_comuAndEmb_0_60_pos_0_40_8,0.6,8,Inferred_Commu_spatial_manuel_iter_0_20,0.10652909732914029,0.6052785923753665,0.03860266483168372,0.6637683282431143,spatial_louvain_manualiter_0_20_density,1.0
artificial_graph_sbmv5_comuAndEmb_0_60_pos_0_40_8,0.6,8,Inferred_Commu_spatial_manuel_iter_0_50,0.12764858577147356,0.6904814271749755,0.03475114754056017,0.6712658752642998,spatial_louvain_manualiter_0_50_density,1.0
artificial_graph_sbmv5_comuAndEmb_0_60_pos_0_40_8,0.6,8,Inferred_Commu_spatial_manuel_iter_0_80,0.13415308521044944,0.7055596285434996,0.03514429211071584,0.670347010129766,spatial_louvain_manualiter_0_80_density,1.0
artificial_graph_sbmv5_comuAndEmb_0_60_pos_0_40_8,0.6,8,GT_pos,0.07965425449599785,0.5336021505376344,0.026463520194547563,0.5955948646370283,GT_pos_dist,1.0
artificial_graph_sbmv5_comuAndEmb_0_60_pos_0_40_8,0.6,8,GT_pos + Inferred_Commu normal,0.13269748091399744,0.666446725317693,0.03450015509756828,0.6591824325258082,louvain_density,0.6340172
artificial_graph_sbmv5_comuAndEmb_0_60_pos_0_40_8,0.6,8,GT_pos + Inferred_Commu spatial manuel iter,0.09934638802057418,0.620124633431085,0.03003605448473985,0.6305742043365902,spatial_louvain_density,0.54290724
artificial_graph_sbmv5_comuAndEmb_0_60_pos_0_40_8,0.6,8,GT_pos + Inferred_Commu spatial manuel iter old,0.10056856958378736,0.6223240469208211,0.03316394253372112,0.638668758032642,spatial_louvain_old_density,0.5641168
artificial_graph_sbmv5_comuAndEmb_0_60_pos_0_40_8,0.6,8,GT_pos + Inferred_Commu spatial manuel iter bined,0.0883017613569823,0.5892350928641251,0.04270043063637506,0.6716000331670375,spatial_louvain_bined_density,0.5616442
artificial_graph_sbmv5_comuAndEmb_0_60_pos_0_40_8,0.6,8,GT_pos + Inferred_Commu spatial manuel iter 0_20,0.1369183196744554,0.6357649071358749,0.03459923284217458,0.6680710603778277,spatial_louvain_manualiter_0_20_density,0.56701815
artificial_graph_sbmv5_comuAndEmb_0_60_pos_0_40_8,0.6,8,GT_pos + Inferred_Commu spatial manuel iter 0_50,0.12786478927850622,0.6659335288367546,0.03879911328823918,0.6788246431088569,spatial_louvain_manualiter_0_50_density,0.6501926
artificial_graph_sbmv5_comuAndEmb_0_60_pos_0_40_8,0.6,8,GT_pos + Inferred_Commu spatial manuel iter 0_80,0.14401899753931746,0.6434261974584555,0.03588619245872586,0.6757090145243985,spatial_louvain_manualiter_0_80_density,0.59797984
artificial_graph_sbmv5_comuAndEmb_0_60_pos_0_40_8,0.6,8,SiNEcustom_spatial,0.17112657161313874,0.689247311827957,0.057442822692694476,0.7000554165918105,SiNEcustom_spatial_dist,1.0
artificial_graph_sbmv5_comuAndEmb_0_60_pos_0_40_8,0.6,8,SiNEcustom_spatial_bined,0.1625521572703106,0.656891495601173,0.04797763030523379,0.6634636060861513,SiNEcustom_spatial_bined_dist,1.0
artificial_graph_sbmv5_comuAndEmb_0_60_pos_0_40_8,0.6,8,SiNE_spatial,0.12824984224677383,0.6647849462365591,0.0329978626805434,0.6256320393582178,SiNE_spatial_dist,1.0
artificial_graph_sbmv5_comuAndEmb_0_60_pos_0_40_8,0.6,8,SiNE_spatial_bined,0.11013427080629061,0.6217986314760509,0.036372812436107724,0.6043632619781373,SiNE_spatial_bined_dist,1.0
artificial_graph_sbmv5_comuAndEmb_0_60_pos_0_40_8,0.6,8,deepwalk,0.19667180135607779,0.67591642228739,0.04545212781295129,0.6906583656942276,deepwalk_dist,1.0
artificial_graph_sbmv5_comuAndEmb_0_60_pos_0_40_8,0.6,8,GT_pos + SiNEcustom_spatial,0.1669548687429527,0.6951246334310851,0.05085129824030036,0.6956690758834179,SiNEcustom_spatial_dist,0.5686501
artificial_graph_sbmv5_comuAndEmb_0_60_pos_0_40_8,0.6,8,GT_pos + SiNEcustom_spatial_bined,0.14628086000745877,0.6493279569892473,0.04761150880538516,0.6879857934522741,SiNEcustom_spatial_bined_dist,0.5561278
artificial_graph_sbmv5_comuAndEmb_0_60_pos_0_40_8,0.6,8,GT_pos + SiNE_spatial,0.13176786321154402,0.6399560117302053,0.03776086404710872,0.6443020411547656,SiNE_spatial_dist,0.52895904
artificial_graph_sbmv5_comuAndEmb_0_60_pos_0_40_8,0.6,8,GT_pos + SiNE_spatial_bined,0.11626465523969733,0.5912267839687195,0.03561723311901094,0.6310618979837206,SiNE_spatial_bined_dist,0.53452164
artificial_graph_sbmv5_comuAndEmb_0_60_pos_0_40_8,0.6,8,GT_pos + deepwalk,0.1428756802035754,0.6423509286412512,0.042951869512381315,0.6707077016624978,deepwalk_dist,0.5458459
artificial_graph_sbmv5_comuAndEmb_0_50_pos_0_50_8,0.5,8,Inferred_Commu_normal,0.0917724102786579,0.5501382958074534,0.029341658580562438,0.6124975802718512,louvain_density,1.0
artificial_graph_sbmv5_comuAndEmb_0_50_pos_0_50_8,0.5,8,Inferred_Commu_spatial_manuel_iter,0.07418252022186825,0.5229643827639752,0.0291927629159899,0.6202997657422604,spatial_louvain_density,1.0
artificial_graph_sbmv5_comuAndEmb_0_50_pos_0_50_8,0.5,8,Inferred_Commu_spatial_manuel_iter_old,0.09310785731530655,0.6048500582298136,0.03002358486438898,0.6150685238956922,spatial_louvain_old_density,1.0
artificial_graph_sbmv5_comuAndEmb_0_50_pos_0_50_8,0.5,8,Inferred_Commu_spatial_manuel_iter_bined,0.081708782799226,0.54981075310559,0.02351691998390712,0.5845702703081821,spatial_louvain_bined_density,1.0
artificial_graph_sbmv5_comuAndEmb_0_50_pos_0_50_8,0.5,8,Inferred_Commu_spatial_manuel_iter_0_20,0.08205897105164045,0.5421438276397516,0.02222925980619566,0.5146960961719199,spatial_louvain_manualiter_0_20_density,1.0
artificial_graph_sbmv5_comuAndEmb_0_50_pos_0_50_8,0.5,8,Inferred_Commu_spatial_manuel_iter_0_50,0.08164796327900624,0.5565678377329192,0.03251002765303433,0.6339940243235282,spatial_louvain_manualiter_0_50_density,1.0
artificial_graph_sbmv5_comuAndEmb_0_50_pos_0_50_8,0.5,8,Inferred_Commu_spatial_manuel_iter_0_80,0.08613059644803413,0.5691236413043479,0.03268761294289707,0.6377962939583948,spatial_louvain_manualiter_0_80_density,1.0
artificial_graph_sbmv5_comuAndEmb_0_50_pos_0_50_8,0.5,8,GT_pos,0.20130806656619604,0.6503299689440993,0.031094885149279237,0.5971492095554713,GT_pos_dist,1.0
artificial_graph_sbmv5_comuAndEmb_0_50_pos_0_50_8,0.5,8,GT_pos + Inferred_Commu normal,0.15395183612782773,0.6585306677018634,0.039145031708230006,0.6229104069351513,louvain_density,0.5817386
artificial_graph_sbmv5_comuAndEmb_0_50_pos_0_50_8,0.5,8,GT_pos + Inferred_Commu spatial manuel iter,0.12752970150785503,0.6441309200310559,0.032851418111040746,0.6407480817517428,spatial_louvain_density,0.57674366
artificial_graph_sbmv5_comuAndEmb_0_50_pos_0_50_8,0.5,8,GT_pos + Inferred_Commu spatial manuel iter old,0.13903506803031265,0.6526591614906833,0.03793446048896196,0.648183169914012,spatial_louvain_old_density,0.56786597
artificial_graph_sbmv5_comuAndEmb_0_50_pos_0_50_8,0.5,8,GT_pos + Inferred_Commu spatial manuel iter bined,0.10871863298180276,0.6299495341614907,0.033329144230408975,0.6290980375654027,spatial_louvain_bined_density,0.5626169
artificial_graph_sbmv5_comuAndEmb_0_50_pos_0_50_8,0.5,8,GT_pos + Inferred_Commu spatial manuel iter 0_20,0.16493183015606958,0.6638077445652174,0.03387036231680675,0.620900699967737,GT_pos_dist,0.5065219
artificial_graph_sbmv5_comuAndEmb_0_50_pos_0_50_8,0.5,8,GT_pos + Inferred_Commu spatial manuel iter 0_50,0.13294168162592712,0.6806943905279503,0.036749109568198664,0.6569683962462651,spatial_louvain_manualiter_0_50_density,0.54538405
artificial_graph_sbmv5_comuAndEmb_0_50_pos_0_50_8,0.5,8,GT_pos + Inferred_Commu spatial manuel iter 0_80,0.12667152909299262,0.6930924883540373,0.03054394228600483,0.6129520683415394,spatial_louvain_manualiter_0_80_density,0.50736576
artificial_graph_sbmv5_comuAndEmb_0_50_pos_0_50_8,0.5,8,SiNEcustom_spatial,0.09917033728847441,0.5725082492236024,0.0370491250609897,0.6311012919244203,SiNEcustom_spatial_dist,1.0
artificial_graph_sbmv5_comuAndEmb_0_50_pos_0_50_8,0.5,8,SiNEcustom_spatial_bined,0.09128492579338608,0.5817158385093169,0.03697194396021002,0.6521407229726887,SiNEcustom_spatial_bined_dist,1.0
artificial_graph_sbmv5_comuAndEmb_0_50_pos_0_50_8,0.5,8,SiNE_spatial,0.09260179064497523,0.5793259899068324,0.030199766951802286,0.6172144370099174,SiNE_spatial_dist,1.0
artificial_graph_sbmv5_comuAndEmb_0_50_pos_0_50_8,0.5,8,SiNE_spatial_bined,0.11093614500026572,0.6497961956521738,0.02780111176355765,0.6026750270027633,SiNE_spatial_bined_dist,1.0
artificial_graph_sbmv5_comuAndEmb_0_50_pos_0_50_8,0.5,8,deepwalk,0.11260733478851552,0.6307138004658385,0.040135845449473115,0.6385094474603374,deepwalk_dist,1.0
artificial_graph_sbmv5_comuAndEmb_0_50_pos_0_50_8,0.5,8,GT_pos + SiNEcustom_spatial,0.13260775828978397,0.649031929347826,0.044439509085454465,0.664270083743635,SiNEcustom_spatial_dist,0.53642386
artificial_graph_sbmv5_comuAndEmb_0_50_pos_0_50_8,0.5,8,GT_pos + SiNEcustom_spatial_bined,0.1449663201133045,0.6923160908385093,0.0486658797709024,0.6877544922779111,SiNEcustom_spatial_bined_dist,0.5215747
artificial_graph_sbmv5_comuAndEmb_0_50_pos_0_50_8,0.5,8,GT_pos + SiNE_spatial,0.13071629642737975,0.617672748447205,0.03139312917446811,0.6294017309823394,SiNE_spatial_dist,0.51520336
artificial_graph_sbmv5_comuAndEmb_0_50_pos_0_50_8,0.5,8,GT_pos + SiNE_spatial_bined,0.15582134265949701,0.6827324340062111,0.032466592786350966,0.6368240542019106,SiNE_spatial_bined_dist,0.50636256
artificial_graph_sbmv5_comuAndEmb_0_50_pos_0_50_8,0.5,8,GT_pos + deepwalk,0.11287024349095752,0.6458656832298136,0.03972208112370284,0.6460529674984921,deepwalk_dist,0.5372444
artificial_graph_sbmv5_comuAndEmb_0_40_pos_0_60_8,0.3999999999999999,8,Inferred_Commu_normal,0.17451434949210964,0.7330278592375368,0.03235116900739205,0.6426957891681984,louvain_density,1.0
artificial_graph_sbmv5_comuAndEmb_0_40_pos_0_60_8,0.3999999999999999,8,Inferred_Commu_spatial_manuel_iter,0.09740962666751099,0.5727639296187683,0.023045152480593953,0.5330275977391136,spatial_louvain_density,1.0
artificial_graph_sbmv5_comuAndEmb_0_40_pos_0_60_8,0.3999999999999999,8,Inferred_Commu_spatial_manuel_iter_old,0.0816689201104553,0.5227639296187683,0.019163434591464742,0.489072843106093,spatial_louvain_old_density,1.0
artificial_graph_sbmv5_comuAndEmb_0_40_pos_0_60_8,0.3999999999999999,8,Inferred_Commu_spatial_manuel_iter_bined,0.09283951534086088,0.5746578690127077,0.021265291120635875,0.5283583698401073,spatial_louvain_bined_density,1.0
artificial_graph_sbmv5_comuAndEmb_0_40_pos_0_60_8,0.3999999999999999,8,Inferred_Commu_spatial_manuel_iter_0_20,0.14629032555237428,0.6662390029325512,0.029185613788609843,0.6020179378394439,spatial_louvain_manualiter_0_20_density,1.0
artificial_graph_sbmv5_comuAndEmb_0_40_pos_0_60_8,0.3999999999999999,8,Inferred_Commu_spatial_manuel_iter_0_50,0.09524698705424098,0.5438905180840664,0.022828202254192697,0.5338815107585577,spatial_louvain_manualiter_0_50_density,1.0
artificial_graph_sbmv5_comuAndEmb_0_40_pos_0_60_8,0.3999999999999999,8,Inferred_Commu_spatial_manuel_iter_0_80,0.11008512668551634,0.6385019550342131,0.02251665944074295,0.5396904409834027,spatial_louvain_manualiter_0_80_density,1.0
artificial_graph_sbmv5_comuAndEmb_0_40_pos_0_60_8,0.3999999999999999,8,GT_pos,0.11885204780366793,0.663966275659824,0.029983806564525466,0.6096080761736294,GT_pos_dist,1.0
artificial_graph_sbmv5_comuAndEmb_0_40_pos_0_60_8,0.3999999999999999,8,GT_pos + Inferred_Commu normal,0.1731276870225282,0.7070381231671554,0.028126562233140032,0.5972559804314479,GT_pos_dist,0.519864
artificial_graph_sbmv5_comuAndEmb_0_40_pos_0_60_8,0.3999999999999999,8,GT_pos + Inferred_Commu spatial manuel iter,0.11419593128213107,0.6459677419354838,0.02844303453596862,0.6024151131134174,GT_pos_dist,0.6087907
artificial_graph_sbmv5_comuAndEmb_0_40_pos_0_60_8,0.3999999999999999,8,GT_pos + Inferred_Commu spatial manuel iter old,0.13795308297527362,0.6275415444770284,0.03308828232056734,0.6018686861707274,GT_pos_dist,0.5876872
artificial_graph_sbmv5_comuAndEmb_0_40_pos_0_60_8,0.3999999999999999,8,GT_pos + Inferred_Commu spatial manuel iter bined,0.13030651584119302,0.6795210166177907,0.029190306050139517,0.6097179419853236,GT_pos_dist,0.5761798
artificial_graph_sbmv5_comuAndEmb_0_40_pos_0_60_8,0.3999999999999999,8,GT_pos + Inferred_Commu spatial manuel iter 0_20,0.1940456605236372,0.7026759530791788,0.03330147836801936,0.6219383369494617,GT_pos_dist,0.5384787
artificial_graph_sbmv5_comuAndEmb_0_40_pos_0_60_8,0.3999999999999999,8,GT_pos + Inferred_Commu spatial manuel iter 0_50,0.13377363945442164,0.6702834799608994,0.030469481297972476,0.6050546565138679,GT_pos_dist,0.6180652
artificial_graph_sbmv5_comuAndEmb_0_40_pos_0_60_8,0.3999999999999999,8,GT_pos + Inferred_Commu spatial manuel iter 0_80,0.11699036183395134,0.660007331378299,0.03059407000103488,0.6060145658572988,GT_pos_dist,0.5894893
artificial_graph_sbmv5_comuAndEmb_0_40_pos_0_60_8,0.3999999999999999,8,SiNEcustom_spatial,0.13505530427617374,0.610386119257087,0.038144463921808584,0.6233931261314797,SiNEcustom_spatial_dist,1.0
artificial_graph_sbmv5_comuAndEmb_0_40_pos_0_60_8,0.3999999999999999,8,SiNEcustom_spatial_bined,0.14777942977354758,0.6193548387096774,0.03315520364517174,0.6067192272080264,SiNEcustom_spatial_bined_dist,1.0
artificial_graph_sbmv5_comuAndEmb_0_40_pos_0_60_8,0.3999999999999999,8,SiNE_spatial,0.09542602067652409,0.597519550342131,0.028167619095115216,0.6131754674479346,SiNE_spatial_dist,1.0
artificial_graph_sbmv5_comuAndEmb_0_40_pos_0_60_8,0.3999999999999999,8,SiNE_spatial_bined,0.10343710575241298,0.6307551319648094,0.02771401096155116,0.6026691173422147,SiNE_spatial_bined_dist,1.0
artificial_graph_sbmv5_comuAndEmb_0_40_pos_0_60_8,0.3999999999999999,8,deepwalk,0.1561775400314286,0.685557184750733,0.041118424190119754,0.6788416412155719,deepwalk_dist,1.0
artificial_graph_sbmv5_comuAndEmb_0_40_pos_0_60_8,0.3999999999999999,8,GT_pos + SiNEcustom_spatial,0.14611801312649297,0.6611803519061584,0.04284802925428324,0.6661871726482498,GT_pos_dist,0.5522044
artificial_graph_sbmv5_comuAndEmb_0_40_pos_0_60_8,0.3999999999999999,8,GT_pos + SiNEcustom_spatial_bined,0.17213735063345864,0.7198558162267839,0.037625297336170205,0.6448586946006827,GT_pos_dist,0.52509266
artificial_graph_sbmv5_comuAndEmb_0_40_pos_0_60_8,0.3999999999999999,8,GT_pos + SiNE_spatial,0.12530551384701108,0.6849462365591398,0.036181997714786446,0.6558578516051465,GT_pos_dist,0.5684364
artificial_graph_sbmv5_comuAndEmb_0_40_pos_0_60_8,0.3999999999999999,8,GT_pos + SiNE_spatial_bined,0.14017570856740072,0.6762585532746823,0.03522970196154598,0.6482891336493415,GT_pos_dist,0.5820738
artificial_graph_sbmv5_comuAndEmb_0_40_pos_0_60_8,0.3999999999999999,8,GT_pos + deepwalk,0.21946263696888021,0.7518084066471163,0.04608286732876217,0.6811229806111028,GT_pos_dist,0.5301773
artificial_graph_sbmv5_comuAndEmb_0_30_pos_0_70_8,0.29999999999999993,8,Inferred_Commu_normal,0.12141760393987233,0.6172906403940887,0.03964389804481998,0.6861426361520334,louvain_density,1.0
artificial_graph_sbmv5_comuAndEmb_0_30_pos_0_70_8,0.29999999999999993,8,Inferred_Commu_spatial_manuel_iter,0.07411869378116664,0.5187192118226601,0.020051778056341528,0.5100471309401611,spatial_louvain_density,1.0
artificial_graph_sbmv5_comuAndEmb_0_30_pos_0_70_8,0.29999999999999993,8,Inferred_Commu_spatial_manuel_iter_old,0.08277009844229682,0.5623768472906403,0.02315897249586575,0.5487718486605271,spatial_louvain_old_density,1.0
artificial_graph_sbmv5_comuAndEmb_0_30_pos_0_70_8,0.29999999999999993,8,Inferred_Commu_spatial_manuel_iter_bined,0.09176897099869967,0.567795566502463,0.019864899652928963,0.5100026023218494,spatial_louvain_bined_density,1.0
artificial_graph_sbmv5_comuAndEmb_0_30_pos_0_70_8,0.29999999999999993,8,Inferred_Commu_spatial_manuel_iter_0_20,0.10994641827339155,0.5706034482758621,0.03602606589922098,0.6481370267027136,spatial_louvain_manualiter_0_20_density,1.0
artificial_graph_sbmv5_comuAndEmb_0_30_pos_0_70_8,0.29999999999999993,8,Inferred_Commu_spatial_manuel_iter_0_50,0.0791550847999988,0.5263177339901479,0.034283586933092546,0.6106009917737715,spatial_louvain_manualiter_0_50_density,1.0
artificial_graph_sbmv5_comuAndEmb_0_30_pos_0_70_8,0.29999999999999993,8,Inferred_Commu_spatial_manuel_iter_0_80,0.09319144372606009,0.524371921182266,0.02384481814883974,0.5102211973571976,spatial_louvain_manualiter_0_80_density,1.0
artificial_graph_sbmv5_comuAndEmb_0_30_pos_0_70_8,0.29999999999999993,8,GT_pos,0.12284078450622654,0.6292118226600985,0.04087115966784014,0.6776654281542308,GT_pos_dist,1.0
artificial_graph_sbmv5_comuAndEmb_0_30_pos_0_70_8,0.29999999999999993,8,GT_pos + Inferred_Commu normal,0.12012931450660116,0.63371921182266,0.04061673939575668,0.6778121701918489,louvain_density,0.6449115
artificial_graph_sbmv5_comuAndEmb_0_30_pos_0_70_8,0.29999999999999993,8,GT_pos + Inferred_Commu spatial manuel iter,0.13416818251794818,0.6282266009852215,0.032633785692899764,0.6285304110222787,GT_pos_dist,0.55592394
artificial_graph_sbmv5_comuAndEmb_0_30_pos_0_70_8,0.29999999999999993,8,GT_pos + Inferred_Commu spatial manuel iter old,0.0959970380866624,0.5738793103448276,0.0400262072634526,0.6801555610172187,GT_pos_dist,0.55705905
artificial_graph_sbmv5_comuAndEmb_0_30_pos_0_70_8,0.29999999999999993,8,GT_pos + Inferred_Commu spatial manuel iter bined,0.13556758332981172,0.608756157635468,0.04197343862256338,0.6646535297604419,GT_pos_dist,0.6048037
artificial_graph_sbmv5_comuAndEmb_0_30_pos_0_70_8,0.29999999999999993,8,GT_pos + Inferred_Commu spatial manuel iter 0_20,0.14647905538223857,0.6293842364532019,0.038826734509294344,0.677885758070812,spatial_louvain_manualiter_0_20_density,0.5013576
artificial_graph_sbmv5_comuAndEmb_0_30_pos_0_70_8,0.29999999999999993,8,GT_pos + Inferred_Commu spatial manuel iter 0_50,0.09257171680309881,0.605935960591133,0.036042362687361204,0.6507490349723142,GT_pos_dist,0.5434102
artificial_graph_sbmv5_comuAndEmb_0_30_pos_0_70_8,0.29999999999999993,8,GT_pos + Inferred_Commu spatial manuel iter 0_80,0.15666890782550946,0.6091625615763546,0.03551004718852595,0.6558579710563981,GT_pos_dist,0.56133515
artificial_graph_sbmv5_comuAndEmb_0_30_pos_0_70_8,0.29999999999999993,8,SiNEcustom_spatial,0.09138038495046097,0.5606773399014778,0.02769771731663547,0.596211453107606,SiNEcustom_spatial_dist,1.0
artificial_graph_sbmv5_comuAndEmb_0_30_pos_0_70_8,0.29999999999999993,8,SiNEcustom_spatial_bined,0.1105716128749844,0.5839655172413794,0.03215024568083991,0.5850629617314115,SiNEcustom_spatial_bined_dist,1.0
artificial_graph_sbmv5_comuAndEmb_0_30_pos_0_70_8,0.29999999999999993,8,SiNE_spatial,0.1083527036764114,0.5829556650246306,0.03328376672248576,0.6462111639607339,SiNE_spatial_dist,1.0
artificial_graph_sbmv5_comuAndEmb_0_30_pos_0_70_8,0.29999999999999993,8,SiNE_spatial_bined,0.09173344290830278,0.5601724137931033,0.02959507080219781,0.6140308519712587,SiNE_spatial_bined_dist,1.0
artificial_graph_sbmv5_comuAndEmb_0_30_pos_0_70_8,0.29999999999999993,8,deepwalk,0.1752594668938289,0.6633251231527094,0.053490176415490295,0.7181548092353511,deepwalk_dist,1.0
artificial_graph_sbmv5_comuAndEmb_0_30_pos_0_70_8,0.29999999999999993,8,GT_pos + SiNEcustom_spatial,0.1448121222453364,0.6584605911330049,0.04011509661044929,0.6560216281860372,GT_pos_dist,0.56339455
artificial_graph_sbmv5_comuAndEmb_0_30_pos_0_70_8,0.29999999999999993,8,GT_pos + SiNEcustom_spatial_bined,0.15317679546957685,0.6573029556650246,0.0410339027244678,0.6889236507684078,GT_pos_dist,0.54540604
artificial_graph_sbmv5_comuAndEmb_0_30_pos_0_70_8,0.29999999999999993,8,GT_pos + SiNE_spatial,0.15787215296175808,0.6286330049261084,0.04811462055150641,0.7021612282959129,GT_pos_dist,0.53936994
artificial_graph_sbmv5_comuAndEmb_0_30_pos_0_70_8,0.29999999999999993,8,GT_pos + SiNE_spatial_bined,0.12950668760776302,0.6259852216748768,0.04525702387843383,0.6915223582818892,GT_pos_dist,0.5353624
artificial_graph_sbmv5_comuAndEmb_0_30_pos_0_70_8,0.29999999999999993,8,GT_pos + deepwalk,0.2014327636916673,0.7063423645320197,0.05390795548085126,0.7246637944744033,GT_pos_dist,0.50940734
artificial_graph_sbmv5_comuAndEmb_0_20_pos_0_80_8,0.19999999999999996,8,Inferred_Commu_normal,0.1464559343187743,0.7007351513975156,0.045567671490018,0.709918921572753,louvain_density,1.0
artificial_graph_sbmv5_comuAndEmb_0_20_pos_0_80_8,0.19999999999999996,8,Inferred_Commu_spatial_manuel_iter,0.0879570381663065,0.5596612965838509,0.01835286331672775,0.4685115515717712,spatial_louvain_density,1.0
artificial_graph_sbmv5_comuAndEmb_0_20_pos_0_80_8,0.19999999999999996,8,Inferred_Commu_spatial_manuel_iter_old,0.06843277991493703,0.47314149844720493,0.022359981815516513,0.5407988609743439,spatial_louvain_old_density,1.0
artificial_graph_sbmv5_comuAndEmb_0_20_pos_0_80_8,0.19999999999999996,8,Inferred_Commu_spatial_manuel_iter_bined,0.07990797096123703,0.5489858307453417,0.020560733005845353,0.5191374545862615,spatial_louvain_bined_density,1.0
artificial_graph_sbmv5_comuAndEmb_0_20_pos_0_80_8,0.19999999999999996,8,Inferred_Commu_spatial_manuel_iter_0_20,0.15866442611220077,0.7096394604037267,0.04628092758486406,0.704780120355174,spatial_louvain_manualiter_0_20_density,1.0
artificial_graph_sbmv5_comuAndEmb_0_20_pos_0_80_8,0.19999999999999996,8,Inferred_Commu_spatial_manuel_iter_0_50,0.1288356860652213,0.6513368594720497,0.033268969918924196,0.6328723926552482,spatial_louvain_manualiter_0_50_density,1.0
artificial_graph_sbmv5_comuAndEmb_0_20_pos_0_80_8,0.19999999999999996,8,Inferred_Commu_spatial_manuel_iter_0_80,0.07827744997149341,0.5423015333850931,0.023235793902740706,0.5479926776922105,spatial_louvain_manualiter_0_80_density,1.0
artificial_graph_sbmv5_comuAndEmb_0_20_pos_0_80_8,0.19999999999999996,8,GT_pos,0.1281330745656527,0.6693881017080746,0.049050468417679724,0.6961431637419517,GT_pos_dist,1.0
artificial_graph_sbmv5_comuAndEmb_0_20_pos_0_80_8,0.19999999999999996,8,GT_pos + Inferred_Commu normal,0.15217658536223946,0.6702979425465838,0.06756301251623721,0.7078782140302151,louvain_density,0.7470692
artificial_graph_sbmv5_comuAndEmb_0_20_pos_0_80_8,0.19999999999999996,8,GT_pos + Inferred_Commu spatial manuel iter,0.1449637734343834,0.6812888198757764,0.044224034966929386,0.6739407201672067,GT_pos_dist,0.6084552
artificial_graph_sbmv5_comuAndEmb_0_20_pos_0_80_8,0.19999999999999996,8,GT_pos + Inferred_Commu spatial manuel iter old,0.13366832603048726,0.660447399068323,0.053108207829879545,0.6988489107716478,GT_pos_dist,0.6217539
artificial_graph_sbmv5_comuAndEmb_0_20_pos_0_80_8,0.19999999999999996,8,GT_pos + Inferred_Commu spatial manuel iter bined,0.12905360963249488,0.6701523680124224,0.043986241497163556,0.6922910968031533,GT_pos_dist,0.5998994
artificial_graph_sbmv5_comuAndEmb_0_20_pos_0_80_8,0.19999999999999996,8,GT_pos + Inferred_Commu spatial manuel iter 0_20,0.15041903681194024,0.6942449534161491,0.06278083741162817,0.7125515857986506,spatial_louvain_manualiter_0_20_density,0.52373636
artificial_graph_sbmv5_comuAndEmb_0_20_pos_0_80_8,0.19999999999999996,8,GT_pos + Inferred_Commu spatial manuel iter 0_50,0.15065426045613237,0.6946452833850931,0.05462354666511217,0.6698776809886517,GT_pos_dist,0.5434304
artificial_graph_sbmv5_comuAndEmb_0_20_pos_0_80_8,0.19999999999999996,8,GT_pos + Inferred_Commu spatial manuel iter 0_80,0.12944092233958254,0.6676654697204969,0.04353620078438997,0.680005751237919,GT_pos_dist,0.6122385
artificial_graph_sbmv5_comuAndEmb_0_20_pos_0_80_8,0.19999999999999996,8,SiNEcustom_spatial,0.11314920371257162,0.6404672942546584,0.03602383051557731,0.632548078946261,SiNEcustom_spatial_dist,1.0
artificial_graph_sbmv5_comuAndEmb_0_20_pos_0_80_8,0.19999999999999996,8,SiNEcustom_spatial_bined,0.13949845431269037,0.7009049883540375,0.03346706533055926,0.6483830605002174,SiNEcustom_spatial_bined_dist,1.0
artificial_graph_sbmv5_comuAndEmb_0_20_pos_0_80_8,0.19999999999999996,8,SiNE_spatial,0.15959773436887828,0.6661975931677019,0.03398251560806841,0.6821568544936808,SiNE_spatial_dist,1.0
artificial_graph_sbmv5_comuAndEmb_0_20_pos_0_80_8,0.19999999999999996,8,SiNE_spatial_bined,0.11867061144329619,0.6634923330745341,0.03338256731752024,0.6638642707851141,SiNE_spatial_bined_dist,1.0
artificial_graph_sbmv5_comuAndEmb_0_20_pos_0_80_8,0.19999999999999996,8,deepwalk,0.14656587646732178,0.7013174495341615,0.05969338963550461,0.7275372077038533,deepwalk_dist,1.0
artificial_graph_sbmv5_comuAndEmb_0_20_pos_0_80_8,0.19999999999999996,8,GT_pos + SiNEcustom_spatial,0.1815803499900525,0.7477921195652175,0.05501483611148719,0.7042257571294309,GT_pos_dist,0.5510443
artificial_graph_sbmv5_comuAndEmb_0_20_pos_0_80_8,0.19999999999999996,8,GT_pos + SiNEcustom_spatial_bined,0.17022595013537872,0.7109011063664596,0.05043219002849152,0.6993049418563874,GT_pos_dist,0.5593988
artificial_graph_sbmv5_comuAndEmb_0_20_pos_0_80_8,0.19999999999999996,8,GT_pos + SiNE_spatial,0.16910261808827332,0.7476222826086956,0.05998348105799546,0.7445708314045646,GT_pos_dist,0.5449498
artificial_graph_sbmv5_comuAndEmb_0_20_pos_0_80_8,0.19999999999999996,8,GT_pos + SiNE_spatial_bined,0.14731199610840787,0.7137883346273293,0.053895543767854034,0.7322739833634924,GT_pos_dist,0.5394663
artificial_graph_sbmv5_comuAndEmb_0_20_pos_0_80_8,0.19999999999999996,8,GT_pos + deepwalk,0.16305386857422188,0.7195627911490683,0.07381326476128258,0.7502687651671366,deepwalk_dist,0.56449264
artificial_graph_sbmv5_comuAndEmb_0_10_pos_0_90_8,0.09999999999999998,8,Inferred_Commu_normal,0.17456428871334279,0.770364481409002,0.04524418265777673,0.7143747130394857,louvain_density,1.0
artificial_graph_sbmv5_comuAndEmb_0_10_pos_0_90_8,0.09999999999999998,8,Inferred_Commu_spatial_manuel_iter,0.09665802736755921,0.6112157534246575,0.019368949613761434,0.4814772727272728,spatial_louvain_density,1.0
artificial_graph_sbmv5_comuAndEmb_0_10_pos_0_90_8,0.09999999999999998,8,Inferred_Commu_spatial_manuel_iter_old,0.0941033512296098,0.5819471624266145,0.0216272752413211,0.5324609733700643,spatial_louvain_old_density,1.0
artificial_graph_sbmv5_comuAndEmb_0_10_pos_0_90_8,0.09999999999999998,8,Inferred_Commu_spatial_manuel_iter_bined,0.08327344697678016,0.5185909980430528,0.020307087755821518,0.5060527146464646,spatial_louvain_bined_density,1.0
artificial_graph_sbmv5_comuAndEmb_0_10_pos_0_90_8,0.09999999999999998,8,Inferred_Commu_spatial_manuel_iter_0_20,0.18635794193290955,0.7703889432485324,0.04550184711011836,0.7097479051882462,spatial_louvain_manualiter_0_20_density,1.0
artificial_graph_sbmv5_comuAndEmb_0_10_pos_0_90_8,0.09999999999999998,8,Inferred_Commu_spatial_manuel_iter_0_50,0.19360118417529673,0.7526541095890411,0.050463361302839335,0.7272550792011018,spatial_louvain_manualiter_0_50_density,1.0
artificial_graph_sbmv5_comuAndEmb_0_10_pos_0_90_8,0.09999999999999998,8,Inferred_Commu_spatial_manuel_iter_0_80,0.08902183095933464,0.598605675146771,0.023440854819004108,0.5703175218089992,spatial_louvain_manualiter_0_80_density,1.0
artificial_graph_sbmv5_comuAndEmb_0_10_pos_0_90_8,0.09999999999999998,8,GT_pos,0.21587288649234687,0.7929916829745597,0.04923496487530524,0.706050705922865,GT_pos_dist,1.0
artificial_graph_sbmv5_comuAndEmb_0_10_pos_0_90_8,0.09999999999999998,8,GT_pos + Inferred_Commu normal,0.23224052869902206,0.8090998043052837,0.04769934982393985,0.7116439967860423,louvain_density,0.7398546
artificial_graph_sbmv5_comuAndEmb_0_10_pos_0_90_8,0.09999999999999998,8,GT_pos + Inferred_Commu spatial manuel iter,0.27017840971700346,0.7927103718199608,0.04503171122478266,0.689840019513315,GT_pos_dist,0.60074896
artificial_graph_sbmv5_comuAndEmb_0_10_pos_0_90_8,0.09999999999999998,8,GT_pos + Inferred_Commu spatial manuel iter old,0.2176031943348058,0.7868517612524462,0.042478449659924075,0.7002132116620753,GT_pos_dist,0.6064691
artificial_graph_sbmv5_comuAndEmb_0_10_pos_0_90_8,0.09999999999999998,8,GT_pos + Inferred_Commu spatial manuel iter bined,0.20438343749581975,0.7646893346379648,0.03934469557113307,0.6892488808539945,GT_pos_dist,0.5896012
artificial_graph_sbmv5_comuAndEmb_0_10_pos_0_90_8,0.09999999999999998,8,GT_pos + Inferred_Commu spatial manuel iter 0_20,0.26497706135439714,0.8120229941291585,0.05213529926901182,0.7260578799357209,spatial_louvain_manualiter_0_20_density,0.7527052
artificial_graph_sbmv5_comuAndEmb_0_10_pos_0_90_8,0.09999999999999998,8,GT_pos + Inferred_Commu spatial manuel iter 0_50,0.2121137547445532,0.7869740704500979,0.05438120640680538,0.7363518709825527,GT_pos_dist,0.590064
artificial_graph_sbmv5_comuAndEmb_0_10_pos_0_90_8,0.09999999999999998,8,GT_pos + Inferred_Commu spatial manuel iter 0_80,0.22301826402506114,0.8041462818003914,0.04505784399130238,0.6962875918273645,GT_pos_dist,0.6309583
artificial_graph_sbmv5_comuAndEmb_0_10_pos_0_90_8,0.09999999999999998,8,SiNEcustom_spatial,0.1496568255667692,0.6851149706457926,0.0448240103027345,0.6773603937098256,SiNEcustom_spatial_dist,1.0
artificial_graph_sbmv5_comuAndEmb_0_10_pos_0_90_8,0.09999999999999998,8,SiNEcustom_spatial_bined,0.1263665389886797,0.654708904109589,0.04193182398672356,0.6836086719467401,SiNEcustom_spatial_bined_dist,1.0
artificial_graph_sbmv5_comuAndEmb_0_10_pos_0_90_8,0.09999999999999998,8,SiNE_spatial,0.16164771754177554,0.7323752446183953,0.041885284167297886,0.6937060950413223,SiNE_spatial_dist,1.0
artificial_graph_sbmv5_comuAndEmb_0_10_pos_0_90_8,0.09999999999999998,8,SiNE_spatial_bined,0.14699369435175214,0.7339041095890411,0.04742697595886952,0.7144816058310377,SiNE_spatial_bined_dist,1.0
artificial_graph_sbmv5_comuAndEmb_0_10_pos_0_90_8,0.09999999999999998,8,deepwalk,0.25398990674132715,0.7998287671232877,0.11522366361227938,0.8103268480257118,deepwalk_dist,1.0
artificial_graph_sbmv5_comuAndEmb_0_10_pos_0_90_8,0.09999999999999998,8,GT_pos + SiNEcustom_spatial,0.2346655870267018,0.7981042074363992,0.04581977654754402,0.7212957702020202,GT_pos_dist,0.57347673
artificial_graph_sbmv5_comuAndEmb_0_10_pos_0_90_8,0.09999999999999998,8,GT_pos + SiNEcustom_spatial_bined,0.1963892016203562,0.7505626223091976,0.06499611603467981,0.7384281737832874,GT_pos_dist,0.56696844
artificial_graph_sbmv5_comuAndEmb_0_10_pos_0_90_8,0.09999999999999998,8,GT_pos + SiNE_spatial,0.19486067615753147,0.7983977495107633,0.051451702895121076,0.7456769398530763,GT_pos_dist,0.5344061
artificial_graph_sbmv5_comuAndEmb_0_10_pos_0_90_8,0.09999999999999998,8,GT_pos + SiNE_spatial_bined,0.22003555651408585,0.7963674168297455,0.06497499435696243,0.7548691460055095,GT_pos_dist,0.57703686
artificial_graph_sbmv5_comuAndEmb_0_10_pos_0_90_8,0.09999999999999998,8,GT_pos + deepwalk,0.29283027347063684,0.8393590998043052,0.08237437016589164,0.7903674529384757,deepwalk_dist,0.5493357
artificial_graph_sbmv5_comuAndEmb_0_00_pos_1_00_8,0.0,8,Inferred_Commu_normal,0.11730043769590164,0.6640457555689343,0.0502746389159099,0.7450887573964498,louvain_density,1.0
artificial_graph_sbmv5_comuAndEmb_0_00_pos_1_00_8,0.0,8,Inferred_Commu_spatial_manuel_iter,0.10109991363389333,0.5683925346177,0.02227282317992759,0.550591581800373,spatial_louvain_density,1.0
artificial_graph_sbmv5_comuAndEmb_0_00_pos_1_00_8,0.0,8,Inferred_Commu_spatial_manuel_iter_old,0.09267735509677727,0.5767609873570139,0.021728213916275992,0.5420361201679883,spatial_louvain_old_density,1.0
artificial_graph_sbmv5_comuAndEmb_0_00_pos_1_00_8,0.0,8,Inferred_Commu_spatial_manuel_iter_bined,0.10057534562204583,0.585900060204696,0.0262280564407564,0.5866834386614607,spatial_louvain_bined_density,1.0
artificial_graph_sbmv5_comuAndEmb_0_00_pos_1_00_8,0.0,8,Inferred_Commu_spatial_manuel_iter_0_20,0.13929420153162214,0.6814449127031909,0.045931211097606395,0.7334204135303037,spatial_louvain_manualiter_0_20_density,1.0
artificial_graph_sbmv5_comuAndEmb_0_00_pos_1_00_8,0.0,8,Inferred_Commu_spatial_manuel_iter_0_50,0.09654227205234739,0.5913425647200481,0.043450440882046366,0.7299098337559877,spatial_louvain_manualiter_0_50_density,1.0
artificial_graph_sbmv5_comuAndEmb_0_00_pos_1_00_8,0.0,8,Inferred_Commu_spatial_manuel_iter_0_80,0.08121225391709948,0.569319686935581,0.02515694892302871,0.5825392800118075,spatial_louvain_manualiter_0_80_density,1.0
artificial_graph_sbmv5_comuAndEmb_0_00_pos_1_00_8,0.0,8,GT_pos,0.22166970948095993,0.7173991571342564,0.06439866664914416,0.7453724053724056,GT_pos_dist,1.0
artificial_graph_sbmv5_comuAndEmb_0_00_pos_1_00_8,0.0,8,GT_pos + Inferred_Commu normal,0.22170475875580808,0.7254063816977725,0.06148926266015031,0.7575681949308323,louvain_density,0.72884446
artificial_graph_sbmv5_comuAndEmb_0_00_pos_1_00_8,0.0,8,GT_pos + Inferred_Commu spatial manuel iter,0.2283090172697769,0.7344491270319085,0.05480404808932729,0.740967274483758,GT_pos_dist,0.6320455
artificial_graph_sbmv5_comuAndEmb_0_00_pos_1_00_8,0.0,8,GT_pos + Inferred_Commu spatial manuel iter old,0.23748882691505036,0.716917519566526,0.057479283260317024,0.7259941767634075,GT_pos_dist,0.66343457
artificial_graph_sbmv5_comuAndEmb_0_00_pos_1_00_8,0.0,8,GT_pos + Inferred_Commu spatial manuel iter bined,0.227803988226069,0.7176038531005418,0.0601510474215953,0.7319090555354292,GT_pos_dist,0.68054533
artificial_graph_sbmv5_comuAndEmb_0_00_pos_1_00_8,0.0,8,GT_pos + Inferred_Commu spatial manuel iter 0_20,0.21412282898829002,0.7321372667068031,0.06424577314213227,0.734397348683063,GT_pos_dist,0.5229896
artificial_graph_sbmv5_comuAndEmb_0_00_pos_1_00_8,0.0,8,GT_pos + Inferred_Commu spatial manuel iter 0_50,0.2476065655399331,0.7185069235400361,0.05989113267698995,0.7514647989373264,GT_pos_dist,0.633544
artificial_graph_sbmv5_comuAndEmb_0_00_pos_1_00_8,0.0,8,GT_pos + Inferred_Commu spatial manuel iter 0_80,0.2186319550317489,0.7236243226971704,0.05523462129288906,0.720931046975003,GT_pos_dist,0.6745256
artificial_graph_sbmv5_comuAndEmb_0_00_pos_1_00_8,0.0,8,SiNEcustom_spatial,0.1608465029031047,0.7140397350993377,0.04935045156653207,0.7417138295160273,SiNEcustom_spatial_dist,1.0
artificial_graph_sbmv5_comuAndEmb_0_00_pos_1_00_8,0.0,8,SiNEcustom_spatial_bined,0.1703200469662339,0.7569175195665262,0.04948493323607616,0.7412248923237934,SiNEcustom_spatial_bined_dist,1.0
artificial_graph_sbmv5_comuAndEmb_0_00_pos_1_00_8,0.0,8,SiNE_spatial,0.14155343197478282,0.7585550872968091,0.0559311464938014,0.7805617947376189,SiNE_spatial_dist,1.0
artificial_graph_sbmv5_comuAndEmb_0_00_pos_1_00_8,0.0,8,SiNE_spatial_bined,0.1636312494131161,0.7643829018663455,0.055208891617066366,0.7735751184102833,SiNE_spatial_bined_dist,1.0
artificial_graph_sbmv5_comuAndEmb_0_00_pos_1_00_8,0.0,8,deepwalk,0.2564550504702024,0.8112341962673089,0.06891065417951821,0.8084565739510794,deepwalk_dist,1.0
artificial_graph_sbmv5_comuAndEmb_0_00_pos_1_00_8,0.0,8,GT_pos + SiNEcustom_spatial,0.2845191510657485,0.7920048163756772,0.07514163972327427,0.7862729944048626,GT_pos_dist,0.57609487
artificial_graph_sbmv5_comuAndEmb_0_00_pos_1_00_8,0.0,8,GT_pos + SiNEcustom_spatial_bined,0.2663176814039776,0.8065502709211319,0.06904106878518802,0.7928810261777294,GT_pos_dist,0.5958415
artificial_graph_sbmv5_comuAndEmb_0_00_pos_1_00_8,0.0,8,GT_pos + SiNE_spatial,0.22387420852756532,0.8089223359422034,0.08245698697580052,0.817137892632398,GT_pos_dist,0.5399124
artificial_graph_sbmv5_comuAndEmb_0_00_pos_1_00_8,0.0,8,GT_pos + SiNE_spatial_bined,0.270874861315883,0.8111017459361831,0.0860769042520597,0.8084140401722819,GT_pos_dist,0.5048525
artificial_graph_sbmv5_comuAndEmb_0_00_pos_1_00_8,0.0,8,GT_pos + deepwalk,0.26827823228420977,0.8330885009030704,0.08481443187838959,0.82638798320117,deepwalk_dist,0.6316227
artificial_graph_sbmv5_comuAndEmb_1_00_pos_0_00_9,1.0,9,Inferred_Commu_normal,0.13855134642452352,0.7369674960078298,0.05263344651883878,0.7673034746994318,louvain_density,1.0
artificial_graph_sbmv5_comuAndEmb_1_00_pos_0_00_9,1.0,9,Inferred_Commu_spatial_manuel_iter,0.12694586129482954,0.7192989234018441,0.04965135328893741,0.7046702191688319,spatial_louvain_density,1.0
artificial_graph_sbmv5_comuAndEmb_1_00_pos_0_00_9,1.0,9,Inferred_Commu_spatial_manuel_iter_old,0.12251126192314318,0.7089321588626178,0.056406329117568495,0.7874170960496761,spatial_louvain_old_density,1.0
artificial_graph_sbmv5_comuAndEmb_1_00_pos_0_00_9,1.0,9,Inferred_Commu_spatial_manuel_iter_bined,0.1372400205930246,0.7190671199711534,0.062191954500624876,0.789092643971756,spatial_louvain_bined_density,1.0
artificial_graph_sbmv5_comuAndEmb_1_00_pos_0_00_9,1.0,9,Inferred_Commu_spatial_manuel_iter_0_20,0.12480565372160482,0.7100654200793284,0.06154775007801231,0.7653363867236241,spatial_louvain_manualiter_0_20_density,1.0
artificial_graph_sbmv5_comuAndEmb_1_00_pos_0_00_9,1.0,9,Inferred_Commu_spatial_manuel_iter_0_50,0.14940948170903878,0.7697290475454592,0.06525954878868442,0.8190427327843103,spatial_louvain_manualiter_0_50_density,1.0
artificial_graph_sbmv5_comuAndEmb_1_00_pos_0_00_9,1.0,9,Inferred_Commu_spatial_manuel_iter_0_80,0.15288665973004942,0.7798511306856231,0.06314403388613403,0.8189286710412356,spatial_louvain_manualiter_0_80_density,1.0
artificial_graph_sbmv5_comuAndEmb_1_00_pos_0_00_9,1.0,9,GT_pos,0.10111690734114934,0.5766883016535311,0.018619707142768747,0.48603382216937513,GT_pos_dist,1.0
artificial_graph_sbmv5_comuAndEmb_1_00_pos_0_00_9,1.0,9,GT_pos + Inferred_Commu normal,0.18459362489405662,0.7608561273373513,0.04470215475041245,0.7400703160552546,louvain_density,0.81667215
artificial_graph_sbmv5_comuAndEmb_1_00_pos_0_00_9,1.0,9,GT_pos + Inferred_Commu spatial manuel iter,0.16922084929415002,0.7559367434193582,0.04479421118099951,0.7083721613012139,spatial_louvain_density,0.7887116
artificial_graph_sbmv5_comuAndEmb_1_00_pos_0_00_9,1.0,9,GT_pos + Inferred_Commu spatial manuel iter old,0.18380829411760205,0.7287384742183073,0.0489409428201299,0.750610384462941,spatial_louvain_old_density,0.8054841
artificial_graph_sbmv5_comuAndEmb_1_00_pos_0_00_9,1.0,9,GT_pos + Inferred_Commu spatial manuel iter bined,0.18153710811965063,0.7446813990624839,0.0437295559742292,0.7301840842031092,spatial_louvain_bined_density,0.80391264
artificial_graph_sbmv5_comuAndEmb_1_00_pos_0_00_9,1.0,9,GT_pos + Inferred_Commu spatial manuel iter 0_20,0.1444124237446229,0.7221707103487354,0.05038430626148317,0.735976130708592,spatial_louvain_manualiter_0_20_density,0.7792403
artificial_graph_sbmv5_comuAndEmb_1_00_pos_0_00_9,1.0,9,GT_pos + Inferred_Commu spatial manuel iter 0_50,0.1701135802576401,0.7768505640550146,0.047850894509560274,0.7626794967777926,spatial_louvain_manualiter_0_50_density,0.776423
artificial_graph_sbmv5_comuAndEmb_1_00_pos_0_00_9,1.0,9,GT_pos + Inferred_Commu spatial manuel iter 0_80,0.17295259692010245,0.7809715139339619,0.05017418112074511,0.7834752866223337,spatial_louvain_manualiter_0_80_density,0.7852645
artificial_graph_sbmv5_comuAndEmb_1_00_pos_0_00_9,1.0,9,SiNEcustom_spatial,0.2983391831718519,0.8424123010353887,0.151642553309513,0.8627396837979477,SiNEcustom_spatial_dist,1.0
artificial_graph_sbmv5_comuAndEmb_1_00_pos_0_00_9,1.0,9,SiNEcustom_spatial_bined,0.3168409811087706,0.83684901869881,0.14119732480204833,0.873259053742605,SiNEcustom_spatial_bined_dist,1.0
artificial_graph_sbmv5_comuAndEmb_1_00_pos_0_00_9,1.0,9,SiNE_spatial,0.21209344352523052,0.7886725390202441,0.08007983956529774,0.8239971521263634,SiNE_spatial_dist,1.0
artificial_graph_sbmv5_comuAndEmb_1_00_pos_0_00_9,1.0,9,SiNE_spatial_bined,0.26269541712936495,0.7906557461494875,0.08246619533159961,0.8254350347176348,SiNE_spatial_bined_dist,1.0
artificial_graph_sbmv5_comuAndEmb_1_00_pos_0_00_9,1.0,9,deepwalk,0.2977921566740329,0.8080281254829238,0.11907350529981371,0.8581791224438866,deepwalk_dist,1.0
artificial_graph_sbmv5_comuAndEmb_1_00_pos_0_00_9,1.0,9,GT_pos + SiNEcustom_spatial,0.3181027525175888,0.8525730180806675,0.12511271534599447,0.8514444884837274,SiNEcustom_spatial_dist,0.7359649
artificial_graph_sbmv5_comuAndEmb_1_00_pos_0_00_9,1.0,9,GT_pos + SiNEcustom_spatial_bined,0.3006375652525022,0.8125225364446504,0.10014218893495336,0.8600742795907284,SiNEcustom_spatial_bined_dist,0.7295824
artificial_graph_sbmv5_comuAndEmb_1_00_pos_0_00_9,1.0,9,GT_pos + SiNE_spatial,0.21419617074019162,0.7768891979601298,0.06770882308626033,0.7881198162093922,SiNE_spatial_dist,0.7045566
artificial_graph_sbmv5_comuAndEmb_1_00_pos_0_00_9,1.0,9,GT_pos + SiNE_spatial_bined,0.23438042785678123,0.8032632771853913,0.0652198667623749,0.8044648493122533,SiNE_spatial_bined_dist,0.71022457
artificial_graph_sbmv5_comuAndEmb_1_00_pos_0_00_9,1.0,9,GT_pos + deepwalk,0.26243582556980116,0.8067403286457528,0.09738926088995331,0.8260894584636161,deepwalk_dist,0.7121855
artificial_graph_sbmv5_comuAndEmb_0_90_pos_0_10_9,0.9,9,Inferred_Commu_normal,0.11177027483798183,0.6825598073869166,0.044168672835615146,0.7373939455742672,louvain_density,1.0
artificial_graph_sbmv5_comuAndEmb_0_90_pos_0_10_9,0.9,9,Inferred_Commu_spatial_manuel_iter,0.13053638454767616,0.680228984170893,0.04894981814161599,0.7669405920400908,spatial_louvain_density,1.0
artificial_graph_sbmv5_comuAndEmb_0_90_pos_0_10_9,0.9,9,Inferred_Commu_spatial_manuel_iter_old,0.10857541656921842,0.6452154090466677,0.04574586421678444,0.7041294213623914,spatial_louvain_old_density,1.0
artificial_graph_sbmv5_comuAndEmb_0_90_pos_0_10_9,0.9,9,Inferred_Commu_spatial_manuel_iter_bined,0.12538340548526555,0.6605962809282312,0.0553629686581357,0.7582585513664706,spatial_louvain_bined_density,1.0
artificial_graph_sbmv5_comuAndEmb_0_90_pos_0_10_9,0.9,9,Inferred_Commu_spatial_manuel_iter_0_20,0.10500060547622521,0.6431023000870857,0.029826055096192516,0.6252556669191772,spatial_louvain_manualiter_0_20_density,1.0
artificial_graph_sbmv5_comuAndEmb_0_90_pos_0_10_9,0.9,9,Inferred_Commu_spatial_manuel_iter_0_50,0.11147898799714738,0.662619742841043,0.050268684738367465,0.7614551890915447,spatial_louvain_manualiter_0_50_density,1.0
artificial_graph_sbmv5_comuAndEmb_0_90_pos_0_10_9,0.9,9,Inferred_Commu_spatial_manuel_iter_0_80,0.1159972339383106,0.6438066697402797,0.049855210822667424,0.73580065264262,spatial_louvain_manualiter_0_80_density,1.0
artificial_graph_sbmv5_comuAndEmb_0_90_pos_0_10_9,0.9,9,GT_pos,0.09265596400688358,0.5862660724348138,0.02077420779587651,0.511274546937824,GT_pos_dist,1.0
artificial_graph_sbmv5_comuAndEmb_0_90_pos_0_10_9,0.9,9,GT_pos + Inferred_Commu normal,0.1301222787460139,0.7046385943343065,0.0407546638792262,0.6861148825826001,louvain_density,0.7641325
artificial_graph_sbmv5_comuAndEmb_0_90_pos_0_10_9,0.9,9,GT_pos + Inferred_Commu spatial manuel iter,0.18086492247929428,0.7007069309973873,0.046923169203937916,0.7096231280228424,spatial_louvain_density,0.7789322
artificial_graph_sbmv5_comuAndEmb_0_90_pos_0_10_9,0.9,9,GT_pos + Inferred_Commu spatial manuel iter old,0.14692835531906567,0.6603657599508223,0.0431773599246721,0.6918861080356623,spatial_louvain_old_density,0.7437778
artificial_graph_sbmv5_comuAndEmb_0_90_pos_0_10_9,0.9,9,GT_pos + Inferred_Commu spatial manuel iter bined,0.13392194640845825,0.6441140310434916,0.046270518667515484,0.6912850358370723,spatial_louvain_bined_density,0.6992855
artificial_graph_sbmv5_comuAndEmb_0_90_pos_0_10_9,0.9,9,GT_pos + Inferred_Commu spatial manuel iter 0_20,0.14015006149824172,0.6654884483376876,0.026995518169627003,0.5697682244624439,spatial_louvain_manualiter_0_20_density,0.74029833
artificial_graph_sbmv5_comuAndEmb_0_90_pos_0_10_9,0.9,9,GT_pos + Inferred_Commu spatial manuel iter 0_50,0.14965142342822765,0.6863121766302955,0.04741980384382577,0.7175155876697162,spatial_louvain_manualiter_0_50_density,0.6961238
artificial_graph_sbmv5_comuAndEmb_0_90_pos_0_10_9,0.9,9,GT_pos + Inferred_Commu spatial manuel iter 0_80,0.1538411528758635,0.6822908662466063,0.03803183092169202,0.6491725423926344,spatial_louvain_manualiter_0_80_density,0.76674193
artificial_graph_sbmv5_comuAndEmb_0_90_pos_0_10_9,0.9,9,SiNEcustom_spatial,0.26197424735047214,0.7873572050612162,0.0943986936932856,0.794389750014568,SiNEcustom_spatial_dist,1.0
artificial_graph_sbmv5_comuAndEmb_0_90_pos_0_10_9,0.9,9,SiNEcustom_spatial_bined,0.350415592886467,0.8041980431330362,0.10728184566590805,0.7691314608705786,SiNEcustom_spatial_bined_dist,1.0
artificial_graph_sbmv5_comuAndEmb_0_90_pos_0_10_9,0.9,9,SiNE_spatial,0.15265987634803044,0.7312381537831054,0.05980122642169715,0.7277823262047667,SiNE_spatial_dist,1.0
artificial_graph_sbmv5_comuAndEmb_0_90_pos_0_10_9,0.9,9,SiNE_spatial_bined,0.11741021656428158,0.6525792736027867,0.05407239545263147,0.718932754501486,SiNE_spatial_bined_dist,1.0
artificial_graph_sbmv5_comuAndEmb_0_90_pos_0_10_9,0.9,9,deepwalk,0.2906427177117157,0.7952205317350546,0.10430025704255874,0.7657361167764116,deepwalk_dist,1.0
artificial_graph_sbmv5_comuAndEmb_0_90_pos_0_10_9,0.9,9,GT_pos + SiNEcustom_spatial,0.30367986033137895,0.799011321141335,0.08815389764582479,0.7796704737486161,SiNEcustom_spatial_dist,0.6985954
artificial_graph_sbmv5_comuAndEmb_0_90_pos_0_10_9,0.9,9,GT_pos + SiNEcustom_spatial_bined,0.313656446005974,0.7724245684135034,0.07670178047702965,0.7579690868830489,SiNEcustom_spatial_bined_dist,0.67436504
artificial_graph_sbmv5_comuAndEmb_0_90_pos_0_10_9,0.9,9,GT_pos + SiNE_spatial,0.1648688105290037,0.7229522053173505,0.0458328149476844,0.6937341938115494,SiNE_spatial_dist,0.5902431
artificial_graph_sbmv5_comuAndEmb_0_90_pos_0_10_9,0.9,9,GT_pos + SiNE_spatial_bined,0.13558014160441462,0.6809333538240869,0.045578198281227694,0.6898834566750189,SiNE_spatial_bined_dist,0.6076197
artificial_graph_sbmv5_comuAndEmb_0_90_pos_0_10_9,0.9,9,GT_pos + deepwalk,0.2699394851756287,0.7842451718661955,0.10385652685616008,0.7470948662665345,deepwalk_dist,0.6568362
artificial_graph_sbmv5_comuAndEmb_0_80_pos_0_20_9,0.8,9,Inferred_Commu_normal,0.12510695328169144,0.6790606653620352,0.039307696865963616,0.6899162075298438,louvain_density,1.0
artificial_graph_sbmv5_comuAndEmb_0_80_pos_0_20_9,0.8,9,Inferred_Commu_spatial_manuel_iter,0.1321569510809672,0.6590141878669277,0.041456927536985086,0.6936135502754821,spatial_louvain_density,1.0
artificial_graph_sbmv5_comuAndEmb_0_80_pos_0_20_9,0.8,9,Inferred_Commu_spatial_manuel_iter_old,0.13320886850135252,0.7063967710371819,0.040114640509374244,0.6940448519283746,spatial_louvain_old_density,1.0
artificial_graph_sbmv5_comuAndEmb_0_80_pos_0_20_9,0.8,9,Inferred_Commu_spatial_manuel_iter_bined,0.1568807081261631,0.7264065557729942,0.04250641970015771,0.6927575470615243,spatial_louvain_bined_density,1.0
artificial_graph_sbmv5_comuAndEmb_0_80_pos_0_20_9,0.8,9,Inferred_Commu_spatial_manuel_iter_0_20,0.1377368730677984,0.6806996086105674,0.040550949220262526,0.6921282426538109,spatial_louvain_manualiter_0_20_density,1.0
artificial_graph_sbmv5_comuAndEmb_0_80_pos_0_20_9,0.8,9,Inferred_Commu_spatial_manuel_iter_0_50,0.1395619225458,0.6882827788649708,0.03976233398638944,0.6921995523415978,spatial_louvain_manualiter_0_50_density,1.0
artificial_graph_sbmv5_comuAndEmb_0_80_pos_0_20_9,0.8,9,Inferred_Commu_spatial_manuel_iter_0_80,0.13811916295421847,0.7039628180039139,0.0419204844046159,0.6915795741505969,spatial_louvain_manualiter_0_80_density,1.0
artificial_graph_sbmv5_comuAndEmb_0_80_pos_0_20_9,0.8,9,GT_pos,0.08339871010888418,0.5400440313111545,0.02282115071977562,0.5538256140955005,GT_pos_dist,1.0
artificial_graph_sbmv5_comuAndEmb_0_80_pos_0_20_9,0.8,9,GT_pos + Inferred_Commu normal,0.12338076808500162,0.6721991193737769,0.037001504902441876,0.6379907024793389,louvain_density,0.7188095
artificial_graph_sbmv5_comuAndEmb_0_80_pos_0_20_9,0.8,9,GT_pos + Inferred_Commu spatial manuel iter,0.13451177893746186,0.6673189823874756,0.041502092040856926,0.6785428145087237,spatial_louvain_density,0.71781087
artificial_graph_sbmv5_comuAndEmb_0_80_pos_0_20_9,0.8,9,GT_pos + Inferred_Commu spatial manuel iter old,0.13757735449238898,0.6971868884540118,0.04631842068568773,0.695642217630854,spatial_louvain_old_density,0.69576555
artificial_graph_sbmv5_comuAndEmb_0_80_pos_0_20_9,0.8,9,GT_pos + Inferred_Commu spatial manuel iter bined,0.13634401209098101,0.7056262230919765,0.04784291472431643,0.6922048611111112,spatial_louvain_bined_density,0.6983277
artificial_graph_sbmv5_comuAndEmb_0_80_pos_0_20_9,0.8,9,GT_pos + Inferred_Commu spatial manuel iter 0_20,0.12986397910696362,0.6762597847358122,0.04906422169811177,0.6772890840220385,spatial_louvain_manualiter_0_20_density,0.72930324
artificial_graph_sbmv5_comuAndEmb_0_80_pos_0_20_9,0.8,9,GT_pos + Inferred_Commu spatial manuel iter 0_50,0.12934841134318714,0.6729085127201566,0.04102850072996247,0.6866554752066116,spatial_louvain_manualiter_0_50_density,0.7311603
artificial_graph_sbmv5_comuAndEmb_0_80_pos_0_20_9,0.8,9,GT_pos + Inferred_Commu spatial manuel iter 0_80,0.14398830404244767,0.7051614481409002,0.044482595576516376,0.7036300505050505,spatial_louvain_manualiter_0_80_density,0.70247364
artificial_graph_sbmv5_comuAndEmb_0_80_pos_0_20_9,0.8,9,SiNEcustom_spatial,0.1809774668624916,0.727274951076321,0.08421878131226647,0.7496893652433426,SiNEcustom_spatial_dist,1.0
artificial_graph_sbmv5_comuAndEmb_0_80_pos_0_20_9,0.8,9,SiNEcustom_spatial_bined,0.1582241064104964,0.6546110567514678,0.09550568799213394,0.7322014175849403,SiNEcustom_spatial_bined_dist,1.0
artificial_graph_sbmv5_comuAndEmb_0_80_pos_0_20_9,0.8,9,SiNE_spatial,0.1890316003918547,0.7230552837573386,0.0391808983725643,0.660332300275482,SiNE_spatial_dist,1.0
artificial_graph_sbmv5_comuAndEmb_0_80_pos_0_20_9,0.8,9,SiNE_spatial_bined,0.14245765967344376,0.6157289628180039,0.03671438967475727,0.651299213728191,SiNE_spatial_bined_dist,1.0
artificial_graph_sbmv5_comuAndEmb_0_80_pos_0_20_9,0.8,9,deepwalk,0.2334265642734403,0.693456457925636,0.07422766748731924,0.7212482782369145,deepwalk_dist,1.0
artificial_graph_sbmv5_comuAndEmb_0_80_pos_0_20_9,0.8,9,GT_pos + SiNEcustom_spatial,0.16635247872430312,0.7390533268101762,0.08766859450180796,0.7454234102387511,SiNEcustom_spatial_dist,0.66770935
artificial_graph_sbmv5_comuAndEmb_0_80_pos_0_20_9,0.8,9,GT_pos + SiNEcustom_spatial_bined,0.16634430561844465,0.6782167318982387,0.06772660527537641,0.7294319616620752,SiNEcustom_spatial_bined_dist,0.649611
artificial_graph_sbmv5_comuAndEmb_0_80_pos_0_20_9,0.8,9,GT_pos + SiNE_spatial,0.13304951254544148,0.6729574363992171,0.036135712068108526,0.6753279958677686,SiNE_spatial_dist,0.5673988
artificial_graph_sbmv5_comuAndEmb_0_80_pos_0_20_9,0.8,9,GT_pos + SiNE_spatial_bined,0.13321654618163517,0.6089041095890411,0.03162898922848614,0.6356290174471992,SiNE_spatial_bined_dist,0.5691611
artificial_graph_sbmv5_comuAndEmb_0_80_pos_0_20_9,0.8,9,GT_pos + deepwalk,0.1686018986438074,0.6931262230919765,0.054346690461859824,0.7043531910009182,deepwalk_dist,0.6349308
artificial_graph_sbmv5_comuAndEmb_0_70_pos_0_30_9,0.7,9,Inferred_Commu_normal,0.12749091747177826,0.6840264187866927,0.03317030615066206,0.6416086863652546,louvain_density,1.0
artificial_graph_sbmv5_comuAndEmb_0_70_pos_0_30_9,0.7,9,Inferred_Commu_spatial_manuel_iter,0.14296317503209743,0.711545988258317,0.03445220410415334,0.6445452474190103,spatial_louvain_density,1.0
artificial_graph_sbmv5_comuAndEmb_0_70_pos_0_30_9,0.7,9,Inferred_Commu_spatial_manuel_iter_old,0.14903415689290614,0.7102372798434442,0.031234249206987433,0.6356830188679246,spatial_louvain_old_density,1.0
artificial_graph_sbmv5_comuAndEmb_0_70_pos_0_30_9,0.7,9,Inferred_Commu_spatial_manuel_iter_bined,0.13673090878203187,0.6489236790606654,0.038893395178842716,0.6543491634033464,spatial_louvain_bined_density,1.0
artificial_graph_sbmv5_comuAndEmb_0_70_pos_0_30_9,0.7,9,Inferred_Commu_spatial_manuel_iter_0_20,0.13746474067392322,0.6635151663405089,0.025936807980166315,0.5996848700605197,spatial_louvain_manualiter_0_20_density,1.0
artificial_graph_sbmv5_comuAndEmb_0_70_pos_0_30_9,0.7,9,Inferred_Commu_spatial_manuel_iter_0_50,0.15879036547591774,0.732497553816047,0.031955759348230764,0.6007822000711998,spatial_louvain_manualiter_0_50_density,1.0
artificial_graph_sbmv5_comuAndEmb_0_70_pos_0_30_9,0.7,9,Inferred_Commu_spatial_manuel_iter_0_80,0.13102858364111805,0.6841609589041096,0.03042286765880097,0.5699101459594162,spatial_louvain_manualiter_0_80_density,1.0
artificial_graph_sbmv5_comuAndEmb_0_70_pos_0_30_9,0.7,9,GT_pos,0.09945137323540207,0.6038405088062622,0.02265066196048736,0.5467955856176576,GT_pos_dist,1.0
artificial_graph_sbmv5_comuAndEmb_0_70_pos_0_30_9,0.7,9,GT_pos + Inferred_Commu normal,0.1392485323371416,0.6609711350293542,0.03181641433909702,0.6399437522249911,louvain_density,0.6673131
artificial_graph_sbmv5_comuAndEmb_0_70_pos_0_30_9,0.7,9,GT_pos + Inferred_Commu spatial manuel iter,0.1372480068943827,0.6649951076320939,0.03346725364705147,0.6410913492346031,spatial_louvain_density,0.69354993
artificial_graph_sbmv5_comuAndEmb_0_70_pos_0_30_9,0.7,9,GT_pos + Inferred_Commu spatial manuel iter old,0.14652058302096352,0.6865582191780822,0.0300138852824724,0.6150126023495905,spatial_louvain_old_density,0.63110155
artificial_graph_sbmv5_comuAndEmb_0_70_pos_0_30_9,0.7,9,GT_pos + Inferred_Commu spatial manuel iter bined,0.13730203640394079,0.6823507827788649,0.03230202118848463,0.6340479886080457,spatial_louvain_bined_density,0.6983203
artificial_graph_sbmv5_comuAndEmb_0_70_pos_0_30_9,0.7,9,GT_pos + Inferred_Commu spatial manuel iter 0_20,0.1301060762649055,0.6854941291585127,0.0276949237140102,0.5684353150587398,spatial_louvain_manualiter_0_20_density,0.686639
artificial_graph_sbmv5_comuAndEmb_0_70_pos_0_30_9,0.7,9,GT_pos + Inferred_Commu spatial manuel iter 0_50,0.1256758840333343,0.6854818982387475,0.03161254265036788,0.6185789960840157,spatial_louvain_manualiter_0_50_density,0.6691822
artificial_graph_sbmv5_comuAndEmb_0_70_pos_0_30_9,0.7,9,GT_pos + Inferred_Commu spatial manuel iter 0_80,0.19811951042697548,0.6892734833659492,0.03359999432829856,0.6142991812032752,spatial_louvain_manualiter_0_80_density,0.6921072
artificial_graph_sbmv5_comuAndEmb_0_70_pos_0_30_9,0.7,9,SiNEcustom_spatial,0.20965624096900537,0.7154231898238747,0.05468469114189989,0.6555406194375222,SiNEcustom_spatial_dist,1.0
artificial_graph_sbmv5_comuAndEmb_0_70_pos_0_30_9,0.7,9,SiNEcustom_spatial_bined,0.21940133255677507,0.6969667318982388,0.054874234288728375,0.6660993948024208,SiNEcustom_spatial_bined_dist,1.0
artificial_graph_sbmv5_comuAndEmb_0_70_pos_0_30_9,0.7,9,SiNE_spatial,0.13009454825780595,0.6511497064579257,0.032174340846175514,0.6124135279458882,SiNE_spatial_dist,1.0
artificial_graph_sbmv5_comuAndEmb_0_70_pos_0_30_9,0.7,9,SiNE_spatial_bined,0.1033536931701088,0.6309686888454011,0.03185503018970573,0.6226026343894624,SiNE_spatial_bined_dist,1.0
artificial_graph_sbmv5_comuAndEmb_0_70_pos_0_30_9,0.7,9,deepwalk,0.12644662946920165,0.6478473581213308,0.04927298684910127,0.6403043075827697,deepwalk_dist,1.0
artificial_graph_sbmv5_comuAndEmb_0_70_pos_0_30_9,0.7,9,GT_pos + SiNEcustom_spatial,0.23418713448756112,0.7123899217221134,0.052185366692390475,0.6839495906016376,SiNEcustom_spatial_dist,0.6222855
artificial_graph_sbmv5_comuAndEmb_0_70_pos_0_30_9,0.7,9,GT_pos + SiNEcustom_spatial_bined,0.19351243717338537,0.725954011741683,0.049411279724839614,0.6564526877892489,SiNEcustom_spatial_bined_dist,0.6144695
artificial_graph_sbmv5_comuAndEmb_0_70_pos_0_30_9,0.7,9,GT_pos + SiNE_spatial,0.1311512125940505,0.682436399217221,0.034217977989900145,0.6352222143111428,SiNE_spatial_dist,0.5503415
artificial_graph_sbmv5_comuAndEmb_0_70_pos_0_30_9,0.7,9,GT_pos + SiNE_spatial_bined,0.11784154571566102,0.6581702544031311,0.030455936843083533,0.6212364542541831,SiNE_spatial_bined_dist,0.5431352
artificial_graph_sbmv5_comuAndEmb_0_70_pos_0_30_9,0.7,9,GT_pos + deepwalk,0.132641844893605,0.6602739726027398,0.04255256917723918,0.6538194375222499,deepwalk_dist,0.5975667
artificial_graph_sbmv5_comuAndEmb_0_60_pos_0_40_9,0.6,9,Inferred_Commu_normal,0.11664981546737177,0.6396070447409734,0.03051143318855464,0.6152037419651056,louvain_density,1.0
artificial_graph_sbmv5_comuAndEmb_0_60_pos_0_40_9,0.6,9,Inferred_Commu_spatial_manuel_iter,0.10589577336152912,0.6175063775510203,0.015708188310549438,0.3655030417814508,spatial_louvain_density,1.0
artificial_graph_sbmv5_comuAndEmb_0_60_pos_0_40_9,0.6,9,Inferred_Commu_spatial_manuel_iter_old,0.12967716658306658,0.671482535321821,0.029142590412600346,0.5791571969696969,spatial_louvain_old_density,1.0
artificial_graph_sbmv5_comuAndEmb_0_60_pos_0_40_9,0.6,9,Inferred_Commu_spatial_manuel_iter_bined,0.09873310924543574,0.6096816130298275,0.03125565300235994,0.6502056072084481,spatial_louvain_bined_density,1.0
artificial_graph_sbmv5_comuAndEmb_0_60_pos_0_40_9,0.6,9,Inferred_Commu_spatial_manuel_iter_0_20,0.10991514091951501,0.6534904827315542,0.031132825697153525,0.6161685032139578,spatial_louvain_manualiter_0_20_density,1.0
artificial_graph_sbmv5_comuAndEmb_0_60_pos_0_40_9,0.6,9,Inferred_Commu_spatial_manuel_iter_0_50,0.10484500452659094,0.6308869701726846,0.028034522985551938,0.5845004017447198,spatial_louvain_manualiter_0_50_density,1.0
artificial_graph_sbmv5_comuAndEmb_0_60_pos_0_40_9,0.6,9,Inferred_Commu_spatial_manuel_iter_0_80,0.0930356106368169,0.5465070643642073,0.028862955700322677,0.6296108815426997,spatial_louvain_manualiter_0_80_density,1.0
artificial_graph_sbmv5_comuAndEmb_0_60_pos_0_40_9,0.6,9,GT_pos,0.10681273647866987,0.5662161499215072,0.0280683192800026,0.5884283172635445,GT_pos_dist,1.0
artificial_graph_sbmv5_comuAndEmb_0_60_pos_0_40_9,0.6,9,GT_pos + Inferred_Commu normal,0.10014966665485144,0.6021511970172684,0.027563605695301776,0.6004941460055098,louvain_density,0.5076617
artificial_graph_sbmv5_comuAndEmb_0_60_pos_0_40_9,0.6,9,GT_pos + Inferred_Commu spatial manuel iter,0.09989491495336966,0.6187450941915228,0.02653786245152921,0.5573268193296602,spatial_louvain_density,0.5728117
artificial_graph_sbmv5_comuAndEmb_0_60_pos_0_40_9,0.6,9,GT_pos + Inferred_Commu spatial manuel iter old,0.12315268118013703,0.6391287284144427,0.029057064392432046,0.6284987660697887,spatial_louvain_old_density,0.5355084
artificial_graph_sbmv5_comuAndEmb_0_60_pos_0_40_9,0.6,9,GT_pos + Inferred_Commu spatial manuel iter bined,0.11129119848123625,0.5923027864992151,0.033823595362408476,0.6488530188246098,spatial_louvain_bined_density,0.520228
artificial_graph_sbmv5_comuAndEmb_0_60_pos_0_40_9,0.6,9,GT_pos + Inferred_Commu spatial manuel iter 0_20,0.10299635339819582,0.6324568288854003,0.03528344341946277,0.634522641184573,spatial_louvain_manualiter_0_20_density,0.5331693
artificial_graph_sbmv5_comuAndEmb_0_60_pos_0_40_9,0.6,9,GT_pos + Inferred_Commu spatial manuel iter 0_50,0.11747804963284793,0.6395579866562009,0.0339661345331644,0.6244851928374655,spatial_louvain_manualiter_0_50_density,0.5337963
artificial_graph_sbmv5_comuAndEmb_0_60_pos_0_40_9,0.6,9,GT_pos + Inferred_Commu spatial manuel iter 0_80,0.10858698783304589,0.601820054945055,0.032604459524689634,0.6471243686868687,spatial_louvain_manualiter_0_80_density,0.534767
artificial_graph_sbmv5_comuAndEmb_0_60_pos_0_40_9,0.6,9,SiNEcustom_spatial,0.15951377512389842,0.6253679356357927,0.04879723920735997,0.6376269800275481,SiNEcustom_spatial_dist,1.0
artificial_graph_sbmv5_comuAndEmb_0_60_pos_0_40_9,0.6,9,SiNEcustom_spatial_bined,0.13884339226806613,0.6604322017268446,0.04403070395564032,0.6490622130394859,SiNEcustom_spatial_bined_dist,1.0
artificial_graph_sbmv5_comuAndEmb_0_60_pos_0_40_9,0.6,9,SiNE_spatial,0.1161241277621755,0.6043220172684458,0.025816717864655107,0.5999499253902663,SiNE_spatial_dist,1.0
artificial_graph_sbmv5_comuAndEmb_0_60_pos_0_40_9,0.6,9,SiNE_spatial_bined,0.10747264138490023,0.6104420133437991,0.028607395988376198,0.6202539600550964,SiNE_spatial_bined_dist,1.0
artificial_graph_sbmv5_comuAndEmb_0_60_pos_0_40_9,0.6,9,deepwalk,0.14515977246098039,0.6546188186813188,0.047751710777524284,0.6992914944903582,deepwalk_dist,1.0
artificial_graph_sbmv5_comuAndEmb_0_60_pos_0_40_9,0.6,9,GT_pos + SiNEcustom_spatial,0.18237905246868355,0.687634909733124,0.04760165540573397,0.6758363464187328,SiNEcustom_spatial_dist,0.5295574
artificial_graph_sbmv5_comuAndEmb_0_60_pos_0_40_9,0.6,9,GT_pos + SiNEcustom_spatial_bined,0.14707585809981152,0.6931539442700156,0.0445248897815537,0.6833934515610652,SiNEcustom_spatial_bined_dist,0.5577745
artificial_graph_sbmv5_comuAndEmb_0_60_pos_0_40_9,0.6,9,GT_pos + SiNE_spatial,0.11209757840460363,0.6568754905808478,0.028956482839897886,0.6203952881083563,SiNE_spatial_dist,0.50913435
artificial_graph_sbmv5_comuAndEmb_0_60_pos_0_40_9,0.6,9,GT_pos + SiNE_spatial_bined,0.13441038265852243,0.654263147566719,0.0332529831464599,0.647784090909091,SiNE_spatial_bined_dist,0.5088941
artificial_graph_sbmv5_comuAndEmb_0_60_pos_0_40_9,0.6,9,GT_pos + deepwalk,0.12963048013262024,0.6756279434850863,0.046328072913092794,0.6709290346648302,deepwalk_dist,0.55259615
artificial_graph_sbmv5_comuAndEmb_0_50_pos_0_50_9,0.5,9,Inferred_Commu_normal,0.1320189651111068,0.633339874411303,0.03321648461292661,0.6160624713039485,louvain_density,1.0
artificial_graph_sbmv5_comuAndEmb_0_50_pos_0_50_9,0.5,9,Inferred_Commu_spatial_manuel_iter,0.1008703504229494,0.5864894034536892,0.02679507096765585,0.5830833907254362,spatial_louvain_density,1.0
artificial_graph_sbmv5_comuAndEmb_0_50_pos_0_50_9,0.5,9,Inferred_Commu_spatial_manuel_iter_old,0.09661659229608603,0.5457098704866561,0.02802773338979613,0.5643579258494033,spatial_louvain_old_density,1.0
artificial_graph_sbmv5_comuAndEmb_0_50_pos_0_50_9,0.5,9,Inferred_Commu_spatial_manuel_iter_bined,0.1020295212344803,0.613606259811617,0.02107357364099635,0.5265515955004593,spatial_louvain_bined_density,1.0
artificial_graph_sbmv5_comuAndEmb_0_50_pos_0_50_9,0.5,9,Inferred_Commu_spatial_manuel_iter_0_20,0.12769776202584504,0.6191007653061225,0.028525664922222367,0.5825035870064279,spatial_louvain_manualiter_0_20_density,1.0
artificial_graph_sbmv5_comuAndEmb_0_50_pos_0_50_9,0.5,9,Inferred_Commu_spatial_manuel_iter_0_50,0.136167080511479,0.6204008045525903,0.02776704373432078,0.5643857610192836,spatial_louvain_manualiter_0_50_density,1.0
artificial_graph_sbmv5_comuAndEmb_0_50_pos_0_50_9,0.5,9,Inferred_Commu_spatial_manuel_iter_0_80,0.07654560099307557,0.5017292974882261,0.025330973092367242,0.530998909550046,spatial_louvain_manualiter_0_80_density,1.0
artificial_graph_sbmv5_comuAndEmb_0_50_pos_0_50_9,0.5,9,GT_pos,0.16016777755813208,0.6963181907378335,0.02917584473963225,0.6084090909090909,GT_pos_dist,1.0
artificial_graph_sbmv5_comuAndEmb_0_50_pos_0_50_9,0.5,9,GT_pos + Inferred_Commu normal,0.15470557322691694,0.6874386773940345,0.033012398742159596,0.6092132977502296,GT_pos_dist,0.52565515
artificial_graph_sbmv5_comuAndEmb_0_50_pos_0_50_9,0.5,9,GT_pos + Inferred_Commu spatial manuel iter,0.15472495897970523,0.6842376373626373,0.02884609957814924,0.6365924873737374,GT_pos_dist,0.5469123
artificial_graph_sbmv5_comuAndEmb_0_50_pos_0_50_9,0.5,9,GT_pos + Inferred_Commu spatial manuel iter old,0.1258712386081666,0.6095712323390895,0.034426747525045896,0.6182189795684114,GT_pos_dist,0.5599614
artificial_graph_sbmv5_comuAndEmb_0_50_pos_0_50_9,0.5,9,GT_pos + Inferred_Commu spatial manuel iter bined,0.1564844553879757,0.723778453689168,0.027391521970701906,0.5967613636363636,GT_pos_dist,0.5248522
artificial_graph_sbmv5_comuAndEmb_0_50_pos_0_50_9,0.5,9,GT_pos + Inferred_Commu spatial manuel iter 0_20,0.16259185588104114,0.7078836342229199,0.03226011310471997,0.6166140094123049,GT_pos_dist,0.5614901
artificial_graph_sbmv5_comuAndEmb_0_50_pos_0_50_9,0.5,9,GT_pos + Inferred_Commu spatial manuel iter 0_50,0.2409051728161905,0.7250049058084772,0.03406158343244195,0.6288705234159779,GT_pos_dist,0.5153562
artificial_graph_sbmv5_comuAndEmb_0_50_pos_0_50_9,0.5,9,GT_pos + Inferred_Commu spatial manuel iter 0_80,0.12422360416499018,0.6468676412872842,0.030789929209210393,0.6276543847566575,GT_pos_dist,0.5429518
artificial_graph_sbmv5_comuAndEmb_0_50_pos_0_50_9,0.5,9,SiNEcustom_spatial,0.1321019809889839,0.6167214481946626,0.040357270345448434,0.6824050160697889,SiNEcustom_spatial_dist,1.0
artificial_graph_sbmv5_comuAndEmb_0_50_pos_0_50_9,0.5,9,SiNEcustom_spatial_bined,0.16968573559233457,0.6467940541601256,0.04158833317193586,0.6701621326905418,SiNEcustom_spatial_bined_dist,1.0
artificial_graph_sbmv5_comuAndEmb_0_50_pos_0_50_9,0.5,9,SiNE_spatial,0.09116353436781695,0.5851157770800628,0.03371698277955904,0.6335970500459136,SiNE_spatial_dist,1.0
artificial_graph_sbmv5_comuAndEmb_0_50_pos_0_50_9,0.5,9,SiNE_spatial_bined,0.11662705285623191,0.5977727629513343,0.04185196081464586,0.6720879247015611,SiNE_spatial_bined_dist,1.0
artificial_graph_sbmv5_comuAndEmb_0_50_pos_0_50_9,0.5,9,deepwalk,0.10583297484022386,0.6641360871271584,0.040994169457740315,0.6663646407254361,deepwalk_dist,1.0
artificial_graph_sbmv5_comuAndEmb_0_50_pos_0_50_9,0.5,9,GT_pos + SiNEcustom_spatial,0.17841349363646541,0.7110478806907379,0.04054781370483118,0.6719470270890725,SiNEcustom_spatial_dist,0.50215846
artificial_graph_sbmv5_comuAndEmb_0_50_pos_0_50_9,0.5,9,GT_pos + SiNEcustom_spatial_bined,0.20885987668301867,0.7287455847723705,0.0381165092134251,0.693163022268136,SiNEcustom_spatial_bined_dist,0.51812905
artificial_graph_sbmv5_comuAndEmb_0_50_pos_0_50_9,0.5,9,GT_pos + SiNE_spatial,0.13535910675484078,0.6946011577708006,0.036797641846897884,0.6844147440312213,GT_pos_dist,0.53289974
artificial_graph_sbmv5_comuAndEmb_0_50_pos_0_50_9,0.5,9,GT_pos + SiNE_spatial_bined,0.18820758787405567,0.7034561420722134,0.04121275803519622,0.6886763946280992,GT_pos_dist,0.50986934
artificial_graph_sbmv5_comuAndEmb_0_50_pos_0_50_9,0.5,9,GT_pos + deepwalk,0.14600400061024796,0.7155121664050235,0.03595155710205016,0.6795844811753903,deepwalk_dist,0.5135706
artificial_graph_sbmv5_comuAndEmb_0_40_pos_0_60_9,0.3999999999999999,9,Inferred_Commu_normal,0.09512640151583499,0.6024551812450749,0.03497535381135143,0.665417409893656,louvain_density,1.0
artificial_graph_sbmv5_comuAndEmb_0_40_pos_0_60_9,0.3999999999999999,9,Inferred_Commu_spatial_manuel_iter,0.07797779173176846,0.5693705673758866,0.02602595652845716,0.5741418281341485,spatial_louvain_density,1.0
artificial_graph_sbmv5_comuAndEmb_0_40_pos_0_60_9,0.3999999999999999,9,Inferred_Commu_spatial_manuel_iter_old,0.11509980766546021,0.5488943065405831,0.02395436025632994,0.561904249669803,spatial_louvain_old_density,1.0
artificial_graph_sbmv5_comuAndEmb_0_40_pos_0_60_9,0.3999999999999999,9,Inferred_Commu_spatial_manuel_iter_bined,0.07241004942724343,0.5422330575256107,0.021989025029910625,0.5382474367179096,spatial_louvain_bined_density,1.0
artificial_graph_sbmv5_comuAndEmb_0_40_pos_0_60_9,0.3999999999999999,9,Inferred_Commu_spatial_manuel_iter_0_20,0.08462924287074013,0.5674743892829,0.03468925306619751,0.6348801078416689,spatial_louvain_manualiter_0_20_density,1.0
artificial_graph_sbmv5_comuAndEmb_0_40_pos_0_60_9,0.3999999999999999,9,Inferred_Commu_spatial_manuel_iter_0_50,0.0758211251127299,0.5332693065405831,0.02431717060737376,0.5751114500074891,spatial_louvain_manualiter_0_50_density,1.0
artificial_graph_sbmv5_comuAndEmb_0_40_pos_0_60_9,0.3999999999999999,9,Inferred_Commu_spatial_manuel_iter_0_80,0.09034020041667024,0.582668439716312,0.022373455918353352,0.5484612137634292,spatial_louvain_manualiter_0_80_density,1.0
artificial_graph_sbmv5_comuAndEmb_0_40_pos_0_60_9,0.3999999999999999,9,GT_pos,0.11224009317054101,0.6243597320724981,0.03809462724097864,0.6592862297626666,GT_pos_dist,1.0
artificial_graph_sbmv5_comuAndEmb_0_40_pos_0_60_9,0.3999999999999999,9,GT_pos + Inferred_Commu normal,0.10678264735690485,0.6034648345153665,0.03343792199338845,0.6492617202924796,louvain_density,0.73272127
artificial_graph_sbmv5_comuAndEmb_0_40_pos_0_60_9,0.3999999999999999,9,GT_pos + Inferred_Commu spatial manuel iter,0.10551223869521736,0.6370050236406619,0.04272408649025341,0.6526669026837869,GT_pos_dist,0.5461611
artificial_graph_sbmv5_comuAndEmb_0_40_pos_0_60_9,0.3999999999999999,9,GT_pos + Inferred_Commu spatial manuel iter old,0.11509337161193124,0.6393937155240347,0.03286373854445036,0.6569058155526204,GT_pos_dist,0.55864
artificial_graph_sbmv5_comuAndEmb_0_40_pos_0_60_9,0.3999999999999999,9,GT_pos + Inferred_Commu spatial manuel iter bined,0.08546430444997799,0.554792159180457,0.03629072145938476,0.6396668073691807,GT_pos_dist,0.538125
artificial_graph_sbmv5_comuAndEmb_0_40_pos_0_60_9,0.3999999999999999,9,GT_pos + Inferred_Commu spatial manuel iter 0_20,0.11898583442479434,0.6410190110323088,0.036721668414777746,0.6540245911684208,spatial_louvain_manualiter_0_20_density,0.5946842
artificial_graph_sbmv5_comuAndEmb_0_40_pos_0_60_9,0.3999999999999999,9,GT_pos + Inferred_Commu spatial manuel iter 0_50,0.11304927933495475,0.6283121552403468,0.04373069838864198,0.625320733650141,GT_pos_dist,0.5079157
artificial_graph_sbmv5_comuAndEmb_0_40_pos_0_60_9,0.3999999999999999,9,GT_pos + Inferred_Commu spatial manuel iter 0_80,0.09734826135871748,0.5913613081166273,0.032411729957848016,0.6373475306708787,GT_pos_dist,0.5606912
artificial_graph_sbmv5_comuAndEmb_0_40_pos_0_60_9,0.3999999999999999,9,SiNEcustom_spatial,0.13352896886595406,0.6448236800630417,0.029132231632084393,0.6317013657221443,SiNEcustom_spatial_dist,1.0
artificial_graph_sbmv5_comuAndEmb_0_40_pos_0_60_9,0.3999999999999999,9,SiNEcustom_spatial_bined,0.11506492330291762,0.5791592789598108,0.031760409196538955,0.6350520826241473,SiNEcustom_spatial_bined_dist,1.0
artificial_graph_sbmv5_comuAndEmb_0_40_pos_0_60_9,0.3999999999999999,9,SiNE_spatial,0.07758465066198365,0.5225571315996849,0.028331469455204563,0.6137706458245394,SiNE_spatial_dist,1.0
artificial_graph_sbmv5_comuAndEmb_0_40_pos_0_60_9,0.3999999999999999,9,SiNE_spatial_bined,0.08057581759809544,0.5568853427895981,0.02930467633291977,0.6264255661006795,SiNE_spatial_bined_dist,1.0
artificial_graph_sbmv5_comuAndEmb_0_40_pos_0_60_9,0.3999999999999999,9,deepwalk,0.11798714946575373,0.6315504334121356,0.038642960782665714,0.6662203673697253,deepwalk_dist,1.0
artificial_graph_sbmv5_comuAndEmb_0_40_pos_0_60_9,0.3999999999999999,9,GT_pos + SiNEcustom_spatial,0.10904608364045563,0.654932525610717,0.03998021357669032,0.6789458204545146,GT_pos_dist,0.53554916
artificial_graph_sbmv5_comuAndEmb_0_40_pos_0_60_9,0.3999999999999999,9,GT_pos + SiNEcustom_spatial_bined,0.1070655628261809,0.6472000591016548,0.03965892785654148,0.6803764926948163,GT_pos_dist,0.50981355
artificial_graph_sbmv5_comuAndEmb_0_40_pos_0_60_9,0.3999999999999999,9,GT_pos + SiNE_spatial,0.15658204348209248,0.6340991922773838,0.03807174657583902,0.6659227134706771,GT_pos_dist,0.51866865
artificial_graph_sbmv5_comuAndEmb_0_40_pos_0_60_9,0.3999999999999999,9,GT_pos + SiNE_spatial_bined,0.10743276114460418,0.6411052009456264,0.041783246952146316,0.6919034326874635,GT_pos_dist,0.52645135
artificial_graph_sbmv5_comuAndEmb_0_40_pos_0_60_9,0.3999999999999999,9,GT_pos + deepwalk,0.153903772034351,0.6839908392434988,0.04274959723103713,0.6810328018409335,GT_pos_dist,0.52410144
artificial_graph_sbmv5_comuAndEmb_0_30_pos_0_70_9,0.29999999999999993,9,Inferred_Commu_normal,0.15854037342514218,0.7383022275737506,0.040728939686595286,0.673166089965398,louvain_density,1.0
artificial_graph_sbmv5_comuAndEmb_0_30_pos_0_70_9,0.29999999999999993,9,Inferred_Commu_spatial_manuel_iter,0.07706398908954844,0.5304033714629741,0.018735408782831975,0.48090262759515573,spatial_louvain_density,1.0
artificial_graph_sbmv5_comuAndEmb_0_30_pos_0_70_9,0.29999999999999993,9,Inferred_Commu_spatial_manuel_iter_old,0.07096813147732112,0.5100662251655631,0.022084184838902808,0.5382386732266435,spatial_louvain_old_density,1.0
artificial_graph_sbmv5_comuAndEmb_0_30_pos_0_70_9,0.29999999999999993,9,Inferred_Commu_spatial_manuel_iter_bined,0.070642908765195,0.4917639975918121,0.019754198493550413,0.5004437445934256,spatial_louvain_bined_density,1.0
artificial_graph_sbmv5_comuAndEmb_0_30_pos_0_70_9,0.29999999999999993,9,Inferred_Commu_spatial_manuel_iter_0_20,0.16031021043346882,0.7363395544852498,0.031655457800894904,0.6236801200259515,spatial_louvain_manualiter_0_20_density,1.0
artificial_graph_sbmv5_comuAndEmb_0_30_pos_0_70_9,0.29999999999999993,9,Inferred_Commu_spatial_manuel_iter_0_50,0.09537808418931559,0.6142925948223961,0.023565677078089722,0.5431637921712804,spatial_louvain_manualiter_0_50_density,1.0
artificial_graph_sbmv5_comuAndEmb_0_30_pos_0_70_9,0.29999999999999993,9,Inferred_Commu_spatial_manuel_iter_0_80,0.08895484790973403,0.5502347983142685,0.0265234179285549,0.5697018274221454,spatial_louvain_manualiter_0_80_density,1.0
artificial_graph_sbmv5_comuAndEmb_0_30_pos_0_70_9,0.29999999999999993,9,GT_pos,0.12738915022726183,0.6324262492474413,0.04045360357347117,0.6609088451557094,GT_pos_dist,1.0
artificial_graph_sbmv5_comuAndEmb_0_30_pos_0_70_9,0.29999999999999993,9,GT_pos + Inferred_Commu normal,0.18024729246390342,0.6575436484045756,0.03900592788151625,0.6390495242214531,louvain_density,0.50477207
artificial_graph_sbmv5_comuAndEmb_0_30_pos_0_70_9,0.29999999999999993,9,GT_pos + Inferred_Commu spatial manuel iter,0.14678823409384156,0.6228777844671883,0.035554022760370806,0.6352668144463668,GT_pos_dist,0.58188504
artificial_graph_sbmv5_comuAndEmb_0_30_pos_0_70_9,0.29999999999999993,9,GT_pos + Inferred_Commu spatial manuel iter old,0.17450300773305183,0.6220951234196267,0.037739763898262134,0.6659306066176471,GT_pos_dist,0.5348029
artificial_graph_sbmv5_comuAndEmb_0_30_pos_0_70_9,0.29999999999999993,9,GT_pos + Inferred_Commu spatial manuel iter bined,0.14729535946301897,0.6544491270319084,0.04318054699791018,0.6560161656574394,GT_pos_dist,0.60065824
artificial_graph_sbmv5_comuAndEmb_0_30_pos_0_70_9,0.29999999999999993,9,GT_pos + Inferred_Commu spatial manuel iter 0_20,0.19355733547603207,0.661167971101746,0.04142132793964723,0.6561728211505191,spatial_louvain_manualiter_0_20_density,0.69307005
artificial_graph_sbmv5_comuAndEmb_0_30_pos_0_70_9,0.29999999999999993,9,GT_pos + Inferred_Commu spatial manuel iter 0_50,0.1137619361795101,0.6276700782661047,0.03940427389769663,0.6466321096453287,GT_pos_dist,0.5515619
artificial_graph_sbmv5_comuAndEmb_0_30_pos_0_70_9,0.29999999999999993,9,GT_pos + Inferred_Commu spatial manuel iter 0_80,0.1379254051508892,0.6432751354605659,0.04032406367425912,0.6610248161764706,GT_pos_dist,0.5824146
artificial_graph_sbmv5_comuAndEmb_0_30_pos_0_70_9,0.29999999999999993,9,SiNEcustom_spatial,0.10368358056886605,0.6181697772426249,0.033363352196438635,0.6145043522923875,SiNEcustom_spatial_dist,1.0
artificial_graph_sbmv5_comuAndEmb_0_30_pos_0_70_9,0.29999999999999993,9,SiNEcustom_spatial_bined,0.11686307558843684,0.6636243226971704,0.038591011437105804,0.6354395544982698,SiNEcustom_spatial_bined_dist,1.0
artificial_graph_sbmv5_comuAndEmb_0_30_pos_0_70_9,0.29999999999999993,9,SiNE_spatial,0.09945074156259755,0.6572907886815171,0.029751282735024916,0.642455260596886,SiNE_spatial_dist,1.0
artificial_graph_sbmv5_comuAndEmb_0_30_pos_0_70_9,0.29999999999999993,9,SiNE_spatial_bined,0.11990951494917534,0.6508970499698976,0.029012442508747675,0.6125017571366782,SiNE_spatial_bined_dist,1.0
artificial_graph_sbmv5_comuAndEmb_0_30_pos_0_70_9,0.29999999999999993,9,deepwalk,0.18778007601000826,0.7015051173991571,0.05583921265052917,0.7323533466695503,deepwalk_dist,1.0
artificial_graph_sbmv5_comuAndEmb_0_30_pos_0_70_9,0.29999999999999993,9,GT_pos + SiNEcustom_spatial,0.13183307143336653,0.6478025285972306,0.04453514879141948,0.6944816446799308,GT_pos_dist,0.55319583
artificial_graph_sbmv5_comuAndEmb_0_30_pos_0_70_9,0.29999999999999993,9,GT_pos + SiNEcustom_spatial_bined,0.12586155722884818,0.6634437086092713,0.05060668506443633,0.680499026816609,GT_pos_dist,0.54836965
artificial_graph_sbmv5_comuAndEmb_0_30_pos_0_70_9,0.29999999999999993,9,GT_pos + SiNE_spatial,0.13206839622120733,0.6819265502709212,0.04369831672321831,0.6942895761245674,GT_pos_dist,0.54538447
artificial_graph_sbmv5_comuAndEmb_0_30_pos_0_70_9,0.29999999999999993,9,GT_pos + SiNE_spatial_bined,0.12639959780842613,0.670258880192655,0.036823308280301295,0.6561786332179931,GT_pos_dist,0.5482219
artificial_graph_sbmv5_comuAndEmb_0_30_pos_0_70_9,0.29999999999999993,9,GT_pos + deepwalk,0.17278043666399792,0.6943768813967488,0.06773069633780936,0.7514005730968858,deepwalk_dist,0.5825311
artificial_graph_sbmv5_comuAndEmb_0_20_pos_0_80_9,0.19999999999999996,9,Inferred_Commu_normal,0.1346264536220607,0.6969250417526279,0.04743486839772891,0.7213082558391004,louvain_density,1.0
artificial_graph_sbmv5_comuAndEmb_0_20_pos_0_80_9,0.19999999999999996,9,Inferred_Commu_spatial_manuel_iter,0.07212812563791421,0.5271514883583849,0.0209083001595048,0.5335571204584775,spatial_louvain_density,1.0
artificial_graph_sbmv5_comuAndEmb_0_20_pos_0_80_9,0.19999999999999996,9,Inferred_Commu_spatial_manuel_iter_old,0.07421844131714223,0.514392376461342,0.02241739232708347,0.5402115322231834,spatial_louvain_old_density,1.0
artificial_graph_sbmv5_comuAndEmb_0_20_pos_0_80_9,0.19999999999999996,9,Inferred_Commu_spatial_manuel_iter_bined,0.09438088100008474,0.5466892622065035,0.02213864885733233,0.5118199881055363,spatial_louvain_bined_density,1.0
artificial_graph_sbmv5_comuAndEmb_0_20_pos_0_80_9,0.19999999999999996,9,Inferred_Commu_spatial_manuel_iter_0_20,0.11196868879485532,0.6215861086550742,0.046330704128529264,0.7162955503892734,spatial_louvain_manualiter_0_20_density,1.0
artificial_graph_sbmv5_comuAndEmb_0_20_pos_0_80_9,0.19999999999999996,9,Inferred_Commu_spatial_manuel_iter_0_50,0.10903347560965865,0.6178652126927988,0.023025399080678043,0.4529618566176471,spatial_louvain_manualiter_0_50_density,1.0
artificial_graph_sbmv5_comuAndEmb_0_20_pos_0_80_9,0.19999999999999996,9,Inferred_Commu_spatial_manuel_iter_0_80,0.08405082263122124,0.5745652814618332,0.0260452198997392,0.5755155168685121,spatial_louvain_manualiter_0_80_density,1.0
artificial_graph_sbmv5_comuAndEmb_0_20_pos_0_80_9,0.19999999999999996,9,GT_pos,0.14811106491285603,0.6775837508596129,0.05084512894688373,0.6948622675173011,GT_pos_dist,1.0
artificial_graph_sbmv5_comuAndEmb_0_20_pos_0_80_9,0.19999999999999996,9,GT_pos + Inferred_Commu normal,0.15846606815632502,0.6828151095392474,0.05309986214734963,0.7036753892733564,louvain_density,0.587468
artificial_graph_sbmv5_comuAndEmb_0_20_pos_0_80_9,0.19999999999999996,9,GT_pos + Inferred_Commu spatial manuel iter,0.14098962911149734,0.6993073975832597,0.04254477262048305,0.6761994485294118,GT_pos_dist,0.65010995
artificial_graph_sbmv5_comuAndEmb_0_20_pos_0_80_9,0.19999999999999996,9,GT_pos + Inferred_Commu spatial manuel iter old,0.15604185028667297,0.6994301994301995,0.05206378076155861,0.6983585640138408,GT_pos_dist,0.6597532
artificial_graph_sbmv5_comuAndEmb_0_20_pos_0_80_9,0.19999999999999996,9,GT_pos + Inferred_Commu spatial manuel iter bined,0.15570550988412507,0.6957338638373122,0.03848542819318024,0.6619724535034602,GT_pos_dist,0.6182477
artificial_graph_sbmv5_comuAndEmb_0_20_pos_0_80_9,0.19999999999999996,9,GT_pos + Inferred_Commu spatial manuel iter 0_20,0.16512417122859857,0.6629089301503095,0.05893892044102128,0.7149990538494808,spatial_louvain_manualiter_0_20_density,0.51899076
artificial_graph_sbmv5_comuAndEmb_0_20_pos_0_80_9,0.19999999999999996,9,GT_pos + Inferred_Commu spatial manuel iter 0_50,0.15160029391939242,0.6880955889576579,0.03904694995416785,0.6290720966695501,GT_pos_dist,0.60830903
artificial_graph_sbmv5_comuAndEmb_0_20_pos_0_80_9,0.19999999999999996,9,GT_pos + Inferred_Commu spatial manuel iter 0_80,0.13830839388605243,0.6640387071421554,0.046171543278101274,0.6596481671712803,GT_pos_dist,0.6097163
artificial_graph_sbmv5_comuAndEmb_0_20_pos_0_80_9,0.19999999999999996,9,SiNEcustom_spatial,0.08552884687359703,0.5878156007466353,0.03617619342190661,0.6582243458044983,SiNEcustom_spatial_dist,1.0
artificial_graph_sbmv5_comuAndEmb_0_20_pos_0_80_9,0.19999999999999996,9,SiNEcustom_spatial_bined,0.110319575881548,0.6123145692111209,0.03580694039064033,0.6586774167387544,SiNEcustom_spatial_bined_dist,1.0
artificial_graph_sbmv5_comuAndEmb_0_20_pos_0_80_9,0.19999999999999996,9,SiNE_spatial,0.08171902269087274,0.580705373808822,0.03414883998330616,0.6687591911764705,SiNE_spatial_dist,1.0
artificial_graph_sbmv5_comuAndEmb_0_20_pos_0_80_9,0.19999999999999996,9,SiNE_spatial_bined,0.09683246911716392,0.6240789861479517,0.034499525198372405,0.6461959342560554,SiNE_spatial_bined_dist,1.0
artificial_graph_sbmv5_comuAndEmb_0_20_pos_0_80_9,0.19999999999999996,9,deepwalk,0.14493546593442486,0.6956847430985362,0.09276990295175436,0.769523410467128,deepwalk_dist,1.0
artificial_graph_sbmv5_comuAndEmb_0_20_pos_0_80_9,0.19999999999999996,9,GT_pos + SiNEcustom_spatial,0.16950734899652864,0.6943339227821986,0.05837568760326968,0.7175933985726644,GT_pos_dist,0.6014564
artificial_graph_sbmv5_comuAndEmb_0_20_pos_0_80_9,0.19999999999999996,9,GT_pos + SiNEcustom_spatial_bined,0.16840599197560108,0.7009283819628648,0.05107882308377645,0.7242638948961938,GT_pos_dist,0.61819816
artificial_graph_sbmv5_comuAndEmb_0_20_pos_0_80_9,0.19999999999999996,9,GT_pos + SiNE_spatial,0.13547882381485193,0.6524830533451222,0.05818221603016611,0.722594750216263,GT_pos_dist,0.5858256
artificial_graph_sbmv5_comuAndEmb_0_20_pos_0_80_9,0.19999999999999996,9,GT_pos + SiNE_spatial_bined,0.14773709937248086,0.6822993417821004,0.06741064022295087,0.7173076611159169,GT_pos_dist,0.581858
artificial_graph_sbmv5_comuAndEmb_0_20_pos_0_80_9,0.19999999999999996,9,GT_pos + deepwalk,0.21191846574380305,0.6992951173985655,0.102541361005856,0.7716727941176471,deepwalk_dist,0.5069973
artificial_graph_sbmv5_comuAndEmb_0_10_pos_0_90_9,0.09999999999999998,9,Inferred_Commu_normal,0.15723644810343668,0.7311220311220311,0.04929924658485731,0.7489844387755102,louvain_density,1.0
artificial_graph_sbmv5_comuAndEmb_0_10_pos_0_90_9,0.09999999999999998,9,Inferred_Commu_spatial_manuel_iter,0.07353870153087237,0.536106236106236,0.019648700684897255,0.5048799744897958,spatial_louvain_density,1.0
artificial_graph_sbmv5_comuAndEmb_0_10_pos_0_90_9,0.09999999999999998,9,Inferred_Commu_spatial_manuel_iter_old,0.09943372740666584,0.5775242775242776,0.020844147779177383,0.5174094387755103,spatial_louvain_old_density,1.0
artificial_graph_sbmv5_comuAndEmb_0_10_pos_0_90_9,0.09999999999999998,9,Inferred_Commu_spatial_manuel_iter_bined,0.09080966662449162,0.6088569088569089,0.021564654195112748,0.516473724489796,spatial_louvain_bined_density,1.0
artificial_graph_sbmv5_comuAndEmb_0_10_pos_0_90_9,0.09999999999999998,9,Inferred_Commu_spatial_manuel_iter_0_20,0.16163331358243518,0.7436176436176435,0.04527675336612903,0.680459693877551,spatial_louvain_manualiter_0_20_density,1.0
artificial_graph_sbmv5_comuAndEmb_0_10_pos_0_90_9,0.09999999999999998,9,Inferred_Commu_spatial_manuel_iter_0_50,0.13212735741502774,0.6328185328185328,0.03761388289513514,0.6413225765306123,spatial_louvain_manualiter_0_50_density,1.0
artificial_graph_sbmv5_comuAndEmb_0_10_pos_0_90_9,0.09999999999999998,9,Inferred_Commu_spatial_manuel_iter_0_80,0.09695541004532143,0.5750438750438751,0.021388447114565366,0.5243960459183672,spatial_louvain_manualiter_0_80_density,1.0
artificial_graph_sbmv5_comuAndEmb_0_10_pos_0_90_9,0.09999999999999998,9,GT_pos,0.17985333225712213,0.6855504855504856,0.04999848133465673,0.7064784438775511,GT_pos_dist,1.0
artificial_graph_sbmv5_comuAndEmb_0_10_pos_0_90_9,0.09999999999999998,9,GT_pos + Inferred_Commu normal,0.16899151336959645,0.6972387972387972,0.0562717955646011,0.7287705357142857,GT_pos_dist,0.5726607
artificial_graph_sbmv5_comuAndEmb_0_10_pos_0_90_9,0.09999999999999998,9,GT_pos + Inferred_Commu spatial manuel iter,0.17113562379854402,0.7034164034164034,0.04834244118923917,0.6911209183673469,GT_pos_dist,0.67259485
artificial_graph_sbmv5_comuAndEmb_0_10_pos_0_90_9,0.09999999999999998,9,GT_pos + Inferred_Commu spatial manuel iter old,0.14549429908371714,0.6926406926406927,0.04727682078320916,0.6832426020408163,GT_pos_dist,0.636237
artificial_graph_sbmv5_comuAndEmb_0_10_pos_0_90_9,0.09999999999999998,9,GT_pos + Inferred_Commu spatial manuel iter bined,0.1670715404634724,0.6685386685386685,0.049425152615238145,0.7073020408163265,GT_pos_dist,0.6488867
artificial_graph_sbmv5_comuAndEmb_0_10_pos_0_90_9,0.09999999999999998,9,GT_pos + Inferred_Commu spatial manuel iter 0_20,0.1846722876099064,0.6993798993798994,0.05388959215894354,0.7151686224489797,spatial_louvain_manualiter_0_20_density,0.613257
artificial_graph_sbmv5_comuAndEmb_0_10_pos_0_90_9,0.09999999999999998,9,GT_pos + Inferred_Commu spatial manuel iter 0_50,0.17344719701460978,0.6953316953316954,0.04914037161792022,0.6850044642857144,GT_pos_dist,0.60690624
artificial_graph_sbmv5_comuAndEmb_0_10_pos_0_90_9,0.09999999999999998,9,GT_pos + Inferred_Commu spatial manuel iter 0_80,0.207124037695015,0.6787995787995789,0.04782267865792804,0.6845576530612245,GT_pos_dist,0.6641041
artificial_graph_sbmv5_comuAndEmb_0_10_pos_0_90_9,0.09999999999999998,9,SiNEcustom_spatial,0.132573899438448,0.6543582543582543,0.03630218828968527,0.6457327806122449,SiNEcustom_spatial_dist,1.0
artificial_graph_sbmv5_comuAndEmb_0_10_pos_0_90_9,0.09999999999999998,9,SiNEcustom_spatial_bined,0.08534254404773102,0.5828711828711828,0.030418690650416406,0.619719387755102,SiNEcustom_spatial_bined_dist,1.0
artificial_graph_sbmv5_comuAndEmb_0_10_pos_0_90_9,0.09999999999999998,9,SiNE_spatial,0.1263417692850302,0.6888498888498888,0.03731448746359665,0.6818275510204082,SiNE_spatial_dist,1.0
artificial_graph_sbmv5_comuAndEmb_0_10_pos_0_90_9,0.09999999999999998,9,SiNE_spatial_bined,0.1574057364072973,0.7027729027729027,0.03778202682720812,0.6810341836734695,SiNE_spatial_bined_dist,1.0
artificial_graph_sbmv5_comuAndEmb_0_10_pos_0_90_9,0.09999999999999998,9,deepwalk,0.19236687582537063,0.7555750555750556,0.08728991129108965,0.7761210459183674,deepwalk_dist,1.0
artificial_graph_sbmv5_comuAndEmb_0_10_pos_0_90_9,0.09999999999999998,9,GT_pos + SiNEcustom_spatial,0.21353366581139957,0.722089622089622,0.0488770760648457,0.7237247448979591,GT_pos_dist,0.59485966
artificial_graph_sbmv5_comuAndEmb_0_10_pos_0_90_9,0.09999999999999998,9,GT_pos + SiNEcustom_spatial_bined,0.17029864577968415,0.6837018837018837,0.05432559462918575,0.7146227040816326,GT_pos_dist,0.57829356
artificial_graph_sbmv5_comuAndEmb_0_10_pos_0_90_9,0.09999999999999998,9,GT_pos + SiNE_spatial,0.1410967618295126,0.6848016848016847,0.05424578645589947,0.7282725765306123,GT_pos_dist,0.5669226
artificial_graph_sbmv5_comuAndEmb_0_10_pos_0_90_9,0.09999999999999998,9,GT_pos + SiNE_spatial_bined,0.19396044546721541,0.712074412074412,0.054064864765249715,0.7283140306122449,GT_pos_dist,0.5963453
artificial_graph_sbmv5_comuAndEmb_0_10_pos_0_90_9,0.09999999999999998,9,GT_pos + deepwalk,0.2043919850584728,0.7452088452088452,0.08043580287527131,0.783729081632653,deepwalk_dist,0.558152
artificial_graph_sbmv5_comuAndEmb_0_00_pos_1_00_9,0.0,9,Inferred_Commu_normal,0.18639293144752886,0.7987872967661246,0.05516653493084078,0.7692577806122448,louvain_density,1.0
artificial_graph_sbmv5_comuAndEmb_0_00_pos_1_00_9,0.0,9,Inferred_Commu_spatial_manuel_iter,0.08315978914089604,0.508397355726282,0.020627372015735657,0.52230625,spatial_louvain_density,1.0
artificial_graph_sbmv5_comuAndEmb_0_00_pos_1_00_9,0.0,9,Inferred_Commu_spatial_manuel_iter_old,0.1048421892084768,0.543974450598535,0.0236849675018355,0.5556511479591837,spatial_louvain_old_density,1.0
artificial_graph_sbmv5_comuAndEmb_0_00_pos_1_00_9,0.0,9,Inferred_Commu_spatial_manuel_iter_bined,0.07937977221315319,0.5419197784527425,0.022315235327615177,0.548817729591837,spatial_louvain_bined_density,1.0
artificial_graph_sbmv5_comuAndEmb_0_00_pos_1_00_9,0.0,9,Inferred_Commu_spatial_manuel_iter_0_20,0.18310290317800113,0.7874642665713776,0.05464822205853033,0.7653714285714286,spatial_louvain_manualiter_0_20_density,1.0
artificial_graph_sbmv5_comuAndEmb_0_00_pos_1_00_9,0.0,9,Inferred_Commu_spatial_manuel_iter_0_50,0.11405249621885773,0.6633799356798286,0.04578342742878636,0.692468112244898,spatial_louvain_manualiter_0_50_density,1.0
artificial_graph_sbmv5_comuAndEmb_0_00_pos_1_00_9,0.0,9,Inferred_Commu_spatial_manuel_iter_0_80,0.0995735676904839,0.5952184205824549,0.023785165134959502,0.5341542091836736,spatial_louvain_manualiter_0_80_density,1.0
artificial_graph_sbmv5_comuAndEmb_0_00_pos_1_00_9,0.0,9,GT_pos,0.18377546627470207,0.7382638020368053,0.06267130100306904,0.7529076530612244,GT_pos_dist,1.0
artificial_graph_sbmv5_comuAndEmb_0_00_pos_1_00_9,0.0,9,GT_pos + Inferred_Commu normal,0.2170434456334931,0.7770904055744148,0.060410538275915006,0.7725432397959183,louvain_density,0.79942614
artificial_graph_sbmv5_comuAndEmb_0_00_pos_1_00_9,0.0,9,GT_pos + Inferred_Commu spatial manuel iter,0.1763236814822623,0.7306146149723067,0.06219424402948455,0.7439511479591836,GT_pos_dist,0.6577137
artificial_graph_sbmv5_comuAndEmb_0_00_pos_1_00_9,0.0,9,GT_pos + Inferred_Commu spatial manuel iter old,0.1797492933928667,0.7212010898695731,0.05632209315130275,0.7277579081632655,GT_pos_dist,0.63951886
artificial_graph_sbmv5_comuAndEmb_0_00_pos_1_00_9,0.0,9,GT_pos + Inferred_Commu spatial manuel iter bined,0.192247929256452,0.724785599428265,0.07347829429426986,0.7506414540816326,GT_pos_dist,0.6774725
artificial_graph_sbmv5_comuAndEmb_0_00_pos_1_00_9,0.0,9,GT_pos + Inferred_Commu spatial manuel iter 0_20,0.22981075018010894,0.7777269072717526,0.06863364908023184,0.7696813775510204,spatial_louvain_manualiter_0_20_density,0.7249552
artificial_graph_sbmv5_comuAndEmb_0_00_pos_1_00_9,0.0,9,GT_pos + Inferred_Commu spatial manuel iter 0_50,0.19712578755202279,0.7379064677505807,0.06639653883236706,0.7602761479591837,GT_pos_dist,0.54447865
artificial_graph_sbmv5_comuAndEmb_0_00_pos_1_00_9,0.0,9,GT_pos + Inferred_Commu spatial manuel iter 0_80,0.1774496378317264,0.7499553332142219,0.04851511275404771,0.7273303571428572,GT_pos_dist,0.6154287
artificial_graph_sbmv5_comuAndEmb_0_00_pos_1_00_9,0.0,9,SiNEcustom_spatial,0.11749282551140691,0.6584330891549044,0.047724987075408135,0.7380577806122448,SiNEcustom_spatial_dist,1.0
artificial_graph_sbmv5_comuAndEmb_0_00_pos_1_00_9,0.0,9,SiNEcustom_spatial_bined,0.17808234953505173,0.7137752367339646,0.053812441725518675,0.7231936224489796,SiNEcustom_spatial_bined_dist,1.0
artificial_graph_sbmv5_comuAndEmb_0_00_pos_1_00_9,0.0,9,SiNE_spatial,0.13213240033059692,0.7356731284616759,0.05003644857972993,0.7649955357142859,SiNE_spatial_dist,1.0
artificial_graph_sbmv5_comuAndEmb_0_00_pos_1_00_9,0.0,9,SiNE_spatial_bined,0.18966719447364178,0.7478336608897623,0.045269874674368965,0.7560627551020408,SiNE_spatial_bined_dist,1.0
artificial_graph_sbmv5_comuAndEmb_0_00_pos_1_00_9,0.0,9,deepwalk,0.26076189465238436,0.8120198320528855,0.12686580394111363,0.8355442602040817,deepwalk_dist,1.0
artificial_graph_sbmv5_comuAndEmb_0_00_pos_1_00_9,0.0,9,GT_pos + SiNEcustom_spatial,0.20825693795233552,0.7549691799178131,0.07804140604642655,0.8006732142857143,GT_pos_dist,0.5429459
artificial_graph_sbmv5_comuAndEmb_0_00_pos_1_00_9,0.0,9,GT_pos + SiNEcustom_spatial_bined,0.22920685370759744,0.7706807218152583,0.09180324043067595,0.7864536989795918,GT_pos_dist,0.5733251
artificial_graph_sbmv5_comuAndEmb_0_00_pos_1_00_9,0.0,9,GT_pos + SiNE_spatial,0.25000448473260245,0.8035778095408255,0.07845321630783372,0.8132695153061225,SiNE_spatial_dist,0.5398987
artificial_graph_sbmv5_comuAndEmb_0_00_pos_1_00_9,0.0,9,GT_pos + SiNE_spatial_bined,0.2532208650637253,0.7914061104162944,0.08258306672933174,0.7999206632653062,SiNE_spatial_bined_dist,0.57121676
artificial_graph_sbmv5_comuAndEmb_0_00_pos_1_00_9,0.0,9,GT_pos + deepwalk,0.36678661106196203,0.8349115597641594,0.10365180693957421,0.8343521683673469,deepwalk_dist,0.6349489
artificial_graph_sbmv5_comuAndEmb_1_00_pos_0_00_10,1.0,10,Inferred_Commu_normal,0.15771710043451814,0.7524407252440726,0.047502640727134435,0.7529922034555239,louvain_density,1.0
artificial_graph_sbmv5_comuAndEmb_1_00_pos_0_00_10,1.0,10,Inferred_Commu_spatial_manuel_iter,0.19911573406197688,0.7840188416094312,0.06435060097996934,0.7660804102502943,spatial_louvain_density,1.0
artificial_graph_sbmv5_comuAndEmb_1_00_pos_0_00_10,1.0,10,Inferred_Commu_spatial_manuel_iter_old,0.18873459177130228,0.7904134101734166,0.04795212833678027,0.7351187370492389,spatial_louvain_old_density,1.0
artificial_graph_sbmv5_comuAndEmb_1_00_pos_0_00_10,1.0,10,Inferred_Commu_spatial_manuel_iter_bined,0.20402494970181814,0.7997157969527118,0.053337639368438695,0.7469845410772051,spatial_louvain_bined_density,1.0
artificial_graph_sbmv5_comuAndEmb_1_00_pos_0_00_10,1.0,10,Inferred_Commu_spatial_manuel_iter_0_20,0.20650322245564895,0.8169521854688035,0.060183381610062925,0.7849201711363873,spatial_louvain_manualiter_0_20_density,1.0
artificial_graph_sbmv5_comuAndEmb_1_00_pos_0_00_10,1.0,10,Inferred_Commu_spatial_manuel_iter_0_50,0.1739443219925042,0.7719138970027104,0.061711702122915775,0.7782373548396715,spatial_louvain_manualiter_0_50_density,1.0
artificial_graph_sbmv5_comuAndEmb_1_00_pos_0_00_10,1.0,10,Inferred_Commu_spatial_manuel_iter_0_80,0.1985093630387601,0.8018604773558591,0.04828658691463298,0.7408179663392018,spatial_louvain_manualiter_0_80_density,1.0
artificial_graph_sbmv5_comuAndEmb_1_00_pos_0_00_10,1.0,10,GT_pos,0.07377756562097826,0.5056314307518224,0.018633029184014493,0.490930814984869,GT_pos_dist,1.0
artificial_graph_sbmv5_comuAndEmb_1_00_pos_0_00_10,1.0,10,GT_pos + Inferred_Commu normal,0.14135005360963931,0.7150206573511223,0.042445348014717145,0.7175630953623231,louvain_density,0.8119961
artificial_graph_sbmv5_comuAndEmb_1_00_pos_0_00_10,1.0,10,GT_pos + Inferred_Commu spatial manuel iter,0.18211463217427307,0.741809426067735,0.04843147632234798,0.7104291826299548,spatial_louvain_density,0.83154
artificial_graph_sbmv5_comuAndEmb_1_00_pos_0_00_10,1.0,10,GT_pos + Inferred_Commu spatial manuel iter old,0.19052034980646615,0.7631904423567801,0.04488294265896236,0.7254520654134553,spatial_louvain_old_density,0.8054214
artificial_graph_sbmv5_comuAndEmb_1_00_pos_0_00_10,1.0,10,GT_pos + Inferred_Commu spatial manuel iter bined,0.19070886106172039,0.7767558748453989,0.0535273903422056,0.7347863031260714,spatial_louvain_bined_density,0.7996047
artificial_graph_sbmv5_comuAndEmb_1_00_pos_0_00_10,1.0,10,GT_pos + Inferred_Commu spatial manuel iter 0_20,0.19592110036505328,0.7779532117575854,0.0535946508672048,0.7475147955456836,spatial_louvain_manualiter_0_20_density,0.8155234
artificial_graph_sbmv5_comuAndEmb_1_00_pos_0_00_10,1.0,10,GT_pos + Inferred_Commu spatial manuel iter 0_50,0.14381503237800214,0.7480724191468645,0.05224191037421988,0.7467935779132691,spatial_louvain_manualiter_0_50_density,0.81308794
artificial_graph_sbmv5_comuAndEmb_1_00_pos_0_00_10,1.0,10,GT_pos + Inferred_Commu spatial manuel iter 0_80,0.1775121433169151,0.763769374490145,0.04256141594551002,0.6877413872780668,spatial_louvain_manualiter_0_80_density,0.80704826
artificial_graph_sbmv5_comuAndEmb_1_00_pos_0_00_10,1.0,10,SiNEcustom_spatial,0.32149082136310303,0.8361753638062156,0.1640112249228421,0.8627803700004473,SiNEcustom_spatial_dist,1.0
artificial_graph_sbmv5_comuAndEmb_1_00_pos_0_00_10,1.0,10,SiNEcustom_spatial_bined,0.3482648124310243,0.8282018894239626,0.13318936616921928,0.8388558608249729,SiNEcustom_spatial_bined_dist,1.0
artificial_graph_sbmv5_comuAndEmb_1_00_pos_0_00_10,1.0,10,SiNE_spatial,0.18018908055403698,0.7768479776847977,0.08804830605040297,0.802215828625095,SiNE_spatial_dist,1.0
artificial_graph_sbmv5_comuAndEmb_1_00_pos_0_00_10,1.0,10,SiNE_spatial_bined,0.20666087681739248,0.764953553853846,0.10878346737113687,0.8174809558593343,SiNE_spatial_bined_dist,1.0
artificial_graph_sbmv5_comuAndEmb_1_00_pos_0_00_10,1.0,10,deepwalk,0.30990537250652167,0.806715612747033,0.08229477858629818,0.8222492210909199,deepwalk_dist,1.0
artificial_graph_sbmv5_comuAndEmb_1_00_pos_0_00_10,1.0,10,GT_pos + SiNEcustom_spatial,0.2927205148456202,0.8175442751506539,0.14209791573550593,0.8328076504524382,SiNEcustom_spatial_dist,0.7238717
artificial_graph_sbmv5_comuAndEmb_1_00_pos_0_00_10,1.0,10,GT_pos + SiNEcustom_spatial_bined,0.32434050800355096,0.8211099707902424,0.11950915308783439,0.8168081871170674,SiNEcustom_spatial_bined_dist,0.73561144
artificial_graph_sbmv5_comuAndEmb_1_00_pos_0_00_10,1.0,10,GT_pos + SiNE_spatial,0.22000285807377304,0.7649403963053605,0.08002398102774495,0.7843820157719772,SiNE_spatial_dist,0.70394367
artificial_graph_sbmv5_comuAndEmb_1_00_pos_0_00_10,1.0,10,GT_pos + SiNE_spatial_bined,0.2313308026951909,0.7708218204784083,0.08126882180165262,0.7910742236997064,SiNE_spatial_bined_dist,0.6814628
artificial_graph_sbmv5_comuAndEmb_1_00_pos_0_00_10,1.0,10,GT_pos + deepwalk,0.2523815173235593,0.7850319728428199,0.06811560213125242,0.7903363098343793,deepwalk_dist,0.7003749
artificial_graph_sbmv5_comuAndEmb_0_90_pos_0_10_10,0.9,10,Inferred_Commu_normal,0.15709912790602953,0.7441854807318022,0.04103023951384179,0.7181578947368422,louvain_density,1.0
artificial_graph_sbmv5_comuAndEmb_0_90_pos_0_10_10,0.9,10,Inferred_Commu_spatial_manuel_iter,0.18011566330350232,0.7719200077851304,0.050226328788777294,0.734755780428515,spatial_louvain_density,1.0
artificial_graph_sbmv5_comuAndEmb_0_90_pos_0_10_10,0.9,10,Inferred_Commu_spatial_manuel_iter_old,0.16894683452838016,0.7226425652004671,0.04415682172298816,0.6992002091695404,spatial_louvain_old_density,1.0
artificial_graph_sbmv5_comuAndEmb_0_90_pos_0_10_10,0.9,10,Inferred_Commu_spatial_manuel_iter_bined,0.19380579152861105,0.7919423900350331,0.0456505315081824,0.7185503702866188,spatial_louvain_bined_density,1.0
artificial_graph_sbmv5_comuAndEmb_0_90_pos_0_10_10,0.9,10,Inferred_Commu_spatial_manuel_iter_0_20,0.17271322842215403,0.7454262358894511,0.04945123946495727,0.7464048278591215,spatial_louvain_manualiter_0_20_density,1.0
artificial_graph_sbmv5_comuAndEmb_0_90_pos_0_10_10,0.9,10,Inferred_Commu_spatial_manuel_iter_0_50,0.17911140862900832,0.7994355780459322,0.04553984039427264,0.7310194188478716,spatial_louvain_manualiter_0_50_density,1.0
artificial_graph_sbmv5_comuAndEmb_0_90_pos_0_10_10,0.9,10,Inferred_Commu_spatial_manuel_iter_0_80,0.15842223851006446,0.7215599455040872,0.046233922195904095,0.6900682627621686,spatial_louvain_manualiter_0_80_density,1.0
artificial_graph_sbmv5_comuAndEmb_0_90_pos_0_10_10,0.9,10,GT_pos,0.0835606124693129,0.5570260801868431,0.021731558738504977,0.5176108033240998,GT_pos_dist,1.0
artificial_graph_sbmv5_comuAndEmb_0_90_pos_0_10_10,0.9,10,GT_pos + Inferred_Commu normal,0.18074786096863873,0.7432123394316855,0.0412001453387036,0.6834501667703092,louvain_density,0.74974936
artificial_graph_sbmv5_comuAndEmb_0_90_pos_0_10_10,0.9,10,GT_pos + Inferred_Commu spatial manuel iter,0.2165816626563176,0.7469346049046321,0.042418269222339745,0.6694341115947765,spatial_louvain_density,0.7384312
artificial_graph_sbmv5_comuAndEmb_0_90_pos_0_10_10,0.9,10,GT_pos + Inferred_Commu spatial manuel iter old,0.16156379860137574,0.7219492020241338,0.04914346853329277,0.669118519984171,spatial_louvain_old_density,0.78983295
artificial_graph_sbmv5_comuAndEmb_0_90_pos_0_10_10,0.9,10,GT_pos + Inferred_Commu spatial manuel iter bined,0.22367003909433325,0.7716767224601012,0.045638682067014255,0.6853456950647295,spatial_louvain_bined_density,0.73572296
artificial_graph_sbmv5_comuAndEmb_0_90_pos_0_10_10,0.9,10,GT_pos + Inferred_Commu spatial manuel iter 0_20,0.18389814342797395,0.7099430712339432,0.035660873324988,0.6301592797783934,spatial_louvain_manualiter_0_20_density,0.7371119
artificial_graph_sbmv5_comuAndEmb_0_90_pos_0_10_10,0.9,10,GT_pos + Inferred_Commu spatial manuel iter 0_50,0.1861950165126045,0.7795470027247957,0.049661043242716064,0.6842036011080332,spatial_louvain_manualiter_0_50_density,0.7778298
artificial_graph_sbmv5_comuAndEmb_0_90_pos_0_10_10,0.9,10,GT_pos + Inferred_Commu spatial manuel iter 0_80,0.20308627569403498,0.7250510899182561,0.04187353163636873,0.6584561026626717,spatial_louvain_manualiter_0_80_density,0.82627314
artificial_graph_sbmv5_comuAndEmb_0_90_pos_0_10_10,0.9,10,SiNEcustom_spatial,0.33157928654306734,0.8416699104710004,0.10717779853303668,0.8141296851150431,SiNEcustom_spatial_dist,1.0
artificial_graph_sbmv5_comuAndEmb_0_90_pos_0_10_10,0.9,10,SiNEcustom_spatial_bined,0.36141712521884456,0.8696963799143637,0.10703085224156558,0.799340550624682,SiNEcustom_spatial_bined_dist,1.0
artificial_graph_sbmv5_comuAndEmb_0_90_pos_0_10_10,0.9,10,SiNE_spatial,0.2901486003849607,0.8016008174386922,0.053238731718991225,0.7314535869749561,SiNE_spatial_dist,1.0
artificial_graph_sbmv5_comuAndEmb_0_90_pos_0_10_10,0.9,10,SiNE_spatial_bined,0.19400371483637677,0.7562645971195017,0.05252627497523656,0.7262035728418792,SiNE_spatial_bined_dist,1.0
artificial_graph_sbmv5_comuAndEmb_0_90_pos_0_10_10,0.9,10,deepwalk,0.3514627816724665,0.8497956403269755,0.10125447412457464,0.790469642150489,deepwalk_dist,1.0
artificial_graph_sbmv5_comuAndEmb_0_90_pos_0_10_10,0.9,10,GT_pos + SiNEcustom_spatial,0.38436752933868684,0.8585052549630205,0.0799447354723756,0.780662134659958,SiNEcustom_spatial_dist,0.71124256
artificial_graph_sbmv5_comuAndEmb_0_90_pos_0_10_10,0.9,10,GT_pos + SiNEcustom_spatial_bined,0.36387319069447893,0.8618139353834177,0.09518561975501155,0.7805613658205665,SiNEcustom_spatial_bined_dist,0.69996274
artificial_graph_sbmv5_comuAndEmb_0_90_pos_0_10_10,0.9,10,GT_pos + SiNE_spatial,0.26117453308697747,0.7970757103931492,0.05437955519505946,0.7136464752105829,SiNE_spatial_dist,0.6210327
artificial_graph_sbmv5_comuAndEmb_0_90_pos_0_10_10,0.9,10,GT_pos + SiNE_spatial_bined,0.22737211010973027,0.7473603542234333,0.05219752516057907,0.707298603651987,SiNE_spatial_bined_dist,0.60887396
artificial_graph_sbmv5_comuAndEmb_0_90_pos_0_10_10,0.9,10,GT_pos + deepwalk,0.3246160905974793,0.830040871934605,0.0780618462782526,0.7561464752105829,deepwalk_dist,0.6589938
artificial_graph_sbmv5_comuAndEmb_0_80_pos_0_20_10,0.8,10,Inferred_Commu_normal,0.1169626768907635,0.6658928654752461,0.0390968420817473,0.7103625529071063,louvain_density,1.0
artificial_graph_sbmv5_comuAndEmb_0_80_pos_0_20_10,0.8,10,Inferred_Commu_spatial_manuel_iter,0.12030409397104809,0.6468666884419766,0.04876269078244325,0.7171540153709067,spatial_louvain_density,1.0
artificial_graph_sbmv5_comuAndEmb_0_80_pos_0_20_10,0.8,10,Inferred_Commu_spatial_manuel_iter_old,0.1380875679346325,0.6958844664271382,0.03986077758658168,0.6635866841167298,spatial_louvain_old_density,1.0
artificial_graph_sbmv5_comuAndEmb_0_80_pos_0_20_10,0.8,10,Inferred_Commu_spatial_manuel_iter_bined,0.12122968805226314,0.687730390555737,0.0449009370671598,0.7250451102695478,spatial_louvain_bined_density,1.0
artificial_graph_sbmv5_comuAndEmb_0_80_pos_0_20_10,0.8,10,Inferred_Commu_spatial_manuel_iter_0_20,0.13625230218615286,0.6903550930894499,0.04191065879100375,0.7089999164624637,spatial_louvain_manualiter_0_20_density,1.0
artificial_graph_sbmv5_comuAndEmb_0_80_pos_0_20_10,0.8,10,Inferred_Commu_spatial_manuel_iter_0_50,0.10939957108323856,0.6314917642667164,0.04176111761083895,0.7338104254845177,spatial_louvain_manualiter_0_50_density,1.0
artificial_graph_sbmv5_comuAndEmb_0_80_pos_0_20_10,0.8,10,Inferred_Commu_spatial_manuel_iter_0_80,0.13433087380342107,0.7133241565955859,0.03962047851281572,0.7159612385832034,spatial_louvain_manualiter_0_80_density,1.0
artificial_graph_sbmv5_comuAndEmb_0_80_pos_0_20_10,0.8,10,GT_pos,0.09439341767798685,0.5133568195604498,0.02350407785072987,0.5529612664290487,GT_pos_dist,1.0
artificial_graph_sbmv5_comuAndEmb_0_80_pos_0_20_10,0.8,10,GT_pos + Inferred_Commu normal,0.13147139178141598,0.642667164388036,0.038904789955021765,0.6732574069948764,louvain_density,0.68748534
artificial_graph_sbmv5_comuAndEmb_0_80_pos_0_20_10,0.8,10,GT_pos + Inferred_Commu spatial manuel iter,0.13547541431183063,0.6333232233680183,0.04394513520206045,0.7043988081978169,spatial_louvain_density,0.6964196
artificial_graph_sbmv5_comuAndEmb_0_80_pos_0_20_10,0.8,10,GT_pos + Inferred_Commu spatial manuel iter old,0.13738397438457378,0.6586953478605758,0.030475675446002482,0.6242890955669413,spatial_louvain_old_density,0.69839185
artificial_graph_sbmv5_comuAndEmb_0_80_pos_0_20_10,0.8,10,GT_pos + Inferred_Commu spatial manuel iter bined,0.11299897095676203,0.6175750081657412,0.04060221271429803,0.6671849242593005,spatial_louvain_bined_density,0.6969645
artificial_graph_sbmv5_comuAndEmb_0_80_pos_0_20_10,0.8,10,GT_pos + Inferred_Commu spatial manuel iter 0_20,0.13343628122247422,0.6581820726984274,0.034694680759185116,0.652303826019158,spatial_louvain_manualiter_0_20_density,0.69686276
artificial_graph_sbmv5_comuAndEmb_0_80_pos_0_20_10,0.8,10,GT_pos + Inferred_Commu spatial manuel iter 0_50,0.12758007508846045,0.6385026363678783,0.045170248041372305,0.7361714747159724,spatial_louvain_manualiter_0_50_density,0.6623369
artificial_graph_sbmv5_comuAndEmb_0_80_pos_0_20_10,0.8,10,GT_pos + Inferred_Commu spatial manuel iter 0_80,0.12855429249711428,0.6617983295226542,0.03223829717005635,0.6584186344397415,spatial_louvain_manualiter_0_80_density,0.67055523
artificial_graph_sbmv5_comuAndEmb_0_80_pos_0_20_10,0.8,10,SiNEcustom_spatial,0.16905016782381171,0.7005272735756614,0.08315711879246458,0.7282242704388505,SiNEcustom_spatial_dist,1.0
artificial_graph_sbmv5_comuAndEmb_0_80_pos_0_20_10,0.8,10,SiNEcustom_spatial_bined,0.1630729364534848,0.6854556483598525,0.08348570896718685,0.7267013811539318,SiNEcustom_spatial_bined_dist,1.0
artificial_graph_sbmv5_comuAndEmb_0_80_pos_0_20_10,0.8,10,SiNE_spatial,0.10859699993792898,0.6043931687742056,0.03546883352650884,0.6503228725774115,SiNE_spatial_dist,1.0
artificial_graph_sbmv5_comuAndEmb_0_80_pos_0_20_10,0.8,10,SiNE_spatial_bined,0.16785924606225963,0.7292356866221829,0.0433542093076327,0.6660397638672308,SiNE_spatial_bined_dist,1.0
artificial_graph_sbmv5_comuAndEmb_0_80_pos_0_20_10,0.8,10,deepwalk,0.19550070188637697,0.7129392002239745,0.08541801588254554,0.7357991757629762,deepwalk_dist,1.0
artificial_graph_sbmv5_comuAndEmb_0_80_pos_0_20_10,0.8,10,GT_pos + SiNEcustom_spatial,0.1757649448984667,0.7090079790957025,0.07445767663687142,0.729151119402985,SiNEcustom_spatial_dist,0.65183616
artificial_graph_sbmv5_comuAndEmb_0_80_pos_0_20_10,0.8,10,GT_pos + SiNEcustom_spatial_bined,0.19471811504444886,0.6797629601978443,0.06904957369337741,0.7327659278235688,SiNEcustom_spatial_bined_dist,0.63609695
artificial_graph_sbmv5_comuAndEmb_0_80_pos_0_20_10,0.8,10,GT_pos + SiNE_spatial,0.09145724892196569,0.5882250011665345,0.038164191272830224,0.6659275451102695,SiNE_spatial_dist,0.5881158
artificial_graph_sbmv5_comuAndEmb_0_80_pos_0_20_10,0.8,10,GT_pos + SiNE_spatial_bined,0.163512681321185,0.7122392795483179,0.04678726072528841,0.6826640120294052,SiNE_spatial_bined_dist,0.5846304
artificial_graph_sbmv5_comuAndEmb_0_80_pos_0_20_10,0.8,10,GT_pos + deepwalk,0.21085642418210362,0.6975642760487144,0.07160568255788886,0.7403827411450212,deepwalk_dist,0.64470625
artificial_graph_sbmv5_comuAndEmb_0_70_pos_0_30_10,0.7,10,Inferred_Commu_normal,0.10089959805509799,0.6420811892510007,0.030431279772066028,0.6335931763883224,louvain_density,1.0
artificial_graph_sbmv5_comuAndEmb_0_70_pos_0_30_10,0.7,10,Inferred_Commu_spatial_manuel_iter,0.11010563573530632,0.669291543219502,0.034546756119748334,0.6634658528057806,spatial_louvain_density,1.0
artificial_graph_sbmv5_comuAndEmb_0_70_pos_0_30_10,0.7,10,Inferred_Commu_spatial_manuel_iter_old,0.10885424959811757,0.6767503508498364,0.031955625549363334,0.6486447468096265,spatial_louvain_old_density,1.0
artificial_graph_sbmv5_comuAndEmb_0_70_pos_0_30_10,0.7,10,Inferred_Commu_spatial_manuel_iter_bined,0.10222398344222759,0.65146317376163,0.022665145520202667,0.518231892080881,spatial_louvain_bined_density,1.0
artificial_graph_sbmv5_comuAndEmb_0_70_pos_0_30_10,0.7,10,Inferred_Commu_spatial_manuel_iter_0_20,0.1112167581263641,0.6782577057019596,0.03882195930110273,0.6756150573975875,spatial_louvain_manualiter_0_20_density,1.0
artificial_graph_sbmv5_comuAndEmb_0_70_pos_0_30_10,0.7,10,Inferred_Commu_spatial_manuel_iter_0_50,0.10096131402907901,0.6424840168407921,0.03675665569106442,0.6636756307907464,spatial_louvain_manualiter_0_50_density,1.0
artificial_graph_sbmv5_comuAndEmb_0_70_pos_0_30_10,0.7,10,Inferred_Commu_spatial_manuel_iter_0_80,0.10814065837345381,0.670928842455429,0.03369975940245184,0.6769720587378358,spatial_louvain_manualiter_0_80_density,1.0
artificial_graph_sbmv5_comuAndEmb_0_70_pos_0_30_10,0.7,10,GT_pos,0.07566547972550608,0.5329409012942461,0.026231876141781386,0.5630550375852224,GT_pos_dist,1.0
artificial_graph_sbmv5_comuAndEmb_0_70_pos_0_30_10,0.7,10,GT_pos + Inferred_Commu normal,0.12657518723969033,0.6439263995010136,0.029810090465639705,0.6341416584115145,louvain_density,0.6407872
artificial_graph_sbmv5_comuAndEmb_0_70_pos_0_30_10,0.7,10,GT_pos + Inferred_Commu spatial manuel iter,0.11897251962217237,0.6646915120328498,0.03297020585192957,0.6490201619952217,spatial_louvain_density,0.6558695
artificial_graph_sbmv5_comuAndEmb_0_70_pos_0_30_10,0.7,10,GT_pos + Inferred_Commu spatial manuel iter old,0.10299227603406891,0.6182753781381569,0.0343931180390162,0.6261577122545305,spatial_louvain_old_density,0.6665633
artificial_graph_sbmv5_comuAndEmb_0_70_pos_0_30_10,0.7,10,GT_pos + Inferred_Commu spatial manuel iter bined,0.12271767153267199,0.6404179011383128,0.030879056304190088,0.6164250335062059,spatial_louvain_bined_density,0.6604779
artificial_graph_sbmv5_comuAndEmb_0_70_pos_0_30_10,0.7,10,GT_pos + Inferred_Commu spatial manuel iter 0_20,0.12246889324095656,0.6623525131243827,0.04378970708135693,0.6779453411805839,spatial_louvain_manualiter_0_20_density,0.6285185
artificial_graph_sbmv5_comuAndEmb_0_70_pos_0_30_10,0.7,10,GT_pos + Inferred_Commu spatial manuel iter 0_50,0.10132905017235252,0.6057747284162378,0.03483623316286475,0.6366684633762602,spatial_louvain_manualiter_0_50_density,0.63257784
artificial_graph_sbmv5_comuAndEmb_0_70_pos_0_30_10,0.7,10,GT_pos + Inferred_Commu spatial manuel iter 0_80,0.11224054745383628,0.6431077498830501,0.0344937941398264,0.6488564186236233,spatial_louvain_manualiter_0_80_density,0.65442955
artificial_graph_sbmv5_comuAndEmb_0_70_pos_0_30_10,0.7,10,SiNEcustom_spatial,0.165426537868258,0.6906414054784551,0.06251612320778836,0.7027237631839637,SiNEcustom_spatial_dist,1.0
artificial_graph_sbmv5_comuAndEmb_0_70_pos_0_30_10,0.7,10,SiNEcustom_spatial_bined,0.16118811700589913,0.6927724933728364,0.05853281827325661,0.7061272653108792,SiNEcustom_spatial_bined_dist,1.0
artificial_graph_sbmv5_comuAndEmb_0_70_pos_0_30_10,0.7,10,SiNE_spatial,0.16489663897041476,0.6646915120328499,0.03503451028048919,0.6355132276673855,SiNE_spatial_dist,1.0
artificial_graph_sbmv5_comuAndEmb_0_70_pos_0_30_10,0.7,10,SiNE_spatial_bined,0.09926572888951805,0.6034227350693903,0.039082821178026375,0.6427371656663364,SiNE_spatial_bined_dist,1.0
artificial_graph_sbmv5_comuAndEmb_0_70_pos_0_30_10,0.7,10,deepwalk,0.1710036481026979,0.7022974167056499,0.06917802922871492,0.7303548744245674,deepwalk_dist,1.0
artificial_graph_sbmv5_comuAndEmb_0_70_pos_0_30_10,0.7,10,GT_pos + SiNEcustom_spatial,0.17494263426923023,0.6717864753885338,0.05953499731438162,0.7170650020395082,SiNEcustom_spatial_dist,0.5994032
artificial_graph_sbmv5_comuAndEmb_0_70_pos_0_30_10,0.7,10,GT_pos + SiNEcustom_spatial_bined,0.15755145519379046,0.7050912209574302,0.05232090961545471,0.7149206048598566,SiNEcustom_spatial_bined_dist,0.58664805
artificial_graph_sbmv5_comuAndEmb_0_70_pos_0_30_10,0.7,10,GT_pos + SiNE_spatial,0.11627123354546634,0.663340090441291,0.035083677519803055,0.6718064215372065,SiNE_spatial_dist,0.53178066
artificial_graph_sbmv5_comuAndEmb_0_70_pos_0_30_10,0.7,10,GT_pos + SiNE_spatial_bined,0.10831430201004513,0.6205883881698633,0.036487546581660375,0.6721945108093934,SiNE_spatial_bined_dist,0.513376
artificial_graph_sbmv5_comuAndEmb_0_70_pos_0_30_10,0.7,10,GT_pos + deepwalk,0.1565663636712847,0.696449919434482,0.06435348047060532,0.7212524037060777,deepwalk_dist,0.5957235
artificial_graph_sbmv5_comuAndEmb_0_60_pos_0_40_10,0.6,10,Inferred_Commu_normal,0.10852908029032089,0.6396979503775619,0.03261388795397443,0.6285468504572747,louvain_density,1.0
artificial_graph_sbmv5_comuAndEmb_0_60_pos_0_40_10,0.6,10,Inferred_Commu_spatial_manuel_iter,0.13612781951823844,0.6562644475265834,0.03245575873101756,0.641156765167863,spatial_louvain_density,1.0
artificial_graph_sbmv5_comuAndEmb_0_60_pos_0_40_10,0.6,10,Inferred_Commu_spatial_manuel_iter_old,0.10438930686476501,0.6042148250886115,0.03278096127355763,0.6484311739404882,spatial_louvain_old_density,1.0
artificial_graph_sbmv5_comuAndEmb_0_60_pos_0_40_10,0.6,10,Inferred_Commu_spatial_manuel_iter_bined,0.1168251785849497,0.6364231776853135,0.030507610017577357,0.6233312781667913,spatial_louvain_bined_density,1.0
artificial_graph_sbmv5_comuAndEmb_0_60_pos_0_40_10,0.6,10,Inferred_Commu_spatial_manuel_iter_0_20,0.1199362880629578,0.6428699851029948,0.026943618548556387,0.5676293653939314,spatial_louvain_manualiter_0_20_density,1.0
artificial_graph_sbmv5_comuAndEmb_0_60_pos_0_40_10,0.6,10,Inferred_Commu_spatial_manuel_iter_0_50,0.10954361999012145,0.6144629372784712,0.029619540918084233,0.5741617122473246,spatial_louvain_manualiter_0_50_density,1.0
artificial_graph_sbmv5_comuAndEmb_0_60_pos_0_40_10,0.6,10,Inferred_Commu_spatial_manuel_iter_0_80,0.14324955811753792,0.6832845327990957,0.03329112874101072,0.6370479000601871,spatial_louvain_manualiter_0_80_density,1.0
artificial_graph_sbmv5_comuAndEmb_0_60_pos_0_40_10,0.6,10,GT_pos,0.10794244319150062,0.595327990959059,0.031104154163202363,0.5838588687776163,GT_pos_dist,1.0
artificial_graph_sbmv5_comuAndEmb_0_60_pos_0_40_10,0.6,10,GT_pos + Inferred_Commu normal,0.12503904903723156,0.6234525093748395,0.03296683591901757,0.6255982736601048,louvain_density,0.5774535
artificial_graph_sbmv5_comuAndEmb_0_60_pos_0_40_10,0.6,10,GT_pos + Inferred_Commu spatial manuel iter,0.1501867327967301,0.6558021266759131,0.03505997454534901,0.6546599433361224,spatial_louvain_density,0.55446386
artificial_graph_sbmv5_comuAndEmb_0_60_pos_0_40_10,0.6,10,GT_pos + Inferred_Commu spatial manuel iter old,0.11747040394566353,0.5944932449786818,0.03106928280184975,0.616129534211183,spatial_louvain_old_density,0.5312489
artificial_graph_sbmv5_comuAndEmb_0_60_pos_0_40_10,0.6,10,GT_pos + Inferred_Commu spatial manuel iter bined,0.19765542390544935,0.6690296399034263,0.0368763449651118,0.6353682418050234,spatial_louvain_bined_density,0.5722912
artificial_graph_sbmv5_comuAndEmb_0_60_pos_0_40_10,0.6,10,GT_pos + Inferred_Commu spatial manuel iter 0_20,0.14131436666621133,0.647351928905327,0.031196030182349645,0.6065195754613115,spatial_louvain_manualiter_0_20_density,0.5477404
artificial_graph_sbmv5_comuAndEmb_0_60_pos_0_40_10,0.6,10,GT_pos + Inferred_Commu spatial manuel iter 0_50,0.14840300013914515,0.6702881799969178,0.03141135956571488,0.6185447952907326,spatial_louvain_manualiter_0_50_density,0.5530715
artificial_graph_sbmv5_comuAndEmb_0_60_pos_0_40_10,0.6,10,GT_pos + Inferred_Commu spatial manuel iter 0_80,0.1434035172074972,0.6848256023013305,0.03457147641336996,0.6182964137343844,spatial_louvain_manualiter_0_80_density,0.578365
artificial_graph_sbmv5_comuAndEmb_0_60_pos_0_40_10,0.6,10,SiNEcustom_spatial,0.17289918530641774,0.6981815379873632,0.04123701057958133,0.6761725459109527,SiNEcustom_spatial_dist,1.0
artificial_graph_sbmv5_comuAndEmb_0_60_pos_0_40_10,0.6,10,SiNEcustom_spatial_bined,0.2255759820629031,0.7229542302357836,0.04373220499301614,0.6551123735705583,SiNEcustom_spatial_bined_dist,1.0
artificial_graph_sbmv5_comuAndEmb_0_60_pos_0_40_10,0.6,10,SiNE_spatial,0.1132638802071676,0.6254815842194482,0.02907954640930116,0.6284627354266673,SiNE_spatial_dist,1.0
artificial_graph_sbmv5_comuAndEmb_0_60_pos_0_40_10,0.6,10,SiNE_spatial_bined,0.10331948593034164,0.6123953356963066,0.028794230356249305,0.6176428707740637,SiNE_spatial_bined_dist,1.0
artificial_graph_sbmv5_comuAndEmb_0_60_pos_0_40_10,0.6,10,deepwalk,0.11359641913911983,0.6512174449067653,0.04257714763760863,0.6846608241217833,deepwalk_dist,1.0
artificial_graph_sbmv5_comuAndEmb_0_60_pos_0_40_10,0.6,10,GT_pos + SiNEcustom_spatial,0.21215541007452082,0.7179842810910771,0.04734575010731329,0.6990635780449495,SiNEcustom_spatial_dist,0.53585035
artificial_graph_sbmv5_comuAndEmb_0_60_pos_0_40_10,0.6,10,GT_pos + SiNEcustom_spatial_bined,0.2564973557292702,0.6939307546103662,0.05863873716576678,0.6820168523656435,SiNEcustom_spatial_bined_dist,0.5231821
artificial_graph_sbmv5_comuAndEmb_0_60_pos_0_40_10,0.6,10,GT_pos + SiNE_spatial,0.1434024669957244,0.6253403195150768,0.03620326168894531,0.6476349437031166,SiNE_spatial_dist,0.54207313
artificial_graph_sbmv5_comuAndEmb_0_60_pos_0_40_10,0.6,10,GT_pos + SiNE_spatial_bined,0.11021044405275571,0.6301176349720039,0.03684389253058859,0.644207806696907,SiNE_spatial_bined_dist,0.52570456
artificial_graph_sbmv5_comuAndEmb_0_60_pos_0_40_10,0.6,10,GT_pos + deepwalk,0.11278654579436423,0.6068474854882622,0.048187220394647866,0.6789078257805964,deepwalk_dist,0.53611726
artificial_graph_sbmv5_comuAndEmb_0_50_pos_0_50_10,0.5,10,Inferred_Commu_normal,0.1175246929579896,0.6053522370486657,0.03218257050393658,0.61815685261708,louvain_density,1.0
artificial_graph_sbmv5_comuAndEmb_0_50_pos_0_50_10,0.5,10,Inferred_Commu_spatial_manuel_iter,0.11394698156577812,0.5952340070643644,0.02740338350688853,0.5928719008264463,spatial_louvain_density,1.0
artificial_graph_sbmv5_comuAndEmb_0_50_pos_0_50_10,0.5,10,Inferred_Commu_spatial_manuel_iter_old,0.11236513711046929,0.625147174254317,0.0274443460759147,0.5888063877410469,spatial_louvain_old_density,1.0
artificial_graph_sbmv5_comuAndEmb_0_50_pos_0_50_10,0.5,10,Inferred_Commu_spatial_manuel_iter_bined,0.07496855701434557,0.5113569466248037,0.028169417344544173,0.5847400137741048,spatial_louvain_bined_density,1.0
artificial_graph_sbmv5_comuAndEmb_0_50_pos_0_50_10,0.5,10,Inferred_Commu_spatial_manuel_iter_0_20,0.10958314609775789,0.5992812990580847,0.026193971960216743,0.5451764807162535,spatial_louvain_manualiter_0_20_density,1.0
artificial_graph_sbmv5_comuAndEmb_0_50_pos_0_50_10,0.5,10,Inferred_Commu_spatial_manuel_iter_0_50,0.1762397011936042,0.6566915227629514,0.029818318613388895,0.5885994892102847,spatial_louvain_manualiter_0_50_density,1.0
artificial_graph_sbmv5_comuAndEmb_0_50_pos_0_50_10,0.5,10,Inferred_Commu_spatial_manuel_iter_0_80,0.08520394112556019,0.5604027668759811,0.02718547353329858,0.6000583964646465,spatial_louvain_manualiter_0_80_density,1.0
artificial_graph_sbmv5_comuAndEmb_0_50_pos_0_50_10,0.5,10,GT_pos,0.11202944690210481,0.5917508830455259,0.026403658542198203,0.5678133608815427,GT_pos_dist,1.0
artificial_graph_sbmv5_comuAndEmb_0_50_pos_0_50_10,0.5,10,GT_pos + Inferred_Commu normal,0.11530245445935802,0.5894574175824177,0.029729000305769932,0.5870104453627181,GT_pos_dist,0.56961113
artificial_graph_sbmv5_comuAndEmb_0_50_pos_0_50_10,0.5,10,GT_pos + Inferred_Commu spatial manuel iter,0.12097240251355078,0.6058060243328101,0.028871329509034233,0.6329176710284664,spatial_louvain_density,0.5453789
artificial_graph_sbmv5_comuAndEmb_0_50_pos_0_50_10,0.5,10,GT_pos + Inferred_Commu spatial manuel iter old,0.12148260621027424,0.6015134419152276,0.02790784487947999,0.6006034779614324,GT_pos_dist,0.503763
artificial_graph_sbmv5_comuAndEmb_0_50_pos_0_50_10,0.5,10,GT_pos + Inferred_Commu spatial manuel iter bined,0.09815156683745785,0.581436420722135,0.03442642220484414,0.6188253271349862,spatial_louvain_bined_density,0.5582516
artificial_graph_sbmv5_comuAndEmb_0_50_pos_0_50_10,0.5,10,GT_pos + Inferred_Commu spatial manuel iter 0_20,0.1287465125493215,0.5932348901098902,0.026696028062067525,0.5745890725436181,spatial_louvain_manualiter_0_20_density,0.5727035
artificial_graph_sbmv5_comuAndEmb_0_50_pos_0_50_10,0.5,10,GT_pos + Inferred_Commu spatial manuel iter 0_50,0.1421529110430171,0.6474318092621665,0.030400143764263286,0.6330813820018365,spatial_louvain_manualiter_0_50_density,0.50475276
artificial_graph_sbmv5_comuAndEmb_0_50_pos_0_50_10,0.5,10,GT_pos + Inferred_Commu spatial manuel iter 0_80,0.11163644456120927,0.6049229788069075,0.032633697686677524,0.6197075872359964,GT_pos_dist,0.51867795
artificial_graph_sbmv5_comuAndEmb_0_50_pos_0_50_10,0.5,10,SiNEcustom_spatial,0.13877195786985375,0.6703664638932496,0.04208287366154308,0.6253919880624426,SiNEcustom_spatial_dist,1.0
artificial_graph_sbmv5_comuAndEmb_0_50_pos_0_50_10,0.5,10,SiNEcustom_spatial_bined,0.15433222638396563,0.6554405416012559,0.03971467383496022,0.6273747417355371,SiNEcustom_spatial_bined_dist,1.0
artificial_graph_sbmv5_comuAndEmb_0_50_pos_0_50_10,0.5,10,SiNE_spatial,0.12069330697606308,0.6609227825745683,0.03184009399714032,0.6221250860881544,SiNE_spatial_dist,1.0
artificial_graph_sbmv5_comuAndEmb_0_50_pos_0_50_10,0.5,10,SiNE_spatial_bined,0.10666366867308508,0.626324568288854,0.03322231986947872,0.6265088383838384,SiNE_spatial_bined_dist,1.0
artificial_graph_sbmv5_comuAndEmb_0_50_pos_0_50_10,0.5,10,deepwalk,0.15296635623954358,0.6632530416012559,0.037711716000403586,0.6405925734618916,deepwalk_dist,1.0
artificial_graph_sbmv5_comuAndEmb_0_50_pos_0_50_10,0.5,10,GT_pos + SiNEcustom_spatial,0.12924536880175025,0.667386185243328,0.036051130876676996,0.6580680383379247,SiNEcustom_spatial_dist,0.5348038
artificial_graph_sbmv5_comuAndEmb_0_50_pos_0_50_10,0.5,10,GT_pos + SiNEcustom_spatial_bined,0.1464443732674695,0.6787186028257457,0.03746574999164405,0.6734172692837466,SiNEcustom_spatial_bined_dist,0.51046014
artificial_graph_sbmv5_comuAndEmb_0_50_pos_0_50_10,0.5,10,GT_pos + SiNE_spatial,0.15081685823370594,0.6758609693877552,0.03768081773686907,0.6537492825987145,SiNE_spatial_dist,0.5158283
artificial_graph_sbmv5_comuAndEmb_0_50_pos_0_50_10,0.5,10,GT_pos + SiNE_spatial_bined,0.110985048422722,0.6170035321821037,0.03454377630170777,0.6666903409090909,SiNE_spatial_bined_dist,0.5176311
artificial_graph_sbmv5_comuAndEmb_0_50_pos_0_50_10,0.5,10,GT_pos + deepwalk,0.17461838953769096,0.6749411302982731,0.033103750309132984,0.6474515036730946,deepwalk_dist,0.51446134
artificial_graph_sbmv5_comuAndEmb_0_40_pos_0_60_10,0.3999999999999999,10,Inferred_Commu_normal,0.1297471882614687,0.6776981040350024,0.03096796515968562,0.6421404937296605,louvain_density,1.0
artificial_graph_sbmv5_comuAndEmb_0_40_pos_0_60_10,0.3999999999999999,10,Inferred_Commu_spatial_manuel_iter,0.10465161068825822,0.6245867768595041,0.021708707194105538,0.5398036519110578,spatial_louvain_density,1.0
artificial_graph_sbmv5_comuAndEmb_0_40_pos_0_60_10,0.3999999999999999,10,Inferred_Commu_spatial_manuel_iter_old,0.11063929868315361,0.601507049100632,0.02044490029760373,0.48474734821148935,spatial_louvain_old_density,1.0
artificial_graph_sbmv5_comuAndEmb_0_40_pos_0_60_10,0.3999999999999999,10,Inferred_Commu_spatial_manuel_iter_bined,0.09008128320578333,0.5862421001458435,0.01897794513857921,0.4618775615800439,spatial_louvain_bined_density,1.0
artificial_graph_sbmv5_comuAndEmb_0_40_pos_0_60_10,0.3999999999999999,10,Inferred_Commu_spatial_manuel_iter_0_20,0.14534816099301273,0.6601239669421488,0.032661000813174725,0.635185523072943,spatial_louvain_manualiter_0_20_density,1.0
artificial_graph_sbmv5_comuAndEmb_0_40_pos_0_60_10,0.3999999999999999,10,Inferred_Commu_spatial_manuel_iter_0_50,0.11377015028704193,0.6043996110841031,0.0359516003806593,0.6410295339115754,spatial_louvain_manualiter_0_50_density,1.0
artificial_graph_sbmv5_comuAndEmb_0_40_pos_0_60_10,0.3999999999999999,10,Inferred_Commu_spatial_manuel_iter_0_80,0.10855008007595836,0.6017258142926593,0.021503082566269725,0.5078193379719775,spatial_louvain_manualiter_0_80_density,1.0
artificial_graph_sbmv5_comuAndEmb_0_40_pos_0_60_10,0.3999999999999999,10,GT_pos,0.09696332100825317,0.5971803597472046,0.03396156193858521,0.6152320910662981,GT_pos_dist,1.0
artificial_graph_sbmv5_comuAndEmb_0_40_pos_0_60_10,0.3999999999999999,10,GT_pos + Inferred_Commu normal,0.10956591487012698,0.6301045211473019,0.027843181083598123,0.5697314851377295,louvain_density,0.5244758
artificial_graph_sbmv5_comuAndEmb_0_40_pos_0_60_10,0.3999999999999999,10,GT_pos + Inferred_Commu spatial manuel iter,0.11018986807152056,0.6287311618862421,0.02874233376633458,0.6026890973706786,GT_pos_dist,0.535821
artificial_graph_sbmv5_comuAndEmb_0_40_pos_0_60_10,0.3999999999999999,10,GT_pos + Inferred_Commu spatial manuel iter old,0.11954188364316737,0.6178658240155566,0.038781287875401145,0.6342180798191746,spatial_louvain_old_density,0.50640106
artificial_graph_sbmv5_comuAndEmb_0_40_pos_0_60_10,0.3999999999999999,10,GT_pos + Inferred_Commu spatial manuel iter bined,0.11753384332811392,0.6690568789499272,0.0298055570871196,0.5947495268310616,GT_pos_dist,0.5215547
artificial_graph_sbmv5_comuAndEmb_0_40_pos_0_60_10,0.3999999999999999,10,GT_pos + Inferred_Commu spatial manuel iter 0_20,0.12656903195810476,0.6368254739912493,0.035764352682663016,0.6390979153333969,GT_pos_dist,0.52717507
artificial_graph_sbmv5_comuAndEmb_0_40_pos_0_60_10,0.3999999999999999,10,GT_pos + Inferred_Commu spatial manuel iter 0_50,0.10982095665697932,0.608167233835683,0.03217267625353086,0.6232897155539822,GT_pos_dist,0.51031005
artificial_graph_sbmv5_comuAndEmb_0_40_pos_0_60_10,0.3999999999999999,10,GT_pos + Inferred_Commu spatial manuel iter 0_80,0.09782174333043296,0.5879922216820612,0.0313556548694008,0.5991947277406353,GT_pos_dist,0.52380025
artificial_graph_sbmv5_comuAndEmb_0_40_pos_0_60_10,0.3999999999999999,10,SiNEcustom_spatial,0.08991284912582262,0.5902527953330092,0.03208104277184849,0.6430892825533421,SiNEcustom_spatial_dist,1.0
artificial_graph_sbmv5_comuAndEmb_0_40_pos_0_60_10,0.3999999999999999,10,SiNEcustom_spatial_bined,0.10977252675430843,0.6134054448225571,0.03460427694085527,0.6356633215778652,SiNEcustom_spatial_bined_dist,1.0
artificial_graph_sbmv5_comuAndEmb_0_40_pos_0_60_10,0.3999999999999999,10,SiNE_spatial,0.09797400781285714,0.6187044239183277,0.029127214237222452,0.6360162579485574,SiNE_spatial_dist,1.0
artificial_graph_sbmv5_comuAndEmb_0_40_pos_0_60_10,0.3999999999999999,10,SiNE_spatial_bined,0.13387405551467985,0.6964146815751093,0.03117037837129398,0.6190382756226086,SiNE_spatial_bined_dist,1.0
artificial_graph_sbmv5_comuAndEmb_0_40_pos_0_60_10,0.3999999999999999,10,deepwalk,0.13155781335822905,0.6797277588721438,0.04140285901459264,0.6523692487847388,deepwalk_dist,1.0
artificial_graph_sbmv5_comuAndEmb_0_40_pos_0_60_10,0.3999999999999999,10,GT_pos + SiNEcustom_spatial,0.09492574651322236,0.5962080700048614,0.03857336061634201,0.6823447393145519,GT_pos_dist,0.5001335
artificial_graph_sbmv5_comuAndEmb_0_40_pos_0_60_10,0.3999999999999999,10,GT_pos + SiNEcustom_spatial_bined,0.1095237811467063,0.6364122508507535,0.03292301915185414,0.6624745033428194,GT_pos_dist,0.51134676
artificial_graph_sbmv5_comuAndEmb_0_40_pos_0_60_10,0.3999999999999999,10,GT_pos + SiNE_spatial,0.10364968793313384,0.6592002916869226,0.0368011189781945,0.6905074821965931,SiNE_spatial_dist,0.5140852
artificial_graph_sbmv5_comuAndEmb_0_40_pos_0_60_10,0.3999999999999999,10,GT_pos + SiNE_spatial_bined,0.12094889764652073,0.7020175012153622,0.03846655748752517,0.6678883729796707,GT_pos_dist,0.500381
artificial_graph_sbmv5_comuAndEmb_0_40_pos_0_60_10,0.3999999999999999,10,GT_pos + deepwalk,0.104442037440818,0.6406781720952844,0.05036521445394681,0.7049133317901444,deepwalk_dist,0.54658365
artificial_graph_sbmv5_comuAndEmb_0_30_pos_0_70_10,0.29999999999999993,10,Inferred_Commu_normal,0.10787747847024313,0.6099225421118939,0.042081737896123156,0.7028070369397881,louvain_density,1.0
artificial_graph_sbmv5_comuAndEmb_0_30_pos_0_70_10,0.29999999999999993,10,Inferred_Commu_spatial_manuel_iter,0.06947659754816415,0.43904857449489065,0.023225737941760454,0.5312378214784209,spatial_louvain_density,1.0
artificial_graph_sbmv5_comuAndEmb_0_30_pos_0_70_10,0.29999999999999993,10,Inferred_Commu_spatial_manuel_iter_old,0.08879457449976147,0.5059026643647053,0.022865871936859586,0.527291773192742,spatial_louvain_old_density,1.0
artificial_graph_sbmv5_comuAndEmb_0_30_pos_0_70_10,0.29999999999999993,10,Inferred_Commu_spatial_manuel_iter_bined,0.08757607299709379,0.5389272549111102,0.019493870673401466,0.494429734249112,spatial_louvain_bined_density,1.0
artificial_graph_sbmv5_comuAndEmb_0_30_pos_0_70_10,0.29999999999999993,10,Inferred_Commu_spatial_manuel_iter_0_20,0.12144816075818352,0.5969856749568382,0.03682051123556814,0.6524239576567488,spatial_louvain_manualiter_0_20_density,1.0
artificial_graph_sbmv5_comuAndEmb_0_30_pos_0_70_10,0.29999999999999993,10,Inferred_Commu_spatial_manuel_iter_0_50,0.13882252993782007,0.6029233353553263,0.028048757996197028,0.5376951672862454,spatial_louvain_manualiter_0_50_density,1.0
artificial_graph_sbmv5_comuAndEmb_0_30_pos_0_70_10,0.29999999999999993,10,Inferred_Commu_spatial_manuel_iter_0_80,0.07856579386760298,0.5220358359385936,0.022465831740945033,0.5493869625903456,spatial_louvain_manualiter_0_80_density,1.0
artificial_graph_sbmv5_comuAndEmb_0_30_pos_0_70_10,0.29999999999999993,10,GT_pos,0.11017522121936392,0.5943493070785311,0.04719883418964203,0.6774560882243197,GT_pos_dist,1.0
artificial_graph_sbmv5_comuAndEmb_0_30_pos_0_70_10,0.29999999999999993,10,GT_pos + Inferred_Commu normal,0.13896505183434543,0.6316317484018478,0.043297573895420174,0.66883293486823,louvain_density,0.5233382
artificial_graph_sbmv5_comuAndEmb_0_30_pos_0_70_10,0.29999999999999993,10,GT_pos + Inferred_Commu spatial manuel iter,0.09299147403496016,0.571251924781858,0.04080832039314686,0.6601680463232957,GT_pos_dist,0.57949406
artificial_graph_sbmv5_comuAndEmb_0_30_pos_0_70_10,0.29999999999999993,10,GT_pos + Inferred_Commu spatial manuel iter old,0.10046160854789657,0.5754164528020158,0.041562512024504936,0.6635416868202485,GT_pos_dist,0.58849
artificial_graph_sbmv5_comuAndEmb_0_30_pos_0_70_10,0.29999999999999993,10,GT_pos + Inferred_Commu spatial manuel iter bined,0.11066135566423727,0.5841071345247539,0.031974800078526,0.6392630007877171,GT_pos_dist,0.5904996
artificial_graph_sbmv5_comuAndEmb_0_30_pos_0_70_10,0.29999999999999993,10,GT_pos + Inferred_Commu spatial manuel iter 0_20,0.11998444431837467,0.6144370304698801,0.04643745659368348,0.6813688312765164,GT_pos_dist,0.5573455
artificial_graph_sbmv5_comuAndEmb_0_30_pos_0_70_10,0.29999999999999993,10,GT_pos + Inferred_Commu spatial manuel iter 0_50,0.11742407036509757,0.6088493304092203,0.04230565289222506,0.664339906855903,GT_pos_dist,0.5811684
artificial_graph_sbmv5_comuAndEmb_0_30_pos_0_70_10,0.29999999999999993,10,GT_pos + Inferred_Commu spatial manuel iter 0_80,0.11388893009650491,0.5939526853623256,0.042127429880658575,0.6636490651041307,GT_pos_dist,0.540205
artificial_graph_sbmv5_comuAndEmb_0_30_pos_0_70_10,0.29999999999999993,10,SiNEcustom_spatial,0.10622268777458305,0.6515328262796883,0.025126209456855293,0.5879353519160874,SiNEcustom_spatial_dist,1.0
artificial_graph_sbmv5_comuAndEmb_0_30_pos_0_70_10,0.29999999999999993,10,SiNEcustom_spatial_bined,0.0939978181795949,0.4923475339461528,0.030986320570991724,0.5938248504028413,SiNEcustom_spatial_bined_dist,1.0
artificial_graph_sbmv5_comuAndEmb_0_30_pos_0_70_10,0.29999999999999993,10,SiNE_spatial,0.10027633533776888,0.5608814334375437,0.023752068777562245,0.5842966515111732,SiNE_spatial_dist,1.0
artificial_graph_sbmv5_comuAndEmb_0_30_pos_0_70_10,0.29999999999999993,10,SiNE_spatial_bined,0.12652822572318503,0.650016331482432,0.027171573866784846,0.6021637346084217,SiNE_spatial_bined_dist,1.0
artificial_graph_sbmv5_comuAndEmb_0_30_pos_0_70_10,0.29999999999999993,10,deepwalk,0.12913906988254514,0.5980705520041062,0.04561192874846266,0.6510135293873771,deepwalk_dist,1.0
artificial_graph_sbmv5_comuAndEmb_0_30_pos_0_70_10,0.29999999999999993,10,GT_pos + SiNEcustom_spatial,0.146566261645951,0.642538845597499,0.04344798346938282,0.6907524771631127,GT_pos_dist,0.550991
artificial_graph_sbmv5_comuAndEmb_0_30_pos_0_70_10,0.29999999999999993,10,GT_pos + SiNEcustom_spatial_bined,0.09588039908582395,0.572208483038589,0.04284659690928066,0.6773151283149763,GT_pos_dist,0.5715676
artificial_graph_sbmv5_comuAndEmb_0_30_pos_0_70_10,0.29999999999999993,10,GT_pos + SiNE_spatial,0.12457072141056921,0.6396108441043349,0.04730857037827509,0.6770199416812924,GT_pos_dist,0.57775426
artificial_graph_sbmv5_comuAndEmb_0_30_pos_0_70_10,0.29999999999999993,10,GT_pos + SiNE_spatial_bined,0.12015698360798906,0.6511828659418599,0.05383392011225302,0.6914169234808806,GT_pos_dist,0.54067624
artificial_graph_sbmv5_comuAndEmb_0_30_pos_0_70_10,0.29999999999999993,10,GT_pos + deepwalk,0.1743551632390323,0.6432737623069387,0.05572070138731176,0.7338082668840951,GT_pos_dist,0.5144775
artificial_graph_sbmv5_comuAndEmb_0_20_pos_0_80_10,0.19999999999999996,10,Inferred_Commu_normal,0.1339996423215112,0.6929198274579801,0.041904427965737755,0.6933417009602195,louvain_density,1.0
artificial_graph_sbmv5_comuAndEmb_0_20_pos_0_80_10,0.19999999999999996,10,Inferred_Commu_spatial_manuel_iter,0.07834924630147633,0.5793048738162525,0.020725139793002667,0.5084455418381345,spatial_louvain_density,1.0
artificial_graph_sbmv5_comuAndEmb_0_20_pos_0_80_10,0.19999999999999996,10,Inferred_Commu_spatial_manuel_iter_old,0.06648645323045002,0.4448163022460211,0.02316297151945879,0.535879561042524,spatial_louvain_old_density,1.0
artificial_graph_sbmv5_comuAndEmb_0_20_pos_0_80_10,0.19999999999999996,10,Inferred_Commu_spatial_manuel_iter_bined,0.08817660540765723,0.5108458525459864,0.021938067294238115,0.5448048010973937,spatial_louvain_bined_density,1.0
artificial_graph_sbmv5_comuAndEmb_0_20_pos_0_80_10,0.19999999999999996,10,Inferred_Commu_spatial_manuel_iter_0_20,0.12023309681053329,0.6765828747087115,0.044981419918257194,0.713181207133059,spatial_louvain_manualiter_0_20_density,1.0
artificial_graph_sbmv5_comuAndEmb_0_20_pos_0_80_10,0.19999999999999996,10,Inferred_Commu_spatial_manuel_iter_0_50,0.13588444874933173,0.6393227229907283,0.04187686885869701,0.6306787379972565,spatial_louvain_manualiter_0_50_density,1.0
artificial_graph_sbmv5_comuAndEmb_0_20_pos_0_80_10,0.19999999999999996,10,Inferred_Commu_spatial_manuel_iter_0_80,0.07460088233500015,0.5338514552035302,0.026017912111271784,0.5427374485596708,spatial_louvain_manualiter_0_80_density,1.0
artificial_graph_sbmv5_comuAndEmb_0_20_pos_0_80_10,0.19999999999999996,10,GT_pos,0.18804992425962133,0.6992785958649412,0.04680308207710542,0.6866980795610427,GT_pos_dist,1.0
artificial_graph_sbmv5_comuAndEmb_0_20_pos_0_80_10,0.19999999999999996,10,GT_pos + Inferred_Commu normal,0.1545925719768211,0.7067281471565273,0.03821637330963852,0.6787927297668039,louvain_density,0.70516914
artificial_graph_sbmv5_comuAndEmb_0_20_pos_0_80_10,0.19999999999999996,10,GT_pos + Inferred_Commu spatial manuel iter,0.19719823082714133,0.723846001289107,0.04296116553378211,0.6773005486968451,GT_pos_dist,0.5962849
artificial_graph_sbmv5_comuAndEmb_0_20_pos_0_80_10,0.19999999999999996,10,GT_pos + Inferred_Commu spatial manuel iter old,0.14526917551571078,0.6557092567802072,0.04282812421470311,0.6641595336076818,GT_pos_dist,0.5927342
artificial_graph_sbmv5_comuAndEmb_0_20_pos_0_80_10,0.19999999999999996,10,GT_pos + Inferred_Commu spatial manuel iter bined,0.1615824960247986,0.6748971193415638,0.03853566940404134,0.6687102880658436,GT_pos_dist,0.5896224
artificial_graph_sbmv5_comuAndEmb_0_20_pos_0_80_10,0.19999999999999996,10,GT_pos + Inferred_Commu spatial manuel iter 0_20,0.13108849134034595,0.6979151172591601,0.044272277178519115,0.6921705075445816,spatial_louvain_manualiter_0_20_density,0.58455867
artificial_graph_sbmv5_comuAndEmb_0_20_pos_0_80_10,0.19999999999999996,10,GT_pos + Inferred_Commu spatial manuel iter 0_50,0.21328038964668206,0.6907506569487827,0.05096580597498919,0.6705729766803841,GT_pos_dist,0.5245191
artificial_graph_sbmv5_comuAndEmb_0_20_pos_0_80_10,0.19999999999999996,10,GT_pos + Inferred_Commu spatial manuel iter 0_80,0.17857964337849755,0.7064058703951609,0.03801404772323508,0.667229903978052,GT_pos_dist,0.5922776
artificial_graph_sbmv5_comuAndEmb_0_20_pos_0_80_10,0.19999999999999996,10,SiNEcustom_spatial,0.1280509724259498,0.6520650503247558,0.029056793210906193,0.6213556927297668,SiNEcustom_spatial_dist,1.0
artificial_graph_sbmv5_comuAndEmb_0_20_pos_0_80_10,0.19999999999999996,10,SiNEcustom_spatial_bined,0.10219544198120135,0.5312484505924934,0.03715559492032399,0.6507960219478738,SiNEcustom_spatial_bined_dist,1.0
artificial_graph_sbmv5_comuAndEmb_0_20_pos_0_80_10,0.19999999999999996,10,SiNE_spatial,0.10151384512810273,0.6240765531260847,0.033027004437478004,0.6573341563786009,SiNE_spatial_dist,1.0
artificial_graph_sbmv5_comuAndEmb_0_20_pos_0_80_10,0.19999999999999996,10,SiNE_spatial_bined,0.08891405561609408,0.5978729733749815,0.030461792840889935,0.640384499314129,SiNE_spatial_bined_dist,1.0
artificial_graph_sbmv5_comuAndEmb_0_20_pos_0_80_10,0.19999999999999996,10,deepwalk,0.18110410591968196,0.6178913183598592,0.06942876918888642,0.7251001371742112,deepwalk_dist,1.0
artificial_graph_sbmv5_comuAndEmb_0_20_pos_0_80_10,0.19999999999999996,10,GT_pos + SiNEcustom_spatial,0.1941128399760191,0.6691085328970201,0.046269455767915635,0.6823340192043895,GT_pos_dist,0.5493725
artificial_graph_sbmv5_comuAndEmb_0_20_pos_0_80_10,0.19999999999999996,10,GT_pos + SiNEcustom_spatial_bined,0.16326661524496622,0.6443799890921711,0.051414397137853514,0.6989895747599452,GT_pos_dist,0.55444276
artificial_graph_sbmv5_comuAndEmb_0_20_pos_0_80_10,0.19999999999999996,10,GT_pos + SiNE_spatial,0.156298455667377,0.6737567554167286,0.047448298915406445,0.7145012345679012,GT_pos_dist,0.54060954
artificial_graph_sbmv5_comuAndEmb_0_20_pos_0_80_10,0.19999999999999996,10,GT_pos + SiNE_spatial_bined,0.15597841370125617,0.6701249442213298,0.054190949399736066,0.6971057613168725,GT_pos_dist,0.5354187
artificial_graph_sbmv5_comuAndEmb_0_20_pos_0_80_10,0.19999999999999996,10,GT_pos + deepwalk,0.19047427032669237,0.6549531459170014,0.07458213475150326,0.7450492455418382,deepwalk_dist,0.5585023
artificial_graph_sbmv5_comuAndEmb_0_10_pos_0_90_10,0.09999999999999998,10,Inferred_Commu_normal,0.1714143158042673,0.774328717639976,0.0535365062606972,0.7320874783737025,louvain_density,1.0
artificial_graph_sbmv5_comuAndEmb_0_10_pos_0_90_10,0.09999999999999998,10,Inferred_Commu_spatial_manuel_iter,0.09259837782303929,0.5820228777844673,0.021100072121091107,0.5248473994377163,spatial_louvain_density,1.0
artificial_graph_sbmv5_comuAndEmb_0_10_pos_0_90_10,0.09999999999999998,10,Inferred_Commu_spatial_manuel_iter_old,0.07420420300906609,0.5214569536423841,0.02002409635445098,0.5125393328287198,spatial_louvain_old_density,1.0
artificial_graph_sbmv5_comuAndEmb_0_10_pos_0_90_10,0.09999999999999998,10,Inferred_Commu_spatial_manuel_iter_bined,0.11080625396441172,0.6070921131848284,0.020297261462414257,0.510414954584775,spatial_louvain_bined_density,1.0
artificial_graph_sbmv5_comuAndEmb_0_10_pos_0_90_10,0.09999999999999998,10,Inferred_Commu_spatial_manuel_iter_0_20,0.19635794845000756,0.7824202287778447,0.05677945816228302,0.7624958099048442,spatial_louvain_manualiter_0_20_density,1.0
artificial_graph_sbmv5_comuAndEmb_0_10_pos_0_90_10,0.09999999999999998,10,Inferred_Commu_spatial_manuel_iter_0_50,0.18265722798862397,0.7421794099939796,0.031182070060219422,0.616636705233564,spatial_louvain_manualiter_0_50_density,1.0
artificial_graph_sbmv5_comuAndEmb_0_10_pos_0_90_10,0.09999999999999998,10,Inferred_Commu_spatial_manuel_iter_0_80,0.09979004100891492,0.6170138470800722,0.026334414065198746,0.5630475508217994,spatial_louvain_manualiter_0_80_density,1.0
artificial_graph_sbmv5_comuAndEmb_0_10_pos_0_90_10,0.09999999999999998,10,GT_pos,0.1832989616131336,0.7104394942805539,0.047583498744461564,0.7140418198529412,GT_pos_dist,1.0
artificial_graph_sbmv5_comuAndEmb_0_10_pos_0_90_10,0.09999999999999998,10,GT_pos + Inferred_Commu normal,0.17688309389772264,0.7580252859723058,0.05565319054618406,0.7365896680363322,louvain_density,0.7016495
artificial_graph_sbmv5_comuAndEmb_0_10_pos_0_90_10,0.09999999999999998,10,GT_pos + Inferred_Commu spatial manuel iter,0.17076650420097672,0.7209391932570741,0.04271131225323787,0.7039504487456747,GT_pos_dist,0.6275399
artificial_graph_sbmv5_comuAndEmb_0_10_pos_0_90_10,0.09999999999999998,10,GT_pos + Inferred_Commu spatial manuel iter old,0.17299088173015836,0.7301866345574954,0.04511975449881164,0.6887278330449828,GT_pos_dist,0.6157146
artificial_graph_sbmv5_comuAndEmb_0_10_pos_0_90_10,0.09999999999999998,10,GT_pos + Inferred_Commu spatial manuel iter bined,0.16291024598192333,0.6966767007826611,0.04177684355495385,0.6543727022058823,GT_pos_dist,0.6272576
artificial_graph_sbmv5_comuAndEmb_0_10_pos_0_90_10,0.09999999999999998,10,GT_pos + Inferred_Commu spatial manuel iter 0_20,0.19386176671246408,0.7631908488862131,0.049475446772760556,0.7432140733131487,spatial_louvain_manualiter_0_20_density,0.6865633
artificial_graph_sbmv5_comuAndEmb_0_10_pos_0_90_10,0.09999999999999998,10,GT_pos + Inferred_Commu spatial manuel iter 0_50,0.18695068718765612,0.7593257074051776,0.04412579416577918,0.7015347913062284,spatial_louvain_manualiter_0_50_density,0.5505451
artificial_graph_sbmv5_comuAndEmb_0_10_pos_0_90_10,0.09999999999999998,10,GT_pos + Inferred_Commu spatial manuel iter 0_80,0.17620486920251976,0.7664780252859724,0.046454650571835836,0.7004705071366781,GT_pos_dist,0.5979585
artificial_graph_sbmv5_comuAndEmb_0_10_pos_0_90_10,0.09999999999999998,10,SiNEcustom_spatial,0.213090817905101,0.7160264900662252,0.04102708862556245,0.6882429984861591,SiNEcustom_spatial_dist,1.0
artificial_graph_sbmv5_comuAndEmb_0_10_pos_0_90_10,0.09999999999999998,10,SiNEcustom_spatial_bined,0.1340577296993057,0.702576760987357,0.035913629749554254,0.6681275681228374,SiNEcustom_spatial_bined_dist,1.0
artificial_graph_sbmv5_comuAndEmb_0_10_pos_0_90_10,0.09999999999999998,10,SiNE_spatial,0.15285606363100657,0.7248524984948826,0.040838301900910104,0.7027142355103806,SiNE_spatial_dist,1.0
artificial_graph_sbmv5_comuAndEmb_0_10_pos_0_90_10,0.09999999999999998,10,SiNE_spatial_bined,0.17061798351181753,0.6977724262492474,0.037749295474532346,0.6948976805795848,SiNE_spatial_bined_dist,1.0
artificial_graph_sbmv5_comuAndEmb_0_10_pos_0_90_10,0.09999999999999998,10,deepwalk,0.20496711890476035,0.7676459963877184,0.07375938060190261,0.7770316554930796,deepwalk_dist,1.0
artificial_graph_sbmv5_comuAndEmb_0_10_pos_0_90_10,0.09999999999999998,10,GT_pos + SiNEcustom_spatial,0.20157532981858345,0.7380373269114991,0.05863540745661095,0.7547302119377164,GT_pos_dist,0.59256643
artificial_graph_sbmv5_comuAndEmb_0_10_pos_0_90_10,0.09999999999999998,10,GT_pos + SiNEcustom_spatial_bined,0.23218028000491672,0.7651655629139072,0.04889079892075864,0.7157289413927336,GT_pos_dist,0.585823
artificial_graph_sbmv5_comuAndEmb_0_10_pos_0_90_10,0.09999999999999998,10,GT_pos + SiNE_spatial,0.18855156292164826,0.7623118603251053,0.06258607724338125,0.7685198150951557,GT_pos_dist,0.5410903
artificial_graph_sbmv5_comuAndEmb_0_10_pos_0_90_10,0.09999999999999998,10,GT_pos + SiNE_spatial_bined,0.19269920088202414,0.7670800722456351,0.05360311430586913,0.7497395382785467,GT_pos_dist,0.53925306
artificial_graph_sbmv5_comuAndEmb_0_10_pos_0_90_10,0.09999999999999998,10,GT_pos + deepwalk,0.24185463800322096,0.7705599036724865,0.06016307611946106,0.7755071366782007,deepwalk_dist,0.5851394
artificial_graph_sbmv5_comuAndEmb_0_00_pos_1_00_10,0.0,10,Inferred_Commu_normal,0.19874139682503217,0.7669476219145093,0.0506460686435816,0.7619946597968577,louvain_density,1.0
artificial_graph_sbmv5_comuAndEmb_0_00_pos_1_00_10,0.0,10,Inferred_Commu_spatial_manuel_iter,0.07093477521414834,0.5335219747140277,0.020370081371340037,0.5165806598773632,spatial_louvain_density,1.0
artificial_graph_sbmv5_comuAndEmb_0_00_pos_1_00_10,0.0,10,Inferred_Commu_spatial_manuel_iter_old,0.1140692438322886,0.5939434075857918,0.0221822560535703,0.533239007634612,spatial_louvain_old_density,1.0
artificial_graph_sbmv5_comuAndEmb_0_00_pos_1_00_10,0.0,10,Inferred_Commu_spatial_manuel_iter_bined,0.07780723278580778,0.5392173389524383,0.0194939298486325,0.4946281313314281,spatial_louvain_bined_density,1.0
artificial_graph_sbmv5_comuAndEmb_0_00_pos_1_00_10,0.0,10,Inferred_Commu_spatial_manuel_iter_0_20,0.21748314138155306,0.7758097531607465,0.05049326221783933,0.760685773323136,spatial_louvain_manualiter_0_20_density,1.0
artificial_graph_sbmv5_comuAndEmb_0_00_pos_1_00_10,0.0,10,Inferred_Commu_spatial_manuel_iter_0_50,0.1771964936094765,0.7065261890427452,0.049619531016661875,0.7445896228313811,spatial_louvain_manualiter_0_50_density,1.0
artificial_graph_sbmv5_comuAndEmb_0_00_pos_1_00_10,0.0,10,Inferred_Commu_spatial_manuel_iter_0_80,0.09631997227648878,0.5854304635761589,0.023443880867649806,0.5634464436662239,spatial_louvain_manualiter_0_80_density,1.0
artificial_graph_sbmv5_comuAndEmb_0_00_pos_1_00_10,0.0,10,GT_pos,0.20803124267685807,0.7709452137266707,0.06481969883405271,0.7371883427927384,GT_pos_dist,1.0
artificial_graph_sbmv5_comuAndEmb_0_00_pos_1_00_10,0.0,10,GT_pos + Inferred_Commu normal,0.21090072384410685,0.7934738109572547,0.06520869612806592,0.7763179433509104,louvain_density,0.8474067
artificial_graph_sbmv5_comuAndEmb_0_00_pos_1_00_10,0.0,10,GT_pos + Inferred_Commu spatial manuel iter,0.2047585298372877,0.755737507525587,0.0601361889709032,0.7409348039018369,GT_pos_dist,0.619377
artificial_graph_sbmv5_comuAndEmb_0_00_pos_1_00_10,0.0,10,GT_pos + Inferred_Commu spatial manuel iter old,0.20993330973141333,0.7539434075857917,0.056023868657999076,0.7279876289766399,GT_pos_dist,0.6662612
artificial_graph_sbmv5_comuAndEmb_0_00_pos_1_00_10,0.0,10,GT_pos + Inferred_Commu spatial manuel iter bined,0.18617483245464034,0.7573991571342565,0.05973214809803049,0.7209467455621301,GT_pos_dist,0.6625528
artificial_graph_sbmv5_comuAndEmb_0_00_pos_1_00_10,0.0,10,GT_pos + Inferred_Commu spatial manuel iter 0_20,0.2935467117072593,0.7920168573148705,0.054221296462624066,0.7497519086530077,GT_pos_dist,0.61367726
artificial_graph_sbmv5_comuAndEmb_0_00_pos_1_00_10,0.0,10,GT_pos + Inferred_Commu spatial manuel iter 0_50,0.21857087028506136,0.7893437688139675,0.05599309125156114,0.7251912678286304,GT_pos_dist,0.54474497
artificial_graph_sbmv5_comuAndEmb_0_00_pos_1_00_10,0.0,10,GT_pos + Inferred_Commu spatial manuel iter 0_80,0.20798410707142068,0.7565924142083083,0.056268520949101314,0.7306753075983845,GT_pos_dist,0.65860987
artificial_graph_sbmv5_comuAndEmb_0_00_pos_1_00_10,0.0,10,SiNEcustom_spatial,0.16731698490106559,0.7439975918121615,0.05165560795893802,0.7447627098176548,SiNEcustom_spatial_dist,1.0
artificial_graph_sbmv5_comuAndEmb_0_00_pos_1_00_10,0.0,10,SiNEcustom_spatial_bined,0.168848700041368,0.7633955448524985,0.04933842222759316,0.7409070294784581,SiNEcustom_spatial_bined_dist,1.0
artificial_graph_sbmv5_comuAndEmb_0_00_pos_1_00_10,0.0,10,SiNE_spatial,0.16806147105654656,0.7977363034316677,0.056579503343992976,0.7828295026097225,SiNE_spatial_dist,1.0
artificial_graph_sbmv5_comuAndEmb_0_00_pos_1_00_10,0.0,10,SiNE_spatial_bined,0.153130968873903,0.7684406983744732,0.05325395302662196,0.7657358880435802,SiNE_spatial_bined_dist,1.0
artificial_graph_sbmv5_comuAndEmb_0_00_pos_1_00_10,0.0,10,deepwalk,0.2975482214536141,0.8422998193859121,0.10721896396534901,0.8318781950650085,deepwalk_dist,1.0
artificial_graph_sbmv5_comuAndEmb_0_00_pos_1_00_10,0.0,10,GT_pos + SiNEcustom_spatial,0.2391192608092092,0.8194461167971102,0.07294957427567632,0.795602651316937,GT_pos_dist,0.55375963
artificial_graph_sbmv5_comuAndEmb_0_00_pos_1_00_10,0.0,10,GT_pos + SiNEcustom_spatial_bined,0.2710001940745379,0.854617700180614,0.09483926415875944,0.8136846059922983,GT_pos_dist,0.5862807
artificial_graph_sbmv5_comuAndEmb_0_00_pos_1_00_10,0.0,10,GT_pos + SiNE_spatial,0.3438248340840514,0.8490066225165562,0.09467735388694848,0.8160871607025453,GT_pos_dist,0.50090307
artificial_graph_sbmv5_comuAndEmb_0_00_pos_1_00_10,0.0,10,GT_pos + SiNE_spatial_bined,0.21483871635073395,0.8262372065021072,0.09347992469114197,0.8236049054730374,GT_pos_dist,0.51189154
artificial_graph_sbmv5_comuAndEmb_0_00_pos_1_00_10,0.0,10,GT_pos + deepwalk,0.33151693111276376,0.8539072847682119,0.10950586898333704,0.82690898844745,deepwalk_dist,0.5957732
