G_name,Ratio_SBM,Iter,Experiment,AP_train,AUC-ROC_train,AP_eval,AUC-ROC_eval,Top_Feature,Top_Importance
artificial_graph_sbmv_4_comuAndEmb_1_00_pos_0_00_1,1.0,1,Inferred_Commu_normal,0.1682571097756084,0.7785511363636364,0.04919683785686012,0.7470174249631821,louvain_density,1.0
artificial_graph_sbmv_4_comuAndEmb_1_00_pos_0_00_1,1.0,1,Inferred_Commu_spatial_manuel_iter,0.2074645466142289,0.8066524621212121,0.055412453036892205,0.7728065008015222,spatial_louvain_density,1.0
artificial_graph_sbmv_4_comuAndEmb_1_00_pos_0_00_1,1.0,1,Inferred_Commu_spatial_manuel_iter_old,0.16276285894768905,0.7618252840909091,0.05749918438799017,0.8096720926898566,spatial_louvain_old_density,1.0
artificial_graph_sbmv_4_comuAndEmb_1_00_pos_0_00_1,1.0,1,Inferred_Commu_spatial_manuel_iter_bined,0.20766041299994306,0.801953125,0.05378036531310212,0.7883661979173455,spatial_louvain_bined_density,1.0
artificial_graph_sbmv_4_comuAndEmb_1_00_pos_0_00_1,1.0,1,Inferred_Commu_spatial_manuel_iter_0_20,0.13161234065708782,0.7037286931818181,0.053785267047364804,0.7008914491261453,spatial_louvain_manualiter_0_20_density,1.0
artificial_graph_sbmv_4_comuAndEmb_1_00_pos_0_00_1,1.0,1,Inferred_Commu_spatial_manuel_iter_0_50,0.20714775893827192,0.8145596590909091,0.05657205968815703,0.7705230095531025,spatial_louvain_manualiter_0_50_density,1.0
artificial_graph_sbmv_4_comuAndEmb_1_00_pos_0_00_1,1.0,1,Inferred_Commu_spatial_manuel_iter_0_80,0.23724376432774383,0.8006155303030305,0.06349044638814941,0.7447136024189029,spatial_louvain_manualiter_0_80_density,1.0
artificial_graph_sbmv_4_comuAndEmb_1_00_pos_0_00_1,1.0,1,GT_pos,0.06726444996504147,0.48580729166666664,0.0186256432317549,0.47324779418472807,GT_pos_dist,1.0
artificial_graph_sbmv_4_comuAndEmb_1_00_pos_0_00_1,1.0,1,GT_pos + Inferred_Commu normal,0.19127194569011013,0.7679687500000001,0.04715912027117353,0.7417488824303718,louvain_density,0.84830487
artificial_graph_sbmv_4_comuAndEmb_1_00_pos_0_00_1,1.0,1,GT_pos + Inferred_Commu spatial manuel iter,0.16598568878759073,0.7588541666666666,0.050393427464250115,0.7583400018246034,spatial_louvain_density,0.820267
artificial_graph_sbmv_4_comuAndEmb_1_00_pos_0_00_1,1.0,1,GT_pos + Inferred_Commu spatial manuel iter old,0.18115040585401923,0.6996212121212121,0.04693647511933394,0.7607329692814973,spatial_louvain_old_density,0.78727597
artificial_graph_sbmv_4_comuAndEmb_1_00_pos_0_00_1,1.0,1,GT_pos + Inferred_Commu spatial manuel iter bined,0.18347256182185423,0.7543323863636363,0.042291112697594876,0.7439247220737922,spatial_louvain_bined_density,0.79862154
artificial_graph_sbmv_4_comuAndEmb_1_00_pos_0_00_1,1.0,1,GT_pos + Inferred_Commu spatial manuel iter 0_20,0.16430652024410244,0.6710227272727272,0.050819078279788335,0.679474123212866,spatial_louvain_manualiter_0_20_density,0.82936335
artificial_graph_sbmv_4_comuAndEmb_1_00_pos_0_00_1,1.0,1,GT_pos + Inferred_Commu spatial manuel iter 0_50,0.17414496877394403,0.7601917613636363,0.052969456164408756,0.7516418824694706,spatial_louvain_manualiter_0_50_density,0.83341223
artificial_graph_sbmv_4_comuAndEmb_1_00_pos_0_00_1,1.0,1,GT_pos + Inferred_Commu spatial manuel iter 0_80,0.19464064091100783,0.7404947916666665,0.04777008261610256,0.7232350219604061,spatial_louvain_manualiter_0_80_density,0.8019839
artificial_graph_sbmv_4_comuAndEmb_1_00_pos_0_00_1,1.0,1,SiNEcustom_spatial,0.3822316635266774,0.8831439393939394,0.12182197225213372,0.8572744333954568,SiNEcustom_spatial_dist,1.0
artificial_graph_sbmv_4_comuAndEmb_1_00_pos_0_00_1,1.0,1,SiNEcustom_spatial_bined,0.3087014093583923,0.8490648674242424,0.12495887932165987,0.846128582413429,SiNEcustom_spatial_bined_dist,1.0
artificial_graph_sbmv_4_comuAndEmb_1_00_pos_0_00_1,1.0,1,SiNE_spatial,0.22023807884689742,0.810262784090909,0.07066090288103252,0.794463762071707,SiNE_spatial_dist,1.0
artificial_graph_sbmv_4_comuAndEmb_1_00_pos_0_00_1,1.0,1,SiNE_spatial_bined,0.15191885028984262,0.7499881628787879,0.06371198048289126,0.7791870088232611,SiNE_spatial_bined_dist,1.0
artificial_graph_sbmv_4_comuAndEmb_1_00_pos_0_00_1,1.0,1,deepwalk,0.28907287842852486,0.8086766098484849,0.1247909055939809,0.8022304474188378,deepwalk_dist,1.0
artificial_graph_sbmv_4_comuAndEmb_1_00_pos_0_00_1,1.0,1,GT_pos + SiNEcustom_spatial,0.3687225940486782,0.8780066287878788,0.10359676564187506,0.834080204355589,SiNEcustom_spatial_dist,0.7217009
artificial_graph_sbmv_4_comuAndEmb_1_00_pos_0_00_1,1.0,1,GT_pos + SiNEcustom_spatial_bined,0.2960161729145427,0.8337121212121211,0.09866810660551158,0.8111908144247937,SiNEcustom_spatial_bined_dist,0.7146539
artificial_graph_sbmv_4_comuAndEmb_1_00_pos_0_00_1,1.0,1,GT_pos + SiNE_spatial,0.19265647345344356,0.7739583333333333,0.0630323968986692,0.7623194620026326,SiNE_spatial_dist,0.67889506
artificial_graph_sbmv_4_comuAndEmb_1_00_pos_0_00_1,1.0,1,GT_pos + SiNE_spatial_bined,0.15980635648446676,0.7581084280303031,0.047947772962494375,0.7488184389213988,SiNE_spatial_bined_dist,0.65461856
artificial_graph_sbmv_4_comuAndEmb_1_00_pos_0_00_1,1.0,1,GT_pos + deepwalk,0.2684988165198592,0.799798768939394,0.09178539269060981,0.7640443639301959,deepwalk_dist,0.69379604
artificial_graph_sbmv_4_comuAndEmb_0_90_pos_0_10_1,0.9,1,Inferred_Commu_normal,0.15111367450322255,0.7595793932230103,0.04204183273286459,0.7416233439087159,louvain_density,1.0
artificial_graph_sbmv_4_comuAndEmb_0_90_pos_0_10_1,0.9,1,Inferred_Commu_spatial_manuel_iter,0.13266427077030427,0.690516646966115,0.04240772063769448,0.7019796843724896,spatial_louvain_density,1.0
artificial_graph_sbmv_4_comuAndEmb_0_90_pos_0_10_1,0.9,1,Inferred_Commu_spatial_manuel_iter_old,0.1594448497309452,0.7713750985027581,0.041292598480825754,0.7149238163968356,spatial_louvain_old_density,1.0
artificial_graph_sbmv_4_comuAndEmb_0_90_pos_0_10_1,0.9,1,Inferred_Commu_spatial_manuel_iter_bined,0.14735097769942535,0.7410485618597321,0.05652707190494867,0.7639777508476191,spatial_louvain_bined_density,1.0
artificial_graph_sbmv_4_comuAndEmb_0_90_pos_0_10_1,0.9,1,Inferred_Commu_spatial_manuel_iter_0_20,0.1348974243414055,0.7058338258471237,0.04953514981714381,0.7467565801119266,spatial_louvain_manualiter_0_20_density,1.0
artificial_graph_sbmv_4_comuAndEmb_0_90_pos_0_10_1,0.9,1,Inferred_Commu_spatial_manuel_iter_0_50,0.1330009009070093,0.74964292750197,0.045211082034848825,0.725337481788102,spatial_louvain_manualiter_0_50_density,1.0
artificial_graph_sbmv_4_comuAndEmb_0_90_pos_0_10_1,0.9,1,Inferred_Commu_spatial_manuel_iter_0_80,0.21806022635317468,0.7728649527186762,0.04308758143861994,0.7191702182704485,spatial_louvain_manualiter_0_80_density,1.0
artificial_graph_sbmv_4_comuAndEmb_0_90_pos_0_10_1,0.9,1,GT_pos,0.08267763867496117,0.5326413514578409,0.021832239675308125,0.5288008060892417,GT_pos_dist,1.0
artificial_graph_sbmv_4_comuAndEmb_0_90_pos_0_10_1,0.9,1,GT_pos + Inferred_Commu normal,0.16116151491233802,0.720449172576832,0.039235867298744696,0.727932898517177,louvain_density,0.7476069
artificial_graph_sbmv_4_comuAndEmb_0_90_pos_0_10_1,0.9,1,GT_pos + Inferred_Commu spatial manuel iter,0.136894580507501,0.664807427107959,0.04615754248005924,0.7116798518538692,spatial_louvain_density,0.72179675
artificial_graph_sbmv_4_comuAndEmb_0_90_pos_0_10_1,0.9,1,GT_pos + Inferred_Commu spatial manuel iter old,0.16368380064501836,0.7004407998423956,0.039982555347428735,0.6986978663144565,spatial_louvain_old_density,0.7313624
artificial_graph_sbmv_4_comuAndEmb_0_90_pos_0_10_1,0.9,1,GT_pos + Inferred_Commu spatial manuel iter bined,0.1609929189954452,0.6894577423167848,0.046512733450179825,0.7306844950368323,spatial_louvain_bined_density,0.7071628
artificial_graph_sbmv_4_comuAndEmb_0_90_pos_0_10_1,0.9,1,GT_pos + Inferred_Commu spatial manuel iter 0_20,0.1587301584003953,0.664807427107959,0.03895088758330955,0.6712019171852235,spatial_louvain_manualiter_0_20_density,0.73235196
artificial_graph_sbmv_4_comuAndEmb_0_90_pos_0_10_1,0.9,1,GT_pos + Inferred_Commu spatial manuel iter 0_50,0.15522273219983415,0.7236381993695824,0.04022301551086103,0.7202912542040549,spatial_louvain_manualiter_0_50_density,0.7803627
artificial_graph_sbmv_4_comuAndEmb_0_90_pos_0_10_1,0.9,1,GT_pos + Inferred_Commu spatial manuel iter 0_80,0.17539179159693008,0.7375024625689519,0.04060298821465914,0.6966235481543007,spatial_louvain_manualiter_0_80_density,0.69434464
artificial_graph_sbmv_4_comuAndEmb_0_90_pos_0_10_1,0.9,1,SiNEcustom_spatial,0.22617664742585994,0.7851654846335697,0.07449616766576833,0.7502856714914012,SiNEcustom_spatial_dist,1.0
artificial_graph_sbmv_4_comuAndEmb_0_90_pos_0_10_1,0.9,1,SiNEcustom_spatial_bined,0.23352114877334162,0.7396818360914105,0.0708837362828534,0.7579617652265084,SiNEcustom_spatial_bined_dist,1.0
artificial_graph_sbmv_4_comuAndEmb_0_90_pos_0_10_1,0.9,1,SiNE_spatial,0.19936132161079123,0.7045779156816391,0.03972314029361328,0.6845131466074809,SiNE_spatial_dist,1.0
artificial_graph_sbmv_4_comuAndEmb_0_90_pos_0_10_1,0.9,1,SiNE_spatial_bined,0.12460632148472309,0.6688337273443657,0.039974800251616885,0.679780231750657,SiNE_spatial_bined_dist,1.0
artificial_graph_sbmv_4_comuAndEmb_0_90_pos_0_10_1,0.9,1,deepwalk,0.22093270005653032,0.714280437352246,0.06462071502141178,0.7081974646314729,deepwalk_dist,1.0
artificial_graph_sbmv_4_comuAndEmb_0_90_pos_0_10_1,0.9,1,GT_pos + SiNEcustom_spatial,0.21505963963144775,0.7812376871552404,0.06556186752720748,0.7477806674745715,SiNEcustom_spatial_dist,0.65484875
artificial_graph_sbmv_4_comuAndEmb_0_90_pos_0_10_1,0.9,1,GT_pos + SiNEcustom_spatial_bined,0.2190852639277592,0.769602048857368,0.06309026424978934,0.724825370024918,SiNEcustom_spatial_bined_dist,0.6586823
artificial_graph_sbmv_4_comuAndEmb_0_90_pos_0_10_1,0.9,1,GT_pos + SiNE_spatial,0.14327490285580496,0.6901595744680852,0.04132541531900833,0.6760598303400007,SiNE_spatial_dist,0.585765
artificial_graph_sbmv_4_comuAndEmb_0_90_pos_0_10_1,0.9,1,GT_pos + SiNE_spatial_bined,0.14312946424168968,0.671911938534279,0.039573913560249654,0.6843714001715663,SiNE_spatial_bined_dist,0.61364144
artificial_graph_sbmv_4_comuAndEmb_0_90_pos_0_10_1,0.9,1,GT_pos + deepwalk,0.1789385587553608,0.7455920015760441,0.05415777704608782,0.7034286025517081,deepwalk_dist,0.6230093
artificial_graph_sbmv_4_comuAndEmb_0_80_pos_0_20_1,0.8,1,Inferred_Commu_normal,0.15591924909283636,0.7666873504121976,0.04074853698228896,0.6890468712402325,louvain_density,1.0
artificial_graph_sbmv_4_comuAndEmb_0_80_pos_0_20_1,0.8,1,Inferred_Commu_spatial_manuel_iter,0.1619437973132068,0.7749756227284815,0.042711986295216386,0.6871559377414168,spatial_louvain_density,1.0
artificial_graph_sbmv_4_comuAndEmb_0_80_pos_0_20_1,0.8,1,Inferred_Commu_spatial_manuel_iter_old,0.1801965879006404,0.7952198386667849,0.042758255336249475,0.6695559833335445,spatial_louvain_old_density,1.0
artificial_graph_sbmv_4_comuAndEmb_0_80_pos_0_20_1,0.8,1,Inferred_Commu_spatial_manuel_iter_bined,0.16903555319595506,0.7724270897970038,0.04158938923962112,0.7164719291802282,spatial_louvain_bined_density,1.0
artificial_graph_sbmv_4_comuAndEmb_0_80_pos_0_20_1,0.8,1,Inferred_Commu_spatial_manuel_iter_0_20,0.17818310036827567,0.7815242443045829,0.04183936001307275,0.7009652866605033,spatial_louvain_manualiter_0_20_density,1.0
artificial_graph_sbmv_4_comuAndEmb_0_80_pos_0_20_1,0.8,1,Inferred_Commu_spatial_manuel_iter_0_50,0.15382456762602897,0.7275507490470702,0.04086251035725793,0.6945868213421816,spatial_louvain_manualiter_0_50_density,1.0
artificial_graph_sbmv_4_comuAndEmb_0_80_pos_0_20_1,0.8,1,Inferred_Commu_spatial_manuel_iter_0_80,0.1696999203718861,0.7682829536388618,0.041474737270586724,0.7096068945428755,spatial_louvain_manualiter_0_80_density,1.0
artificial_graph_sbmv_4_comuAndEmb_0_80_pos_0_20_1,0.8,1,GT_pos,0.06914645472122792,0.48448719085187486,0.025531955658932695,0.575421410569775,GT_pos_dist,1.0
artificial_graph_sbmv_4_comuAndEmb_0_80_pos_0_20_1,0.8,1,GT_pos + Inferred_Commu normal,0.16508105719416294,0.697356174098041,0.03946447490947001,0.6893204240067882,louvain_density,0.7228519
artificial_graph_sbmv_4_comuAndEmb_0_80_pos_0_20_1,0.8,1,GT_pos + Inferred_Commu spatial manuel iter,0.12879417421947267,0.6943644180480454,0.043908180733012295,0.7281145122275554,spatial_louvain_density,0.73198247
artificial_graph_sbmv_4_comuAndEmb_0_80_pos_0_20_1,0.8,1,GT_pos + Inferred_Commu spatial manuel iter old,0.15482604276111664,0.7158718198741246,0.03265117736118221,0.6390853712592292,spatial_louvain_old_density,0.7294725
artificial_graph_sbmv_4_comuAndEmb_0_80_pos_0_20_1,0.8,1,GT_pos + Inferred_Commu spatial manuel iter bined,0.14852942747793232,0.7017330023934049,0.042598609631196105,0.7163601018224186,spatial_louvain_bined_density,0.71079373
artificial_graph_sbmv_4_comuAndEmb_0_80_pos_0_20_1,0.8,1,GT_pos + Inferred_Commu spatial manuel iter 0_20,0.13987855712266306,0.6934779718110097,0.039576422735902436,0.7053017312344068,spatial_louvain_manualiter_0_20_density,0.71169
artificial_graph_sbmv_4_comuAndEmb_0_80_pos_0_20_1,0.8,1,GT_pos + Inferred_Commu spatial manuel iter 0_50,0.12165864044625066,0.6620312915521673,0.038163148650580916,0.6592272134344803,spatial_louvain_manualiter_0_50_density,0.6793147
artificial_graph_sbmv_4_comuAndEmb_0_80_pos_0_20_1,0.8,1,GT_pos + Inferred_Commu spatial manuel iter 0_80,0.14136095011144595,0.6960265047424874,0.04002231187177183,0.7012987424171426,spatial_louvain_manualiter_0_80_density,0.69049555
artificial_graph_sbmv_4_comuAndEmb_0_80_pos_0_20_1,0.8,1,SiNEcustom_spatial,0.29298788244107254,0.8091924474780605,0.06728948351891165,0.7125673433720445,SiNEcustom_spatial_dist,1.0
artificial_graph_sbmv_4_comuAndEmb_0_80_pos_0_20_1,0.8,1,SiNEcustom_spatial_bined,0.2843229129284052,0.7432851697544545,0.074102306782856,0.7177500284950797,SiNEcustom_spatial_bined_dist,1.0
artificial_graph_sbmv_4_comuAndEmb_0_80_pos_0_20_1,0.8,1,SiNE_spatial,0.11332087677104816,0.6441693998758975,0.03050267413366267,0.6236136827041198,SiNE_spatial_dist,1.0
artificial_graph_sbmv_4_comuAndEmb_0_80_pos_0_20_1,0.8,1,SiNE_spatial_bined,0.1575310259740268,0.6713832993528943,0.03051740022559378,0.6067116677853625,SiNE_spatial_bined_dist,1.0
artificial_graph_sbmv_4_comuAndEmb_0_80_pos_0_20_1,0.8,1,deepwalk,0.16388632114067936,0.7418114528853825,0.06787133647232826,0.7066643026304125,deepwalk_dist,1.0
artificial_graph_sbmv_4_comuAndEmb_0_80_pos_0_20_1,0.8,1,GT_pos + SiNEcustom_spatial,0.21927601428416457,0.7639947699672016,0.06985635198499972,0.7371777206469016,SiNEcustom_spatial_dist,0.6167833
artificial_graph_sbmv_4_comuAndEmb_0_80_pos_0_20_1,0.8,1,GT_pos + SiNEcustom_spatial_bined,0.2393241150530455,0.7325702508642851,0.05906513807251559,0.746733324046048,SiNEcustom_spatial_bined_dist,0.59983504
artificial_graph_sbmv_4_comuAndEmb_0_80_pos_0_20_1,0.8,1,GT_pos + SiNE_spatial,0.0883363288235563,0.5771873060898857,0.029368689045957456,0.6402120033940806,SiNE_spatial_dist,0.5469612
artificial_graph_sbmv_4_comuAndEmb_0_80_pos_0_20_1,0.8,1,GT_pos + SiNE_spatial_bined,0.1176873408659776,0.6286676713057353,0.029167682540574752,0.6254767543470827,SiNE_spatial_bined_dist,0.5305152
artificial_graph_sbmv_4_comuAndEmb_0_80_pos_0_20_1,0.8,1,GT_pos + deepwalk,0.12794868566844583,0.6751174541264073,0.04745032382287676,0.7009635136333127,deepwalk_dist,0.5508626
artificial_graph_sbmv_4_comuAndEmb_0_70_pos_0_30_1,0.7,1,Inferred_Commu_normal,0.10415564312931644,0.6483328408195429,0.03291289926412396,0.6403922876867145,louvain_density,1.0
artificial_graph_sbmv_4_comuAndEmb_0_70_pos_0_30_1,0.7,1,Inferred_Commu_spatial_manuel_iter,0.10995949862933825,0.6534672970843184,0.02584287204022542,0.5234354107378713,spatial_louvain_density,1.0
artificial_graph_sbmv_4_comuAndEmb_0_70_pos_0_30_1,0.7,1,Inferred_Commu_spatial_manuel_iter_old,0.11892727090984087,0.7004161741528763,0.035592898736644646,0.6774680355659646,spatial_louvain_old_density,1.0
artificial_graph_sbmv_4_comuAndEmb_0_70_pos_0_30_1,0.7,1,Inferred_Commu_spatial_manuel_iter_bined,0.10627946213054786,0.6770710204885736,0.03800794811053358,0.6814004438937379,spatial_louvain_bined_density,1.0
artificial_graph_sbmv_4_comuAndEmb_0_70_pos_0_30_1,0.7,1,Inferred_Commu_spatial_manuel_iter_0_20,0.10630947804953055,0.614066193853428,0.03547245174222174,0.6656875587206057,spatial_louvain_manualiter_0_20_density,1.0
artificial_graph_sbmv_4_comuAndEmb_0_70_pos_0_30_1,0.7,1,Inferred_Commu_spatial_manuel_iter_0_50,0.11144426851225578,0.640661938534279,0.037723335750916055,0.6693003907898858,spatial_louvain_manualiter_0_50_density,1.0
artificial_graph_sbmv_4_comuAndEmb_0_70_pos_0_30_1,0.7,1,Inferred_Commu_spatial_manuel_iter_0_80,0.12376350327778152,0.6956264775413712,0.03668537432556562,0.6802841736904452,spatial_louvain_manualiter_0_80_density,1.0
artificial_graph_sbmv_4_comuAndEmb_0_70_pos_0_30_1,0.7,1,GT_pos,0.13499662534741871,0.59410707249803,0.02568025696817335,0.577518416143571,GT_pos_dist,1.0
artificial_graph_sbmv_4_comuAndEmb_0_70_pos_0_30_1,0.7,1,GT_pos + Inferred_Commu normal,0.15310782095813633,0.6723552009456264,0.03814832567476336,0.6867880339319998,louvain_density,0.6078622
artificial_graph_sbmv_4_comuAndEmb_0_70_pos_0_30_1,0.7,1,GT_pos + Inferred_Commu spatial manuel iter,0.14055860952973986,0.6649059298660362,0.02826497214062365,0.6190325567462317,spatial_louvain_density,0.62289953
artificial_graph_sbmv_4_comuAndEmb_0_70_pos_0_30_1,0.7,1,GT_pos + Inferred_Commu spatial manuel iter old,0.20118091729333354,0.733131402679275,0.031498386179536236,0.6502090113152055,spatial_louvain_old_density,0.6049823
artificial_graph_sbmv_4_comuAndEmb_0_70_pos_0_30_1,0.7,1,GT_pos + Inferred_Commu spatial manuel iter bined,0.11724463960946023,0.6816267730496455,0.03948336976232764,0.688640677550687,spatial_louvain_bined_density,0.5991168
artificial_graph_sbmv_4_comuAndEmb_0_70_pos_0_30_1,0.7,1,GT_pos + Inferred_Commu spatial manuel iter 0_20,0.13459684012986436,0.6279304570527975,0.03260353239922817,0.6573635979902235,spatial_louvain_manualiter_0_20_density,0.58516365
artificial_graph_sbmv_4_comuAndEmb_0_70_pos_0_30_1,0.7,1,GT_pos + Inferred_Commu spatial manuel iter 0_50,0.13801899913693627,0.6679841410559496,0.04074242546897526,0.6887392600863278,spatial_louvain_manualiter_0_50_density,0.6071168
artificial_graph_sbmv_4_comuAndEmb_0_70_pos_0_30_1,0.7,1,GT_pos + Inferred_Commu spatial manuel iter 0_80,0.1154152706143941,0.6825256107171,0.03438220037777282,0.6702702849906728,spatial_louvain_manualiter_0_80_density,0.55958647
artificial_graph_sbmv_4_comuAndEmb_0_70_pos_0_30_1,0.7,1,SiNEcustom_spatial,0.13291374452771537,0.6760244286840031,0.045976240461107806,0.6562022575945317,SiNEcustom_spatial_dist,1.0
artificial_graph_sbmv_4_comuAndEmb_0_70_pos_0_30_1,0.7,1,SiNEcustom_spatial_bined,0.13676799452390534,0.6190282702915682,0.050132931860123436,0.6779983932680655,SiNEcustom_spatial_bined_dist,1.0
artificial_graph_sbmv_4_comuAndEmb_0_70_pos_0_30_1,0.7,1,SiNE_spatial,0.1373500741666,0.6264775413711584,0.03628488223776469,0.6119437371495486,SiNE_spatial_dist,1.0
artificial_graph_sbmv_4_comuAndEmb_0_70_pos_0_30_1,0.7,1,SiNE_spatial_bined,0.10018315823789577,0.5703432821118991,0.02780319284854524,0.5939185196280007,SiNE_spatial_bined_dist,1.0
artificial_graph_sbmv_4_comuAndEmb_0_70_pos_0_30_1,0.7,1,deepwalk,0.1443829275722403,0.6353427895981087,0.04833709817078416,0.662871012104955,deepwalk_dist,1.0
artificial_graph_sbmv_4_comuAndEmb_0_70_pos_0_30_1,0.7,1,GT_pos + SiNEcustom_spatial,0.14839770922549678,0.6830427501970056,0.04423443006684529,0.6674693972031971,SiNEcustom_spatial_dist,0.54596704
artificial_graph_sbmv_4_comuAndEmb_0_70_pos_0_30_1,0.7,1,GT_pos + SiNEcustom_spatial_bined,0.16914279528927617,0.6993818951930654,0.04090437487779698,0.6834189349273566,SiNEcustom_spatial_bined_dist,0.5682604
artificial_graph_sbmv_4_comuAndEmb_0_70_pos_0_30_1,0.7,1,GT_pos + SiNE_spatial,0.14022120905831814,0.6315627462568952,0.03192697791283317,0.639453983469724,SiNE_spatial_dist,0.5319947
artificial_graph_sbmv_4_comuAndEmb_0_70_pos_0_30_1,0.7,1,GT_pos + SiNE_spatial_bined,0.17991385341068106,0.6641917848699764,0.030795266334082555,0.6218500565079451,SiNE_spatial_bined_dist,0.52161306
artificial_graph_sbmv_4_comuAndEmb_0_70_pos_0_30_1,0.7,1,GT_pos + deepwalk,0.16285966209551866,0.6475817572892041,0.04241171775190825,0.6810142835745701,deepwalk_dist,0.55254495
artificial_graph_sbmv_4_comuAndEmb_0_60_pos_0_40_1,0.6,1,Inferred_Commu_normal,0.10955529556137508,0.6430026869682042,0.034429145292011354,0.624008812836423,louvain_density,1.0
artificial_graph_sbmv_4_comuAndEmb_0_60_pos_0_40_1,0.6,1,Inferred_Commu_spatial_manuel_iter,0.13206005999555365,0.7203201970443349,0.03307981136466454,0.6319810896571216,spatial_louvain_density,1.0
artificial_graph_sbmv_4_comuAndEmb_0_60_pos_0_40_1,0.6,1,Inferred_Commu_spatial_manuel_iter_old,0.125253699822896,0.6685848634124496,0.033583129114331,0.6099901080407497,spatial_louvain_old_density,1.0
artificial_graph_sbmv_4_comuAndEmb_0_60_pos_0_40_1,0.6,1,Inferred_Commu_spatial_manuel_iter_bined,0.14790584233641058,0.6702642185400806,0.0326851493123774,0.6407267378373867,spatial_louvain_bined_density,1.0
artificial_graph_sbmv_4_comuAndEmb_0_60_pos_0_40_1,0.6,1,Inferred_Commu_spatial_manuel_iter_0_20,0.14264906522406978,0.7060232870577698,0.035150608057304314,0.6621840675222568,spatial_louvain_manualiter_0_20_density,1.0
artificial_graph_sbmv_4_comuAndEmb_0_60_pos_0_40_1,0.6,1,Inferred_Commu_spatial_manuel_iter_0_50,0.11430452576413366,0.6392073443797581,0.042002554048446356,0.6763448568235249,spatial_louvain_manualiter_0_50_density,1.0
artificial_graph_sbmv_4_comuAndEmb_0_60_pos_0_40_1,0.6,1,Inferred_Commu_spatial_manuel_iter_0_80,0.13534664839013016,0.6995969547693687,0.0357057831411264,0.6601301370742925,spatial_louvain_manualiter_0_80_density,1.0
artificial_graph_sbmv_4_comuAndEmb_0_60_pos_0_40_1,0.6,1,GT_pos,0.12089999855470726,0.6137931034482759,0.039084198140595744,0.6304915147544354,GT_pos_dist,1.0
artificial_graph_sbmv_4_comuAndEmb_0_60_pos_0_40_1,0.6,1,GT_pos + Inferred_Commu normal,0.12205879913179885,0.6702082400358262,0.045018816233470184,0.7151874975912437,louvain_density,0.63802207
artificial_graph_sbmv_4_comuAndEmb_0_60_pos_0_40_1,0.6,1,GT_pos + Inferred_Commu spatial manuel iter,0.21229571320576654,0.7471115091804748,0.03136441844320365,0.6450141956038592,spatial_louvain_density,0.61015314
artificial_graph_sbmv_4_comuAndEmb_0_60_pos_0_40_1,0.6,1,GT_pos + Inferred_Commu spatial manuel iter old,0.13214377155551174,0.6950626959247648,0.03786654133606204,0.6942052388843926,spatial_louvain_old_density,0.56503886
artificial_graph_sbmv_4_comuAndEmb_0_60_pos_0_40_1,0.6,1,GT_pos + Inferred_Commu spatial manuel iter bined,0.1377850781861471,0.6965965069413345,0.035743938267870534,0.6958081216839455,spatial_louvain_bined_density,0.58543116
artificial_graph_sbmv_4_comuAndEmb_0_60_pos_0_40_1,0.6,1,GT_pos + Inferred_Commu spatial manuel iter 0_20,0.14682886781176996,0.6946036721898792,0.04357846193325158,0.716011228016084,spatial_louvain_manualiter_0_20_density,0.5992758
artificial_graph_sbmv_4_comuAndEmb_0_60_pos_0_40_1,0.6,1,GT_pos + Inferred_Commu spatial manuel iter 0_50,0.15576679041706298,0.6742498880429915,0.04530481930081523,0.7154845133027582,spatial_louvain_manualiter_0_50_density,0.57166886
artificial_graph_sbmv_4_comuAndEmb_0_60_pos_0_40_1,0.6,1,GT_pos + Inferred_Commu spatial manuel iter 0_80,0.17198603053463715,0.6881437527989251,0.04433338580859489,0.7171831040197325,spatial_louvain_manualiter_0_80_density,0.5165263
artificial_graph_sbmv_4_comuAndEmb_0_60_pos_0_40_1,0.6,1,SiNEcustom_spatial,0.17883052304867184,0.6965293327362294,0.05117138969801194,0.6841286725504554,SiNEcustom_spatial_dist,1.0
artificial_graph_sbmv_4_comuAndEmb_0_60_pos_0_40_1,0.6,1,SiNEcustom_spatial_bined,0.12779946761684688,0.6164352888490819,0.04799528302468833,0.6481220693464883,SiNEcustom_spatial_bined_dist,1.0
artificial_graph_sbmv_4_comuAndEmb_0_60_pos_0_40_1,0.6,1,SiNE_spatial,0.0967151076247338,0.5946148678907299,0.027151211992314368,0.606631338240773,SiNE_spatial_dist,1.0
artificial_graph_sbmv_4_comuAndEmb_0_60_pos_0_40_1,0.6,1,SiNE_spatial_bined,0.08372859920552819,0.5415472458575907,0.027311899296726214,0.5975845634048895,SiNE_spatial_bined_dist,1.0
artificial_graph_sbmv_4_comuAndEmb_0_60_pos_0_40_1,0.6,1,deepwalk,0.11780334423599752,0.6137707120465741,0.03394686832696881,0.6407296925784612,deepwalk_dist,1.0
artificial_graph_sbmv_4_comuAndEmb_0_60_pos_0_40_1,0.6,1,GT_pos + SiNEcustom_spatial,0.19222231375920593,0.686576354679803,0.05637154492226405,0.7287681299058337,SiNEcustom_spatial_dist,0.5463272
artificial_graph_sbmv_4_comuAndEmb_0_60_pos_0_40_1,0.6,1,GT_pos + SiNEcustom_spatial_bined,0.13915251044567345,0.6811128526645769,0.05144822535032559,0.7309026091648361,SiNEcustom_spatial_bined_dist,0.52330273
artificial_graph_sbmv_4_comuAndEmb_0_60_pos_0_40_1,0.6,1,GT_pos + SiNE_spatial,0.11986459345207398,0.6444021495745634,0.039137618328168804,0.666415770609319,SiNE_spatial_dist,0.5055832
artificial_graph_sbmv_4_comuAndEmb_0_60_pos_0_40_1,0.6,1,GT_pos + SiNE_spatial_bined,0.11332041746662046,0.589935064935065,0.03856597723366244,0.6529833892164798,GT_pos_dist,0.5390257
artificial_graph_sbmv_4_comuAndEmb_0_60_pos_0_40_1,0.6,1,GT_pos + deepwalk,0.1184111943091902,0.6049261083743842,0.039829133198141166,0.6877534975141635,GT_pos_dist,0.5010838
artificial_graph_sbmv_4_comuAndEmb_0_50_pos_0_50_1,0.5,1,Inferred_Commu_normal,0.09629998345070642,0.5828147788040837,0.03476284239527612,0.655363625222968,louvain_density,1.0
artificial_graph_sbmv_4_comuAndEmb_0_50_pos_0_50_1,0.5,1,Inferred_Commu_spatial_manuel_iter,0.10822673513082606,0.60599173553719,0.029616559767370376,0.6069326398061028,spatial_louvain_density,1.0
artificial_graph_sbmv_4_comuAndEmb_0_50_pos_0_50_1,0.5,1,Inferred_Commu_spatial_manuel_iter_old,0.08115999196674833,0.529776373359261,0.029998943872904915,0.5920982829754496,spatial_louvain_old_density,1.0
artificial_graph_sbmv_4_comuAndEmb_0_50_pos_0_50_1,0.5,1,Inferred_Commu_spatial_manuel_iter_bined,0.1034030162185623,0.5804812834224597,0.024468120347409483,0.5801987990359608,spatial_louvain_bined_density,1.0
artificial_graph_sbmv_4_comuAndEmb_0_50_pos_0_50_1,0.5,1,Inferred_Commu_spatial_manuel_iter_0_20,0.07549046718370228,0.526130286825474,0.02439385187908674,0.5857448836480985,spatial_louvain_manualiter_0_20_density,1.0
artificial_graph_sbmv_4_comuAndEmb_0_50_pos_0_50_1,0.5,1,Inferred_Commu_spatial_manuel_iter_0_50,0.08275445212267177,0.5580700048614486,0.03320818635408601,0.6429491700821067,spatial_louvain_manualiter_0_50_density,1.0
artificial_graph_sbmv_4_comuAndEmb_0_50_pos_0_50_1,0.5,1,Inferred_Commu_spatial_manuel_iter_0_80,0.11312423130611264,0.6068181818181818,0.027086108747372453,0.5833780858103784,spatial_louvain_manualiter_0_80_density,1.0
artificial_graph_sbmv_4_comuAndEmb_0_50_pos_0_50_1,0.5,1,GT_pos,0.14979730518902212,0.7062105007292173,0.05111401520281642,0.6973999537043342,GT_pos_dist,1.0
artificial_graph_sbmv_4_comuAndEmb_0_50_pos_0_50_1,0.5,1,GT_pos + Inferred_Commu normal,0.1394258095316766,0.6932425862907146,0.04246096799673186,0.6845139635898204,GT_pos_dist,0.5834949
artificial_graph_sbmv_4_comuAndEmb_0_50_pos_0_50_1,0.5,1,GT_pos + Inferred_Commu spatial manuel iter,0.17682750127030725,0.7327783179387457,0.05077262328784851,0.7295866069361802,GT_pos_dist,0.553942
artificial_graph_sbmv_4_comuAndEmb_0_50_pos_0_50_1,0.5,1,GT_pos + Inferred_Commu spatial manuel iter old,0.13855949471550433,0.6814171122994652,0.054729411094735905,0.7267862638035976,GT_pos_dist,0.5665086
artificial_graph_sbmv_4_comuAndEmb_0_50_pos_0_50_1,0.5,1,GT_pos + Inferred_Commu spatial manuel iter bined,0.1409097194315948,0.7206733106465726,0.039557120099683964,0.6886291036342097,GT_pos_dist,0.5336823
artificial_graph_sbmv_4_comuAndEmb_0_50_pos_0_50_1,0.5,1,GT_pos + Inferred_Commu spatial manuel iter 0_20,0.15257542050913037,0.7084710743801653,0.04509508843501591,0.6754214948053541,GT_pos_dist,0.6163956
artificial_graph_sbmv_4_comuAndEmb_0_50_pos_0_50_1,0.5,1,GT_pos + Inferred_Commu spatial manuel iter 0_50,0.17539244705596416,0.7139523578026252,0.048517308498980595,0.6930480249451941,GT_pos_dist,0.54367876
artificial_graph_sbmv_4_comuAndEmb_0_50_pos_0_50_1,0.5,1,GT_pos + Inferred_Commu spatial manuel iter 0_80,0.15983305174392975,0.7107681088964513,0.054236883419473914,0.6999822987159761,GT_pos_dist,0.5753777
artificial_graph_sbmv_4_comuAndEmb_0_50_pos_0_50_1,0.5,1,SiNEcustom_spatial,0.09790300164546674,0.5895600388915897,0.026842269722185164,0.6030123500496998,SiNEcustom_spatial_dist,1.0
artificial_graph_sbmv_4_comuAndEmb_0_50_pos_0_50_1,0.5,1,SiNEcustom_spatial_bined,0.1120445507251944,0.599161400097229,0.03166897504794193,0.6173422202856715,SiNEcustom_spatial_bined_dist,1.0
artificial_graph_sbmv_4_comuAndEmb_0_50_pos_0_50_1,0.5,1,SiNE_spatial,0.07714174999652898,0.5397788040836169,0.024650231432908985,0.5800988548630873,SiNE_spatial_dist,1.0
artificial_graph_sbmv_4_comuAndEmb_0_50_pos_0_50_1,0.5,1,SiNE_spatial_bined,0.07407896247248413,0.5035245503159942,0.024478084675390543,0.5816049618060757,SiNE_spatial_bined_dist,1.0
artificial_graph_sbmv_4_comuAndEmb_0_50_pos_0_50_1,0.5,1,deepwalk,0.09086109817049612,0.604982984929509,0.039402856827745567,0.6518815103280184,deepwalk_dist,1.0
artificial_graph_sbmv_4_comuAndEmb_0_50_pos_0_50_1,0.5,1,GT_pos + SiNEcustom_spatial,0.14444014125881657,0.7067087992221682,0.041569807247213736,0.6851517544695742,GT_pos_dist,0.5708277
artificial_graph_sbmv_4_comuAndEmb_0_50_pos_0_50_1,0.5,1,GT_pos + SiNEcustom_spatial_bined,0.1590246669084916,0.718886728245017,0.06041432815999181,0.7064385016543892,GT_pos_dist,0.5700666
artificial_graph_sbmv_4_comuAndEmb_0_50_pos_0_50_1,0.5,1,GT_pos + SiNE_spatial,0.14418753917101018,0.6417476908118619,0.04946604549502008,0.6876608433981019,GT_pos_dist,0.60698533
artificial_graph_sbmv_4_comuAndEmb_0_50_pos_0_50_1,0.5,1,GT_pos + SiNE_spatial_bined,0.15939558849808377,0.6580578512396695,0.047585718678960005,0.7073610108794816,GT_pos_dist,0.6106009
artificial_graph_sbmv_4_comuAndEmb_0_50_pos_0_50_1,0.5,1,GT_pos + deepwalk,0.14400432348298214,0.7168570734078754,0.04910982923153682,0.6868076415081494,GT_pos_dist,0.61386377
artificial_graph_sbmv_4_comuAndEmb_0_40_pos_0_60_1,0.3999999999999999,1,Inferred_Commu_normal,0.13272992401861514,0.710691128794577,0.032988776484310305,0.6706842019896194,louvain_density,1.0
artificial_graph_sbmv_4_comuAndEmb_0_40_pos_0_60_1,0.3999999999999999,1,Inferred_Commu_spatial_manuel_iter,0.06722794233117546,0.4799587385794283,0.021397368177806363,0.5132527303200692,spatial_louvain_density,1.0
artificial_graph_sbmv_4_comuAndEmb_0_40_pos_0_60_1,0.3999999999999999,1,Inferred_Commu_spatial_manuel_iter_old,0.0700462825317221,0.5029718046959427,0.020080763929972358,0.5308459937283738,spatial_louvain_old_density,1.0
artificial_graph_sbmv_4_comuAndEmb_0_40_pos_0_60_1,0.3999999999999999,1,Inferred_Commu_spatial_manuel_iter_bined,0.1293477299099599,0.5816755083996463,0.023384125425714313,0.5635110294117647,spatial_louvain_bined_density,1.0
artificial_graph_sbmv_4_comuAndEmb_0_40_pos_0_60_1,0.3999999999999999,1,Inferred_Commu_spatial_manuel_iter_0_20,0.10260742110533436,0.6417378917378918,0.03746203901000589,0.6539789684256055,spatial_louvain_manualiter_0_20_density,1.0
artificial_graph_sbmv_4_comuAndEmb_0_40_pos_0_60_1,0.3999999999999999,1,Inferred_Commu_spatial_manuel_iter_0_50,0.07872180471142681,0.5366809116809117,0.027699631192156356,0.5861864727508651,spatial_louvain_manualiter_0_50_density,1.0
artificial_graph_sbmv_4_comuAndEmb_0_40_pos_0_60_1,0.3999999999999999,1,Inferred_Commu_spatial_manuel_iter_0_80,0.07961943993220298,0.531584635032911,0.018741791035418856,0.47433755947231826,spatial_louvain_manualiter_0_80_density,1.0
artificial_graph_sbmv_4_comuAndEmb_0_40_pos_0_60_1,0.3999999999999999,1,GT_pos,0.15950913906851685,0.7214117300324197,0.05700989233512818,0.7135195447664361,GT_pos_dist,1.0
artificial_graph_sbmv_4_comuAndEmb_0_40_pos_0_60_1,0.3999999999999999,1,GT_pos + Inferred_Commu normal,0.1568615042569386,0.7239291678946851,0.05563429129346165,0.7150051362456747,GT_pos_dist,0.6893293
artificial_graph_sbmv_4_comuAndEmb_0_40_pos_0_60_1,0.3999999999999999,1,GT_pos + Inferred_Commu spatial manuel iter,0.1568508945187096,0.7011248649179683,0.052013123415388815,0.7249151167820069,GT_pos_dist,0.62942076
artificial_graph_sbmv_4_comuAndEmb_0_40_pos_0_60_1,0.3999999999999999,1,GT_pos + Inferred_Commu spatial manuel iter old,0.17357979981965566,0.7268395716671578,0.053520194861853665,0.7312145869377162,GT_pos_dist,0.63008606
artificial_graph_sbmv_4_comuAndEmb_0_40_pos_0_60_1,0.3999999999999999,1,GT_pos + Inferred_Commu spatial manuel iter bined,0.18569768423654087,0.7266308085273603,0.05677541065889994,0.7272722480536332,GT_pos_dist,0.64630383
artificial_graph_sbmv_4_comuAndEmb_0_40_pos_0_60_1,0.3999999999999999,1,GT_pos + Inferred_Commu spatial manuel iter 0_20,0.1510000924522421,0.7307937911386188,0.05387575041935998,0.6944302822231834,GT_pos_dist,0.6077372
artificial_graph_sbmv_4_comuAndEmb_0_40_pos_0_60_1,0.3999999999999999,1,GT_pos + Inferred_Commu spatial manuel iter 0_50,0.15163863577013234,0.7084806955496611,0.056827122400673016,0.7140393868944637,GT_pos_dist,0.6385792
artificial_graph_sbmv_4_comuAndEmb_0_40_pos_0_60_1,0.3999999999999999,1,GT_pos + Inferred_Commu spatial manuel iter 0_80,0.1977166531620392,0.7275272620100206,0.05378025339656518,0.6958916792820069,GT_pos_dist,0.6499258
artificial_graph_sbmv_4_comuAndEmb_0_40_pos_0_60_1,0.3999999999999999,1,SiNEcustom_spatial,0.11149114756682221,0.5768002750761371,0.0318805356831425,0.5983153114186851,SiNEcustom_spatial_dist,1.0
artificial_graph_sbmv_4_comuAndEmb_0_40_pos_0_60_1,0.3999999999999999,1,SiNEcustom_spatial_bined,0.08632046975122591,0.5501031535514294,0.025659533730411587,0.595601481401384,SiNEcustom_spatial_bined_dist,1.0
artificial_graph_sbmv_4_comuAndEmb_0_40_pos_0_60_1,0.3999999999999999,1,SiNE_spatial,0.10354985725541485,0.610619903723352,0.028115224996697573,0.5812552714100345,SiNE_spatial_dist,1.0
artificial_graph_sbmv_4_comuAndEmb_0_40_pos_0_60_1,0.3999999999999999,1,SiNE_spatial_bined,0.0970736275313895,0.6288314176245211,0.02310755870628816,0.5515785845588235,SiNE_spatial_bined_dist,1.0
artificial_graph_sbmv_4_comuAndEmb_0_40_pos_0_60_1,0.3999999999999999,1,deepwalk,0.09413714297816556,0.5884050496119462,0.042351790520813205,0.6638079855103806,deepwalk_dist,1.0
artificial_graph_sbmv_4_comuAndEmb_0_40_pos_0_60_1,0.3999999999999999,1,GT_pos + SiNEcustom_spatial,0.20358796051778355,0.7399793692897141,0.051162536370748704,0.7089399059256055,GT_pos_dist,0.6406624
artificial_graph_sbmv_4_comuAndEmb_0_40_pos_0_60_1,0.3999999999999999,1,GT_pos + SiNEcustom_spatial_bined,0.16512140207127585,0.6945795264760781,0.053106095032168135,0.721752946583045,GT_pos_dist,0.623476
artificial_graph_sbmv_4_comuAndEmb_0_40_pos_0_60_1,0.3999999999999999,1,GT_pos + SiNE_spatial,0.1395766293492513,0.7039493073975833,0.04683319009678534,0.6938090668252594,GT_pos_dist,0.6538506
artificial_graph_sbmv_4_comuAndEmb_0_40_pos_0_60_1,0.3999999999999999,1,GT_pos + SiNE_spatial_bined,0.1466960613041161,0.7094876706945672,0.0460118162263526,0.698368160683391,GT_pos_dist,0.63783044
artificial_graph_sbmv_4_comuAndEmb_0_40_pos_0_60_1,0.3999999999999999,1,GT_pos + deepwalk,0.1317446762373667,0.6640878278809312,0.05742007301154901,0.7193855428200692,GT_pos_dist,0.6322526
artificial_graph_sbmv_4_comuAndEmb_0_30_pos_0_70_1,0.29999999999999993,1,Inferred_Commu_normal,0.1738887800279881,0.7733318405732199,0.048336131978187646,0.7034290409399099,louvain_density,1.0
artificial_graph_sbmv_4_comuAndEmb_0_30_pos_0_70_1,0.29999999999999993,1,Inferred_Commu_spatial_manuel_iter,0.07510255388678691,0.4732534706672638,0.020270730783112086,0.5013428393975466,spatial_louvain_density,1.0
artificial_graph_sbmv_4_comuAndEmb_0_30_pos_0_70_1,0.29999999999999993,1,Inferred_Commu_spatial_manuel_iter_old,0.09592580727125742,0.5335982982534706,0.019412873902536144,0.489534573779825,spatial_louvain_old_density,1.0
artificial_graph_sbmv_4_comuAndEmb_0_30_pos_0_70_1,0.29999999999999993,1,Inferred_Commu_spatial_manuel_iter_bined,0.074914658883678,0.5465181370353784,0.021728865564902427,0.5403783448061694,spatial_louvain_bined_density,1.0
artificial_graph_sbmv_4_comuAndEmb_0_30_pos_0_70_1,0.29999999999999993,1,Inferred_Commu_spatial_manuel_iter_0_20,0.16427862984522296,0.7199843260188087,0.02334896031006912,0.5744443869364938,spatial_louvain_manualiter_0_20_density,1.0
artificial_graph_sbmv_4_comuAndEmb_0_30_pos_0_70_1,0.29999999999999993,1,Inferred_Commu_spatial_manuel_iter_0_50,0.15913701901954902,0.7293663233318405,0.029052726943076233,0.6069976968065836,spatial_louvain_manualiter_0_50_density,1.0
artificial_graph_sbmv_4_comuAndEmb_0_30_pos_0_70_1,0.29999999999999993,1,Inferred_Commu_spatial_manuel_iter_0_80,0.08200445944672745,0.5122145096283027,0.020620321107273864,0.5102483049531596,spatial_louvain_manualiter_0_80_density,1.0
artificial_graph_sbmv_4_comuAndEmb_0_30_pos_0_70_1,0.29999999999999993,1,GT_pos,0.2492197756410537,0.7812360053739364,0.09938923335874184,0.7734700584855856,GT_pos_dist,1.0
artificial_graph_sbmv_4_comuAndEmb_0_30_pos_0_70_1,0.29999999999999993,1,GT_pos + Inferred_Commu normal,0.24956539626078086,0.8045790416480072,0.07973826423104097,0.756393820195642,GT_pos_dist,0.6604178
artificial_graph_sbmv_4_comuAndEmb_0_30_pos_0_70_1,0.29999999999999993,1,GT_pos + Inferred_Commu spatial manuel iter,0.2084844185265818,0.7466748768472906,0.08256919982748416,0.7620971999378914,GT_pos_dist,0.6689806
artificial_graph_sbmv_4_comuAndEmb_0_30_pos_0_70_1,0.29999999999999993,1,GT_pos + Inferred_Commu spatial manuel iter old,0.25089500097179174,0.7744849977608599,0.07548725278799058,0.7674729568862896,GT_pos_dist,0.6956565
artificial_graph_sbmv_4_comuAndEmb_0_30_pos_0_70_1,0.29999999999999993,1,GT_pos + Inferred_Commu spatial manuel iter bined,0.2263916842132911,0.7784258844603673,0.08236992482767795,0.7672575177268257,GT_pos_dist,0.6794079
artificial_graph_sbmv_4_comuAndEmb_0_30_pos_0_70_1,0.29999999999999993,1,GT_pos + Inferred_Commu spatial manuel iter 0_20,0.2363368359643144,0.7769704433497537,0.09038499751015937,0.7444006521401584,GT_pos_dist,0.6579745
artificial_graph_sbmv_4_comuAndEmb_0_30_pos_0_70_1,0.29999999999999993,1,GT_pos + Inferred_Commu spatial manuel iter 0_50,0.22502975065665312,0.7834751455441111,0.08407289878053774,0.7628415972258165,GT_pos_dist,0.68553674
artificial_graph_sbmv_4_comuAndEmb_0_30_pos_0_70_1,0.29999999999999993,1,GT_pos + Inferred_Commu spatial manuel iter 0_80,0.28653893771764205,0.7863636363636364,0.08533430917791225,0.7591294446457222,GT_pos_dist,0.66795987
artificial_graph_sbmv_4_comuAndEmb_0_30_pos_0_70_1,0.29999999999999993,1,SiNEcustom_spatial,0.12872666215564135,0.659370801612181,0.028150191995520667,0.6089379431706434,SiNEcustom_spatial_dist,1.0
artificial_graph_sbmv_4_comuAndEmb_0_30_pos_0_70_1,0.29999999999999993,1,SiNEcustom_spatial_bined,0.10705163271588727,0.6099977608598298,0.030258946459301442,0.6088172196056104,SiNEcustom_spatial_bined_dist,1.0
artificial_graph_sbmv_4_comuAndEmb_0_30_pos_0_70_1,0.29999999999999993,1,SiNE_spatial,0.13078152105483787,0.6579041648007166,0.028142212227228364,0.6045374204233736,SiNE_spatial_dist,1.0
artificial_graph_sbmv_4_comuAndEmb_0_30_pos_0_70_1,0.29999999999999993,1,SiNE_spatial_bined,0.10843514175929543,0.6564711150918048,0.029707030319309935,0.6196402877697841,SiNE_spatial_bined_dist,1.0
artificial_graph_sbmv_4_comuAndEmb_0_30_pos_0_70_1,0.29999999999999993,1,deepwalk,0.22294951867241575,0.7225481415136589,0.041364397363420055,0.6935334610009833,deepwalk_dist,1.0
artificial_graph_sbmv_4_comuAndEmb_0_30_pos_0_70_1,0.29999999999999993,1,GT_pos + SiNEcustom_spatial,0.26816483214134895,0.782344379758173,0.09401236425739884,0.7676379328192122,GT_pos_dist,0.67151344
artificial_graph_sbmv_4_comuAndEmb_0_30_pos_0_70_1,0.29999999999999993,1,GT_pos + SiNEcustom_spatial_bined,0.21110111342275037,0.7562136139722347,0.09100409695561079,0.7671581439884064,GT_pos_dist,0.6837578
artificial_graph_sbmv_4_comuAndEmb_0_30_pos_0_70_1,0.29999999999999993,1,GT_pos + SiNE_spatial,0.21904107812339169,0.7519368562472011,0.0724505078466734,0.7570202111691942,GT_pos_dist,0.7045013
artificial_graph_sbmv_4_comuAndEmb_0_30_pos_0_70_1,0.29999999999999993,1,GT_pos + SiNE_spatial_bined,0.2070855420803395,0.750794894760412,0.0888920392878442,0.7778819678070493,GT_pos_dist,0.67444485
artificial_graph_sbmv_4_comuAndEmb_0_30_pos_0_70_1,0.29999999999999993,1,GT_pos + deepwalk,0.25717513477471365,0.75769144648455,0.06491128462476586,0.7583322550592619,GT_pos_dist,0.67806894
artificial_graph_sbmv_4_comuAndEmb_0_20_pos_0_80_1,0.19999999999999996,1,Inferred_Commu_normal,0.17890560994699123,0.7681159420289856,0.05513779065234707,0.7829663471074381,louvain_density,1.0
artificial_graph_sbmv_4_comuAndEmb_0_20_pos_0_80_1,0.19999999999999996,1,Inferred_Commu_spatial_manuel_iter,0.09002617292290199,0.5559152242060788,0.019943080109142468,0.5026570578512397,spatial_louvain_density,1.0
artificial_graph_sbmv_4_comuAndEmb_0_20_pos_0_80_1,0.19999999999999996,1,Inferred_Commu_spatial_manuel_iter_old,0.07362957780146491,0.47336558993230654,0.020651410051294845,0.5125926611570248,spatial_louvain_old_density,1.0
artificial_graph_sbmv_4_comuAndEmb_0_20_pos_0_80_1,0.19999999999999996,1,Inferred_Commu_spatial_manuel_iter_bined,0.06487077371822433,0.4677206851119894,0.02204078833109977,0.5372945454545454,spatial_louvain_bined_density,1.0
artificial_graph_sbmv_4_comuAndEmb_0_20_pos_0_80_1,0.19999999999999996,1,Inferred_Commu_spatial_manuel_iter_0_20,0.2079956476976168,0.8177161419290355,0.055055404865786334,0.736453950413223,spatial_louvain_manualiter_0_20_density,1.0
artificial_graph_sbmv_4_comuAndEmb_0_20_pos_0_80_1,0.19999999999999996,1,Inferred_Commu_spatial_manuel_iter_0_50,0.16670554412951952,0.6680069056380902,0.04557365436798121,0.6987325619834711,spatial_louvain_manualiter_0_50_density,1.0
artificial_graph_sbmv_4_comuAndEmb_0_20_pos_0_80_1,0.19999999999999996,1,Inferred_Commu_spatial_manuel_iter_0_80,0.08400420329514602,0.5598791513334241,0.019603240209807738,0.5021223140495867,spatial_louvain_manualiter_0_80_density,1.0
artificial_graph_sbmv_4_comuAndEmb_0_20_pos_0_80_1,0.19999999999999996,1,GT_pos,0.381508360199314,0.8335150606514925,0.11514029097769142,0.8142204297520661,GT_pos_dist,1.0
artificial_graph_sbmv_4_comuAndEmb_0_20_pos_0_80_1,0.19999999999999996,1,GT_pos + Inferred_Commu normal,0.38206400758021886,0.8221571032665486,0.11434842146286074,0.8084776198347108,GT_pos_dist,0.67601335
artificial_graph_sbmv_4_comuAndEmb_0_20_pos_0_80_1,0.19999999999999996,1,GT_pos + Inferred_Commu spatial manuel iter,0.3874443572624655,0.8252351097178683,0.08758064770335534,0.7834829752066115,GT_pos_dist,0.7372483
artificial_graph_sbmv_4_comuAndEmb_0_20_pos_0_80_1,0.19999999999999996,1,GT_pos + Inferred_Commu spatial manuel iter old,0.36572867222203065,0.8303916223706329,0.07726077789418923,0.7968591074380165,GT_pos_dist,0.7401298
artificial_graph_sbmv_4_comuAndEmb_0_20_pos_0_80_1,0.19999999999999996,1,GT_pos + Inferred_Commu spatial manuel iter bined,0.33059754067072944,0.8171482440597881,0.09955135258604896,0.7984066115702478,GT_pos_dist,0.73825765
artificial_graph_sbmv_4_comuAndEmb_0_20_pos_0_80_1,0.19999999999999996,1,GT_pos + Inferred_Commu spatial manuel iter 0_20,0.3587042553810061,0.8326291399754668,0.1058372792519412,0.7899476363636364,GT_pos_dist,0.6856876
artificial_graph_sbmv_4_comuAndEmb_0_20_pos_0_80_1,0.19999999999999996,1,GT_pos + Inferred_Commu spatial manuel iter 0_50,0.3142137514303891,0.801224387806097,0.10709730895718036,0.7794273057851239,GT_pos_dist,0.6803186
artificial_graph_sbmv_4_comuAndEmb_0_20_pos_0_80_1,0.19999999999999996,1,GT_pos + Inferred_Commu spatial manuel iter 0_80,0.3434489990644382,0.8082890372995322,0.09275780920634874,0.7815990743801652,GT_pos_dist,0.7000251
artificial_graph_sbmv_4_comuAndEmb_0_20_pos_0_80_1,0.19999999999999996,1,SiNEcustom_spatial,0.11648311767259355,0.5755417745672619,0.028434546951067237,0.6094188429752065,SiNEcustom_spatial_dist,1.0
artificial_graph_sbmv_4_comuAndEmb_0_20_pos_0_80_1,0.19999999999999996,1,SiNEcustom_spatial_bined,0.11508035191040752,0.6374085684430512,0.026117776855659018,0.6069315702479339,SiNEcustom_spatial_bined_dist,1.0
artificial_graph_sbmv_4_comuAndEmb_0_20_pos_0_80_1,0.19999999999999996,1,SiNE_spatial,0.11422932752284307,0.6563990731906775,0.02697960872184854,0.633865256198347,SiNE_spatial_dist,1.0
artificial_graph_sbmv_4_comuAndEmb_0_20_pos_0_80_1,0.19999999999999996,1,SiNE_spatial_bined,0.1173284403689441,0.6648834673572306,0.03193004825130883,0.6495764628099173,SiNE_spatial_bined_dist,1.0
artificial_graph_sbmv_4_comuAndEmb_0_20_pos_0_80_1,0.19999999999999996,1,deepwalk,0.19329581920212488,0.7361205760755986,0.058116315086087444,0.7359812231404957,deepwalk_dist,1.0
artificial_graph_sbmv_4_comuAndEmb_0_20_pos_0_80_1,0.19999999999999996,1,GT_pos + SiNEcustom_spatial,0.2679753991811305,0.7956930625596293,0.09446171876550474,0.8005786446280992,GT_pos_dist,0.7154212
artificial_graph_sbmv_4_comuAndEmb_0_20_pos_0_80_1,0.19999999999999996,1,GT_pos + SiNEcustom_spatial_bined,0.27204693366523147,0.8084594066603064,0.06876261087996897,0.7789666115702479,GT_pos_dist,0.68024594
artificial_graph_sbmv_4_comuAndEmb_0_20_pos_0_80_1,0.19999999999999996,1,GT_pos + SiNE_spatial,0.3176750568459286,0.8308459406660306,0.09532801654536677,0.7975855867768595,GT_pos_dist,0.7096077
artificial_graph_sbmv_4_comuAndEmb_0_20_pos_0_80_1,0.19999999999999996,1,GT_pos + SiNE_spatial_bined,0.29492134774597917,0.813366044250602,0.08285214339956076,0.7913897520661157,GT_pos_dist,0.70919424
artificial_graph_sbmv_4_comuAndEmb_0_20_pos_0_80_1,0.19999999999999996,1,GT_pos + deepwalk,0.3805480575872059,0.8367747944209714,0.08610945578150997,0.7772740495867769,GT_pos_dist,0.6951609
artificial_graph_sbmv_4_comuAndEmb_0_10_pos_0_90_1,0.09999999999999998,1,Inferred_Commu_normal,0.1719140168282224,0.778542546908364,0.06518295326951178,0.7808534214876034,louvain_density,1.0
artificial_graph_sbmv_4_comuAndEmb_0_10_pos_0_90_1,0.09999999999999998,1,Inferred_Commu_spatial_manuel_iter,0.08325017739776948,0.5486347735223297,0.02000238443609725,0.49721983471074377,spatial_louvain_density,1.0
artificial_graph_sbmv_4_comuAndEmb_0_10_pos_0_90_1,0.09999999999999998,1,Inferred_Commu_spatial_manuel_iter_old,0.10592896150897702,0.5792217527599838,0.020572351983073073,0.5229519338842975,spatial_louvain_old_density,1.0
artificial_graph_sbmv_4_comuAndEmb_0_10_pos_0_90_1,0.09999999999999998,1,Inferred_Commu_spatial_manuel_iter_bined,0.10208126663785358,0.5524510472036709,0.02100438669110253,0.5388551404958678,spatial_louvain_bined_density,1.0
artificial_graph_sbmv_4_comuAndEmb_0_10_pos_0_90_1,0.09999999999999998,1,Inferred_Commu_spatial_manuel_iter_0_20,0.1805296813659309,0.7829494343737221,0.06315149437341348,0.8012638677685949,spatial_louvain_manualiter_0_20_density,1.0
artificial_graph_sbmv_4_comuAndEmb_0_10_pos_0_90_1,0.09999999999999998,1,Inferred_Commu_spatial_manuel_iter_0_50,0.1714522147368408,0.745763481895416,0.06292109620694117,0.7511173553719007,spatial_louvain_manualiter_0_50_density,1.0
artificial_graph_sbmv_4_comuAndEmb_0_10_pos_0_90_1,0.09999999999999998,1,Inferred_Commu_spatial_manuel_iter_0_80,0.12653872911151748,0.6254486393167051,0.023144525307695535,0.5382362975206612,spatial_louvain_manualiter_0_80_density,1.0
artificial_graph_sbmv_4_comuAndEmb_0_10_pos_0_90_1,0.09999999999999998,1,GT_pos,0.24134968340415658,0.8224637681159421,0.11796665208607271,0.8673272066115703,GT_pos_dist,1.0
artificial_graph_sbmv_4_comuAndEmb_0_10_pos_0_90_1,0.09999999999999998,1,GT_pos + Inferred_Commu normal,0.23644839306894333,0.8195674889827814,0.10603978636550088,0.8541040661157026,GT_pos_dist,0.776642
artificial_graph_sbmv_4_comuAndEmb_0_10_pos_0_90_1,0.09999999999999998,1,GT_pos + Inferred_Commu spatial manuel iter,0.2425115915700196,0.8226568533914861,0.11525907452326488,0.865283570247934,GT_pos_dist,0.7515855
artificial_graph_sbmv_4_comuAndEmb_0_10_pos_0_90_1,0.09999999999999998,1,GT_pos + Inferred_Commu spatial manuel iter old,0.27511265213832037,0.8035641270273953,0.09204413641017094,0.8417000991735538,GT_pos_dist,0.7532015
artificial_graph_sbmv_4_comuAndEmb_0_10_pos_0_90_1,0.09999999999999998,1,GT_pos + Inferred_Commu spatial manuel iter bined,0.228952227788544,0.8049497978283585,0.10412312278094504,0.8446040330578513,GT_pos_dist,0.75152403
artificial_graph_sbmv_4_comuAndEmb_0_10_pos_0_90_1,0.09999999999999998,1,GT_pos + Inferred_Commu spatial manuel iter 0_20,0.22097791484976906,0.8116282767707055,0.11363912993012064,0.8415920661157026,GT_pos_dist,0.77750856
artificial_graph_sbmv_4_comuAndEmb_0_10_pos_0_90_1,0.09999999999999998,1,GT_pos + Inferred_Commu spatial manuel iter 0_50,0.2035668280658842,0.7955226931988553,0.09457766895822518,0.829500561983471,GT_pos_dist,0.7778075
artificial_graph_sbmv_4_comuAndEmb_0_10_pos_0_90_1,0.09999999999999998,1,GT_pos + Inferred_Commu spatial manuel iter 0_80,0.26476003281101945,0.8181363863522785,0.12169033892653967,0.860070347107438,GT_pos_dist,0.7509875
artificial_graph_sbmv_4_comuAndEmb_0_10_pos_0_90_1,0.09999999999999998,1,SiNEcustom_spatial,0.13188191269870608,0.682192994411885,0.04118639712295129,0.6910610247933884,SiNEcustom_spatial_dist,1.0
artificial_graph_sbmv_4_comuAndEmb_0_10_pos_0_90_1,0.09999999999999998,1,SiNEcustom_spatial_bined,0.11796536455070292,0.6432124846667576,0.04469688891074263,0.6973926611570248,SiNEcustom_spatial_bined_dist,1.0
artificial_graph_sbmv_4_comuAndEmb_0_10_pos_0_90_1,0.09999999999999998,1,SiNE_spatial,0.10792669116249202,0.638271773204307,0.042740220763871024,0.720502611570248,SiNE_spatial_dist,1.0
artificial_graph_sbmv_4_comuAndEmb_0_10_pos_0_90_1,0.09999999999999998,1,SiNE_spatial_bined,0.12337231884384729,0.622643223842624,0.037306228575259504,0.6840867438016529,SiNE_spatial_bined_dist,1.0
artificial_graph_sbmv_4_comuAndEmb_0_10_pos_0_90_1,0.09999999999999998,1,deepwalk,0.16690390509512087,0.7186520376175548,0.07677930480226669,0.8042910413223141,deepwalk_dist,1.0
artificial_graph_sbmv_4_comuAndEmb_0_10_pos_0_90_1,0.09999999999999998,1,GT_pos + SiNEcustom_spatial,0.21085790566359142,0.8086297760210803,0.08924181848271719,0.8411616528925621,GT_pos_dist,0.74894434
artificial_graph_sbmv_4_comuAndEmb_0_10_pos_0_90_1,0.09999999999999998,1,GT_pos + SiNEcustom_spatial_bined,0.19489087819650527,0.7916723456453592,0.10118650715116886,0.8419018842975208,GT_pos_dist,0.733729
artificial_graph_sbmv_4_comuAndEmb_0_10_pos_0_90_1,0.09999999999999998,1,GT_pos + SiNE_spatial,0.2263165196983173,0.812934441869974,0.11624801852127911,0.8662421157024792,GT_pos_dist,0.75894076
artificial_graph_sbmv_4_comuAndEmb_0_10_pos_0_90_1,0.09999999999999998,1,GT_pos + SiNE_spatial_bined,0.23201085431444748,0.7874812593703148,0.09550847411107698,0.8449938512396695,GT_pos_dist,0.74649775
artificial_graph_sbmv_4_comuAndEmb_0_10_pos_0_90_1,0.09999999999999998,1,GT_pos + deepwalk,0.24472631501904316,0.8055631275271454,0.10911038077896822,0.8573224462809919,GT_pos_dist,0.773063
artificial_graph_sbmv_4_comuAndEmb_0_00_pos_1_00_1,0.0,1,Inferred_Commu_normal,0.23055593008873737,0.8433420365535249,0.06686778782370476,0.8104027515227894,louvain_density,1.0
artificial_graph_sbmv_4_comuAndEmb_0_00_pos_1_00_1,0.0,1,Inferred_Commu_spatial_manuel_iter,0.08767247168251446,0.5906123902207453,0.028863806686734845,0.565403670447385,spatial_louvain_density,1.0
artificial_graph_sbmv_4_comuAndEmb_0_00_pos_1_00_1,0.0,1,Inferred_Commu_spatial_manuel_iter_old,0.08660152987653394,0.4897697602658438,0.019786387372466577,0.5057871245536653,spatial_louvain_old_density,1.0
artificial_graph_sbmv_4_comuAndEmb_0_00_pos_1_00_1,0.0,1,Inferred_Commu_spatial_manuel_iter_bined,0.07880117188028356,0.4988250652741514,0.020668180931261007,0.5120137576139465,spatial_louvain_bined_density,1.0
artificial_graph_sbmv_4_comuAndEmb_0_00_pos_1_00_1,0.0,1,Inferred_Commu_spatial_manuel_iter_0_20,0.24595018174706146,0.875551863280323,0.06164497530405714,0.8198533658895191,spatial_louvain_manualiter_0_20_density,1.0
artificial_graph_sbmv_4_comuAndEmb_0_00_pos_1_00_1,0.0,1,Inferred_Commu_spatial_manuel_iter_0_50,0.2777067300047521,0.8281390932826964,0.07788661164867841,0.8266988290275151,spatial_louvain_manualiter_0_50_density,1.0
artificial_graph_sbmv_4_comuAndEmb_0_00_pos_1_00_1,0.0,1,Inferred_Commu_spatial_manuel_iter_0_80,0.12000082581419055,0.6517446000474721,0.030680612326609326,0.6467724742701114,spatial_louvain_manualiter_0_80_density,1.0
artificial_graph_sbmv_4_comuAndEmb_0_00_pos_1_00_1,0.0,1,GT_pos,0.5059060616199516,0.9202705910277711,0.1552690010555511,0.8950896607855492,GT_pos_dist,1.0
artificial_graph_sbmv_4_comuAndEmb_0_00_pos_1_00_1,0.0,1,GT_pos + Inferred_Commu normal,0.44943662008358576,0.9119154996439591,0.14266588391587717,0.887766356857803,GT_pos_dist,0.7537724
artificial_graph_sbmv_4_comuAndEmb_0_00_pos_1_00_1,0.0,1,GT_pos + Inferred_Commu spatial manuel iter,0.43511918795513993,0.9047234749584618,0.14688591262647324,0.8912825561856754,GT_pos_dist,0.81474924
artificial_graph_sbmv_4_comuAndEmb_0_00_pos_1_00_1,0.0,1,GT_pos + Inferred_Commu spatial manuel iter old,0.40231493329824625,0.8965820080702588,0.14112647395223943,0.8752541482881747,GT_pos_dist,0.7965485
artificial_graph_sbmv_4_comuAndEmb_0_00_pos_1_00_1,0.0,1,GT_pos + Inferred_Commu spatial manuel iter bined,0.35268774191295477,0.8960479468312368,0.15432937485070816,0.8859798361688721,GT_pos_dist,0.78148377
artificial_graph_sbmv_4_comuAndEmb_0_00_pos_1_00_1,0.0,1,GT_pos + Inferred_Commu spatial manuel iter 0_20,0.42986916918016876,0.9138499881319725,0.13136453024297595,0.8880622505776097,GT_pos_dist,0.7885367
artificial_graph_sbmv_4_comuAndEmb_0_00_pos_1_00_1,0.0,1,GT_pos + Inferred_Commu spatial manuel iter 0_50,0.4677547712615297,0.9132447187277475,0.12924692267352603,0.8833724532661207,GT_pos_dist,0.772892
artificial_graph_sbmv_4_comuAndEmb_0_00_pos_1_00_1,0.0,1,GT_pos + Inferred_Commu spatial manuel iter 0_80,0.42975877108256244,0.917113695703774,0.14097939398563605,0.8876504410838059,GT_pos_dist,0.77243906
artificial_graph_sbmv_4_comuAndEmb_0_00_pos_1_00_1,0.0,1,SiNEcustom_spatial,0.19499129421360573,0.750937574175172,0.04752697205088935,0.7277545421130015,SiNEcustom_spatial_dist,1.0
artificial_graph_sbmv_4_comuAndEmb_0_00_pos_1_00_1,0.0,1,SiNEcustom_spatial_bined,0.17532666401194427,0.7551032518395442,0.046377935124009485,0.727718047679059,SiNEcustom_spatial_bined_dist,1.0
artificial_graph_sbmv_4_comuAndEmb_0_00_pos_1_00_1,0.0,1,SiNE_spatial,0.177081227824525,0.7655115119867077,0.04974279157714788,0.75899154589372,SiNE_spatial_dist,1.0
artificial_graph_sbmv_4_comuAndEmb_0_00_pos_1_00_1,0.0,1,SiNE_spatial_bined,0.20523229157692036,0.7567291716116781,0.04968207169847312,0.7590171445074565,SiNE_spatial_bined_dist,1.0
artificial_graph_sbmv_4_comuAndEmb_0_00_pos_1_00_1,0.0,1,deepwalk,0.36853199875829296,0.8691668644671255,0.10144935490351689,0.8218581968073935,deepwalk_dist,1.0
artificial_graph_sbmv_4_comuAndEmb_0_00_pos_1_00_1,0.0,1,GT_pos + SiNEcustom_spatial,0.44817081159935296,0.9099216710182767,0.1185247596061578,0.879425540852762,GT_pos_dist,0.78522915
artificial_graph_sbmv_4_comuAndEmb_0_00_pos_1_00_1,0.0,1,GT_pos + SiNEcustom_spatial_bined,0.38566414863044807,0.9063137906479943,0.15924170746191849,0.8820921287544634,GT_pos_dist,0.7926048
artificial_graph_sbmv_4_comuAndEmb_0_00_pos_1_00_1,0.0,1,GT_pos + SiNE_spatial,0.37993309722186724,0.9044267742701163,0.128879217669529,0.8833093100189036,GT_pos_dist,0.79279286
artificial_graph_sbmv_4_comuAndEmb_0_00_pos_1_00_1,0.0,1,GT_pos + SiNE_spatial_bined,0.46019138811253485,0.9168288630429622,0.12767034560243215,0.8761420919974795,GT_pos_dist,0.7718445
artificial_graph_sbmv_4_comuAndEmb_0_00_pos_1_00_1,0.0,1,GT_pos + deepwalk,0.4311624908055798,0.9176121528601946,0.12708795416772897,0.8751528040327662,GT_pos_dist,0.7858197
artificial_graph_sbmv_4_comuAndEmb_1_00_pos_0_00_2,1.0,2,Inferred_Commu_normal,0.15801484300689428,0.7495002498750625,0.05754322758590549,0.7603145785123967,louvain_density,1.0
artificial_graph_sbmv_4_comuAndEmb_1_00_pos_0_00_2,1.0,2,Inferred_Commu_spatial_manuel_iter,0.16747837431178533,0.7746467675253284,0.056618155839921774,0.762972429752066,spatial_louvain_density,1.0
artificial_graph_sbmv_4_comuAndEmb_1_00_pos_0_00_2,1.0,2,Inferred_Commu_spatial_manuel_iter_old,0.16295074005183405,0.7594725364590432,0.056167127503178996,0.8065190082644628,spatial_louvain_old_density,1.0
artificial_graph_sbmv_4_comuAndEmb_1_00_pos_0_00_2,1.0,2,Inferred_Commu_spatial_manuel_iter_bined,0.1516040751145351,0.7329517059651991,0.07782977349159033,0.8234540165289257,spatial_louvain_bined_density,1.0
artificial_graph_sbmv_4_comuAndEmb_1_00_pos_0_00_2,1.0,2,Inferred_Commu_spatial_manuel_iter_0_20,0.1713167484150541,0.7558834219254009,0.06541336763832227,0.7902050909090909,spatial_louvain_manualiter_0_20_density,1.0
artificial_graph_sbmv_4_comuAndEmb_1_00_pos_0_00_2,1.0,2,Inferred_Commu_spatial_manuel_iter_0_50,0.16747837431178533,0.7746467675253284,0.05364961552001023,0.7884305454545455,spatial_louvain_manualiter_0_50_density,1.0
artificial_graph_sbmv_4_comuAndEmb_1_00_pos_0_00_2,1.0,2,Inferred_Commu_spatial_manuel_iter_0_80,0.15963945623472986,0.7516355458634318,0.07349792005320208,0.8099250247933885,spatial_louvain_manualiter_0_80_density,1.0
artificial_graph_sbmv_4_comuAndEmb_1_00_pos_0_00_2,1.0,2,GT_pos,0.0674412191919397,0.45230793694062066,0.021298767896354952,0.507820958677686,GT_pos_dist,1.0
artificial_graph_sbmv_4_comuAndEmb_1_00_pos_0_00_2,1.0,2,GT_pos + Inferred_Commu normal,0.1461257997164094,0.6754577256826133,0.04479745943723365,0.7016682314049586,louvain_density,0.7581188
artificial_graph_sbmv_4_comuAndEmb_1_00_pos_0_00_2,1.0,2,GT_pos + Inferred_Commu spatial manuel iter,0.14917775455766125,0.7146426786606697,0.03310584516370696,0.6681221818181817,spatial_louvain_density,0.7630056
artificial_graph_sbmv_4_comuAndEmb_1_00_pos_0_00_2,1.0,2,GT_pos + Inferred_Commu spatial manuel iter old,0.14652088197778323,0.6956067420835037,0.046809498963555685,0.7351724958677686,spatial_louvain_old_density,0.7578665
artificial_graph_sbmv_4_comuAndEmb_1_00_pos_0_00_2,1.0,2,GT_pos + Inferred_Commu spatial manuel iter bined,0.13708857380381848,0.6657239562037163,0.05666618136442628,0.7450425123966942,spatial_louvain_bined_density,0.7463912
artificial_graph_sbmv_4_comuAndEmb_1_00_pos_0_00_2,1.0,2,GT_pos + Inferred_Commu spatial manuel iter 0_20,0.16110296753869138,0.6811480623324702,0.04833534250825784,0.695830082644628,spatial_louvain_manualiter_0_20_density,0.75990826
artificial_graph_sbmv_4_comuAndEmb_1_00_pos_0_00_2,1.0,2,GT_pos + Inferred_Commu spatial manuel iter 0_50,0.14995383000748946,0.7236268229521603,0.046804880296177215,0.7431594049586777,spatial_louvain_manualiter_0_50_density,0.7833996
artificial_graph_sbmv_4_comuAndEmb_1_00_pos_0_00_2,1.0,2,GT_pos + Inferred_Commu spatial manuel iter 0_80,0.14923522926188693,0.6899845531779565,0.06061901470219995,0.7578192396694214,spatial_louvain_manualiter_0_80_density,0.7625104
artificial_graph_sbmv_4_comuAndEmb_1_00_pos_0_00_2,1.0,2,SiNEcustom_spatial,0.29441640196853947,0.7844373267911499,0.11537378240366684,0.8442262479338843,SiNEcustom_spatial_dist,1.0
artificial_graph_sbmv_4_comuAndEmb_1_00_pos_0_00_2,1.0,2,SiNEcustom_spatial_bined,0.2516635303751301,0.7674117486711189,0.09908032161892784,0.8186213553719008,SiNEcustom_spatial_bined_dist,1.0
artificial_graph_sbmv_4_comuAndEmb_1_00_pos_0_00_2,1.0,2,SiNE_spatial,0.1766473963415171,0.7794738994139294,0.06070462183718178,0.7814951404958675,SiNE_spatial_dist,1.0
artificial_graph_sbmv_4_comuAndEmb_1_00_pos_0_00_2,1.0,2,SiNE_spatial_bined,0.18566372088314004,0.7571100813229749,0.07138194909388416,0.7821937190082644,SiNE_spatial_bined_dist,1.0
artificial_graph_sbmv_4_comuAndEmb_1_00_pos_0_00_2,1.0,2,deepwalk,0.3348790114545406,0.8364340556994231,0.13711211720612254,0.811574611570248,deepwalk_dist,1.0
artificial_graph_sbmv_4_comuAndEmb_1_00_pos_0_00_2,1.0,2,GT_pos + SiNEcustom_spatial,0.23627796196319725,0.743719049566126,0.08595371060781579,0.8026519008264463,SiNEcustom_spatial_dist,0.6932398
artificial_graph_sbmv_4_comuAndEmb_1_00_pos_0_00_2,1.0,2,GT_pos + SiNEcustom_spatial_bined,0.22468486764886347,0.7542251601471992,0.07110969954652725,0.7726107768595042,SiNEcustom_spatial_bined_dist,0.67478746
artificial_graph_sbmv_4_comuAndEmb_1_00_pos_0_00_2,1.0,2,GT_pos + SiNE_spatial,0.20195252440603462,0.7612443778110944,0.05740961203644075,0.7640048925619836,SiNE_spatial_dist,0.64909387
artificial_graph_sbmv_4_comuAndEmb_1_00_pos_0_00_2,1.0,2,GT_pos + SiNE_spatial_bined,0.1933020485680544,0.733383308345827,0.05319383059392826,0.757273388429752,SiNE_spatial_bined_dist,0.655348
artificial_graph_sbmv_4_comuAndEmb_1_00_pos_0_00_2,1.0,2,GT_pos + deepwalk,0.3049372156484341,0.7959997274090227,0.0969043903652464,0.7876540826446281,deepwalk_dist,0.66845995
artificial_graph_sbmv_4_comuAndEmb_0_90_pos_0_10_2,0.9,2,Inferred_Commu_normal,0.15635817783354786,0.7483327524108285,0.0446541641343642,0.7486988957318628,louvain_density,1.0
artificial_graph_sbmv_4_comuAndEmb_0_90_pos_0_10_2,0.9,2,Inferred_Commu_spatial_manuel_iter,0.14559443872850386,0.7333333333333333,0.06609986402347985,0.7551817413355875,spatial_louvain_density,1.0
artificial_graph_sbmv_4_comuAndEmb_0_90_pos_0_10_2,0.9,2,Inferred_Commu_spatial_manuel_iter_old,0.13760851273136324,0.7216567909840828,0.06210125160378561,0.7694858377275959,spatial_louvain_old_density,1.0
artificial_graph_sbmv_4_comuAndEmb_0_90_pos_0_10_2,0.9,2,Inferred_Commu_spatial_manuel_iter_bined,0.17954249418213977,0.7425932380620425,0.055959213889387974,0.7497885386896376,spatial_louvain_bined_density,1.0
artificial_graph_sbmv_4_comuAndEmb_0_90_pos_0_10_2,0.9,2,Inferred_Commu_spatial_manuel_iter_0_20,0.16302837886834579,0.7210874869292436,0.051370916363804864,0.7225561861825597,spatial_louvain_manualiter_0_20_density,1.0
artificial_graph_sbmv_4_comuAndEmb_0_90_pos_0_10_2,0.9,2,Inferred_Commu_spatial_manuel_iter_0_50,0.13802142640223358,0.7236667828511676,0.04606315182319097,0.7310999745065679,spatial_louvain_manualiter_0_50_density,1.0
artificial_graph_sbmv_4_comuAndEmb_0_90_pos_0_10_2,0.9,2,Inferred_Commu_spatial_manuel_iter_0_80,0.13387808237918114,0.7020216103171837,0.04739430531698867,0.731741201411531,spatial_louvain_manualiter_0_80_density,1.0
artificial_graph_sbmv_4_comuAndEmb_0_90_pos_0_10_2,0.9,2,GT_pos,0.07542245629006053,0.505925409550366,0.02015165800640365,0.5028830388171048,GT_pos_dist,1.0
artificial_graph_sbmv_4_comuAndEmb_0_90_pos_0_10_2,0.9,2,GT_pos + Inferred_Commu normal,0.14895343408682193,0.688195654699663,0.04339166941101777,0.7250153631472314,louvain_density,0.7402721
artificial_graph_sbmv_4_comuAndEmb_0_90_pos_0_10_2,0.9,2,GT_pos + Inferred_Commu spatial manuel iter,0.13225945362839234,0.6693272917392821,0.037015196606924296,0.6664243448858833,spatial_louvain_density,0.74075454
artificial_graph_sbmv_4_comuAndEmb_0_90_pos_0_10_2,0.9,2,GT_pos + Inferred_Commu spatial manuel iter old,0.14566015121566434,0.6626234460322993,0.04455997788233762,0.7135062861436487,spatial_louvain_old_density,0.7222647
artificial_graph_sbmv_4_comuAndEmb_0_90_pos_0_10_2,0.9,2,GT_pos + Inferred_Commu spatial manuel iter bined,0.1793006618032413,0.6634715928895085,0.04810744544638537,0.6976252197131318,spatial_louvain_bined_density,0.68974596
artificial_graph_sbmv_4_comuAndEmb_0_90_pos_0_10_2,0.9,2,GT_pos + Inferred_Commu spatial manuel iter 0_20,0.12999950311663558,0.6701057278958987,0.0451422711225485,0.6693398542849093,spatial_louvain_manualiter_0_20_density,0.7367542
artificial_graph_sbmv_4_comuAndEmb_0_90_pos_0_10_2,0.9,2,GT_pos + Inferred_Commu spatial manuel iter 0_50,0.12455726811033828,0.6824329034506798,0.03555176758652104,0.6645729850125455,spatial_louvain_manualiter_0_50_density,0.7360707
artificial_graph_sbmv_4_comuAndEmb_0_90_pos_0_10_2,0.9,2,GT_pos + Inferred_Commu spatial manuel iter 0_80,0.11864915692728002,0.6561635877773905,0.04225635375085209,0.6794506836265077,spatial_louvain_manualiter_0_80_density,0.6927562
artificial_graph_sbmv_4_comuAndEmb_0_90_pos_0_10_2,0.9,2,SiNEcustom_spatial,0.24563633337786192,0.7213895666318113,0.09732809011248052,0.7836945350132163,SiNEcustom_spatial_dist,1.0
artificial_graph_sbmv_4_comuAndEmb_0_90_pos_0_10_2,0.9,2,SiNEcustom_spatial_bined,0.271096896497626,0.7566747995817358,0.09844604309824857,0.7962152987427713,SiNEcustom_spatial_bined_dist,1.0
artificial_graph_sbmv_4_comuAndEmb_0_90_pos_0_10_2,0.9,2,SiNE_spatial,0.1508237748170179,0.7333681886836295,0.049636798254495754,0.7165633511787359,SiNE_spatial_dist,1.0
artificial_graph_sbmv_4_comuAndEmb_0_90_pos_0_10_2,0.9,2,SiNE_spatial_bined,0.16375086736495212,0.7063552922040199,0.04022498278597577,0.6831760791101451,SiNE_spatial_bined_dist,1.0
artificial_graph_sbmv_4_comuAndEmb_0_90_pos_0_10_2,0.9,2,deepwalk,0.27734867996226575,0.7497850586731729,0.10049012610598265,0.7614689583920353,deepwalk_dist,1.0
artificial_graph_sbmv_4_comuAndEmb_0_90_pos_0_10_2,0.9,2,GT_pos + SiNEcustom_spatial,0.24485397659460978,0.7349482978970606,0.0727977668045569,0.7718035932321646,SiNEcustom_spatial_dist,0.66851485
artificial_graph_sbmv_4_comuAndEmb_0_90_pos_0_10_2,0.9,2,GT_pos + SiNEcustom_spatial_bined,0.25733076563556073,0.7777390496107818,0.07450716690248452,0.7820944867098714,SiNEcustom_spatial_bined_dist,0.6512394
artificial_graph_sbmv_4_comuAndEmb_0_90_pos_0_10_2,0.9,2,GT_pos + SiNE_spatial,0.13635083726007624,0.7024398745207389,0.04137192292846801,0.6934161198996364,SiNE_spatial_dist,0.6028059
artificial_graph_sbmv_4_comuAndEmb_0_90_pos_0_10_2,0.9,2,GT_pos + SiNE_spatial_bined,0.181160128224784,0.7059370280004647,0.03603466510123627,0.6803265842826283,SiNE_spatial_bined_dist,0.5869551
artificial_graph_sbmv_4_comuAndEmb_0_90_pos_0_10_2,0.9,2,GT_pos + deepwalk,0.21731865709341833,0.7307424189613105,0.06119745211223438,0.7239505427417515,deepwalk_dist,0.62474614
artificial_graph_sbmv_4_comuAndEmb_0_80_pos_0_20_2,0.8,2,Inferred_Commu_normal,0.1433733334870532,0.7214460951342511,0.05066214271281255,0.7446324628099175,louvain_density,1.0
artificial_graph_sbmv_4_comuAndEmb_0_80_pos_0_20_2,0.8,2,Inferred_Commu_spatial_manuel_iter,0.1394582775659783,0.7036822497841988,0.04695892805906539,0.6917734876033057,spatial_louvain_density,1.0
artificial_graph_sbmv_4_comuAndEmb_0_80_pos_0_20_2,0.8,2,Inferred_Commu_spatial_manuel_iter_old,0.13436490242017995,0.6916200990413884,0.047530277654501324,0.6948177190082644,spatial_louvain_old_density,1.0
artificial_graph_sbmv_4_comuAndEmb_0_80_pos_0_20_2,0.8,2,Inferred_Commu_spatial_manuel_iter_bined,0.14801298088197337,0.702432874471855,0.0486534842657246,0.6969990082644628,spatial_louvain_bined_density,1.0
artificial_graph_sbmv_4_comuAndEmb_0_80_pos_0_20_2,0.8,2,Inferred_Commu_spatial_manuel_iter_0_20,0.1716976697779507,0.7185384580437053,0.04929959370838513,0.7210936859504133,spatial_louvain_manualiter_0_20_density,1.0
artificial_graph_sbmv_4_comuAndEmb_0_80_pos_0_20_2,0.8,2,Inferred_Commu_spatial_manuel_iter_0_50,0.15959742322103376,0.7468424878469856,0.04730267232264403,0.7405294545454546,spatial_louvain_manualiter_0_50_density,1.0
artificial_graph_sbmv_4_comuAndEmb_0_80_pos_0_20_2,0.8,2,Inferred_Commu_spatial_manuel_iter_0_80,0.16751867768033252,0.725091999454818,0.047737131614460145,0.7126106446280993,spatial_louvain_manualiter_0_80_density,1.0
artificial_graph_sbmv_4_comuAndEmb_0_80_pos_0_20_2,0.8,2,GT_pos,0.12416511565358761,0.5865135614011177,0.028655614923561144,0.5820285619834711,GT_pos_dist,1.0
artificial_graph_sbmv_4_comuAndEmb_0_80_pos_0_20_2,0.8,2,GT_pos + Inferred_Commu normal,0.13441934656845667,0.7378356276407252,0.04845642111869591,0.7315549090909091,louvain_density,0.75279135
artificial_graph_sbmv_4_comuAndEmb_0_80_pos_0_20_2,0.8,2,GT_pos + Inferred_Commu spatial manuel iter,0.14669536957874307,0.7114851665076553,0.054459812390728814,0.7073605289256197,spatial_louvain_density,0.7430472
artificial_graph_sbmv_4_comuAndEmb_0_80_pos_0_20_2,0.8,2,GT_pos + Inferred_Commu spatial manuel iter old,0.14009502664646195,0.7101562854936169,0.051095949427146174,0.6975801652892561,spatial_louvain_old_density,0.7084009
artificial_graph_sbmv_4_comuAndEmb_0_80_pos_0_20_2,0.8,2,GT_pos + Inferred_Commu spatial manuel iter bined,0.13733826897350873,0.7294193812184817,0.04376765068565498,0.6936723305785124,spatial_louvain_bined_density,0.74560267
artificial_graph_sbmv_4_comuAndEmb_0_80_pos_0_20_2,0.8,2,GT_pos + Inferred_Commu spatial manuel iter 0_20,0.14269606961323733,0.7237971923129344,0.04738690465210909,0.7162471404958677,spatial_louvain_manualiter_0_20_density,0.762829
artificial_graph_sbmv_4_comuAndEmb_0_80_pos_0_20_2,0.8,2,GT_pos + Inferred_Commu spatial manuel iter 0_50,0.13689702037561444,0.7365294625414567,0.05261779245723837,0.7364913719008264,spatial_louvain_manualiter_0_50_density,0.7263137
artificial_graph_sbmv_4_comuAndEmb_0_80_pos_0_20_2,0.8,2,GT_pos + Inferred_Commu spatial manuel iter 0_80,0.14239665026450427,0.7491254372813594,0.05273520265321048,0.7106563966942149,spatial_louvain_manualiter_0_80_density,0.7184995
artificial_graph_sbmv_4_comuAndEmb_0_80_pos_0_20_2,0.8,2,SiNEcustom_spatial,0.22082019619567886,0.705681250283949,0.07803800195472187,0.7702792727272727,SiNEcustom_spatial_dist,1.0
artificial_graph_sbmv_4_comuAndEmb_0_80_pos_0_20_2,0.8,2,SiNEcustom_spatial_bined,0.1743339539484194,0.6992753623188406,0.08640680859585927,0.7741765289256198,SiNEcustom_spatial_bined_dist,1.0
artificial_graph_sbmv_4_comuAndEmb_0_80_pos_0_20_2,0.8,2,SiNE_spatial,0.11375722501602593,0.6294807141883604,0.03611985398488431,0.6650049586776859,SiNE_spatial_dist,1.0
artificial_graph_sbmv_4_comuAndEmb_0_80_pos_0_20_2,0.8,2,SiNE_spatial_bined,0.0995415040264008,0.6041638271773204,0.03417941329945565,0.6577331570247934,SiNE_spatial_bined_dist,1.0
artificial_graph_sbmv_4_comuAndEmb_0_80_pos_0_20_2,0.8,2,deepwalk,0.13526807796784796,0.7029439825541774,0.048434386081877064,0.7020948099173553,deepwalk_dist,1.0
artificial_graph_sbmv_4_comuAndEmb_0_80_pos_0_20_2,0.8,2,GT_pos + SiNEcustom_spatial,0.21765984040810982,0.7610512925355504,0.06931325187389198,0.7692038347107438,SiNEcustom_spatial_dist,0.63562906
artificial_graph_sbmv_4_comuAndEmb_0_80_pos_0_20_2,0.8,2,GT_pos + SiNEcustom_spatial_bined,0.18137408740184088,0.7318045522693197,0.07317294181990594,0.7776872727272728,SiNEcustom_spatial_bined_dist,0.6028664
artificial_graph_sbmv_4_comuAndEmb_0_80_pos_0_20_2,0.8,2,GT_pos + SiNE_spatial,0.10633777122069901,0.6337626641224842,0.037886153756622895,0.6933492892561983,SiNE_spatial_dist,0.5377898
artificial_graph_sbmv_4_comuAndEmb_0_80_pos_0_20_2,0.8,2,GT_pos + SiNE_spatial_bined,0.09693719302375418,0.6136704375085186,0.04225554893379005,0.6992646611570248,SiNE_spatial_bined_dist,0.56358784
artificial_graph_sbmv_4_comuAndEmb_0_80_pos_0_20_2,0.8,2,GT_pos + deepwalk,0.16036337527871003,0.7383808095952025,0.04883242428557777,0.7148301487603306,deepwalk_dist,0.5860654
artificial_graph_sbmv_4_comuAndEmb_0_70_pos_0_30_2,0.7,2,Inferred_Commu_normal,0.11729324646853151,0.6716210343328988,0.03550759275019556,0.6830727830592023,louvain_density,1.0
artificial_graph_sbmv_4_comuAndEmb_0_70_pos_0_30_2,0.7,2,Inferred_Commu_spatial_manuel_iter,0.1596301922594903,0.6726423294219904,0.03368013982580426,0.6204070469292289,spatial_louvain_density,1.0
artificial_graph_sbmv_4_comuAndEmb_0_70_pos_0_30_2,0.7,2,Inferred_Commu_spatial_manuel_iter_old,0.13157877953822952,0.6557692307692309,0.03513710742579054,0.6568679895377496,spatial_louvain_old_density,1.0
artificial_graph_sbmv_4_comuAndEmb_0_70_pos_0_30_2,0.7,2,Inferred_Commu_spatial_manuel_iter_bined,0.09380289058166573,0.6025423728813559,0.030426456251751367,0.5735174287007696,spatial_louvain_bined_density,1.0
artificial_graph_sbmv_4_comuAndEmb_0_70_pos_0_30_2,0.7,2,Inferred_Commu_spatial_manuel_iter_0_20,0.11653980673334925,0.6697522816166883,0.0369208808012248,0.672137216437805,spatial_louvain_manualiter_0_20_density,1.0
artificial_graph_sbmv_4_comuAndEmb_0_70_pos_0_30_2,0.7,2,Inferred_Commu_spatial_manuel_iter_0_50,0.12764002948661354,0.6552585832246849,0.034057972575187626,0.6565918464865953,spatial_louvain_manualiter_0_50_density,1.0
artificial_graph_sbmv_4_comuAndEmb_0_70_pos_0_30_2,0.7,2,Inferred_Commu_spatial_manuel_iter_0_80,0.09663483206788435,0.5906236418948283,0.033185512249785026,0.6554691665409185,spatial_louvain_manualiter_0_80_density,1.0
artificial_graph_sbmv_4_comuAndEmb_0_70_pos_0_30_2,0.7,2,GT_pos,0.1269410976528446,0.5710777922642329,0.028413988342098122,0.5937281826869876,GT_pos_dist,1.0
artificial_graph_sbmv_4_comuAndEmb_0_70_pos_0_30_2,0.7,2,GT_pos + Inferred_Commu normal,0.14542003044910057,0.6999130812690134,0.04102061260636725,0.707322695035461,louvain_density,0.6522066
artificial_graph_sbmv_4_comuAndEmb_0_70_pos_0_30_2,0.7,2,GT_pos + Inferred_Commu spatial manuel iter,0.18036867469610465,0.7313776618861365,0.036601992554527826,0.6817206126452392,spatial_louvain_density,0.58634806
artificial_graph_sbmv_4_comuAndEmb_0_70_pos_0_30_2,0.7,2,GT_pos + Inferred_Commu spatial manuel iter old,0.15439992030775065,0.722316384180791,0.04022156647811514,0.6901972989286254,spatial_louvain_old_density,0.63961655
artificial_graph_sbmv_4_comuAndEmb_0_70_pos_0_30_2,0.7,2,GT_pos + Inferred_Commu spatial manuel iter bined,0.13974119879432656,0.6452737940026076,0.03467195307475121,0.6291791157386449,spatial_louvain_bined_density,0.62358886
artificial_graph_sbmv_4_comuAndEmb_0_70_pos_0_30_2,0.7,2,GT_pos + Inferred_Commu spatial manuel iter 0_20,0.14011244783211763,0.690026075619296,0.03993962024044331,0.6757869322468688,spatial_louvain_manualiter_0_20_density,0.6212475
artificial_graph_sbmv_4_comuAndEmb_0_70_pos_0_30_2,0.7,2,GT_pos + Inferred_Commu spatial manuel iter 0_50,0.15365313561604765,0.7035962624945675,0.04126155180770969,0.6955901363110507,spatial_louvain_manualiter_0_50_density,0.6663293
artificial_graph_sbmv_4_comuAndEmb_0_70_pos_0_30_2,0.7,2,GT_pos + Inferred_Commu spatial manuel iter 0_80,0.13201163251721948,0.6562255541069101,0.03484329465853927,0.6526114129067955,spatial_louvain_manualiter_0_80_density,0.57366186
artificial_graph_sbmv_4_comuAndEmb_0_70_pos_0_30_2,0.7,2,SiNEcustom_spatial,0.17566927612366276,0.6711103867883529,0.056849051404249396,0.6990807806448367,SiNEcustom_spatial_dist,1.0
artificial_graph_sbmv_4_comuAndEmb_0_70_pos_0_30_2,0.7,2,SiNEcustom_spatial_bined,0.1228668668968502,0.6329639287266406,0.05517148167293198,0.7075604848850662,SiNEcustom_spatial_bined_dist,1.0
artificial_graph_sbmv_4_comuAndEmb_0_70_pos_0_30_2,0.7,2,SiNE_spatial,0.10096966750550135,0.6162429378531074,0.03115504011469724,0.6301575624968564,SiNE_spatial_dist,1.0
artificial_graph_sbmv_4_comuAndEmb_0_70_pos_0_30_2,0.7,2,SiNE_spatial_bined,0.10381482128793112,0.5962081703607127,0.02874136968873328,0.6220735878476938,SiNE_spatial_bined_dist,1.0
artificial_graph_sbmv_4_comuAndEmb_0_70_pos_0_30_2,0.7,2,deepwalk,0.11103103556478433,0.6386245110821381,0.04455260139184971,0.648205447412102,deepwalk_dist,1.0
artificial_graph_sbmv_4_comuAndEmb_0_70_pos_0_30_2,0.7,2,GT_pos + SiNEcustom_spatial,0.22024191320282593,0.7212733594089525,0.053473006212952805,0.7365727327599215,SiNEcustom_spatial_dist,0.5892317
artificial_graph_sbmv_4_comuAndEmb_0_70_pos_0_30_2,0.7,2,GT_pos + SiNEcustom_spatial_bined,0.16728901917559266,0.702651021295089,0.06108842335450935,0.7385244706000704,SiNEcustom_spatial_bined_dist,0.54651016
artificial_graph_sbmv_4_comuAndEmb_0_70_pos_0_30_2,0.7,2,GT_pos + SiNE_spatial,0.10802403922972152,0.6053455019556715,0.032170483613015104,0.654928700769579,GT_pos_dist,0.5092897
artificial_graph_sbmv_4_comuAndEmb_0_70_pos_0_30_2,0.7,2,GT_pos + SiNE_spatial_bined,0.16755190831453465,0.6538026944806605,0.04037997147327676,0.6517399778683164,GT_pos_dist,0.51198137
artificial_graph_sbmv_4_comuAndEmb_0_70_pos_0_30_2,0.7,2,GT_pos + deepwalk,0.14743290651759305,0.6573011734028683,0.04565961429659753,0.6977150294250791,deepwalk_dist,0.54372025
artificial_graph_sbmv_4_comuAndEmb_0_60_pos_0_40_2,0.6,2,Inferred_Commu_normal,0.08483295236826477,0.6032078598484849,0.03622610447504255,0.6744822687640919,louvain_density,1.0
artificial_graph_sbmv_4_comuAndEmb_0_60_pos_0_40_2,0.6,2,Inferred_Commu_spatial_manuel_iter,0.09966630076388928,0.5952651515151515,0.030553232320469494,0.6437120254401856,spatial_louvain_density,1.0
artificial_graph_sbmv_4_comuAndEmb_0_60_pos_0_40_2,0.6,2,Inferred_Commu_spatial_manuel_iter_old,0.09683887579610982,0.630563446969697,0.030144596994107094,0.6107489997263096,spatial_louvain_old_density,1.0
artificial_graph_sbmv_4_comuAndEmb_0_60_pos_0_40_2,0.6,2,Inferred_Commu_spatial_manuel_iter_bined,0.11535543787139198,0.639263731060606,0.03217707276636436,0.6230408320191845,spatial_louvain_bined_density,1.0
artificial_graph_sbmv_4_comuAndEmb_0_60_pos_0_40_2,0.6,2,Inferred_Commu_spatial_manuel_iter_0_20,0.0908317583370985,0.6017637310606059,0.03286869706211532,0.6404188768262327,spatial_louvain_manualiter_0_20_density,1.0
artificial_graph_sbmv_4_comuAndEmb_0_60_pos_0_40_2,0.6,2,Inferred_Commu_spatial_manuel_iter_0_50,0.09056717485232085,0.5782907196969697,0.03517397847024997,0.6088469809328937,spatial_louvain_manualiter_0_50_density,1.0
artificial_graph_sbmv_4_comuAndEmb_0_60_pos_0_40_2,0.6,2,Inferred_Commu_spatial_manuel_iter_0_80,0.08432044373533909,0.5681463068181818,0.032175994592082355,0.6405773566708807,spatial_louvain_manualiter_0_80_density,1.0
artificial_graph_sbmv_4_comuAndEmb_0_60_pos_0_40_2,0.6,2,GT_pos,0.10052699356143302,0.6211292613636363,0.03405214770092155,0.6164852923927068,GT_pos_dist,1.0
artificial_graph_sbmv_4_comuAndEmb_0_60_pos_0_40_2,0.6,2,GT_pos + Inferred_Commu normal,0.11484621794530891,0.6611624053030303,0.04388675029719285,0.6846915768483884,louvain_density,0.60603637
artificial_graph_sbmv_4_comuAndEmb_0_60_pos_0_40_2,0.6,2,GT_pos + Inferred_Commu spatial manuel iter,0.11056007074260157,0.6467921401515151,0.03567472173003201,0.6544705391703267,spatial_louvain_density,0.53910166
artificial_graph_sbmv_4_comuAndEmb_0_60_pos_0_40_2,0.6,2,GT_pos + Inferred_Commu spatial manuel iter old,0.09976148772446003,0.6414299242424242,0.02934510343746648,0.6204871691277092,spatial_louvain_old_density,0.57543814
artificial_graph_sbmv_4_comuAndEmb_0_60_pos_0_40_2,0.6,2,GT_pos + Inferred_Commu spatial manuel iter bined,0.11475768250722071,0.664441287878788,0.03576560159589497,0.6193467919561053,spatial_louvain_bined_density,0.5714662
artificial_graph_sbmv_4_comuAndEmb_0_60_pos_0_40_2,0.6,2,GT_pos + Inferred_Commu spatial manuel iter 0_20,0.1057690528379819,0.6551609848484847,0.03709753328460155,0.6313821371319841,GT_pos_dist,0.51910836
artificial_graph_sbmv_4_comuAndEmb_0_60_pos_0_40_2,0.6,2,GT_pos + Inferred_Commu spatial manuel iter 0_50,0.12288820945181567,0.6759351325757577,0.047798274627879216,0.6770450546729398,spatial_louvain_manualiter_0_50_density,0.56532913
artificial_graph_sbmv_4_comuAndEmb_0_60_pos_0_40_2,0.6,2,GT_pos + Inferred_Commu spatial manuel iter 0_80,0.10540181413235133,0.662689393939394,0.030406371406139204,0.646492590806605,spatial_louvain_manualiter_0_80_density,0.57041705
artificial_graph_sbmv_4_comuAndEmb_0_60_pos_0_40_2,0.6,2,SiNEcustom_spatial,0.13664816750032097,0.5565814393939394,0.04217353717169455,0.6543541555344135,SiNEcustom_spatial_dist,1.0
artificial_graph_sbmv_4_comuAndEmb_0_60_pos_0_40_2,0.6,2,SiNEcustom_spatial_bined,0.11658912535740171,0.6200639204545454,0.04582556849898933,0.6419194828552437,SiNEcustom_spatial_bined_dist,1.0
artificial_graph_sbmv_4_comuAndEmb_0_60_pos_0_40_2,0.6,2,SiNE_spatial,0.09565640211187151,0.5496448863636363,0.031488137160219844,0.6110873333420219,SiNE_spatial_dist,1.0
artificial_graph_sbmv_4_comuAndEmb_0_60_pos_0_40_2,0.6,2,SiNE_spatial_bined,0.11773685585320819,0.6069128787878787,0.02645883832056286,0.5796801730766725,SiNE_spatial_bined_dist,1.0
artificial_graph_sbmv_4_comuAndEmb_0_60_pos_0_40_2,0.6,2,deepwalk,0.11938477503773327,0.6272135416666667,0.039415700457193725,0.6530198490792269,deepwalk_dist,1.0
artificial_graph_sbmv_4_comuAndEmb_0_60_pos_0_40_2,0.6,2,GT_pos + SiNEcustom_spatial,0.12135750748571696,0.6500828598484849,0.04884575469767196,0.7040653468701534,GT_pos_dist,0.5244403
artificial_graph_sbmv_4_comuAndEmb_0_60_pos_0_40_2,0.6,2,GT_pos + SiNEcustom_spatial_bined,0.11801416948527335,0.6712239583333333,0.04991311642443598,0.7014165439403615,GT_pos_dist,0.516495
artificial_graph_sbmv_4_comuAndEmb_0_60_pos_0_40_2,0.6,2,GT_pos + SiNE_spatial,0.11678862370532402,0.6337357954545454,0.03893909780179297,0.6639432287661771,GT_pos_dist,0.56707597
artificial_graph_sbmv_4_comuAndEmb_0_60_pos_0_40_2,0.6,2,GT_pos + SiNE_spatial_bined,0.1245396956022526,0.6844105113636363,0.037849569074272255,0.6425805106283152,GT_pos_dist,0.55525833
artificial_graph_sbmv_4_comuAndEmb_0_60_pos_0_40_2,0.6,2,GT_pos + deepwalk,0.10168778637197506,0.6427556818181819,0.0402205950371942,0.6848023563450586,GT_pos_dist,0.52540606
artificial_graph_sbmv_4_comuAndEmb_0_50_pos_0_50_2,0.5,2,Inferred_Commu_normal,0.1496471075463965,0.6559674708100495,0.032995783161182,0.634765090909091,louvain_density,1.0
artificial_graph_sbmv_4_comuAndEmb_0_50_pos_0_50_2,0.5,2,Inferred_Commu_spatial_manuel_iter,0.08063252786902282,0.5277588478488029,0.025409922164474456,0.5769208595041322,spatial_louvain_density,1.0
artificial_graph_sbmv_4_comuAndEmb_0_50_pos_0_50_2,0.5,2,Inferred_Commu_spatial_manuel_iter_old,0.07751385617869541,0.5379582935804825,0.03001097035227939,0.612988958677686,spatial_louvain_old_density,1.0
artificial_graph_sbmv_4_comuAndEmb_0_50_pos_0_50_2,0.5,2,Inferred_Commu_spatial_manuel_iter_bined,0.08096168333571072,0.5493616827949662,0.028675217005901088,0.5923501487603307,spatial_louvain_bined_density,1.0
artificial_graph_sbmv_4_comuAndEmb_0_50_pos_0_50_2,0.5,2,Inferred_Commu_spatial_manuel_iter_0_20,0.09782118241240717,0.5650470219435736,0.029672510770142657,0.5977555041322312,spatial_louvain_manualiter_0_20_density,1.0
artificial_graph_sbmv_4_comuAndEmb_0_50_pos_0_50_2,0.5,2,Inferred_Commu_spatial_manuel_iter_0_50,0.06958666200696553,0.4881650084048884,0.02295516555726434,0.5164472066115702,spatial_louvain_manualiter_0_50_density,1.0
artificial_graph_sbmv_4_comuAndEmb_0_50_pos_0_50_2,0.5,2,Inferred_Commu_spatial_manuel_iter_0_80,0.080901107444154,0.5202966698468946,0.0261126128776445,0.5774569256198347,spatial_louvain_manualiter_0_80_density,1.0
artificial_graph_sbmv_4_comuAndEmb_0_50_pos_0_50_2,0.5,2,GT_pos,0.22825713918961538,0.7157444005270093,0.045100832601367734,0.6569417520661157,GT_pos_dist,1.0
artificial_graph_sbmv_4_comuAndEmb_0_50_pos_0_50_2,0.5,2,GT_pos + Inferred_Commu normal,0.25056553549565425,0.7071577847439916,0.041424180274166715,0.6464027768595041,GT_pos_dist,0.63636523
artificial_graph_sbmv_4_comuAndEmb_0_50_pos_0_50_2,0.5,2,GT_pos + Inferred_Commu spatial manuel iter,0.23963274629806985,0.7197196856117396,0.04326630949085104,0.670329917355372,GT_pos_dist,0.55168295
artificial_graph_sbmv_4_comuAndEmb_0_50_pos_0_50_2,0.5,2,GT_pos + Inferred_Commu spatial manuel iter old,0.24359583998904813,0.7309754213802189,0.048438905726240794,0.6998874710743802,GT_pos_dist,0.5249898
artificial_graph_sbmv_4_comuAndEmb_0_50_pos_0_50_2,0.5,2,GT_pos + Inferred_Commu spatial manuel iter bined,0.22768121211849757,0.7209690609240835,0.04280968071935495,0.6720788099173554,GT_pos_dist,0.57067734
artificial_graph_sbmv_4_comuAndEmb_0_50_pos_0_50_2,0.5,2,GT_pos + Inferred_Commu spatial manuel iter 0_20,0.24585230572334676,0.7401753668620236,0.04296189327499647,0.6781843305785125,GT_pos_dist,0.5534966
artificial_graph_sbmv_4_comuAndEmb_0_50_pos_0_50_2,0.5,2,GT_pos + Inferred_Commu spatial manuel iter 0_50,0.22628843338498228,0.7033074371904957,0.0432825755767251,0.6356966611570248,GT_pos_dist,0.6071809
artificial_graph_sbmv_4_comuAndEmb_0_50_pos_0_50_2,0.5,2,GT_pos + Inferred_Commu spatial manuel iter 0_80,0.2192450295859253,0.7391531506973785,0.03821965115013051,0.6559916694214876,GT_pos_dist,0.50384307
artificial_graph_sbmv_4_comuAndEmb_0_50_pos_0_50_2,0.5,2,SiNEcustom_spatial,0.11083555392068242,0.5924424151560583,0.03254735699524522,0.6077962314049586,SiNEcustom_spatial_dist,1.0
artificial_graph_sbmv_4_comuAndEmb_0_50_pos_0_50_2,0.5,2,SiNEcustom_spatial_bined,0.1133393363604359,0.585809368043251,0.029490423799903485,0.5883084958677686,SiNEcustom_spatial_bined_dist,1.0
artificial_graph_sbmv_4_comuAndEmb_0_50_pos_0_50_2,0.5,2,SiNE_spatial,0.08218113233996374,0.5457952841760938,0.028699675338867053,0.6145861818181818,SiNE_spatial_dist,1.0
artificial_graph_sbmv_4_comuAndEmb_0_50_pos_0_50_2,0.5,2,SiNE_spatial_bined,0.09367044060373265,0.612773158875108,0.027011195686915422,0.603477950413223,SiNE_spatial_bined_dist,1.0
artificial_graph_sbmv_4_comuAndEmb_0_50_pos_0_50_2,0.5,2,deepwalk,0.14716898073998025,0.5814706283222026,0.039686491504442485,0.6708357024793388,deepwalk_dist,1.0
artificial_graph_sbmv_4_comuAndEmb_0_50_pos_0_50_2,0.5,2,GT_pos + SiNEcustom_spatial,0.209603148318763,0.7190722820407978,0.044901768909737697,0.6923978842975207,GT_pos_dist,0.58211166
artificial_graph_sbmv_4_comuAndEmb_0_50_pos_0_50_2,0.5,2,GT_pos + SiNEcustom_spatial_bined,0.1863530050086846,0.7094180182635955,0.04582639737460882,0.6696379504132232,GT_pos_dist,0.57450604
artificial_graph_sbmv_4_comuAndEmb_0_50_pos_0_50_2,0.5,2,GT_pos + SiNE_spatial,0.17392280366204146,0.7100086320476127,0.04190368267088695,0.6547418181818182,GT_pos_dist,0.59705466
artificial_graph_sbmv_4_comuAndEmb_0_50_pos_0_50_2,0.5,2,GT_pos + SiNE_spatial_bined,0.18657826625291968,0.6960724183362863,0.040519813745372446,0.6698167272727273,GT_pos_dist,0.5875978
artificial_graph_sbmv_4_comuAndEmb_0_50_pos_0_50_2,0.5,2,GT_pos + deepwalk,0.18842710345358687,0.6723456453591385,0.04312767412988715,0.6765399008264463,GT_pos_dist,0.58055246
artificial_graph_sbmv_4_comuAndEmb_0_40_pos_0_60_2,0.3999999999999999,2,Inferred_Commu_normal,0.1407118740129071,0.6550133612176136,0.04102137018622442,0.6609185358836379,louvain_density,1.0
artificial_graph_sbmv_4_comuAndEmb_0_40_pos_0_60_2,0.3999999999999999,2,Inferred_Commu_spatial_manuel_iter,0.07106981155951218,0.48704542813988616,0.01938167931661585,0.48479167776652987,spatial_louvain_density,1.0
artificial_graph_sbmv_4_comuAndEmb_0_40_pos_0_60_2,0.3999999999999999,2,Inferred_Commu_spatial_manuel_iter_old,0.08379779106909174,0.5284419658417567,0.021642940388435436,0.5197325376951356,spatial_louvain_old_density,1.0
artificial_graph_sbmv_4_comuAndEmb_0_40_pos_0_60_2,0.3999999999999999,2,Inferred_Commu_spatial_manuel_iter_bined,0.07768259380001974,0.5306029975601255,0.02235498756676476,0.5345041025094571,spatial_louvain_bined_density,1.0
artificial_graph_sbmv_4_comuAndEmb_0_40_pos_0_60_2,0.3999999999999999,2,Inferred_Commu_spatial_manuel_iter_0_20,0.15274018585122207,0.664401068897409,0.03922290846648171,0.6651136182002237,spatial_louvain_manualiter_0_20_density,1.0
artificial_graph_sbmv_4_comuAndEmb_0_40_pos_0_60_2,0.3999999999999999,2,Inferred_Commu_spatial_manuel_iter_0_50,0.1389264809306088,0.6667479958173579,0.03206587771675443,0.6408873674676329,spatial_louvain_manualiter_0_50_density,1.0
artificial_graph_sbmv_4_comuAndEmb_0_40_pos_0_60_2,0.3999999999999999,2,Inferred_Commu_spatial_manuel_iter_0_80,0.08634526086461829,0.5396537701870571,0.026240992574959363,0.5835735787735096,spatial_louvain_manualiter_0_80_density,1.0
artificial_graph_sbmv_4_comuAndEmb_0_40_pos_0_60_2,0.3999999999999999,2,GT_pos,0.2508576401053676,0.6995468804461484,0.06455437518199979,0.721760349512494,GT_pos_dist,1.0
artificial_graph_sbmv_4_comuAndEmb_0_40_pos_0_60_2,0.3999999999999999,2,GT_pos + Inferred_Commu normal,0.18656068051177632,0.7294992448007436,0.06199986910602621,0.7119039373434919,GT_pos_dist,0.66581273
artificial_graph_sbmv_4_comuAndEmb_0_40_pos_0_60_2,0.3999999999999999,2,GT_pos + Inferred_Commu spatial manuel iter,0.18388073293224771,0.682467758800976,0.05216962481893401,0.7003319303106186,GT_pos_dist,0.59430933
artificial_graph_sbmv_4_comuAndEmb_0_40_pos_0_60_2,0.3999999999999999,2,GT_pos + Inferred_Commu spatial manuel iter old,0.16687956704917095,0.67028000464738,0.061017972333178475,0.7132452448185839,GT_pos_dist,0.61841965
artificial_graph_sbmv_4_comuAndEmb_0_40_pos_0_60_2,0.3999999999999999,2,GT_pos + Inferred_Commu spatial manuel iter bined,0.16170597916487484,0.7023004531195539,0.053804912932783264,0.7131278970643081,GT_pos_dist,0.62299716
artificial_graph_sbmv_4_comuAndEmb_0_40_pos_0_60_2,0.3999999999999999,2,GT_pos + Inferred_Commu spatial manuel iter 0_20,0.21878482214359848,0.7176135703497154,0.04361343856207811,0.6988587564601205,GT_pos_dist,0.60365665
artificial_graph_sbmv_4_comuAndEmb_0_40_pos_0_60_2,0.3999999999999999,2,GT_pos + Inferred_Commu spatial manuel iter 0_50,0.19885323308936825,0.7205065644243058,0.04854080544798973,0.7043025733922958,GT_pos_dist,0.63006884
artificial_graph_sbmv_4_comuAndEmb_0_40_pos_0_60_2,0.3999999999999999,2,GT_pos + Inferred_Commu spatial manuel iter 0_80,0.2550084357953608,0.7258161961194376,0.05795702889637777,0.7235300229101178,GT_pos_dist,0.6367921
artificial_graph_sbmv_4_comuAndEmb_0_40_pos_0_60_2,0.3999999999999999,2,SiNEcustom_spatial,0.08736874223315341,0.5672127338213082,0.03235539901369778,0.6155843412009163,SiNEcustom_spatial_dist,1.0
artificial_graph_sbmv_4_comuAndEmb_0_40_pos_0_60_2,0.3999999999999999,2,SiNEcustom_spatial_bined,0.09302916623157546,0.6141628906703847,0.030423244535134137,0.5928380574351324,SiNEcustom_spatial_bined_dist,1.0
artificial_graph_sbmv_4_comuAndEmb_0_40_pos_0_60_2,0.3999999999999999,2,SiNE_spatial,0.08440132905835937,0.5783199721157198,0.026051307996413052,0.5922662368799617,SiNE_spatial_dist,1.0
artificial_graph_sbmv_4_comuAndEmb_0_40_pos_0_60_2,0.3999999999999999,2,SiNE_spatial_bined,0.11795281458651034,0.6441501103752758,0.02447047308607389,0.5756396185198999,SiNE_spatial_bined_dist,1.0
artificial_graph_sbmv_4_comuAndEmb_0_40_pos_0_60_2,0.3999999999999999,2,deepwalk,0.09830127656518553,0.6057976065992796,0.035054383234612914,0.6234977889072406,deepwalk_dist,1.0
artificial_graph_sbmv_4_comuAndEmb_0_40_pos_0_60_2,0.3999999999999999,2,GT_pos + SiNEcustom_spatial,0.16293623650337885,0.7171836876960611,0.054002256743377566,0.7252769193883531,GT_pos_dist,0.6474331
artificial_graph_sbmv_4_comuAndEmb_0_40_pos_0_60_2,0.3999999999999999,2,GT_pos + SiNEcustom_spatial_bined,0.18444915444768492,0.708795166724759,0.05210727005211457,0.7335193670413981,GT_pos_dist,0.6460654
artificial_graph_sbmv_4_comuAndEmb_0_40_pos_0_60_2,0.3999999999999999,2,GT_pos + SiNE_spatial,0.1430175985579575,0.6765191123504125,0.05685810792945531,0.7029387553945337,GT_pos_dist,0.63112295
artificial_graph_sbmv_4_comuAndEmb_0_40_pos_0_60_2,0.3999999999999999,2,GT_pos + SiNE_spatial_bined,0.17947712534466545,0.7210758684791447,0.05371160882051675,0.7379563375779211,GT_pos_dist,0.65357345
artificial_graph_sbmv_4_comuAndEmb_0_40_pos_0_60_2,0.3999999999999999,2,GT_pos + deepwalk,0.12512343931539788,0.6628093412338794,0.04937093336866244,0.710172891469977,GT_pos_dist,0.6220147
artificial_graph_sbmv_4_comuAndEmb_0_30_pos_0_70_2,0.29999999999999993,2,Inferred_Commu_normal,0.1439242266386692,0.7343873128447596,0.042681057140857834,0.7226749026816609,louvain_density,1.0
artificial_graph_sbmv_4_comuAndEmb_0_30_pos_0_70_2,0.29999999999999993,2,Inferred_Commu_spatial_manuel_iter,0.06368194159786772,0.4773320527974783,0.01862986220547548,0.4749670198961938,spatial_louvain_density,1.0
artificial_graph_sbmv_4_comuAndEmb_0_30_pos_0_70_2,0.29999999999999993,2,Inferred_Commu_spatial_manuel_iter_old,0.07552198341493416,0.4852368991331757,0.01970726680722033,0.5021634407439447,spatial_louvain_old_density,1.0
artificial_graph_sbmv_4_comuAndEmb_0_30_pos_0_70_2,0.29999999999999993,2,Inferred_Commu_spatial_manuel_iter_bined,0.10254422154629693,0.5124236603624902,0.021198200849866372,0.5287282385380623,spatial_louvain_bined_density,1.0
artificial_graph_sbmv_4_comuAndEmb_0_30_pos_0_70_2,0.29999999999999993,2,Inferred_Commu_spatial_manuel_iter_0_20,0.123182671888481,0.6833751970055161,0.04404996005811926,0.7144848886245675,spatial_louvain_manualiter_0_20_density,1.0
artificial_graph_sbmv_4_comuAndEmb_0_30_pos_0_70_2,0.29999999999999993,2,Inferred_Commu_spatial_manuel_iter_0_50,0.110754678982371,0.6429767533490937,0.035931465127153034,0.677056660899654,spatial_louvain_manualiter_0_50_density,1.0
artificial_graph_sbmv_4_comuAndEmb_0_30_pos_0_70_2,0.29999999999999993,2,Inferred_Commu_spatial_manuel_iter_0_80,0.08834982053483807,0.5680777186761229,0.022813723955461843,0.5257348886245674,spatial_louvain_manualiter_0_80_density,1.0
artificial_graph_sbmv_4_comuAndEmb_0_30_pos_0_70_2,0.29999999999999993,2,GT_pos,0.2254980877077539,0.7314076044129235,0.09470127506984041,0.7433115268166088,GT_pos_dist,1.0
artificial_graph_sbmv_4_comuAndEmb_0_30_pos_0_70_2,0.29999999999999993,2,GT_pos + Inferred_Commu normal,0.178652882145267,0.7130860914105595,0.07137723395875697,0.7211957990916955,GT_pos_dist,0.7145832
artificial_graph_sbmv_4_comuAndEmb_0_30_pos_0_70_2,0.29999999999999993,2,GT_pos + Inferred_Commu spatial manuel iter,0.2519210297682675,0.7169153861308116,0.0695981371491315,0.7284276330017301,GT_pos_dist,0.6828868
artificial_graph_sbmv_4_comuAndEmb_0_30_pos_0_70_2,0.29999999999999993,2,GT_pos + Inferred_Commu spatial manuel iter old,0.19162551686269438,0.6953925334909377,0.06420151832461782,0.7305628243944637,GT_pos_dist,0.70857155
artificial_graph_sbmv_4_comuAndEmb_0_30_pos_0_70_2,0.29999999999999993,2,GT_pos + Inferred_Commu spatial manuel iter bined,0.20111417828615868,0.7124827620173364,0.09227543974824835,0.730412116133218,GT_pos_dist,0.6745047
artificial_graph_sbmv_4_comuAndEmb_0_30_pos_0_70_2,0.29999999999999993,2,GT_pos + Inferred_Commu spatial manuel iter 0_20,0.2226888737147815,0.7134554767533491,0.07910966992404878,0.7300286548442907,GT_pos_dist,0.6725433
artificial_graph_sbmv_4_comuAndEmb_0_30_pos_0_70_2,0.29999999999999993,2,GT_pos + Inferred_Commu spatial manuel iter 0_50,0.16204134490716965,0.7228994286840031,0.1010577828342257,0.7458943825692042,GT_pos_dist,0.6682196
artificial_graph_sbmv_4_comuAndEmb_0_30_pos_0_70_2,0.29999999999999993,2,GT_pos + Inferred_Commu spatial manuel iter 0_80,0.19025652375596916,0.7431171197793538,0.074634360791153,0.7369638029844291,GT_pos_dist,0.68851286
artificial_graph_sbmv_4_comuAndEmb_0_30_pos_0_70_2,0.29999999999999993,2,SiNEcustom_spatial,0.11124896029630718,0.6244336091410558,0.026374564610001337,0.5879184688581315,SiNEcustom_spatial_dist,1.0
artificial_graph_sbmv_4_comuAndEmb_0_30_pos_0_70_2,0.29999999999999993,2,SiNEcustom_spatial_bined,0.10162961932502806,0.6183880023640662,0.023909478149432187,0.5686021301903115,SiNEcustom_spatial_bined_dist,1.0
artificial_graph_sbmv_4_comuAndEmb_0_30_pos_0_70_2,0.29999999999999993,2,SiNE_spatial,0.09681787021081104,0.6190159574468085,0.027414348395754636,0.6084910250865052,SiNE_spatial_dist,1.0
artificial_graph_sbmv_4_comuAndEmb_0_30_pos_0_70_2,0.29999999999999993,2,SiNE_spatial_bined,0.08935035280920216,0.5733845547675335,0.027854611059986267,0.5914888354238754,SiNE_spatial_bined_dist,1.0
artificial_graph_sbmv_4_comuAndEmb_0_30_pos_0_70_2,0.29999999999999993,2,deepwalk,0.13710980714370266,0.7283170803782506,0.03814614280371401,0.660788008217993,deepwalk_dist,1.0
artificial_graph_sbmv_4_comuAndEmb_0_30_pos_0_70_2,0.29999999999999993,2,GT_pos + SiNEcustom_spatial,0.19607050352107663,0.7612908786446022,0.07045969894035042,0.737796820934256,GT_pos_dist,0.67293894
artificial_graph_sbmv_4_comuAndEmb_0_30_pos_0_70_2,0.29999999999999993,2,GT_pos + SiNEcustom_spatial_bined,0.19992366722923183,0.7332914696611506,0.081033840466598,0.728409115484429,GT_pos_dist,0.64111865
artificial_graph_sbmv_4_comuAndEmb_0_30_pos_0_70_2,0.29999999999999993,2,GT_pos + SiNE_spatial,0.18539965819633888,0.6930777186761229,0.06711557721360599,0.7450562283737024,GT_pos_dist,0.64022446
artificial_graph_sbmv_4_comuAndEmb_0_30_pos_0_70_2,0.29999999999999993,2,GT_pos + SiNE_spatial_bined,0.16439206595686706,0.7300531914893618,0.08005254155637681,0.7540934526384083,GT_pos_dist,0.67658013
artificial_graph_sbmv_4_comuAndEmb_0_30_pos_0_70_2,0.29999999999999993,2,GT_pos + deepwalk,0.20601286655579498,0.7461830181245075,0.08019560935647829,0.7277545144896194,GT_pos_dist,0.6844662
artificial_graph_sbmv_4_comuAndEmb_0_20_pos_0_80_2,0.19999999999999996,2,Inferred_Commu_normal,0.1561027642390073,0.7816057656995961,0.06133853390952385,0.7952206785628348,louvain_density,1.0
artificial_graph_sbmv_4_comuAndEmb_0_20_pos_0_80_2,0.19999999999999996,2,Inferred_Commu_spatial_manuel_iter,0.07172900724658074,0.533671502019831,0.02020378662146737,0.5034454984106078,spatial_louvain_density,1.0
artificial_graph_sbmv_4_comuAndEmb_0_20_pos_0_80_2,0.19999999999999996,2,Inferred_Commu_spatial_manuel_iter_old,0.0748453162271949,0.5692480719794345,0.020356499042148802,0.513697521561277,spatial_louvain_old_density,1.0
artificial_graph_sbmv_4_comuAndEmb_0_20_pos_0_80_2,0.19999999999999996,2,Inferred_Commu_spatial_manuel_iter_bined,0.08153990469493143,0.49896713183988245,0.020741012309126894,0.5116401767961398,spatial_louvain_bined_density,1.0
artificial_graph_sbmv_4_comuAndEmb_0_20_pos_0_80_2,0.19999999999999996,2,Inferred_Commu_spatial_manuel_iter_0_20,0.13868841471329796,0.7265079875137715,0.05869063100853844,0.7853580881701093,spatial_louvain_manualiter_0_20_density,1.0
artificial_graph_sbmv_4_comuAndEmb_0_20_pos_0_80_2,0.19999999999999996,2,Inferred_Commu_spatial_manuel_iter_0_50,0.14316734115013757,0.698413973558575,0.030918202860467932,0.6398718354630767,spatial_louvain_manualiter_0_50_density,1.0
artificial_graph_sbmv_4_comuAndEmb_0_20_pos_0_80_2,0.19999999999999996,2,Inferred_Commu_spatial_manuel_iter_0_80,0.0971542745769617,0.556429030481087,0.022435476913971773,0.5462247185319334,spatial_louvain_manualiter_0_80_density,1.0
artificial_graph_sbmv_4_comuAndEmb_0_20_pos_0_80_2,0.19999999999999996,2,GT_pos,0.28781712459536873,0.8122819500550863,0.11266637689238668,0.828766099720115,GT_pos_dist,1.0
artificial_graph_sbmv_4_comuAndEmb_0_20_pos_0_80_2,0.19999999999999996,2,GT_pos + Inferred_Commu normal,0.3059284980298604,0.7942985677561514,0.10542450304970565,0.8204841630678437,GT_pos_dist,0.7076655
artificial_graph_sbmv_4_comuAndEmb_0_20_pos_0_80_2,0.19999999999999996,2,GT_pos + Inferred_Commu spatial manuel iter,0.24835279898988166,0.8051322071244951,0.11488237353281813,0.8073697141626879,GT_pos_dist,0.70879936
artificial_graph_sbmv_4_comuAndEmb_0_20_pos_0_80_2,0.19999999999999996,2,GT_pos + Inferred_Commu spatial manuel iter old,0.2482924645289683,0.8216810503121557,0.09297131081411997,0.8100044325679765,GT_pos_dist,0.72407514
artificial_graph_sbmv_4_comuAndEmb_0_20_pos_0_80_2,0.19999999999999996,2,GT_pos + Inferred_Commu spatial manuel iter bined,0.24781045814564318,0.7898228057289753,0.08833223646278143,0.7810108787882626,GT_pos_dist,0.71360576
artificial_graph_sbmv_4_comuAndEmb_0_20_pos_0_80_2,0.19999999999999996,2,GT_pos + Inferred_Commu spatial manuel iter 0_20,0.2734296811217474,0.8046157730444362,0.09438244911656983,0.7925059206443688,GT_pos_dist,0.6994976
artificial_graph_sbmv_4_comuAndEmb_0_20_pos_0_80_2,0.19999999999999996,2,GT_pos + Inferred_Commu spatial manuel iter 0_50,0.2724969953836711,0.8074733749540947,0.12094328814591622,0.8043391041146895,GT_pos_dist,0.6744818
artificial_graph_sbmv_4_comuAndEmb_0_20_pos_0_80_2,0.19999999999999996,2,GT_pos + Inferred_Commu spatial manuel iter 0_80,0.2763732375937484,0.7757528461255968,0.10115210548269335,0.8163677005103784,GT_pos_dist,0.71022654
artificial_graph_sbmv_4_comuAndEmb_0_20_pos_0_80_2,0.19999999999999996,2,SiNEcustom_spatial,0.10906432946998451,0.6422144693352919,0.033270216979069914,0.6297838173275415,SiNEcustom_spatial_dist,1.0
artificial_graph_sbmv_4_comuAndEmb_0_20_pos_0_80_2,0.19999999999999996,2,SiNEcustom_spatial_bined,0.10646196997036204,0.5950812522952624,0.03148731701364172,0.6331534555033497,SiNEcustom_spatial_bined_dist,1.0
artificial_graph_sbmv_4_comuAndEmb_0_20_pos_0_80_2,0.19999999999999996,2,SiNE_spatial,0.12170696485911253,0.6537711164157181,0.03796658371399673,0.6625359354618102,SiNE_spatial_dist,1.0
artificial_graph_sbmv_4_comuAndEmb_0_20_pos_0_80_2,0.19999999999999996,2,SiNE_spatial_bined,0.10880965785378438,0.6445097319133308,0.03119554616972455,0.6426154683957904,SiNE_spatial_bined_dist,1.0
artificial_graph_sbmv_4_comuAndEmb_0_20_pos_0_80_2,0.19999999999999996,2,deepwalk,0.15039162212908946,0.6683919390378259,0.0513442384474761,0.7189523942199314,deepwalk_dist,1.0
artificial_graph_sbmv_4_comuAndEmb_0_20_pos_0_80_2,0.19999999999999996,2,GT_pos + SiNEcustom_spatial,0.2317892480372315,0.7932886522218142,0.10264343710180229,0.8193717151505173,GT_pos_dist,0.70896786
artificial_graph_sbmv_4_comuAndEmb_0_20_pos_0_80_2,0.19999999999999996,2,GT_pos + SiNEcustom_spatial_bined,0.28159340176121767,0.7964905435181786,0.0947087026154863,0.8099152746292473,GT_pos_dist,0.7103317
artificial_graph_sbmv_4_comuAndEmb_0_20_pos_0_80_2,0.19999999999999996,2,GT_pos + SiNE_spatial,0.30805774282582155,0.8335819867792875,0.09775368277553677,0.801084079482276,GT_pos_dist,0.714628
artificial_graph_sbmv_4_comuAndEmb_0_20_pos_0_80_2,0.19999999999999996,2,GT_pos + SiNE_spatial_bined,0.2458154247381324,0.7890653690782226,0.09811579497392676,0.8166099720114992,GT_pos_dist,0.71887654
artificial_graph_sbmv_4_comuAndEmb_0_20_pos_0_80_2,0.19999999999999996,2,GT_pos + deepwalk,0.2762537138791697,0.8051666360631655,0.08117016059434373,0.7953850635123668,GT_pos_dist,0.6921902
artificial_graph_sbmv_4_comuAndEmb_0_10_pos_0_90_2,0.09999999999999998,2,Inferred_Commu_normal,0.20187348132372923,0.76894641782059,0.06508703368783512,0.7748227995242215,louvain_density,1.0
artificial_graph_sbmv_4_comuAndEmb_0_10_pos_0_90_2,0.09999999999999998,2,Inferred_Commu_spatial_manuel_iter,0.07907053049288768,0.560842865743528,0.019244356149895437,0.4724891868512111,spatial_louvain_density,1.0
artificial_graph_sbmv_4_comuAndEmb_0_10_pos_0_90_2,0.09999999999999998,2,Inferred_Commu_spatial_manuel_iter_old,0.07248626818560049,0.505105358217941,0.019542259232918274,0.4943581044550172,spatial_louvain_old_density,1.0
artificial_graph_sbmv_4_comuAndEmb_0_10_pos_0_90_2,0.09999999999999998,2,Inferred_Commu_spatial_manuel_iter_bined,0.0781116590510507,0.4830102347983143,0.0205931286540162,0.4987328341262976,spatial_louvain_bined_density,1.0
artificial_graph_sbmv_4_comuAndEmb_0_10_pos_0_90_2,0.09999999999999998,2,Inferred_Commu_spatial_manuel_iter_0_20,0.15360744374998372,0.7587959060806743,0.059063013864146925,0.80408209883218,spatial_louvain_manualiter_0_20_density,1.0
artificial_graph_sbmv_4_comuAndEmb_0_10_pos_0_90_2,0.09999999999999998,2,Inferred_Commu_spatial_manuel_iter_0_50,0.1602582278007316,0.7650692354003613,0.050148413520041915,0.754079936202422,spatial_louvain_manualiter_0_50_density,1.0
artificial_graph_sbmv_4_comuAndEmb_0_10_pos_0_90_2,0.09999999999999998,2,Inferred_Commu_spatial_manuel_iter_0_80,0.10288911432448923,0.5519686935580973,0.03258924146924258,0.6116800929930796,spatial_louvain_manualiter_0_80_density,1.0
artificial_graph_sbmv_4_comuAndEmb_0_10_pos_0_90_2,0.09999999999999998,2,GT_pos,0.3041252792409906,0.8221071643588199,0.13926294590613128,0.8537186418685121,GT_pos_dist,1.0
artificial_graph_sbmv_4_comuAndEmb_0_10_pos_0_90_2,0.09999999999999998,2,GT_pos + Inferred_Commu normal,0.27850643738503583,0.8212883804936786,0.13063814073517138,0.8531285142733563,GT_pos_dist,0.7479515
artificial_graph_sbmv_4_comuAndEmb_0_10_pos_0_90_2,0.09999999999999998,2,GT_pos + Inferred_Commu spatial manuel iter,0.3312169800223806,0.8272245635159542,0.11755701949849484,0.8465780439013841,GT_pos_dist,0.71839654
artificial_graph_sbmv_4_comuAndEmb_0_10_pos_0_90_2,0.09999999999999998,2,GT_pos + Inferred_Commu spatial manuel iter old,0.28258551841970114,0.8029259482239616,0.12029658705734433,0.8388884083044983,GT_pos_dist,0.72623914
artificial_graph_sbmv_4_comuAndEmb_0_10_pos_0_90_2,0.09999999999999998,2,GT_pos + Inferred_Commu spatial manuel iter bined,0.3096895437862653,0.8111619506321494,0.11477659821305232,0.8370991025086505,GT_pos_dist,0.7078733
artificial_graph_sbmv_4_comuAndEmb_0_10_pos_0_90_2,0.09999999999999998,2,GT_pos + Inferred_Commu spatial manuel iter 0_20,0.26766375426580197,0.8185430463576159,0.12039228394825527,0.8534196583044982,GT_pos_dist,0.7273643
artificial_graph_sbmv_4_comuAndEmb_0_10_pos_0_90_2,0.09999999999999998,2,GT_pos + Inferred_Commu spatial manuel iter 0_50,0.2860780678501354,0.8245514750150511,0.12668721515342574,0.8463593479671281,GT_pos_dist,0.77153736
artificial_graph_sbmv_4_comuAndEmb_0_10_pos_0_90_2,0.09999999999999998,2,GT_pos + Inferred_Commu spatial manuel iter 0_80,0.2506515053334943,0.817098133654425,0.12572122883950726,0.8423829476643598,GT_pos_dist,0.74521714
artificial_graph_sbmv_4_comuAndEmb_0_10_pos_0_90_2,0.09999999999999998,2,SiNEcustom_spatial,0.1438571602098736,0.6618061408789886,0.040424824988923,0.6625932634083045,SiNEcustom_spatial_dist,1.0
artificial_graph_sbmv_4_comuAndEmb_0_10_pos_0_90_2,0.09999999999999998,2,SiNEcustom_spatial_bined,0.10022896820277034,0.6242745334136062,0.035956950222982245,0.6478127703287198,SiNEcustom_spatial_bined_dist,1.0
artificial_graph_sbmv_4_comuAndEmb_0_10_pos_0_90_2,0.09999999999999998,2,SiNE_spatial,0.1689285759377825,0.7283684527393137,0.03592150526161877,0.675643517517301,SiNE_spatial_dist,1.0
artificial_graph_sbmv_4_comuAndEmb_0_10_pos_0_90_2,0.09999999999999998,2,SiNE_spatial_bined,0.13227795327344738,0.6841661649608669,0.03790398348057578,0.6874116025086505,SiNE_spatial_bined_dist,1.0
artificial_graph_sbmv_4_comuAndEmb_0_10_pos_0_90_2,0.09999999999999998,2,deepwalk,0.1921354569263571,0.7248886213124623,0.06385563618025071,0.7650754217128029,deepwalk_dist,1.0
artificial_graph_sbmv_4_comuAndEmb_0_10_pos_0_90_2,0.09999999999999998,2,GT_pos + SiNEcustom_spatial,0.2586786471527931,0.8142203491872366,0.10809498407883547,0.8305817474048443,GT_pos_dist,0.7539852
artificial_graph_sbmv_4_comuAndEmb_0_10_pos_0_90_2,0.09999999999999998,2,GT_pos + SiNEcustom_spatial_bined,0.2643820577271067,0.8103070439494281,0.11364581446513741,0.8409018166089965,GT_pos_dist,0.73293036
artificial_graph_sbmv_4_comuAndEmb_0_10_pos_0_90_2,0.09999999999999998,2,GT_pos + SiNE_spatial,0.29481295848185407,0.8275496688741721,0.0876362002949721,0.8318862186418685,GT_pos_dist,0.74322575
artificial_graph_sbmv_4_comuAndEmb_0_10_pos_0_90_2,0.09999999999999998,2,GT_pos + SiNE_spatial_bined,0.279304526670301,0.8114027694160145,0.11575912585242114,0.8426263786764705,GT_pos_dist,0.7368733
artificial_graph_sbmv_4_comuAndEmb_0_10_pos_0_90_2,0.09999999999999998,2,GT_pos + deepwalk,0.2621325327394854,0.8008187838651413,0.11765876759017906,0.8553677822231833,GT_pos_dist,0.737978
artificial_graph_sbmv_4_comuAndEmb_0_00_pos_1_00_2,0.0,2,Inferred_Commu_normal,0.24672483146455576,0.8624324201535597,0.07660389302634676,0.8318536198347106,louvain_density,1.0
artificial_graph_sbmv_4_comuAndEmb_0_00_pos_1_00_2,0.0,2,Inferred_Commu_spatial_manuel_iter,0.08283948076952061,0.5475898414429149,0.025258548065060275,0.5387867768595042,spatial_louvain_density,1.0
artificial_graph_sbmv_4_comuAndEmb_0_00_pos_1_00_2,0.0,2,Inferred_Commu_spatial_manuel_iter_old,0.12128482329275761,0.642315206033347,0.024725033554170456,0.5894212231404958,spatial_louvain_old_density,1.0
artificial_graph_sbmv_4_comuAndEmb_0_00_pos_1_00_2,0.0,2,Inferred_Commu_spatial_manuel_iter_bined,0.15122861559194165,0.6430534732633683,0.0322015467043494,0.6052412561983471,spatial_louvain_bined_density,1.0
artificial_graph_sbmv_4_comuAndEmb_0_00_pos_1_00_2,0.0,2,Inferred_Commu_spatial_manuel_iter_0_20,0.24265467450738296,0.8518127299986371,0.08090550432229142,0.8475018842975207,spatial_louvain_manualiter_0_20_density,1.0
artificial_graph_sbmv_4_comuAndEmb_0_00_pos_1_00_2,0.0,2,Inferred_Commu_spatial_manuel_iter_0_50,0.2711379908725137,0.857696151924038,0.054002909598969424,0.7423419504132233,spatial_louvain_manualiter_0_50_density,1.0
artificial_graph_sbmv_4_comuAndEmb_0_00_pos_1_00_2,0.0,2,Inferred_Commu_spatial_manuel_iter_0_80,0.15249841844670595,0.668234064785789,0.04468601333383704,0.6276596363636364,spatial_louvain_manualiter_0_80_density,1.0
artificial_graph_sbmv_4_comuAndEmb_0_00_pos_1_00_2,0.0,2,GT_pos,0.3982394076302014,0.9123847167325428,0.17690822500240996,0.9191501487603305,GT_pos_dist,1.0
artificial_graph_sbmv_4_comuAndEmb_0_00_pos_1_00_2,0.0,2,GT_pos + Inferred_Commu normal,0.37942991521391906,0.8987778837853799,0.15608265752619305,0.9101007603305784,GT_pos_dist,0.83442265
artificial_graph_sbmv_4_comuAndEmb_0_00_pos_1_00_2,0.0,2,GT_pos + Inferred_Commu spatial manuel iter,0.4440964361739667,0.8947117350415701,0.168617111251336,0.9086090578512397,GT_pos_dist,0.8308827
artificial_graph_sbmv_4_comuAndEmb_0_00_pos_1_00_2,0.0,2,GT_pos + Inferred_Commu spatial manuel iter old,0.4025982652432606,0.9168938258143655,0.1523172157384947,0.9000234049586778,GT_pos_dist,0.8168989
artificial_graph_sbmv_4_comuAndEmb_0_00_pos_1_00_2,0.0,2,GT_pos + Inferred_Commu spatial manuel iter bined,0.4190279920301957,0.9177115987460815,0.17160867652861686,0.9082403966942149,GT_pos_dist,0.8195365
artificial_graph_sbmv_4_comuAndEmb_0_00_pos_1_00_2,0.0,2,GT_pos + Inferred_Commu spatial manuel iter 0_20,0.3737092213409793,0.904468220435237,0.15449514561826844,0.913958743801653,GT_pos_dist,0.8470867
artificial_graph_sbmv_4_comuAndEmb_0_00_pos_1_00_2,0.0,2,GT_pos + Inferred_Commu spatial manuel iter 0_50,0.3937017638873634,0.9006746626686656,0.14719080978505106,0.906681256198347,GT_pos_dist,0.7952243
artificial_graph_sbmv_4_comuAndEmb_0_00_pos_1_00_2,0.0,2,GT_pos + Inferred_Commu spatial manuel iter 0_80,0.37833105322032157,0.9117941029485257,0.1508874824225387,0.9079973553719007,GT_pos_dist,0.80396456
artificial_graph_sbmv_4_comuAndEmb_0_00_pos_1_00_2,0.0,2,SiNEcustom_spatial,0.14185859322652583,0.7396529008223162,0.04942597892946198,0.7558747768595042,SiNEcustom_spatial_dist,1.0
artificial_graph_sbmv_4_comuAndEmb_0_00_pos_1_00_2,0.0,2,SiNEcustom_spatial_bined,0.15911814301511595,0.7345191040843215,0.05341549234220621,0.7501306446280992,SiNEcustom_spatial_bined_dist,1.0
artificial_graph_sbmv_4_comuAndEmb_0_00_pos_1_00_2,0.0,2,SiNE_spatial,0.1844813226716894,0.7276816137385853,0.061769971164888075,0.7757178181818182,SiNE_spatial_dist,1.0
artificial_graph_sbmv_4_comuAndEmb_0_00_pos_1_00_2,0.0,2,SiNE_spatial_bined,0.18737232235501772,0.7453091636000182,0.060955073887804495,0.7873384462809917,SiNE_spatial_bined_dist,1.0
artificial_graph_sbmv_4_comuAndEmb_0_00_pos_1_00_2,0.0,2,deepwalk,0.2633765979089505,0.8106174185634456,0.09417247436397609,0.8198704132231405,deepwalk_dist,1.0
artificial_graph_sbmv_4_comuAndEmb_0_00_pos_1_00_2,0.0,2,GT_pos + SiNEcustom_spatial,0.4049944595421482,0.8961655535868429,0.15555061054471692,0.8992879338842974,GT_pos_dist,0.78993624
artificial_graph_sbmv_4_comuAndEmb_0_00_pos_1_00_2,0.0,2,GT_pos + SiNEcustom_spatial_bined,0.40936203454263564,0.8799804643132979,0.13996056639915114,0.9021871074380166,GT_pos_dist,0.80488265
artificial_graph_sbmv_4_comuAndEmb_0_00_pos_1_00_2,0.0,2,GT_pos + SiNE_spatial,0.3758561266936507,0.9040252600972241,0.1467208442845855,0.9020716694214875,GT_pos_dist,0.80588007
artificial_graph_sbmv_4_comuAndEmb_0_00_pos_1_00_2,0.0,2,GT_pos + SiNE_spatial_bined,0.5087231948971231,0.9104765798918723,0.1739303696974652,0.908627702479339,GT_pos_dist,0.79926705
artificial_graph_sbmv_4_comuAndEmb_0_00_pos_1_00_2,0.0,2,GT_pos + deepwalk,0.3495061649760149,0.8945640815955658,0.16479922813674355,0.8995189421487603,GT_pos_dist,0.82017076
artificial_graph_sbmv_4_comuAndEmb_1_00_pos_0_00_3,1.0,3,Inferred_Commu_normal,0.16475056337277555,0.780382536004725,0.049419048148611366,0.7612575206611569,louvain_density,1.0
artificial_graph_sbmv_4_comuAndEmb_1_00_pos_0_00_3,1.0,3,Inferred_Commu_spatial_manuel_iter,0.27582565224789074,0.8220321657353141,0.06147552483944271,0.763651305785124,spatial_louvain_density,1.0
artificial_graph_sbmv_4_comuAndEmb_1_00_pos_0_00_3,1.0,3,Inferred_Commu_spatial_manuel_iter_old,0.1912562691216713,0.7707169142701377,0.06183725064966082,0.723433388429752,spatial_louvain_old_density,1.0
artificial_graph_sbmv_4_comuAndEmb_1_00_pos_0_00_3,1.0,3,Inferred_Commu_spatial_manuel_iter_bined,0.17833583884787738,0.7978510744627686,0.06537000003597523,0.7708236694214875,spatial_louvain_bined_density,1.0
artificial_graph_sbmv_4_comuAndEmb_1_00_pos_0_00_3,1.0,3,Inferred_Commu_spatial_manuel_iter_0_20,0.18899867417795907,0.783006224160647,0.06538203326917655,0.7488765619834711,spatial_louvain_manualiter_0_20_density,1.0
artificial_graph_sbmv_4_comuAndEmb_1_00_pos_0_00_3,1.0,3,Inferred_Commu_spatial_manuel_iter_0_50,0.21223831596238318,0.7732383808095953,0.05731044280690541,0.7634001983471074,spatial_louvain_manualiter_0_50_density,1.0
artificial_graph_sbmv_4_comuAndEmb_1_00_pos_0_00_3,1.0,3,Inferred_Commu_spatial_manuel_iter_0_80,0.22849690770544198,0.8148425787106447,0.06666066852004375,0.7821368595041323,spatial_louvain_manualiter_0_80_density,1.0
artificial_graph_sbmv_4_comuAndEmb_1_00_pos_0_00_3,1.0,3,GT_pos,0.06791831692525115,0.48128208622961244,0.021346787661947052,0.5129607933884297,GT_pos_dist,1.0
artificial_graph_sbmv_4_comuAndEmb_1_00_pos_0_00_3,1.0,3,GT_pos + Inferred_Commu normal,0.1280005640788468,0.716993775839353,0.05462458352382814,0.7709109421487603,louvain_density,0.8186264
artificial_graph_sbmv_4_comuAndEmb_1_00_pos_0_00_3,1.0,3,GT_pos + Inferred_Commu spatial manuel iter,0.162125025767885,0.7568942801326608,0.0507391228155024,0.7160462809917354,spatial_louvain_density,0.7733083
artificial_graph_sbmv_4_comuAndEmb_1_00_pos_0_00_3,1.0,3,GT_pos + Inferred_Commu spatial manuel iter old,0.1376291782161569,0.7072259324883012,0.054775385631567405,0.695324958677686,spatial_louvain_old_density,0.80694616
artificial_graph_sbmv_4_comuAndEmb_1_00_pos_0_00_3,1.0,3,GT_pos + Inferred_Commu spatial manuel iter bined,0.1362140360483473,0.726943346508564,0.05652652152969574,0.7435724958677685,spatial_louvain_bined_density,0.7888134
artificial_graph_sbmv_4_comuAndEmb_1_00_pos_0_00_3,1.0,3,GT_pos + Inferred_Commu spatial manuel iter 0_20,0.13737902286877895,0.7196288219526601,0.04548993862260754,0.6955829421487604,spatial_louvain_manualiter_0_20_density,0.7909688
artificial_graph_sbmv_4_comuAndEmb_1_00_pos_0_00_3,1.0,3,GT_pos + Inferred_Commu spatial manuel iter 0_50,0.14369822892194256,0.7166984689473446,0.052919653153320395,0.7217656859504132,spatial_louvain_manualiter_0_50_density,0.8192276
artificial_graph_sbmv_4_comuAndEmb_1_00_pos_0_00_3,1.0,3,GT_pos + Inferred_Commu spatial manuel iter 0_80,0.1682220641584064,0.7539184952978056,0.07013342555833085,0.7568885950413222,spatial_louvain_manualiter_0_80_density,0.77900785
artificial_graph_sbmv_4_comuAndEmb_1_00_pos_0_00_3,1.0,3,SiNEcustom_spatial,0.43120044183974443,0.847951024487756,0.10905590720507087,0.8258279669421489,SiNEcustom_spatial_dist,1.0
artificial_graph_sbmv_4_comuAndEmb_1_00_pos_0_00_3,1.0,3,SiNEcustom_spatial_bined,0.37694403109694136,0.843123892599155,0.10835499225564398,0.8184975867768596,SiNEcustom_spatial_bined_dist,1.0
artificial_graph_sbmv_4_comuAndEmb_1_00_pos_0_00_3,1.0,3,SiNE_spatial,0.17793450122057392,0.7570987233655899,0.05456589808024275,0.758787041322314,SiNE_spatial_dist,1.0
artificial_graph_sbmv_4_comuAndEmb_1_00_pos_0_00_3,1.0,3,SiNE_spatial_bined,0.1663122213978786,0.7527031938576167,0.0564389208193017,0.7704704793388429,SiNE_spatial_bined_dist,1.0
artificial_graph_sbmv_4_comuAndEmb_1_00_pos_0_00_3,1.0,3,deepwalk,0.3208249477178341,0.8207600745082004,0.12596315755827794,0.7938999008264461,deepwalk_dist,1.0
artificial_graph_sbmv_4_comuAndEmb_1_00_pos_0_00_3,1.0,3,GT_pos + SiNEcustom_spatial,0.32331589208493217,0.8088455772113943,0.09893584657398673,0.8013871074380166,SiNEcustom_spatial_dist,0.7041339
artificial_graph_sbmv_4_comuAndEmb_1_00_pos_0_00_3,1.0,3,GT_pos + SiNEcustom_spatial_bined,0.2652042849139544,0.8058130025896143,0.09974928428531123,0.7941063140495868,SiNEcustom_spatial_bined_dist,0.7202261
artificial_graph_sbmv_4_comuAndEmb_1_00_pos_0_00_3,1.0,3,GT_pos + SiNE_spatial,0.17532500177296445,0.7401640089046386,0.052165880471474364,0.7521960991735538,SiNE_spatial_dist,0.6651205
artificial_graph_sbmv_4_comuAndEmb_1_00_pos_0_00_3,1.0,3,GT_pos + SiNE_spatial_bined,0.14598865835793823,0.7169824178819683,0.0533201172166766,0.7624971900826446,SiNE_spatial_bined_dist,0.6713678
artificial_graph_sbmv_4_comuAndEmb_1_00_pos_0_00_3,1.0,3,GT_pos + deepwalk,0.24792717941030484,0.7840170823679069,0.08661054042750391,0.7628335867768595,deepwalk_dist,0.68821484
artificial_graph_sbmv_4_comuAndEmb_0_90_pos_0_10_3,0.9,3,Inferred_Commu_normal,0.12425516860868005,0.7099786931818182,0.04867665496089513,0.7793129064630062,louvain_density,1.0
artificial_graph_sbmv_4_comuAndEmb_0_90_pos_0_10_3,0.9,3,Inferred_Commu_spatial_manuel_iter,0.16846884911501647,0.7042140151515152,0.04731332427036343,0.7103137014688057,spatial_louvain_density,1.0
artificial_graph_sbmv_4_comuAndEmb_0_90_pos_0_10_3,0.9,3,Inferred_Commu_spatial_manuel_iter_old,0.1838363933870238,0.7289654356060606,0.04690162096488189,0.7557138761094241,spatial_louvain_old_density,1.0
artificial_graph_sbmv_4_comuAndEmb_0_90_pos_0_10_3,0.9,3,Inferred_Commu_spatial_manuel_iter_bined,0.14989160970656587,0.7445904356060605,0.04860528144130746,0.7565603617928032,spatial_louvain_bined_density,1.0
artificial_graph_sbmv_4_comuAndEmb_0_90_pos_0_10_3,0.9,3,Inferred_Commu_spatial_manuel_iter_0_20,0.16885365012133502,0.7147017045454546,0.04725243623569879,0.7056939358000234,spatial_louvain_manualiter_0_20_density,1.0
artificial_graph_sbmv_4_comuAndEmb_0_90_pos_0_10_3,0.9,3,Inferred_Commu_spatial_manuel_iter_0_50,0.14230997436037998,0.711908143939394,0.04782276607819497,0.7308543054125559,spatial_louvain_manualiter_0_50_density,1.0
artificial_graph_sbmv_4_comuAndEmb_0_90_pos_0_10_3,0.9,3,Inferred_Commu_spatial_manuel_iter_0_80,0.23243353998828617,0.7522372159090909,0.0615653981271439,0.7893724667335686,spatial_louvain_manualiter_0_80_density,1.0
artificial_graph_sbmv_4_comuAndEmb_0_90_pos_0_10_3,0.9,3,GT_pos,0.07736052521622633,0.547845643939394,0.022297468913041518,0.5258073218730857,GT_pos_dist,1.0
artificial_graph_sbmv_4_comuAndEmb_0_90_pos_0_10_3,0.9,3,GT_pos + Inferred_Commu normal,0.13572889846126235,0.7208806818181818,0.04856576976657173,0.758760572925491,louvain_density,0.8277158
artificial_graph_sbmv_4_comuAndEmb_0_90_pos_0_10_3,0.9,3,GT_pos + Inferred_Commu spatial manuel iter,0.1470438852235961,0.7197088068181818,0.04463050886950215,0.6948677814125037,spatial_louvain_density,0.8096402
artificial_graph_sbmv_4_comuAndEmb_0_90_pos_0_10_3,0.9,3,GT_pos + Inferred_Commu spatial manuel iter old,0.13898848379431017,0.7232007575757575,0.041784339715238365,0.7174120606289669,spatial_louvain_old_density,0.80691534
artificial_graph_sbmv_4_comuAndEmb_0_90_pos_0_10_3,0.9,3,GT_pos + Inferred_Commu spatial manuel iter bined,0.16983450026017258,0.7222774621212121,0.044625780076195706,0.7219708324101709,spatial_louvain_bined_density,0.7599462
artificial_graph_sbmv_4_comuAndEmb_0_90_pos_0_10_3,0.9,3,GT_pos + Inferred_Commu spatial manuel iter 0_20,0.14170034304954665,0.7133167613636364,0.045911426398638086,0.7068890510758643,spatial_louvain_manualiter_0_20_density,0.8008164
artificial_graph_sbmv_4_comuAndEmb_0_90_pos_0_10_3,0.9,3,GT_pos + Inferred_Commu spatial manuel iter 0_50,0.15247966636948423,0.721886837121212,0.0438994067502486,0.7154087763427126,spatial_louvain_manualiter_0_50_density,0.80884683
artificial_graph_sbmv_4_comuAndEmb_0_90_pos_0_10_3,0.9,3,GT_pos + Inferred_Commu spatial manuel iter 0_80,0.16202426471387207,0.7486860795454545,0.04753249747909045,0.740759556360698,spatial_louvain_manualiter_0_80_density,0.7698711
artificial_graph_sbmv_4_comuAndEmb_0_90_pos_0_10_3,0.9,3,SiNEcustom_spatial,0.2741058564239104,0.7753077651515152,0.08545281778833909,0.8041586623049954,SiNEcustom_spatial_dist,1.0
artificial_graph_sbmv_4_comuAndEmb_0_90_pos_0_10_3,0.9,3,SiNEcustom_spatial_bined,0.3099201642595975,0.7305160984848484,0.09207070192595167,0.7719059286580042,SiNEcustom_spatial_bined_dist,1.0
artificial_graph_sbmv_4_comuAndEmb_0_90_pos_0_10_3,0.9,3,SiNE_spatial,0.13399292212792133,0.6886126893939394,0.04499549164024543,0.7208106452579859,SiNE_spatial_dist,1.0
artificial_graph_sbmv_4_comuAndEmb_0_90_pos_0_10_3,0.9,3,SiNE_spatial_bined,0.1142411079896997,0.681640625,0.0606763197966112,0.7485034341643966,SiNE_spatial_bined_dist,1.0
artificial_graph_sbmv_4_comuAndEmb_0_90_pos_0_10_3,0.9,3,deepwalk,0.2453146362182101,0.7565696022727272,0.07317108861218136,0.7780140494467541,deepwalk_dist,1.0
artificial_graph_sbmv_4_comuAndEmb_0_90_pos_0_10_3,0.9,3,GT_pos + SiNEcustom_spatial,0.2922829107495935,0.7843394886363636,0.06740084647778531,0.7847371919352526,SiNEcustom_spatial_dist,0.65592116
artificial_graph_sbmv_4_comuAndEmb_0_90_pos_0_10_3,0.9,3,GT_pos + SiNEcustom_spatial_bined,0.29240605068975284,0.7491595643939394,0.07844944942921916,0.7692464387650041,SiNEcustom_spatial_bined_dist,0.6900344
artificial_graph_sbmv_4_comuAndEmb_0_90_pos_0_10_3,0.9,3,GT_pos + SiNE_spatial,0.13265821428142094,0.6632457386363636,0.0426170030536189,0.7050760468662436,SiNE_spatial_dist,0.57060575
artificial_graph_sbmv_4_comuAndEmb_0_90_pos_0_10_3,0.9,3,GT_pos + SiNE_spatial_bined,0.12072783509740945,0.6972301136363636,0.0444608368191731,0.7231074300460061,SiNE_spatial_bined_dist,0.5863824
artificial_graph_sbmv_4_comuAndEmb_0_90_pos_0_10_3,0.9,3,GT_pos + deepwalk,0.23443993769310845,0.7395241477272727,0.064104100817751,0.745346870153397,deepwalk_dist,0.6415999
artificial_graph_sbmv_4_comuAndEmb_0_80_pos_0_20_3,0.8,3,Inferred_Commu_normal,0.13135119834111456,0.6835490108582478,0.038576426958588664,0.7032592592592593,louvain_density,1.0
artificial_graph_sbmv_4_comuAndEmb_0_80_pos_0_20_3,0.8,3,Inferred_Commu_spatial_manuel_iter,0.1320270049345755,0.6887426248202687,0.04242892776651781,0.6730262002743485,spatial_louvain_density,1.0
artificial_graph_sbmv_4_comuAndEmb_0_80_pos_0_20_3,0.8,3,Inferred_Commu_spatial_manuel_iter_old,0.13159679582647177,0.6819996033516783,0.04638848928616809,0.7285650205761317,spatial_louvain_old_density,1.0
artificial_graph_sbmv_4_comuAndEmb_0_80_pos_0_20_3,0.8,3,Inferred_Commu_spatial_manuel_iter_bined,0.11199842134252577,0.6677946353314492,0.034802177431896876,0.6651246913580247,spatial_louvain_bined_density,1.0
artificial_graph_sbmv_4_comuAndEmb_0_80_pos_0_20_3,0.8,3,Inferred_Commu_spatial_manuel_iter_0_20,0.1220000304772067,0.6660964847042491,0.040349173545057036,0.7048268861454047,spatial_louvain_manualiter_0_20_density,1.0
artificial_graph_sbmv_4_comuAndEmb_0_80_pos_0_20_3,0.8,3,Inferred_Commu_spatial_manuel_iter_0_50,0.1086800891981787,0.6282165699836384,0.04494559176268277,0.6662728395061729,spatial_louvain_manualiter_0_50_density,1.0
artificial_graph_sbmv_4_comuAndEmb_0_80_pos_0_20_3,0.8,3,Inferred_Commu_spatial_manuel_iter_0_80,0.11564432982838435,0.6320962863800883,0.03614288665385468,0.6824053497942387,spatial_louvain_manualiter_0_80_density,1.0
artificial_graph_sbmv_4_comuAndEmb_0_80_pos_0_20_3,0.8,3,GT_pos,0.07905043160658362,0.527715801477515,0.02296625913713616,0.5241757201646091,GT_pos_dist,1.0
artificial_graph_sbmv_4_comuAndEmb_0_80_pos_0_20_3,0.8,3,GT_pos + Inferred_Commu normal,0.11522582471336662,0.6825449947939908,0.041453231486049576,0.707951989026063,louvain_density,0.7203878
artificial_graph_sbmv_4_comuAndEmb_0_80_pos_0_20_3,0.8,3,GT_pos + Inferred_Commu spatial manuel iter,0.10641393947670777,0.6632331796321087,0.03620641005135517,0.6464873799725651,spatial_louvain_density,0.6436857
artificial_graph_sbmv_4_comuAndEmb_0_80_pos_0_20_3,0.8,3,GT_pos + Inferred_Commu spatial manuel iter old,0.10713421931005115,0.6360503743368535,0.03947398293274916,0.6944807956104252,spatial_louvain_old_density,0.65226465
artificial_graph_sbmv_4_comuAndEmb_0_80_pos_0_20_3,0.8,3,GT_pos + Inferred_Commu spatial manuel iter bined,0.11018796192846042,0.6593782537557638,0.037417543664737596,0.6663526748971194,spatial_louvain_bined_density,0.69897175
artificial_graph_sbmv_4_comuAndEmb_0_80_pos_0_20_3,0.8,3,GT_pos + Inferred_Commu spatial manuel iter 0_20,0.10637204434461059,0.6620556299271159,0.030532761265246677,0.6204764060356653,spatial_louvain_manualiter_0_20_density,0.7023239
artificial_graph_sbmv_4_comuAndEmb_0_80_pos_0_20_3,0.8,3,GT_pos + Inferred_Commu spatial manuel iter 0_50,0.10522085654741492,0.6390748177896772,0.04005754977793652,0.6686864197530865,spatial_louvain_manualiter_0_50_density,0.667925
artificial_graph_sbmv_4_comuAndEmb_0_80_pos_0_20_3,0.8,3,GT_pos + Inferred_Commu spatial manuel iter 0_80,0.10668811900970057,0.6319351479994051,0.03607805564309771,0.6751993141289439,spatial_louvain_manualiter_0_80_density,0.6931902
artificial_graph_sbmv_4_comuAndEmb_0_80_pos_0_20_3,0.8,3,SiNEcustom_spatial,0.13593876334438007,0.6451980762556399,0.09831432660258252,0.739219341563786,SiNEcustom_spatial_dist,1.0
artificial_graph_sbmv_4_comuAndEmb_0_80_pos_0_20_3,0.8,3,SiNEcustom_spatial_bined,0.14100408489597935,0.6937627051415539,0.07466415638281194,0.7518138545953361,SiNEcustom_spatial_bined_dist,1.0
artificial_graph_sbmv_4_comuAndEmb_0_80_pos_0_20_3,0.8,3,SiNE_spatial,0.09604571094709022,0.5594724577321633,0.03933035748311079,0.6772187928669411,SiNE_spatial_dist,1.0
artificial_graph_sbmv_4_comuAndEmb_0_80_pos_0_20_3,0.8,3,SiNE_spatial_bined,0.08298218364769419,0.5711116069215133,0.034593387405011035,0.6543274348422495,SiNE_spatial_bined_dist,1.0
artificial_graph_sbmv_4_comuAndEmb_0_80_pos_0_20_3,0.8,3,deepwalk,0.15370379412997187,0.6456443056175318,0.07433053845462573,0.7315566529492455,deepwalk_dist,1.0
artificial_graph_sbmv_4_comuAndEmb_0_80_pos_0_20_3,0.8,3,GT_pos + SiNEcustom_spatial,0.12651598181220736,0.6883211859784818,0.06234436547329406,0.726524828532236,SiNEcustom_spatial_dist,0.61820436
artificial_graph_sbmv_4_comuAndEmb_0_80_pos_0_20_3,0.8,3,GT_pos + SiNEcustom_spatial_bined,0.12302127826935713,0.7006048886905647,0.059460881647280035,0.7494074074074073,SiNEcustom_spatial_bined_dist,0.61038953
artificial_graph_sbmv_4_comuAndEmb_0_80_pos_0_20_3,0.8,3,GT_pos + SiNE_spatial,0.09022275107297803,0.5773216322078436,0.03596370161382184,0.6652406035665295,SiNE_spatial_dist,0.54892206
artificial_graph_sbmv_4_comuAndEmb_0_80_pos_0_20_3,0.8,3,GT_pos + SiNE_spatial_bined,0.07809689650158867,0.5686821359512122,0.03516256918549535,0.651076268861454,SiNE_spatial_bined_dist,0.5336501
artificial_graph_sbmv_4_comuAndEmb_0_80_pos_0_20_3,0.8,3,GT_pos + deepwalk,0.12798201122370922,0.6609772423025435,0.05616145158162215,0.7155636488340194,deepwalk_dist,0.58514166
artificial_graph_sbmv_4_comuAndEmb_0_70_pos_0_30_3,0.7,3,Inferred_Commu_normal,0.11278048197577044,0.6866750394011032,0.03858164211058997,0.6956151196198308,louvain_density,1.0
artificial_graph_sbmv_4_comuAndEmb_0_70_pos_0_30_3,0.7,3,Inferred_Commu_spatial_manuel_iter,0.12706487834046548,0.7088627856579984,0.03370060051916721,0.6553079342601544,spatial_louvain_density,1.0
artificial_graph_sbmv_4_comuAndEmb_0_70_pos_0_30_3,0.7,3,Inferred_Commu_spatial_manuel_iter_old,0.11504156465694819,0.6694863081166273,0.03124407524637366,0.6297440122002695,spatial_louvain_old_density,1.0
artificial_graph_sbmv_4_comuAndEmb_0_70_pos_0_30_3,0.7,3,Inferred_Commu_spatial_manuel_iter_bined,0.10193913896884371,0.6510416666666666,0.03628504778407152,0.5765034517503846,spatial_louvain_bined_density,1.0
artificial_graph_sbmv_4_comuAndEmb_0_70_pos_0_30_3,0.7,3,Inferred_Commu_spatial_manuel_iter_0_20,0.12338757715234092,0.6903319542947202,0.035455527002159065,0.6893812720415027,spatial_louvain_manualiter_0_20_density,1.0
artificial_graph_sbmv_4_comuAndEmb_0_70_pos_0_30_3,0.7,3,Inferred_Commu_spatial_manuel_iter_0_50,0.12087913333378777,0.6832643814026792,0.03448514856903112,0.6480380169115345,spatial_louvain_manualiter_0_50_density,1.0
artificial_graph_sbmv_4_comuAndEmb_0_70_pos_0_30_3,0.7,3,Inferred_Commu_spatial_manuel_iter_0_80,0.12977917009759427,0.7173340228526398,0.03636741019837185,0.6969970452472053,spatial_louvain_manualiter_0_80_density,1.0
artificial_graph_sbmv_4_comuAndEmb_0_70_pos_0_30_3,0.7,3,GT_pos,0.11586576493975559,0.5994385342789598,0.027529455718700482,0.5763054696967633,GT_pos_dist,1.0
artificial_graph_sbmv_4_comuAndEmb_0_70_pos_0_30_3,0.7,3,GT_pos + Inferred_Commu normal,0.14888435090800575,0.7100448187549251,0.03467273606303044,0.688618210536349,louvain_density,0.69208246
artificial_graph_sbmv_4_comuAndEmb_0_70_pos_0_30_3,0.7,3,GT_pos + Inferred_Commu spatial manuel iter,0.16935623828498148,0.7225792947202521,0.037483056585231295,0.6737628844923136,spatial_louvain_density,0.6642371
artificial_graph_sbmv_4_comuAndEmb_0_70_pos_0_30_3,0.7,3,GT_pos + Inferred_Commu spatial manuel iter old,0.1745451351794902,0.7195380220646178,0.0397095683812102,0.6766259991013194,spatial_louvain_old_density,0.69537693
artificial_graph_sbmv_4_comuAndEmb_0_70_pos_0_30_3,0.7,3,GT_pos + Inferred_Commu spatial manuel iter bined,0.15462329346361714,0.7075822498029944,0.04092266846397926,0.6620054193161857,spatial_louvain_bined_density,0.7104004
artificial_graph_sbmv_4_comuAndEmb_0_70_pos_0_30_3,0.7,3,GT_pos + Inferred_Commu spatial manuel iter 0_20,0.210715514036239,0.7014135145784082,0.03631244377736918,0.6824256205661687,spatial_louvain_manualiter_0_20_density,0.65094453
artificial_graph_sbmv_4_comuAndEmb_0_70_pos_0_30_3,0.7,3,GT_pos + Inferred_Commu spatial manuel iter 0_50,0.17333138612422014,0.7315799842395587,0.03850824354314808,0.6720344221892404,spatial_louvain_manualiter_0_50_density,0.65253806
artificial_graph_sbmv_4_comuAndEmb_0_70_pos_0_30_3,0.7,3,GT_pos + Inferred_Commu spatial manuel iter 0_80,0.1772248266707397,0.7274551812450749,0.034305633693628074,0.6778055854359282,spatial_louvain_manualiter_0_80_density,0.63028055
artificial_graph_sbmv_4_comuAndEmb_0_70_pos_0_30_3,0.7,3,SiNEcustom_spatial,0.16889141745666542,0.6346532702915682,0.05539320597203039,0.6854510423333016,SiNEcustom_spatial_dist,1.0
artificial_graph_sbmv_4_comuAndEmb_0_70_pos_0_30_3,0.7,3,SiNEcustom_spatial_bined,0.13105456613840927,0.6488622931442081,0.056522940848547115,0.7000703966449258,SiNEcustom_spatial_bined_dist,1.0
artificial_graph_sbmv_4_comuAndEmb_0_70_pos_0_30_3,0.7,3,SiNE_spatial,0.0865899463568355,0.5661322892040977,0.03026255833656206,0.6125308751242494,SiNE_spatial_dist,1.0
artificial_graph_sbmv_4_comuAndEmb_0_70_pos_0_30_3,0.7,3,SiNE_spatial_bined,0.09529279016968774,0.601063829787234,0.03219609076872909,0.624525265178851,SiNE_spatial_bined_dist,1.0
artificial_graph_sbmv_4_comuAndEmb_0_70_pos_0_30_3,0.7,3,deepwalk,0.19206626233288493,0.6564716312056738,0.04107612549222751,0.6515082855625604,deepwalk_dist,1.0
artificial_graph_sbmv_4_comuAndEmb_0_70_pos_0_30_3,0.7,3,GT_pos + SiNEcustom_spatial,0.23522418935741646,0.7063879038613081,0.04674271139359208,0.6947640963494506,SiNEcustom_spatial_dist,0.55841535
artificial_graph_sbmv_4_comuAndEmb_0_70_pos_0_30_3,0.7,3,GT_pos + SiNEcustom_spatial_bined,0.16316970445933904,0.6886943459416863,0.05429066349697223,0.6901708854726923,SiNEcustom_spatial_bined_dist,0.5464963
artificial_graph_sbmv_4_comuAndEmb_0_70_pos_0_30_3,0.7,3,GT_pos + SiNE_spatial,0.110982239723971,0.6303930260047281,0.02945928744187623,0.6252186108576954,SiNE_spatial_dist,0.5055753
artificial_graph_sbmv_4_comuAndEmb_0_70_pos_0_30_3,0.7,3,GT_pos + SiNE_spatial_bined,0.10749063992407033,0.6162086288416075,0.03155273597286735,0.6361755695047726,SiNE_spatial_bined_dist,0.530542
artificial_graph_sbmv_4_comuAndEmb_0_70_pos_0_30_3,0.7,3,GT_pos + deepwalk,0.2139047426415755,0.6620616627265563,0.03877532330881275,0.6421596928146402,deepwalk_dist,0.56924695
artificial_graph_sbmv_4_comuAndEmb_0_60_pos_0_40_3,0.6,3,Inferred_Commu_normal,0.14123640162636816,0.6948873233634079,0.03713272781526992,0.6691732791112874,louvain_density,1.0
artificial_graph_sbmv_4_comuAndEmb_0_60_pos_0_40_3,0.6,3,Inferred_Commu_spatial_manuel_iter,0.12313589341831421,0.6492604952004284,0.03230749370496045,0.6174707399325531,spatial_louvain_density,1.0
artificial_graph_sbmv_4_comuAndEmb_0_60_pos_0_40_3,0.6,3,Inferred_Commu_spatial_manuel_iter_old,0.1268838667352017,0.6597350966094014,0.034110165061737245,0.6261169658797858,spatial_louvain_old_density,1.0
artificial_graph_sbmv_4_comuAndEmb_0_60_pos_0_40_3,0.6,3,Inferred_Commu_spatial_manuel_iter_bined,0.12426565573261697,0.653411197626993,0.03509553484277406,0.6111195695298552,spatial_louvain_bined_density,1.0
artificial_graph_sbmv_4_comuAndEmb_0_60_pos_0_40_3,0.6,3,Inferred_Commu_spatial_manuel_iter_0_20,0.12536665850512183,0.625231738969225,0.024627261658194198,0.5860555941281492,spatial_louvain_manualiter_0_20_density,1.0
artificial_graph_sbmv_4_comuAndEmb_0_60_pos_0_40_3,0.6,3,Inferred_Commu_spatial_manuel_iter_0_50,0.14547304953915968,0.7014893091088864,0.024047471306146703,0.5271488791906367,spatial_louvain_manualiter_0_50_density,1.0
artificial_graph_sbmv_4_comuAndEmb_0_60_pos_0_40_3,0.6,3,Inferred_Commu_spatial_manuel_iter_0_80,0.1406179923364301,0.70227207184938,0.03323709311158249,0.644257339813529,spatial_louvain_manualiter_0_80_density,1.0
artificial_graph_sbmv_4_comuAndEmb_0_60_pos_0_40_3,0.6,3,GT_pos,0.1455420777865849,0.6171981213694229,0.033568898171679004,0.6343143721483833,GT_pos_dist,1.0
artificial_graph_sbmv_4_comuAndEmb_0_60_pos_0_40_3,0.6,3,GT_pos + Inferred_Commu normal,0.14786832465004454,0.7261257364149465,0.03788404318426712,0.6920826720888712,louvain_density,0.5792772
artificial_graph_sbmv_4_comuAndEmb_0_60_pos_0_40_3,0.6,3,GT_pos + Inferred_Commu spatial manuel iter,0.14398806601362907,0.694980018951098,0.04213671264162919,0.6976288186867684,spatial_louvain_density,0.58273995
artificial_graph_sbmv_4_comuAndEmb_0_60_pos_0_40_3,0.6,3,GT_pos + Inferred_Commu spatial manuel iter old,0.16684783372706125,0.7209759815432786,0.046378294619614444,0.7017076224955365,spatial_louvain_old_density,0.61141336
artificial_graph_sbmv_4_comuAndEmb_0_60_pos_0_40_3,0.6,3,GT_pos + Inferred_Commu spatial manuel iter bined,0.12683981655074086,0.6871832900753923,0.03495986603385,0.6710639010117041,spatial_louvain_bined_density,0.5923284
artificial_graph_sbmv_4_comuAndEmb_0_60_pos_0_40_3,0.6,3,GT_pos + Inferred_Commu spatial manuel iter 0_20,0.15891900954252497,0.7159807193177604,0.030436201163899043,0.6507481154532831,spatial_louvain_manualiter_0_20_density,0.53970367
artificial_graph_sbmv_4_comuAndEmb_0_60_pos_0_40_3,0.6,3,GT_pos + Inferred_Commu spatial manuel iter 0_50,0.1661718257753757,0.717587442837721,0.02962408103092502,0.6192640349137075,spatial_louvain_manualiter_0_50_density,0.5882236
artificial_graph_sbmv_4_comuAndEmb_0_60_pos_0_40_3,0.6,3,GT_pos + Inferred_Commu spatial manuel iter 0_80,0.15782567953938334,0.7227783957483623,0.038876765267970584,0.7105380876810157,spatial_louvain_manualiter_0_80_density,0.6120632
artificial_graph_sbmv_4_comuAndEmb_0_60_pos_0_40_3,0.6,3,SiNEcustom_spatial,0.15183440492779493,0.6535553907633997,0.046358501412796,0.6721746677246577,SiNEcustom_spatial_dist,1.0
artificial_graph_sbmv_4_comuAndEmb_0_60_pos_0_40_3,0.6,3,SiNEcustom_spatial_bined,0.1418883264683653,0.628445186009146,0.04218100688239662,0.6498648581630628,SiNEcustom_spatial_bined_dist,1.0
artificial_graph_sbmv_4_comuAndEmb_0_60_pos_0_40_3,0.6,3,SiNE_spatial,0.09572093515012242,0.539364726239031,0.031680489372526904,0.5968003620313429,SiNE_spatial_dist,1.0
artificial_graph_sbmv_4_comuAndEmb_0_60_pos_0_40_3,0.6,3,SiNE_spatial_bined,0.08768844425512826,0.5733325093725539,0.029056262765002158,0.6000793493354494,SiNE_spatial_bined_dist,1.0
artificial_graph_sbmv_4_comuAndEmb_0_60_pos_0_40_3,0.6,3,deepwalk,0.11559514961925468,0.560653812878507,0.03862613548545272,0.6525741420353104,deepwalk_dist,1.0
artificial_graph_sbmv_4_comuAndEmb_0_60_pos_0_40_3,0.6,3,GT_pos + SiNEcustom_spatial,0.18734042327053574,0.7217587442837721,0.0441772131777193,0.7051274548700655,SiNEcustom_spatial_dist,0.53044766
artificial_graph_sbmv_4_comuAndEmb_0_60_pos_0_40_3,0.6,3,GT_pos + SiNEcustom_spatial_bined,0.15825605997589462,0.6591068265150579,0.04121432025698137,0.6963640646697083,SiNEcustom_spatial_bined_dist,0.52225804
artificial_graph_sbmv_4_comuAndEmb_0_60_pos_0_40_3,0.6,3,GT_pos + SiNE_spatial,0.12227405086171014,0.5857228195937874,0.03672089324517426,0.6474341648482443,GT_pos_dist,0.51076597
artificial_graph_sbmv_4_comuAndEmb_0_60_pos_0_40_3,0.6,3,GT_pos + SiNE_spatial_bined,0.1093025151320957,0.6268899600379023,0.03457553959473979,0.6600609998016267,GT_pos_dist,0.5267016
artificial_graph_sbmv_4_comuAndEmb_0_60_pos_0_40_3,0.6,3,GT_pos + deepwalk,0.12680146258235594,0.6275491286614757,0.03866063378449821,0.6821070968061893,deepwalk_dist,0.5347818
artificial_graph_sbmv_4_comuAndEmb_0_50_pos_0_50_3,0.5,3,Inferred_Commu_normal,0.10505750819124664,0.599120938873533,0.033638713495798445,0.6279202110901072,louvain_density,1.0
artificial_graph_sbmv_4_comuAndEmb_0_50_pos_0_50_3,0.5,3,Inferred_Commu_spatial_manuel_iter,0.11550045499112288,0.595201413747791,0.028424489763108428,0.5443264282713716,spatial_louvain_density,1.0
artificial_graph_sbmv_4_comuAndEmb_0_50_pos_0_50_3,0.5,3,Inferred_Commu_spatial_manuel_iter_old,0.09854039438850237,0.6080248312112012,0.023088002821282493,0.5211795053560176,spatial_louvain_old_density,1.0
artificial_graph_sbmv_4_comuAndEmb_0_50_pos_0_50_3,0.5,3,Inferred_Commu_spatial_manuel_iter_bined,0.11450944458063676,0.5969459422719652,0.017987686737783195,0.4288106490233144,spatial_louvain_bined_density,1.0
artificial_graph_sbmv_4_comuAndEmb_0_50_pos_0_50_3,0.5,3,Inferred_Commu_spatial_manuel_iter_0_20,0.09360661675748032,0.5620100593592823,0.03298716309652094,0.6221284919134635,spatial_louvain_manualiter_0_20_density,1.0
artificial_graph_sbmv_4_comuAndEmb_0_50_pos_0_50_3,0.5,3,Inferred_Commu_spatial_manuel_iter_0_50,0.11213916045116282,0.6517060129593548,0.02652352701519963,0.5771366309598824,spatial_louvain_manualiter_0_50_density,1.0
artificial_graph_sbmv_4_comuAndEmb_0_50_pos_0_50_3,0.5,3,Inferred_Commu_spatial_manuel_iter_0_80,0.10257032971798401,0.6063709275454258,0.024205595758844144,0.5307323829027515,spatial_louvain_manualiter_0_80_density,1.0
artificial_graph_sbmv_4_comuAndEmb_0_50_pos_0_50_3,0.5,3,GT_pos,0.1521601116862233,0.6461665684897366,0.050607690431699964,0.6815675540852763,GT_pos_dist,1.0
artificial_graph_sbmv_4_comuAndEmb_0_50_pos_0_50_3,0.5,3,GT_pos + Inferred_Commu normal,0.1622226296234493,0.62568535049164,0.048231315403699765,0.670232356647763,GT_pos_dist,0.62640995
artificial_graph_sbmv_4_comuAndEmb_0_50_pos_0_50_3,0.5,3,GT_pos + Inferred_Commu spatial manuel iter,0.13250947130141857,0.6454868820517468,0.052100646751832715,0.6985104232304137,GT_pos_dist,0.5761041
artificial_graph_sbmv_4_comuAndEmb_0_50_pos_0_50_3,0.5,3,GT_pos + Inferred_Commu spatial manuel iter old,0.17899673954485235,0.6992274230821514,0.04244919346604305,0.6851596303297626,GT_pos_dist,0.59327877
artificial_graph_sbmv_4_comuAndEmb_0_50_pos_0_50_3,0.5,3,GT_pos + Inferred_Commu spatial manuel iter bined,0.18848899152215948,0.6450903982962527,0.047503581948544704,0.6437041850451586,GT_pos_dist,0.58209527
artificial_graph_sbmv_4_comuAndEmb_0_50_pos_0_50_3,0.5,3,GT_pos + Inferred_Commu spatial manuel iter 0_20,0.1756868411903998,0.6532579636594318,0.043853084527133455,0.6757099348876288,GT_pos_dist,0.64433265
artificial_graph_sbmv_4_comuAndEmb_0_50_pos_0_50_3,0.5,3,GT_pos + Inferred_Commu spatial manuel iter 0_50,0.19110806509421185,0.6851579138157597,0.04485007169064175,0.6962682472169712,GT_pos_dist,0.5069043
artificial_graph_sbmv_4_comuAndEmb_0_50_pos_0_50_3,0.5,3,GT_pos + Inferred_Commu spatial manuel iter 0_80,0.1618284310839189,0.7039625719334813,0.04939937916285015,0.6790252835538753,GT_pos_dist,0.576783
artificial_graph_sbmv_4_comuAndEmb_0_50_pos_0_50_3,0.5,3,SiNEcustom_spatial,0.11632195236035947,0.6183447369613485,0.039768771462724326,0.6371435885318211,SiNEcustom_spatial_dist,1.0
artificial_graph_sbmv_4_comuAndEmb_0_50_pos_0_50_3,0.5,3,SiNEcustom_spatial_bined,0.11775590639872559,0.5401581403779057,0.032939835705446875,0.5995755881117413,SiNEcustom_spatial_bined_dist,1.0
artificial_graph_sbmv_4_comuAndEmb_0_50_pos_0_50_3,0.5,3,SiNE_spatial,0.10839616486405322,0.6261384747836332,0.028660285275573454,0.6138709042218022,SiNE_spatial_dist,1.0
artificial_graph_sbmv_4_comuAndEmb_0_50_pos_0_50_3,0.5,3,SiNE_spatial_bined,0.09102582597480272,0.5420725905115774,0.025710158701802044,0.5797223534971644,SiNE_spatial_bined_dist,1.0
artificial_graph_sbmv_4_comuAndEmb_0_50_pos_0_50_3,0.5,3,deepwalk,0.10061350264234661,0.5961303185463772,0.03900619799157411,0.6481515175383323,deepwalk_dist,1.0
artificial_graph_sbmv_4_comuAndEmb_0_50_pos_0_50_3,0.5,3,GT_pos + SiNEcustom_spatial,0.1342531284534256,0.6651071638950563,0.05428530055475723,0.7268362738920394,GT_pos_dist,0.58582205
artificial_graph_sbmv_4_comuAndEmb_0_50_pos_0_50_3,0.5,3,GT_pos + SiNEcustom_spatial_bined,0.18086812972629956,0.6618333408854049,0.05456650640927203,0.7122425698382693,GT_pos_dist,0.5901136
artificial_graph_sbmv_4_comuAndEmb_0_50_pos_0_50_3,0.5,3,GT_pos + SiNE_spatial,0.1292767829858278,0.641612669355204,0.048466156468227585,0.6860488867884897,GT_pos_dist,0.606091
artificial_graph_sbmv_4_comuAndEmb_0_50_pos_0_50_3,0.5,3,GT_pos + SiNE_spatial_bined,0.1320114765029137,0.5989057048348361,0.05053639402085152,0.668669791010292,GT_pos_dist,0.6133645
artificial_graph_sbmv_4_comuAndEmb_0_50_pos_0_50_3,0.5,3,GT_pos + deepwalk,0.15369640500073845,0.6166681770809733,0.0488185871353634,0.7052943184204999,GT_pos_dist,0.59348434
artificial_graph_sbmv_4_comuAndEmb_0_40_pos_0_60_3,0.3999999999999999,3,Inferred_Commu_normal,0.14862273577099316,0.73102328705777,0.03771851905477934,0.6731988283809305,louvain_density,1.0
artificial_graph_sbmv_4_comuAndEmb_0_40_pos_0_60_3,0.3999999999999999,3,Inferred_Commu_spatial_manuel_iter,0.06966297601276572,0.49295790416480073,0.029299128583509356,0.5679580169833378,spatial_louvain_density,1.0
artificial_graph_sbmv_4_comuAndEmb_0_40_pos_0_60_3,0.3999999999999999,3,Inferred_Commu_spatial_manuel_iter_old,0.06688385816821217,0.47946708463949844,0.03068354049482005,0.6110017856913451,spatial_louvain_old_density,1.0
artificial_graph_sbmv_4_comuAndEmb_0_40_pos_0_60_3,0.3999999999999999,3,Inferred_Commu_spatial_manuel_iter_bined,0.08019267635508699,0.5268584863412449,0.025925093828724943,0.5740383602471706,spatial_louvain_bined_density,1.0
artificial_graph_sbmv_4_comuAndEmb_0_40_pos_0_60_3,0.3999999999999999,3,Inferred_Commu_spatial_manuel_iter_0_20,0.14839559350214224,0.694178235557546,0.039477595228702846,0.665397155740548,spatial_louvain_manualiter_0_20_density,1.0
artificial_graph_sbmv_4_comuAndEmb_0_40_pos_0_60_3,0.3999999999999999,3,Inferred_Commu_spatial_manuel_iter_0_50,0.08330384946516535,0.5589565606806985,0.02672119548219151,0.5859380018242315,spatial_louvain_manualiter_0_50_density,1.0
artificial_graph_sbmv_4_comuAndEmb_0_40_pos_0_60_3,0.3999999999999999,3,Inferred_Commu_spatial_manuel_iter_0_80,0.08020643055263425,0.5511419614867891,0.024838787719395895,0.5554697395973843,spatial_louvain_manualiter_0_80_density,1.0
artificial_graph_sbmv_4_comuAndEmb_0_40_pos_0_60_3,0.3999999999999999,3,GT_pos,0.25337114766252145,0.7650582176444245,0.06056512371530032,0.7073236469212882,GT_pos_dist,1.0
artificial_graph_sbmv_4_comuAndEmb_0_40_pos_0_60_3,0.3999999999999999,3,GT_pos + Inferred_Commu normal,0.23870906645894482,0.7408307210031347,0.04314039715084912,0.6394335889826698,GT_pos_dist,0.5791186
artificial_graph_sbmv_4_comuAndEmb_0_40_pos_0_60_3,0.3999999999999999,3,GT_pos + Inferred_Commu spatial manuel iter,0.1993241217819265,0.7547245857590685,0.04832267748452456,0.7198859213011138,GT_pos_dist,0.54774237
artificial_graph_sbmv_4_comuAndEmb_0_40_pos_0_60_3,0.3999999999999999,3,GT_pos + Inferred_Commu spatial manuel iter old,0.2063232416639587,0.7605799373040754,0.0469511251133538,0.7151627034596164,GT_pos_dist,0.5661544
artificial_graph_sbmv_4_comuAndEmb_0_40_pos_0_60_3,0.3999999999999999,3,GT_pos + Inferred_Commu spatial manuel iter bined,0.21181221797670968,0.7658419167039857,0.049143404895117246,0.6906547963155664,GT_pos_dist,0.56483734
artificial_graph_sbmv_4_comuAndEmb_0_40_pos_0_60_3,0.3999999999999999,3,GT_pos + Inferred_Commu spatial manuel iter 0_20,0.24962424749056306,0.7626847290640393,0.04400146867911029,0.6875153196901377,GT_pos_dist,0.63704485
artificial_graph_sbmv_4_comuAndEmb_0_40_pos_0_60_3,0.3999999999999999,3,GT_pos + Inferred_Commu spatial manuel iter 0_50,0.24080178706608674,0.7595275414240932,0.04906185984222905,0.6905634562762555,GT_pos_dist,0.6323111
artificial_graph_sbmv_4_comuAndEmb_0_40_pos_0_60_3,0.3999999999999999,3,GT_pos + Inferred_Commu spatial manuel iter 0_80,0.24863802078000266,0.7812919838781908,0.05160956806113237,0.7118675248262483,GT_pos_dist,0.5969281
artificial_graph_sbmv_4_comuAndEmb_0_40_pos_0_60_3,0.3999999999999999,3,SiNEcustom_spatial,0.09363395563184047,0.5110725481415137,0.028820287473534212,0.59833082822677,SiNEcustom_spatial_dist,1.0
artificial_graph_sbmv_4_comuAndEmb_0_40_pos_0_60_3,0.3999999999999999,3,SiNEcustom_spatial_bined,0.0853711772526537,0.5770376175548589,0.026741123640726408,0.5938496422193958,SiNEcustom_spatial_bined_dist,1.0
artificial_graph_sbmv_4_comuAndEmb_0_40_pos_0_60_3,0.3999999999999999,3,SiNE_spatial,0.10899566174963493,0.5978392297357814,0.027761438652930095,0.6138375663210904,SiNE_spatial_dist,1.0
artificial_graph_sbmv_4_comuAndEmb_0_40_pos_0_60_3,0.3999999999999999,3,SiNE_spatial_bined,0.10643829891033535,0.5897559337214511,0.026306125024677097,0.6118504387148161,SiNE_spatial_bined_dist,1.0
artificial_graph_sbmv_4_comuAndEmb_0_40_pos_0_60_3,0.3999999999999999,3,deepwalk,0.12987324376707743,0.623858038513211,0.037508364411248794,0.6661768219832735,deepwalk_dist,1.0
artificial_graph_sbmv_4_comuAndEmb_0_40_pos_0_60_3,0.3999999999999999,3,GT_pos + SiNEcustom_spatial,0.1786849270525946,0.7182713837886252,0.05884761734317526,0.7008855230534037,GT_pos_dist,0.6251427
artificial_graph_sbmv_4_comuAndEmb_0_40_pos_0_60_3,0.3999999999999999,3,GT_pos + SiNEcustom_spatial_bined,0.22868161043232715,0.7682377966860727,0.0521502686989452,0.7236817358461478,GT_pos_dist,0.61373913
artificial_graph_sbmv_4_comuAndEmb_0_40_pos_0_60_3,0.3999999999999999,3,GT_pos + SiNE_spatial,0.2359243994562584,0.7449731303179579,0.04570221563990934,0.6897085083696253,GT_pos_dist,0.63970006
artificial_graph_sbmv_4_comuAndEmb_0_40_pos_0_60_3,0.3999999999999999,3,GT_pos + SiNE_spatial_bined,0.2267047792839148,0.763513210927004,0.05662711712822471,0.6906084197273931,GT_pos_dist,0.61786497
artificial_graph_sbmv_4_comuAndEmb_0_40_pos_0_60_3,0.3999999999999999,3,GT_pos + deepwalk,0.24691081710651644,0.7647783251231527,0.05141698980995563,0.7277700697575828,GT_pos_dist,0.6128105
artificial_graph_sbmv_4_comuAndEmb_0_30_pos_0_70_3,0.29999999999999993,3,Inferred_Commu_normal,0.15358810561564637,0.7117978085180225,0.047777412604470264,0.7278355744116305,louvain_density,1.0
artificial_graph_sbmv_4_comuAndEmb_0_30_pos_0_70_3,0.29999999999999993,3,Inferred_Commu_spatial_manuel_iter,0.07564880675969671,0.5042391789379742,0.020679795134045467,0.5149378809026962,spatial_louvain_density,1.0
artificial_graph_sbmv_4_comuAndEmb_0_30_pos_0_70_3,0.29999999999999993,3,Inferred_Commu_spatial_manuel_iter_old,0.11791249433256837,0.6512593584213396,0.020020662906936586,0.5054465803402386,spatial_louvain_old_density,1.0
artificial_graph_sbmv_4_comuAndEmb_0_30_pos_0_70_3,0.29999999999999993,3,Inferred_Commu_spatial_manuel_iter_bined,0.06142101195435179,0.4568025187168427,0.023117238768387144,0.5539300175508907,spatial_louvain_bined_density,1.0
artificial_graph_sbmv_4_comuAndEmb_0_30_pos_0_70_3,0.29999999999999993,3,Inferred_Commu_spatial_manuel_iter_0_20,0.15916069033365504,0.7138182359065893,0.04782272284613,0.7242668011774298,spatial_louvain_manualiter_0_20_density,1.0
artificial_graph_sbmv_4_comuAndEmb_0_30_pos_0_70_3,0.29999999999999993,3,Inferred_Commu_spatial_manuel_iter_0_50,0.1512487385465472,0.62803064108285,0.021015443998350807,0.5115845552162076,spatial_louvain_manualiter_0_50_density,1.0
artificial_graph_sbmv_4_comuAndEmb_0_30_pos_0_70_3,0.29999999999999993,3,Inferred_Commu_spatial_manuel_iter_0_80,0.0864228528895935,0.5759829441221678,0.018501956585886322,0.47291869929934627,spatial_louvain_manualiter_0_80_density,1.0
artificial_graph_sbmv_4_comuAndEmb_0_30_pos_0_70_3,0.29999999999999993,3,GT_pos,0.2699633239703495,0.8190787842728939,0.07660323204423472,0.7742603059659208,GT_pos_dist,1.0
artificial_graph_sbmv_4_comuAndEmb_0_30_pos_0_70_3,0.29999999999999993,3,GT_pos + Inferred_Commu normal,0.24860619945231394,0.7863552977341465,0.07078359436394538,0.7712158483160818,GT_pos_dist,0.65521616
artificial_graph_sbmv_4_comuAndEmb_0_30_pos_0_70_3,0.29999999999999993,3,GT_pos + Inferred_Commu spatial manuel iter,0.2334685815917343,0.7939535921463632,0.07016694972797806,0.7735925429444037,GT_pos_dist,0.67479414
artificial_graph_sbmv_4_comuAndEmb_0_30_pos_0_70_3,0.29999999999999993,3,GT_pos + Inferred_Commu spatial manuel iter old,0.264678356611007,0.8189672269324211,0.069931395509195,0.7615298296043449,GT_pos_dist,0.68689376
artificial_graph_sbmv_4_comuAndEmb_0_30_pos_0_70_3,0.29999999999999993,3,GT_pos + Inferred_Commu spatial manuel iter bined,0.23328944885852965,0.7946477267093064,0.06433023245837675,0.7449030555133289,GT_pos_dist,0.685245
artificial_graph_sbmv_4_comuAndEmb_0_30_pos_0_70_3,0.29999999999999993,3,GT_pos + Inferred_Commu spatial manuel iter 0_20,0.23344846789947524,0.7792899995041895,0.06567425645094016,0.7566580063846547,GT_pos_dist,0.67126226
artificial_graph_sbmv_4_comuAndEmb_0_30_pos_0_70_3,0.29999999999999993,3,GT_pos + Inferred_Commu spatial manuel iter 0_50,0.26722031812945657,0.7868511081362487,0.050659843848752065,0.6988264396567212,GT_pos_dist,0.67288643
artificial_graph_sbmv_4_comuAndEmb_0_30_pos_0_70_3,0.29999999999999993,3,GT_pos + Inferred_Commu spatial manuel iter 0_80,0.28746907579512443,0.8070553820219148,0.06446592388185947,0.7325714127776013,GT_pos_dist,0.70878613
artificial_graph_sbmv_4_comuAndEmb_0_30_pos_0_70_3,0.29999999999999993,3,SiNEcustom_spatial,0.09576947393949922,0.6115325499528981,0.03208534265885071,0.6225850941805668,SiNEcustom_spatial_dist,1.0
artificial_graph_sbmv_4_comuAndEmb_0_30_pos_0_70_3,0.29999999999999993,3,SiNEcustom_spatial_bined,0.08001906242207524,0.5512544003173186,0.024675653811603863,0.5643634001741269,SiNEcustom_spatial_bined_dist,1.0
artificial_graph_sbmv_4_comuAndEmb_0_30_pos_0_70_3,0.29999999999999993,3,SiNE_spatial,0.13491703187189552,0.631179037136199,0.029692000528845634,0.6157757631873523,SiNE_spatial_dist,1.0
artificial_graph_sbmv_4_comuAndEmb_0_30_pos_0_70_3,0.29999999999999993,3,SiNE_spatial_bined,0.09173264393166626,0.5934850513163766,0.03205887512250748,0.6154287530575863,SiNE_spatial_bined_dist,1.0
artificial_graph_sbmv_4_comuAndEmb_0_30_pos_0_70_3,0.29999999999999993,3,deepwalk,0.14341005712654775,0.6177549704992811,0.04424871109213738,0.6820613313801633,deepwalk_dist,1.0
artificial_graph_sbmv_4_comuAndEmb_0_30_pos_0_70_3,0.29999999999999993,3,GT_pos + SiNEcustom_spatial,0.24767097321069692,0.8005726610144281,0.07355053564070098,0.772550821575158,GT_pos_dist,0.6634727
artificial_graph_sbmv_4_comuAndEmb_0_30_pos_0_70_3,0.29999999999999993,3,GT_pos + SiNEcustom_spatial_bined,0.21441812299244964,0.7277752987257673,0.06273032963543937,0.7306468954270948,GT_pos_dist,0.66596276
artificial_graph_sbmv_4_comuAndEmb_0_30_pos_0_70_3,0.29999999999999993,3,GT_pos + SiNE_spatial,0.2808970775258352,0.8222023898061381,0.06230684999009732,0.7537242437224471,GT_pos_dist,0.68252546
artificial_graph_sbmv_4_comuAndEmb_0_30_pos_0_70_3,0.29999999999999993,3,GT_pos + SiNE_spatial_bined,0.26829054596620017,0.80543160295503,0.0673897396393775,0.763440250963917,GT_pos_dist,0.6829888
artificial_graph_sbmv_4_comuAndEmb_0_30_pos_0_70_3,0.29999999999999993,3,GT_pos + deepwalk,0.26018964921099336,0.8068322673409689,0.057994951638482534,0.7282884426693939,GT_pos_dist,0.67288285
artificial_graph_sbmv_4_comuAndEmb_0_20_pos_0_80_3,0.19999999999999996,3,Inferred_Commu_normal,0.15882629483700036,0.7478693181818182,0.05493373917232091,0.7501646052991697,louvain_density,1.0
artificial_graph_sbmv_4_comuAndEmb_0_20_pos_0_80_3,0.19999999999999996,3,Inferred_Commu_spatial_manuel_iter,0.08372401249761582,0.6024266098484848,0.02033574230054218,0.5054728981219617,spatial_louvain_density,1.0
artificial_graph_sbmv_4_comuAndEmb_0_20_pos_0_80_3,0.19999999999999996,3,Inferred_Commu_spatial_manuel_iter_old,0.0714290428732811,0.5124408143939394,0.019837635154737288,0.5111298205372153,spatial_louvain_old_density,1.0
artificial_graph_sbmv_4_comuAndEmb_0_20_pos_0_80_3,0.19999999999999996,3,Inferred_Commu_spatial_manuel_iter_bined,0.09024491080798445,0.5160629734848484,0.022734921043175288,0.5410260787968044,spatial_louvain_bined_density,1.0
artificial_graph_sbmv_4_comuAndEmb_0_20_pos_0_80_3,0.19999999999999996,3,Inferred_Commu_spatial_manuel_iter_0_20,0.13344304764056586,0.7074455492424242,0.04522534673018418,0.7408365806930887,spatial_louvain_manualiter_0_20_density,1.0
artificial_graph_sbmv_4_comuAndEmb_0_20_pos_0_80_3,0.19999999999999996,3,Inferred_Commu_spatial_manuel_iter_0_50,0.06752220178796348,0.5163233901515152,0.03053275370296545,0.664856964120476,spatial_louvain_manualiter_0_50_density,1.0
artificial_graph_sbmv_4_comuAndEmb_0_20_pos_0_80_3,0.19999999999999996,3,Inferred_Commu_spatial_manuel_iter_0_80,0.07854854350883775,0.5574100378787878,0.02168440324861145,0.5441376793650379,spatial_louvain_manualiter_0_80_density,1.0
artificial_graph_sbmv_4_comuAndEmb_0_20_pos_0_80_3,0.19999999999999996,3,GT_pos,0.28666644806225966,0.8080374053030304,0.10657620849249091,0.8419183098958674,GT_pos_dist,1.0
artificial_graph_sbmv_4_comuAndEmb_0_20_pos_0_80_3,0.19999999999999996,3,GT_pos + Inferred_Commu normal,0.2759387881939553,0.7748342803030304,0.09181737174718668,0.825261244118912,GT_pos_dist,0.737046
artificial_graph_sbmv_4_comuAndEmb_0_20_pos_0_80_3,0.19999999999999996,3,GT_pos + Inferred_Commu spatial manuel iter,0.25385122260481086,0.7991358901515152,0.08545014845697495,0.8179273807817122,GT_pos_dist,0.7006498
artificial_graph_sbmv_4_comuAndEmb_0_20_pos_0_80_3,0.19999999999999996,3,GT_pos + Inferred_Commu spatial manuel iter old,0.24926389933855986,0.8071732954545454,0.0904850163425708,0.8347725110453674,GT_pos_dist,0.7355397
artificial_graph_sbmv_4_comuAndEmb_0_20_pos_0_80_3,0.19999999999999996,3,GT_pos + Inferred_Commu spatial manuel iter bined,0.29182428581762865,0.8097537878787879,0.08780522826025534,0.812164240378475,GT_pos_dist,0.7579853
artificial_graph_sbmv_4_comuAndEmb_0_20_pos_0_80_3,0.19999999999999996,3,GT_pos + Inferred_Commu spatial manuel iter 0_20,0.2910775591001686,0.7892045454545454,0.10211572897861868,0.8414470408841508,GT_pos_dist,0.7537215
artificial_graph_sbmv_4_comuAndEmb_0_20_pos_0_80_3,0.19999999999999996,3,GT_pos + Inferred_Commu spatial manuel iter 0_50,0.24429606512250224,0.786138731060606,0.09746816626591509,0.8253189797860001,GT_pos_dist,0.7004506
artificial_graph_sbmv_4_comuAndEmb_0_20_pos_0_80_3,0.19999999999999996,3,GT_pos + Inferred_Commu spatial manuel iter 0_80,0.2811059827674746,0.8111387310606061,0.11470396708047888,0.8397770073896441,GT_pos_dist,0.71610963
artificial_graph_sbmv_4_comuAndEmb_0_20_pos_0_80_3,0.19999999999999996,3,SiNEcustom_spatial,0.10592028234260624,0.6475142045454545,0.03269499182663883,0.6294699526906385,SiNEcustom_spatial_dist,1.0
artificial_graph_sbmv_4_comuAndEmb_0_20_pos_0_80_3,0.19999999999999996,3,SiNEcustom_spatial_bined,0.10071804987858002,0.5622277462121212,0.03596674868394906,0.6405853067288769,SiNEcustom_spatial_bined_dist,1.0
artificial_graph_sbmv_4_comuAndEmb_0_20_pos_0_80_3,0.19999999999999996,3,SiNE_spatial,0.10190027109741048,0.5921519886363636,0.039512690877275713,0.673045002541412,SiNE_spatial_dist,1.0
artificial_graph_sbmv_4_comuAndEmb_0_20_pos_0_80_3,0.19999999999999996,3,SiNE_spatial_bined,0.0831110486757094,0.5754734848484848,0.03134469950910897,0.6387141758657092,SiNE_spatial_bined_dist,1.0
artificial_graph_sbmv_4_comuAndEmb_0_20_pos_0_80_3,0.19999999999999996,3,deepwalk,0.15820737964703807,0.6601444128787879,0.059425663808027225,0.7351389956861161,deepwalk_dist,1.0
artificial_graph_sbmv_4_comuAndEmb_0_20_pos_0_80_3,0.19999999999999996,3,GT_pos + SiNEcustom_spatial,0.2518769047889186,0.8045454545454545,0.09338902256491616,0.8231200719415085,GT_pos_dist,0.70924604
artificial_graph_sbmv_4_comuAndEmb_0_20_pos_0_80_3,0.19999999999999996,3,GT_pos + SiNEcustom_spatial_bined,0.25594089864384484,0.7853338068181817,0.10089732466096606,0.8349190006386112,GT_pos_dist,0.7140083
artificial_graph_sbmv_4_comuAndEmb_0_20_pos_0_80_3,0.19999999999999996,3,GT_pos + SiNE_spatial,0.27078844145902076,0.7719105113636364,0.09711797721020753,0.823064421535534,GT_pos_dist,0.72142947
artificial_graph_sbmv_4_comuAndEmb_0_20_pos_0_80_3,0.19999999999999996,3,GT_pos + SiNE_spatial_bined,0.24762040096580085,0.7895123106060606,0.08888723404533797,0.819838522592501,GT_pos_dist,0.7345168
artificial_graph_sbmv_4_comuAndEmb_0_20_pos_0_80_3,0.19999999999999996,3,GT_pos + deepwalk,0.2652768892560164,0.7747514204545455,0.09658542248435503,0.8229909160812731,GT_pos_dist,0.7184904
artificial_graph_sbmv_4_comuAndEmb_0_10_pos_0_90_3,0.09999999999999998,3,Inferred_Commu_normal,0.1765747328168013,0.7733406024260597,0.06347643214789325,0.8070832396694214,louvain_density,1.0
artificial_graph_sbmv_4_comuAndEmb_0_10_pos_0_90_3,0.09999999999999998,3,Inferred_Commu_spatial_manuel_iter,0.09497576476134902,0.5694539094089318,0.02264359973461479,0.5430196363636364,spatial_louvain_density,1.0
artificial_graph_sbmv_4_comuAndEmb_0_10_pos_0_90_3,0.09999999999999998,3,Inferred_Commu_spatial_manuel_iter_old,0.08567882346058248,0.531597837444914,0.0216658649195597,0.5548170578512396,spatial_louvain_old_density,1.0
artificial_graph_sbmv_4_comuAndEmb_0_10_pos_0_90_3,0.09999999999999998,3,Inferred_Commu_spatial_manuel_iter_bined,0.10421679220891884,0.6426332288401253,0.020708678377046676,0.5303451239669422,spatial_louvain_bined_density,1.0
artificial_graph_sbmv_4_comuAndEmb_0_10_pos_0_90_3,0.09999999999999998,3,Inferred_Commu_spatial_manuel_iter_0_20,0.17528252185303075,0.7756689836899733,0.06082611368606129,0.7779793719008264,spatial_louvain_manualiter_0_20_density,1.0
artificial_graph_sbmv_4_comuAndEmb_0_10_pos_0_90_3,0.09999999999999998,3,Inferred_Commu_spatial_manuel_iter_0_50,0.20624033481376186,0.7440938621598292,0.046167781144309805,0.7014932892561984,spatial_louvain_manualiter_0_50_density,1.0
artificial_graph_sbmv_4_comuAndEmb_0_10_pos_0_90_3,0.09999999999999998,3,Inferred_Commu_spatial_manuel_iter_0_80,0.12182471782142298,0.5879900958611605,0.030535256899500204,0.623087603305785,spatial_louvain_manualiter_0_80_density,1.0
artificial_graph_sbmv_4_comuAndEmb_0_10_pos_0_90_3,0.09999999999999998,3,GT_pos,0.3639313066148221,0.8401935395938395,0.1284254927463223,0.8615300495867769,GT_pos_dist,1.0
artificial_graph_sbmv_4_comuAndEmb_0_10_pos_0_90_3,0.09999999999999998,3,GT_pos + Inferred_Commu normal,0.41139626533546836,0.8297328608423061,0.12355108617060902,0.8497408264462811,GT_pos_dist,0.7057733
artificial_graph_sbmv_4_comuAndEmb_0_10_pos_0_90_3,0.09999999999999998,3,GT_pos + Inferred_Commu spatial manuel iter,0.383953252797596,0.8466448593884875,0.12347926448952996,0.857545652892562,GT_pos_dist,0.7504078
artificial_graph_sbmv_4_comuAndEmb_0_10_pos_0_90_3,0.09999999999999998,3,GT_pos + Inferred_Commu spatial manuel iter old,0.33995180007367176,0.8364794875289627,0.12383126484712531,0.8584793388429752,GT_pos_dist,0.75239277
artificial_graph_sbmv_4_comuAndEmb_0_10_pos_0_90_3,0.09999999999999998,3,GT_pos + Inferred_Commu spatial manuel iter bined,0.3702899860286571,0.8391599654718096,0.12115881630318184,0.8539077024793389,GT_pos_dist,0.7637093
artificial_graph_sbmv_4_comuAndEmb_0_10_pos_0_90_3,0.09999999999999998,3,GT_pos + Inferred_Commu spatial manuel iter 0_20,0.40144034753948443,0.8307550770069512,0.12166508143508363,0.8550956694214876,GT_pos_dist,0.75421846
artificial_graph_sbmv_4_comuAndEmb_0_10_pos_0_90_3,0.09999999999999998,3,GT_pos + Inferred_Commu spatial manuel iter 0_50,0.38694209753783665,0.8404206987415384,0.1288480743067877,0.846485950413223,GT_pos_dist,0.76571274
artificial_graph_sbmv_4_comuAndEmb_0_10_pos_0_90_3,0.09999999999999998,3,GT_pos + Inferred_Commu spatial manuel iter 0_80,0.3593697886237644,0.8424310571986734,0.11308571257362914,0.8513795702479339,GT_pos_dist,0.75446135
artificial_graph_sbmv_4_comuAndEmb_0_10_pos_0_90_3,0.09999999999999998,3,SiNEcustom_spatial,0.1823540834214041,0.7194811685066557,0.03952897902174101,0.7035637685950413,SiNEcustom_spatial_dist,1.0
artificial_graph_sbmv_4_comuAndEmb_0_10_pos_0_90_3,0.09999999999999998,3,SiNEcustom_spatial_bined,0.16499561342373698,0.6911998546181455,0.03411351371144243,0.6662558677685951,SiNEcustom_spatial_bined_dist,1.0
artificial_graph_sbmv_4_comuAndEmb_0_10_pos_0_90_3,0.09999999999999998,3,SiNE_spatial,0.18359209283519462,0.7353595929308074,0.03852762350748452,0.67449547107438,SiNE_spatial_dist,1.0
artificial_graph_sbmv_4_comuAndEmb_0_10_pos_0_90_3,0.09999999999999998,3,SiNE_spatial_bined,0.14549341603722932,0.7105083821725501,0.037222526389390956,0.6844585785123967,SiNE_spatial_bined_dist,1.0
artificial_graph_sbmv_4_comuAndEmb_0_10_pos_0_90_3,0.09999999999999998,3,deepwalk,0.24686566559239254,0.7681159420289856,0.07733193191200759,0.7640035702479337,deepwalk_dist,1.0
artificial_graph_sbmv_4_comuAndEmb_0_10_pos_0_90_3,0.09999999999999998,3,GT_pos + SiNEcustom_spatial,0.3702945597627855,0.8355254191086274,0.10447996067615442,0.8488493223140496,GT_pos_dist,0.7455339
artificial_graph_sbmv_4_comuAndEmb_0_10_pos_0_90_3,0.09999999999999998,3,GT_pos + SiNEcustom_spatial_bined,0.32555765391375924,0.8229748761982646,0.1023716647405027,0.8484806611570248,GT_pos_dist,0.7611107
artificial_graph_sbmv_4_comuAndEmb_0_10_pos_0_90_3,0.09999999999999998,3,GT_pos + SiNE_spatial,0.3485791843044495,0.8432829040025442,0.12087287361092858,0.8403403636363637,GT_pos_dist,0.7547747
artificial_graph_sbmv_4_comuAndEmb_0_10_pos_0_90_3,0.09999999999999998,3,GT_pos + SiNE_spatial_bined,0.33301223532182395,0.8284948434873471,0.13890676941228763,0.8517069752066116,GT_pos_dist,0.75016963
artificial_graph_sbmv_4_comuAndEmb_0_10_pos_0_90_3,0.09999999999999998,3,GT_pos + deepwalk,0.4108475165665995,0.8269501612829948,0.1232987391896567,0.8501562975206612,GT_pos_dist,0.7468661
artificial_graph_sbmv_4_comuAndEmb_0_00_pos_1_00_3,0.0,3,Inferred_Commu_normal,0.25051138953034374,0.8684240337124473,0.07906695793333468,0.8568580495867768,louvain_density,1.0
artificial_graph_sbmv_4_comuAndEmb_0_00_pos_1_00_3,0.0,3,Inferred_Commu_spatial_manuel_iter,0.10183681220462773,0.6188545017898409,0.02098770893367043,0.5023959008264463,spatial_louvain_density,1.0
artificial_graph_sbmv_4_comuAndEmb_0_00_pos_1_00_3,0.0,3,Inferred_Commu_spatial_manuel_iter_old,0.14703148878177832,0.649395079070189,0.02306152867649992,0.56175973553719,spatial_louvain_old_density,1.0
artificial_graph_sbmv_4_comuAndEmb_0_00_pos_1_00_3,0.0,3,Inferred_Commu_spatial_manuel_iter_bined,0.13465295944190356,0.5953826634645883,0.023888657939711653,0.5576386115702479,spatial_louvain_bined_density,1.0
artificial_graph_sbmv_4_comuAndEmb_0_00_pos_1_00_3,0.0,3,Inferred_Commu_spatial_manuel_iter_0_20,0.2509259492238851,0.8578662377090036,0.0765416334440536,0.8338671074380164,spatial_louvain_manualiter_0_20_density,1.0
artificial_graph_sbmv_4_comuAndEmb_0_00_pos_1_00_3,0.0,3,Inferred_Commu_spatial_manuel_iter_0_50,0.18012839155880983,0.7722823870587704,0.06305384962963555,0.7759653553719008,spatial_louvain_manualiter_0_50_density,1.0
artificial_graph_sbmv_4_comuAndEmb_0_00_pos_1_00_3,0.0,3,Inferred_Commu_spatial_manuel_iter_0_80,0.16315753735819488,0.7133195885631429,0.03954679842777804,0.671590082644628,spatial_louvain_manualiter_0_80_density,1.0
artificial_graph_sbmv_4_comuAndEmb_0_00_pos_1_00_3,0.0,3,GT_pos,0.3963514527005213,0.9218473877384568,0.16312558723719164,0.9145176859504132,GT_pos_dist,1.0
artificial_graph_sbmv_4_comuAndEmb_0_00_pos_1_00_3,0.0,3,GT_pos + Inferred_Commu normal,0.4060124993354619,0.9213716072318637,0.164620644832693,0.9082599669421488,GT_pos_dist,0.85407275
artificial_graph_sbmv_4_comuAndEmb_0_00_pos_1_00_3,0.0,3,GT_pos + Inferred_Commu spatial manuel iter,0.41995968168562015,0.9157868503330464,0.14910729507140863,0.9033570909090909,GT_pos_dist,0.7928619
artificial_graph_sbmv_4_comuAndEmb_0_00_pos_1_00_3,0.0,3,GT_pos + Inferred_Commu spatial manuel iter old,0.43804417667843754,0.9196270787076894,0.15152062946050587,0.9124718016528925,GT_pos_dist,0.77853423
artificial_graph_sbmv_4_comuAndEmb_0_00_pos_1_00_3,0.0,3,GT_pos + Inferred_Commu spatial manuel iter bined,0.4022155467868151,0.9076645973990665,0.15759372646786834,0.9062656528925621,GT_pos_dist,0.7994632
artificial_graph_sbmv_4_comuAndEmb_0_00_pos_1_00_3,0.0,3,GT_pos + Inferred_Commu spatial manuel iter 0_20,0.394910417517296,0.916477864878336,0.16083432288210223,0.9095665454545456,GT_pos_dist,0.8362856
artificial_graph_sbmv_4_comuAndEmb_0_00_pos_1_00_3,0.0,3,GT_pos + Inferred_Commu spatial manuel iter 0_50,0.3769960079850628,0.9184149712266074,0.14902936478650095,0.908051438016529,GT_pos_dist,0.8123152
artificial_graph_sbmv_4_comuAndEmb_0_00_pos_1_00_3,0.0,3,GT_pos + Inferred_Commu spatial manuel iter 0_80,0.44351201655068917,0.9100548280393312,0.14163917276618498,0.9017064462809918,GT_pos_dist,0.82986456
artificial_graph_sbmv_4_comuAndEmb_0_00_pos_1_00_3,0.0,3,SiNEcustom_spatial,0.1826647395598854,0.7621890434546196,0.04688890058033701,0.7495910082644628,SiNEcustom_spatial_dist,1.0
artificial_graph_sbmv_4_comuAndEmb_0_00_pos_1_00_3,0.0,3,SiNEcustom_spatial_bined,0.22989343790549543,0.8220807467488332,0.04464684969886197,0.720265520661157,SiNEcustom_spatial_bined_dist,1.0
artificial_graph_sbmv_4_comuAndEmb_0_00_pos_1_00_3,0.0,3,SiNE_spatial,0.14021894772255022,0.737029317141692,0.05662546008968039,0.783804561983471,SiNE_spatial_dist,1.0
artificial_graph_sbmv_4_comuAndEmb_0_00_pos_1_00_3,0.0,3,SiNE_spatial_bined,0.20798366957940403,0.77973628166206,0.057094189442610924,0.7983020165289256,SiNE_spatial_bined_dist,1.0
artificial_graph_sbmv_4_comuAndEmb_0_00_pos_1_00_3,0.0,3,deepwalk,0.2640608668238585,0.8258530064796774,0.10318183913853239,0.8537277355371901,deepwalk_dist,1.0
artificial_graph_sbmv_4_comuAndEmb_0_00_pos_1_00_3,0.0,3,GT_pos + SiNEcustom_spatial,0.3853727207004213,0.9068036612442792,0.15353587422046502,0.9010255867768595,GT_pos_dist,0.7947135
artificial_graph_sbmv_4_comuAndEmb_0_00_pos_1_00_3,0.0,3,GT_pos + SiNEcustom_spatial_bined,0.4323502103681287,0.9292786261271466,0.130402834360604,0.9023965619834711,GT_pos_dist,0.81370515
artificial_graph_sbmv_4_comuAndEmb_0_00_pos_1_00_3,0.0,3,GT_pos + SiNE_spatial,0.3696372728212843,0.9002107027957769,0.13545366518321542,0.9047526611570247,GT_pos_dist,0.8008095
artificial_graph_sbmv_4_comuAndEmb_0_00_pos_1_00_3,0.0,3,GT_pos + SiNE_spatial_bined,0.4585408064517181,0.9189134079478001,0.12621603353488334,0.9058031074380165,GT_pos_dist,0.8125897
artificial_graph_sbmv_4_comuAndEmb_0_00_pos_1_00_3,0.0,3,GT_pos + deepwalk,0.4589556411629807,0.9155716162943495,0.1441972749509999,0.9050563966942149,GT_pos_dist,0.8029226
artificial_graph_sbmv_4_comuAndEmb_1_00_pos_0_00_4,1.0,4,Inferred_Commu_normal,0.15708357041338225,0.7818055071453467,0.06344109949681873,0.778660521407774,louvain_density,1.0
artificial_graph_sbmv_4_comuAndEmb_1_00_pos_0_00_4,1.0,4,Inferred_Commu_spatial_manuel_iter,0.22702671647771466,0.7678749854769373,0.06548836918112204,0.7596979699177501,spatial_louvain_density,1.0
artificial_graph_sbmv_4_comuAndEmb_1_00_pos_0_00_4,1.0,4,Inferred_Commu_spatial_manuel_iter_old,0.22225952182428727,0.7729173928197979,0.08048872075431296,0.7759925666519073,spatial_louvain_old_density,1.0
artificial_graph_sbmv_4_comuAndEmb_1_00_pos_0_00_4,1.0,4,Inferred_Commu_spatial_manuel_iter_bined,0.1811681741442397,0.806924596258859,0.06601787627588214,0.8228576795609763,spatial_louvain_bined_density,1.0
artificial_graph_sbmv_4_comuAndEmb_1_00_pos_0_00_4,1.0,4,Inferred_Commu_spatial_manuel_iter_0_20,0.19341290777982378,0.7653537818055072,0.07494286538468731,0.7677791195373612,spatial_louvain_manualiter_0_20_density,1.0
artificial_graph_sbmv_4_comuAndEmb_1_00_pos_0_00_4,1.0,4,Inferred_Commu_spatial_manuel_iter_0_50,0.19810722127715852,0.7655629139072848,0.07608180073987758,0.7630405613922099,spatial_louvain_manualiter_0_50_density,1.0
artificial_graph_sbmv_4_comuAndEmb_1_00_pos_0_00_4,1.0,4,Inferred_Commu_spatial_manuel_iter_0_80,0.15389678755353234,0.7812942953410015,0.0655541989950236,0.7599557219337438,spatial_louvain_manualiter_0_80_density,1.0
artificial_graph_sbmv_4_comuAndEmb_1_00_pos_0_00_4,1.0,4,GT_pos,0.07371562806239768,0.5132682700127803,0.0213221431018174,0.5035135316453998,GT_pos_dist,1.0
artificial_graph_sbmv_4_comuAndEmb_1_00_pos_0_00_4,1.0,4,GT_pos + Inferred_Commu normal,0.16597800878309923,0.7781805507145346,0.07266256408638236,0.7714603711307009,louvain_density,0.8096589
artificial_graph_sbmv_4_comuAndEmb_1_00_pos_0_00_4,1.0,4,GT_pos + Inferred_Commu spatial manuel iter,0.2173217517048307,0.713093993261299,0.06319365100820742,0.737581344174751,spatial_louvain_density,0.80964404
artificial_graph_sbmv_4_comuAndEmb_1_00_pos_0_00_4,1.0,4,GT_pos + Inferred_Commu spatial manuel iter old,0.22922862664592547,0.7248170094109446,0.0673053685171344,0.7267008815360464,spatial_louvain_old_density,0.7908249
artificial_graph_sbmv_4_comuAndEmb_1_00_pos_0_00_4,1.0,4,GT_pos + Inferred_Commu spatial manuel iter bined,0.17454597621996837,0.7881375624491693,0.054129165281698886,0.7768001717452268,spatial_louvain_bined_density,0.8112747
artificial_graph_sbmv_4_comuAndEmb_1_00_pos_0_00_4,1.0,4,GT_pos + Inferred_Commu spatial manuel iter 0_20,0.18132068109824667,0.730393865458348,0.0797591908650917,0.7023537146614071,spatial_louvain_manualiter_0_20_density,0.8111768
artificial_graph_sbmv_4_comuAndEmb_1_00_pos_0_00_4,1.0,4,GT_pos + Inferred_Commu spatial manuel iter 0_50,0.17563147207053786,0.7212733821308238,0.08471686707157886,0.7455421379597205,spatial_louvain_manualiter_0_50_density,0.8290866
artificial_graph_sbmv_4_comuAndEmb_1_00_pos_0_00_4,1.0,4,GT_pos + Inferred_Commu spatial manuel iter 0_80,0.18315784239844923,0.7836296038108517,0.06339087718865724,0.7432021092460652,spatial_louvain_manualiter_0_80_density,0.81493104
artificial_graph_sbmv_4_comuAndEmb_1_00_pos_0_00_4,1.0,4,SiNEcustom_spatial,0.2841723362912931,0.7973045195770885,0.12319400767221608,0.8436431456211676,SiNEcustom_spatial_dist,1.0
artificial_graph_sbmv_4_comuAndEmb_1_00_pos_0_00_4,1.0,4,SiNEcustom_spatial_bined,0.33552983668880354,0.8381201347740211,0.11523892216849162,0.8330449891988355,SiNEcustom_spatial_bined_dist,1.0
artificial_graph_sbmv_4_comuAndEmb_1_00_pos_0_00_4,1.0,4,SiNE_spatial,0.2007032618058604,0.8053909608458232,0.07944327844525664,0.8067210079297991,SiNE_spatial_dist,1.0
artificial_graph_sbmv_4_comuAndEmb_1_00_pos_0_00_4,1.0,4,SiNE_spatial_bined,0.25689702798116604,0.8177065179505052,0.06967416216662194,0.8036357659434582,SiNE_spatial_bined_dist,1.0
artificial_graph_sbmv_4_comuAndEmb_1_00_pos_0_00_4,1.0,4,deepwalk,0.2828292778890787,0.7918438480306728,0.13186879197735607,0.8161300970092178,deepwalk_dist,1.0
artificial_graph_sbmv_4_comuAndEmb_1_00_pos_0_00_4,1.0,4,GT_pos + SiNEcustom_spatial,0.28873906510266606,0.7992912745439759,0.11213593016532904,0.8326931798360371,SiNEcustom_spatial_dist,0.71931505
artificial_graph_sbmv_4_comuAndEmb_1_00_pos_0_00_4,1.0,4,GT_pos + SiNEcustom_spatial_bined,0.35950938439319585,0.8438015568723132,0.12475277740070978,0.8249461283527217,SiNEcustom_spatial_bined_dist,0.73456526
artificial_graph_sbmv_4_comuAndEmb_1_00_pos_0_00_4,1.0,4,GT_pos + SiNE_spatial,0.22908715499320972,0.8152434065295691,0.07454114551732771,0.7938827838827838,SiNE_spatial_dist,0.6590643
artificial_graph_sbmv_4_comuAndEmb_1_00_pos_0_00_4,1.0,4,GT_pos + SiNE_spatial_bined,0.23218494410287477,0.7946787498547694,0.06881776144146384,0.7819713131801045,SiNE_spatial_bined_dist,0.6705082
artificial_graph_sbmv_4_comuAndEmb_1_00_pos_0_00_4,1.0,4,GT_pos + deepwalk,0.2698647549673265,0.7862669919832694,0.12762867091941688,0.8059293697755237,deepwalk_dist,0.71347374
artificial_graph_sbmv_4_comuAndEmb_0_90_pos_0_10_4,0.9,4,Inferred_Commu_normal,0.16319586232055838,0.6978329017309528,0.046186543753788514,0.713411305785124,louvain_density,1.0
artificial_graph_sbmv_4_comuAndEmb_0_90_pos_0_10_4,0.9,4,Inferred_Commu_spatial_manuel_iter,0.15680664769319924,0.7159488437599381,0.053775583816303915,0.7415862479338843,spatial_louvain_density,1.0
artificial_graph_sbmv_4_comuAndEmb_0_90_pos_0_10_4,0.9,4,Inferred_Commu_spatial_manuel_iter_old,0.18629157848670883,0.7731929489800554,0.05921979142696379,0.7694467438016529,spatial_louvain_old_density,1.0
artificial_graph_sbmv_4_comuAndEmb_0_90_pos_0_10_4,0.9,4,Inferred_Commu_spatial_manuel_iter_bined,0.17171478423805558,0.7569397119622008,0.06071612759076351,0.6766578512396695,spatial_louvain_bined_density,1.0
artificial_graph_sbmv_4_comuAndEmb_0_90_pos_0_10_4,0.9,4,Inferred_Commu_spatial_manuel_iter_0_20,0.1457873893050347,0.7457180500658761,0.04310127002879516,0.7284376859504132,spatial_louvain_manualiter_0_20_density,1.0
artificial_graph_sbmv_4_comuAndEmb_0_90_pos_0_10_4,0.9,4,Inferred_Commu_spatial_manuel_iter_0_50,0.17357296966924002,0.7273863068465767,0.046790147478381866,0.7323061157024794,spatial_louvain_manualiter_0_50_density,1.0
artificial_graph_sbmv_4_comuAndEmb_0_90_pos_0_10_4,0.9,4,Inferred_Commu_spatial_manuel_iter_0_80,0.17462605345542456,0.7489323520058153,0.05179609282109589,0.7211705123966943,spatial_louvain_manualiter_0_80_density,1.0
artificial_graph_sbmv_4_comuAndEmb_0_90_pos_0_10_4,0.9,4,GT_pos,0.09271558654441227,0.5537458543455545,0.024268740877954696,0.5444007933884297,GT_pos_dist,1.0
artificial_graph_sbmv_4_comuAndEmb_0_90_pos_0_10_4,0.9,4,GT_pos + Inferred_Commu normal,0.17437198879746285,0.7371995820271682,0.05686539199559972,0.725862611570248,louvain_density,0.8146447
artificial_graph_sbmv_4_comuAndEmb_0_90_pos_0_10_4,0.9,4,GT_pos + Inferred_Commu spatial manuel iter,0.1755313292326824,0.7340307119167688,0.069368963317428,0.751657652892562,spatial_louvain_density,0.78193694
artificial_graph_sbmv_4_comuAndEmb_0_90_pos_0_10_4,0.9,4,GT_pos + Inferred_Commu spatial manuel iter old,0.19869084451298122,0.7838012811775931,0.06419902240151142,0.7503264793388429,spatial_louvain_old_density,0.7547784
artificial_graph_sbmv_4_comuAndEmb_0_90_pos_0_10_4,0.9,4,GT_pos + Inferred_Commu spatial manuel iter bined,0.18733185143590922,0.7800872291127164,0.06795728248699068,0.7183505454545455,spatial_louvain_bined_density,0.7741024
artificial_graph_sbmv_4_comuAndEmb_0_90_pos_0_10_4,0.9,4,GT_pos + Inferred_Commu spatial manuel iter 0_20,0.19000857092808046,0.7768274953432375,0.04849232443373401,0.7025578842975206,spatial_louvain_manualiter_0_20_density,0.7840302
artificial_graph_sbmv_4_comuAndEmb_0_90_pos_0_10_4,0.9,4,GT_pos + Inferred_Commu spatial manuel iter 0_50,0.18590741922434276,0.7247058289037299,0.05161718391523486,0.7114932892561984,spatial_louvain_manualiter_0_50_density,0.77879196
artificial_graph_sbmv_4_comuAndEmb_0_90_pos_0_10_4,0.9,4,GT_pos + Inferred_Commu spatial manuel iter 0_80,0.1894153608266752,0.7798827858797873,0.058667034054073516,0.727328,spatial_louvain_manualiter_0_80_density,0.7865672
artificial_graph_sbmv_4_comuAndEmb_0_90_pos_0_10_4,0.9,4,SiNEcustom_spatial,0.2514994152649094,0.7391417927399936,0.07519384451206337,0.7691830743801653,SiNEcustom_spatial_dist,1.0
artificial_graph_sbmv_4_comuAndEmb_0_90_pos_0_10_4,0.9,4,SiNEcustom_spatial_bined,0.2524202421636814,0.7677752033074371,0.09884221855446862,0.8116632066115702,SiNEcustom_spatial_bined_dist,1.0
artificial_graph_sbmv_4_comuAndEmb_0_90_pos_0_10_4,0.9,4,SiNE_spatial,0.1546401246440879,0.6907114624505929,0.04322028089284935,0.701424661157025,SiNE_spatial_dist,1.0
artificial_graph_sbmv_4_comuAndEmb_0_90_pos_0_10_4,0.9,4,SiNE_spatial_bined,0.13440580088797233,0.6696424515015219,0.04401361399684543,0.6909352727272727,SiNE_spatial_bined_dist,1.0
artificial_graph_sbmv_4_comuAndEmb_0_90_pos_0_10_4,0.9,4,deepwalk,0.2688302792050385,0.7627663441006769,0.08015368386591507,0.784159867768595,deepwalk_dist,1.0
artificial_graph_sbmv_4_comuAndEmb_0_90_pos_0_10_4,0.9,4,GT_pos + SiNEcustom_spatial,0.23458107493923222,0.7663668165917041,0.0700743958956247,0.7657683305785123,SiNEcustom_spatial_dist,0.6625164
artificial_graph_sbmv_4_comuAndEmb_0_90_pos_0_10_4,0.9,4,GT_pos + SiNEcustom_spatial_bined,0.21877257990032156,0.7679342147108263,0.08096090415705742,0.7816624132231405,SiNEcustom_spatial_bined_dist,0.6444427
artificial_graph_sbmv_4_comuAndEmb_0_90_pos_0_10_4,0.9,4,GT_pos + SiNE_spatial,0.17029879094204112,0.6973785834355548,0.04123304439906892,0.7098337851239669,SiNE_spatial_dist,0.5734677
artificial_graph_sbmv_4_comuAndEmb_0_90_pos_0_10_4,0.9,4,GT_pos + SiNE_spatial_bined,0.14531518416964215,0.6825450910908182,0.04339326786819396,0.6979698512396695,SiNE_spatial_bined_dist,0.565644
artificial_graph_sbmv_4_comuAndEmb_0_90_pos_0_10_4,0.9,4,GT_pos + deepwalk,0.27259861972245303,0.7453545954295578,0.07630781197648823,0.7721584132231406,deepwalk_dist,0.6525884
artificial_graph_sbmv_4_comuAndEmb_0_80_pos_0_20_4,0.8,4,Inferred_Commu_normal,0.10202951752892052,0.649367850692354,0.035868408010560696,0.6732479974238216,louvain_density,1.0
artificial_graph_sbmv_4_comuAndEmb_0_80_pos_0_20_4,0.8,4,Inferred_Commu_spatial_manuel_iter,0.1173023664834634,0.6745936183022275,0.0432161728802904,0.6695171007258921,spatial_louvain_density,1.0
artificial_graph_sbmv_4_comuAndEmb_0_80_pos_0_20_4,0.8,4,Inferred_Commu_spatial_manuel_iter_old,0.0988004781261348,0.6206502107164359,0.04252452371152577,0.6840817668290197,spatial_louvain_old_density,1.0
artificial_graph_sbmv_4_comuAndEmb_0_80_pos_0_20_4,0.8,4,Inferred_Commu_spatial_manuel_iter_bined,0.11692135348657548,0.6867670078266105,0.041209023843963355,0.6963552442673322,spatial_louvain_bined_density,1.0
artificial_graph_sbmv_4_comuAndEmb_0_80_pos_0_20_4,0.8,4,Inferred_Commu_spatial_manuel_iter_0_20,0.1403477319156856,0.701637567730283,0.04251956540463093,0.6946157871432597,spatial_louvain_manualiter_0_20_density,1.0
artificial_graph_sbmv_4_comuAndEmb_0_80_pos_0_20_4,0.8,4,Inferred_Commu_spatial_manuel_iter_0_50,0.1132439213567596,0.6804093919325707,0.05162359643112355,0.7404025278750553,spatial_louvain_manualiter_0_50_density,1.0
artificial_graph_sbmv_4_comuAndEmb_0_80_pos_0_20_4,0.8,4,Inferred_Commu_spatial_manuel_iter_0_80,0.11137366803613716,0.6643467790487658,0.04651966186144948,0.7145814380979216,spatial_louvain_manualiter_0_80_density,1.0
artificial_graph_sbmv_4_comuAndEmb_0_80_pos_0_20_4,0.8,4,GT_pos,0.07899897859868525,0.5231788079470199,0.024384071779165323,0.5600826523903446,GT_pos_dist,1.0
artificial_graph_sbmv_4_comuAndEmb_0_80_pos_0_20_4,0.8,4,GT_pos + Inferred_Commu normal,0.1050309766573763,0.6472847682119205,0.03557740829659174,0.673689436326799,louvain_density,0.7363606
artificial_graph_sbmv_4_comuAndEmb_0_80_pos_0_20_4,0.8,4,GT_pos + Inferred_Commu spatial manuel iter,0.1193402645789517,0.6744611679711017,0.03511077224346593,0.6558825423660588,spatial_louvain_density,0.72541153
artificial_graph_sbmv_4_comuAndEmb_0_80_pos_0_20_4,0.8,4,GT_pos + Inferred_Commu spatial manuel iter old,0.11493226501080535,0.6546297411198072,0.040289660634358015,0.6721756631646741,spatial_louvain_old_density,0.7783878
artificial_graph_sbmv_4_comuAndEmb_0_80_pos_0_20_4,0.8,4,GT_pos + Inferred_Commu spatial manuel iter bined,0.14346156413427497,0.6995304033714629,0.034707789595340856,0.6375970427618779,spatial_louvain_bined_density,0.695335
artificial_graph_sbmv_4_comuAndEmb_0_80_pos_0_20_4,0.8,4,GT_pos + Inferred_Commu spatial manuel iter 0_20,0.1282337434367664,0.6822757375075256,0.03187795534726716,0.6283838505816528,spatial_louvain_manualiter_0_20_density,0.6312635
artificial_graph_sbmv_4_comuAndEmb_0_80_pos_0_20_4,0.8,4,GT_pos + Inferred_Commu spatial manuel iter 0_50,0.11327822940128875,0.6819747140276942,0.04297145937636454,0.7006630975861745,spatial_louvain_manualiter_0_50_density,0.7250994
artificial_graph_sbmv_4_comuAndEmb_0_80_pos_0_20_4,0.8,4,GT_pos + Inferred_Commu spatial manuel iter 0_80,0.10721076032855684,0.6691149909692955,0.03904886621303881,0.6967466355378443,spatial_louvain_manualiter_0_80_density,0.711115
artificial_graph_sbmv_4_comuAndEmb_0_80_pos_0_20_4,0.8,4,SiNEcustom_spatial,0.14197005044337244,0.651101745936183,0.06343986175191765,0.7115415475855036,SiNEcustom_spatial_dist,1.0
artificial_graph_sbmv_4_comuAndEmb_0_80_pos_0_20_4,0.8,4,SiNEcustom_spatial_bined,0.2102095735063825,0.6715833835039133,0.0697602622164003,0.7392207060338929,SiNEcustom_spatial_bined_dist,1.0
artificial_graph_sbmv_4_comuAndEmb_0_80_pos_0_20_4,0.8,4,SiNE_spatial,0.11559913764694107,0.6194701986754967,0.03046916755618559,0.6371507735243997,SiNE_spatial_dist,1.0
artificial_graph_sbmv_4_comuAndEmb_0_80_pos_0_20_4,0.8,4,SiNE_spatial_bined,0.10673541536988365,0.6378807947019868,0.03213264909970769,0.646798427457768,SiNE_spatial_bined_dist,1.0
artificial_graph_sbmv_4_comuAndEmb_0_80_pos_0_20_4,0.8,4,deepwalk,0.151482726372973,0.6804214328717639,0.05713324301897665,0.6915800560855505,deepwalk_dist,1.0
artificial_graph_sbmv_4_comuAndEmb_0_80_pos_0_20_4,0.8,4,GT_pos + SiNEcustom_spatial,0.17467240840774761,0.7226730885009031,0.057259811541041476,0.74378215191402,SiNEcustom_spatial_dist,0.61904025
artificial_graph_sbmv_4_comuAndEmb_0_80_pos_0_20_4,0.8,4,GT_pos + SiNEcustom_spatial_bined,0.17522545784056964,0.7272245635159543,0.054032552302033555,0.740013685947752,SiNEcustom_spatial_bined_dist,0.6353361
artificial_graph_sbmv_4_comuAndEmb_0_80_pos_0_20_4,0.8,4,GT_pos + SiNE_spatial,0.17254378410154267,0.6991812161348585,0.03006969069649071,0.651335721665392,SiNE_spatial_dist,0.5317682
artificial_graph_sbmv_4_comuAndEmb_0_80_pos_0_20_4,0.8,4,GT_pos + SiNE_spatial_bined,0.10419181343229925,0.6705237808549067,0.03719866497161754,0.6642090998134953,SiNE_spatial_bined_dist,0.5217585
artificial_graph_sbmv_4_comuAndEmb_0_80_pos_0_20_4,0.8,4,GT_pos + deepwalk,0.15042197671876345,0.7362432269717037,0.049312921874831425,0.7041781051671161,deepwalk_dist,0.6057607
artificial_graph_sbmv_4_comuAndEmb_0_70_pos_0_30_4,0.7,4,Inferred_Commu_normal,0.13993542549858295,0.7529047156052503,0.03602801551381029,0.6517641975308641,louvain_density,1.0
artificial_graph_sbmv_4_comuAndEmb_0_70_pos_0_30_4,0.7,4,Inferred_Commu_spatial_manuel_iter,0.1298860464879646,0.651300437530384,0.034501618329449917,0.6114345679012347,spatial_louvain_density,1.0
artificial_graph_sbmv_4_comuAndEmb_0_70_pos_0_30_4,0.7,4,Inferred_Commu_spatial_manuel_iter_old,0.14778659531357344,0.7211837627613028,0.04192230567071981,0.6951792866941016,spatial_louvain_old_density,1.0
artificial_graph_sbmv_4_comuAndEmb_0_70_pos_0_30_4,0.7,4,Inferred_Commu_spatial_manuel_iter_bined,0.1574124897036384,0.7371900826446282,0.03846545321266623,0.696212208504801,spatial_louvain_bined_density,1.0
artificial_graph_sbmv_4_comuAndEmb_0_70_pos_0_30_4,0.7,4,Inferred_Commu_spatial_manuel_iter_0_20,0.13951488872857276,0.7184127369956247,0.03869055587724442,0.6952462277091906,spatial_louvain_manualiter_0_20_density,1.0
artificial_graph_sbmv_4_comuAndEmb_0_70_pos_0_30_4,0.7,4,Inferred_Commu_spatial_manuel_iter_0_50,0.11832920295253085,0.6471682061254254,0.03384623240618739,0.6339495198902606,spatial_louvain_manualiter_0_50_density,1.0
artificial_graph_sbmv_4_comuAndEmb_0_70_pos_0_30_4,0.7,4,Inferred_Commu_spatial_manuel_iter_0_80,0.14191694646096245,0.7186922702965484,0.0394340127862918,0.6946934156378601,spatial_louvain_manualiter_0_80_density,1.0
artificial_graph_sbmv_4_comuAndEmb_0_70_pos_0_30_4,0.7,4,GT_pos,0.10334523108968263,0.5816480311132717,0.027369823674584494,0.5929440329218107,GT_pos_dist,1.0
artificial_graph_sbmv_4_comuAndEmb_0_70_pos_0_30_4,0.7,4,GT_pos + Inferred_Commu normal,0.136165145580077,0.7256806028196402,0.03928480268410753,0.6600426611796982,louvain_density,0.66915977
artificial_graph_sbmv_4_comuAndEmb_0_70_pos_0_30_4,0.7,4,GT_pos + Inferred_Commu spatial manuel iter,0.11618196739608412,0.6717185221195916,0.04108993007239451,0.6747554183813443,spatial_louvain_density,0.66797554
artificial_graph_sbmv_4_comuAndEmb_0_70_pos_0_30_4,0.7,4,GT_pos + Inferred_Commu spatial manuel iter old,0.1306455335982841,0.7150461837627613,0.052199051558832615,0.7112377229080933,spatial_louvain_old_density,0.6512816
artificial_graph_sbmv_4_comuAndEmb_0_70_pos_0_30_4,0.7,4,GT_pos + Inferred_Commu spatial manuel iter bined,0.146347702766477,0.73253524550316,0.04261450911813619,0.7109031550068587,spatial_louvain_bined_density,0.6617072
artificial_graph_sbmv_4_comuAndEmb_0_70_pos_0_30_4,0.7,4,GT_pos + Inferred_Commu spatial manuel iter 0_20,0.1320630142779531,0.7153257170636849,0.039470281108673094,0.6961795610425241,spatial_louvain_manualiter_0_20_density,0.604281
artificial_graph_sbmv_4_comuAndEmb_0_70_pos_0_30_4,0.7,4,GT_pos + Inferred_Commu spatial manuel iter 0_50,0.10328325431438945,0.6439839572192514,0.03785846388225371,0.6640497942386832,spatial_louvain_manualiter_0_50_density,0.5755573
artificial_graph_sbmv_4_comuAndEmb_0_70_pos_0_30_4,0.7,4,GT_pos + Inferred_Commu spatial manuel iter 0_80,0.1277819382200641,0.6882109868740884,0.0420912289160438,0.7150418381344308,spatial_louvain_manualiter_0_80_density,0.65548855
artificial_graph_sbmv_4_comuAndEmb_0_70_pos_0_30_4,0.7,4,SiNEcustom_spatial,0.20078246395839933,0.7056757413709286,0.05973426840093811,0.6788775034293553,SiNEcustom_spatial_dist,1.0
artificial_graph_sbmv_4_comuAndEmb_0_70_pos_0_30_4,0.7,4,SiNEcustom_spatial_bined,0.15918747056188995,0.6605736509479825,0.054096562399187205,0.6928905349794239,SiNEcustom_spatial_bined_dist,1.0
artificial_graph_sbmv_4_comuAndEmb_0_70_pos_0_30_4,0.7,4,SiNE_spatial,0.09142801473128051,0.570272241127856,0.024917688055840735,0.5938622770919069,SiNE_spatial_dist,1.0
artificial_graph_sbmv_4_comuAndEmb_0_70_pos_0_30_4,0.7,4,SiNE_spatial_bined,0.10252227869570499,0.6392197374817695,0.031488849210604075,0.6343246913580246,SiNE_spatial_bined_dist,1.0
artificial_graph_sbmv_4_comuAndEmb_0_70_pos_0_30_4,0.7,4,deepwalk,0.19514191193457042,0.6911886242100145,0.040333447071129507,0.6457152263374486,deepwalk_dist,1.0
artificial_graph_sbmv_4_comuAndEmb_0_70_pos_0_30_4,0.7,4,GT_pos + SiNEcustom_spatial,0.17118508590025378,0.7227637335926106,0.05378739828093548,0.7104615912208505,SiNEcustom_spatial_dist,0.54645586
artificial_graph_sbmv_4_comuAndEmb_0_70_pos_0_30_4,0.7,4,GT_pos + SiNEcustom_spatial_bined,0.1297570573707728,0.7135755955274672,0.0667259527447075,0.7280840877914951,SiNEcustom_spatial_bined_dist,0.5569594
artificial_graph_sbmv_4_comuAndEmb_0_70_pos_0_30_4,0.7,4,GT_pos + SiNE_spatial,0.10339355911855576,0.6221682061254253,0.029296236032645653,0.6327386831275721,SiNE_spatial_dist,0.5291023
artificial_graph_sbmv_4_comuAndEmb_0_70_pos_0_30_4,0.7,4,GT_pos + SiNE_spatial_bined,0.13676867321644404,0.6664195430238211,0.030060689386692437,0.6442551440329218,SiNE_spatial_bined_dist,0.50455135
artificial_graph_sbmv_4_comuAndEmb_0_70_pos_0_30_4,0.7,4,GT_pos + deepwalk,0.20948049748885847,0.6945794846864366,0.043299492687598855,0.6685451303155008,deepwalk_dist,0.5710916
artificial_graph_sbmv_4_comuAndEmb_0_60_pos_0_40_4,0.6,4,Inferred_Commu_normal,0.10849704811265919,0.6374994321021308,0.031402272005693135,0.6548585785123967,louvain_density,1.0
artificial_graph_sbmv_4_comuAndEmb_0_60_pos_0_40_4,0.6,4,Inferred_Commu_spatial_manuel_iter,0.09889429489803153,0.583174321929944,0.025162005652323786,0.5497845950413223,spatial_louvain_density,1.0
artificial_graph_sbmv_4_comuAndEmb_0_60_pos_0_40_4,0.6,4,Inferred_Commu_spatial_manuel_iter_old,0.09613663769303277,0.6045727136431784,0.032357075161567245,0.6209239008264462,spatial_louvain_old_density,1.0
artificial_graph_sbmv_4_comuAndEmb_0_60_pos_0_40_4,0.6,4,Inferred_Commu_spatial_manuel_iter_bined,0.10989553358838029,0.6518218163645451,0.030971335427144513,0.6313199338842975,spatial_louvain_bined_density,1.0
artificial_graph_sbmv_4_comuAndEmb_0_60_pos_0_40_4,0.6,4,Inferred_Commu_spatial_manuel_iter_0_20,0.09911154337697957,0.5855708509381672,0.0186659186670197,0.49976872727272725,spatial_louvain_manualiter_0_20_density,1.0
artificial_graph_sbmv_4_comuAndEmb_0_60_pos_0_40_4,0.6,4,Inferred_Commu_spatial_manuel_iter_0_50,0.10313696689942277,0.6124097042387897,0.02853776327119597,0.6145946446280991,spatial_louvain_manualiter_0_50_density,1.0
artificial_graph_sbmv_4_comuAndEmb_0_60_pos_0_40_4,0.6,4,Inferred_Commu_spatial_manuel_iter_0_80,0.09298322847461586,0.5656489936849757,0.02388318011279626,0.564425917355372,spatial_louvain_manualiter_0_80_density,1.0
artificial_graph_sbmv_4_comuAndEmb_0_60_pos_0_40_4,0.6,4,GT_pos,0.09405289431638852,0.6045272818136386,0.035058378416350316,0.631369917355372,GT_pos_dist,1.0
artificial_graph_sbmv_4_comuAndEmb_0_60_pos_0_40_4,0.6,4,GT_pos + Inferred_Commu normal,0.10231689902147453,0.6745604470492026,0.0426623309455616,0.7223800330578513,louvain_density,0.66977495
artificial_graph_sbmv_4_comuAndEmb_0_60_pos_0_40_4,0.6,4,GT_pos + Inferred_Commu spatial manuel iter,0.1313860489643191,0.6735495888419427,0.03431527686435631,0.6705224462809918,spatial_louvain_density,0.63216615
artificial_graph_sbmv_4_comuAndEmb_0_60_pos_0_40_4,0.6,4,GT_pos + Inferred_Commu spatial manuel iter old,0.10674811243453126,0.659511153514152,0.036205261627444925,0.6681172892561984,spatial_louvain_old_density,0.58409685
artificial_graph_sbmv_4_comuAndEmb_0_60_pos_0_40_4,0.6,4,GT_pos + Inferred_Commu spatial manuel iter bined,0.12198846131096641,0.7164485938848757,0.04044793392823054,0.7085671404958677,spatial_louvain_bined_density,0.62906575
artificial_graph_sbmv_4_comuAndEmb_0_60_pos_0_40_4,0.6,4,GT_pos + Inferred_Commu spatial manuel iter 0_20,0.12704260983888618,0.6549111807732498,0.02851036229674609,0.6051222479338842,spatial_louvain_manualiter_0_20_density,0.56650114
artificial_graph_sbmv_4_comuAndEmb_0_60_pos_0_40_4,0.6,4,GT_pos + Inferred_Commu spatial manuel iter 0_50,0.0986058501865469,0.6428603879878243,0.024383579829801168,0.5784593719008264,spatial_louvain_manualiter_0_50_density,0.54702044
artificial_graph_sbmv_4_comuAndEmb_0_60_pos_0_40_4,0.6,4,GT_pos + Inferred_Commu spatial manuel iter 0_80,0.13297209116864545,0.67813820362546,0.038627595879190894,0.6701950413223141,spatial_louvain_manualiter_0_80_density,0.57931715
artificial_graph_sbmv_4_comuAndEmb_0_60_pos_0_40_4,0.6,4,SiNEcustom_spatial,0.10431326108280599,0.5939870973604107,0.047606819052921336,0.6667021487603306,SiNEcustom_spatial_dist,1.0
artificial_graph_sbmv_4_comuAndEmb_0_60_pos_0_40_4,0.6,4,SiNEcustom_spatial_bined,0.10418482397977684,0.6371814092953524,0.039818865807792043,0.6420751074380167,SiNEcustom_spatial_bined_dist,1.0
artificial_graph_sbmv_4_comuAndEmb_0_60_pos_0_40_4,0.6,4,SiNE_spatial,0.09659108280156066,0.6168960974058425,0.030345827857317216,0.6194106446280991,SiNE_spatial_dist,1.0
artificial_graph_sbmv_4_comuAndEmb_0_60_pos_0_40_4,0.6,4,SiNE_spatial_bined,0.10438791902675251,0.61337513061651,0.027149704743538526,0.6102731900826446,SiNE_spatial_bined_dist,1.0
artificial_graph_sbmv_4_comuAndEmb_0_60_pos_0_40_4,0.6,4,deepwalk,0.11257420608988841,0.618611148970969,0.03765460058812579,0.662463867768595,deepwalk_dist,1.0
artificial_graph_sbmv_4_comuAndEmb_0_60_pos_0_40_4,0.6,4,GT_pos + SiNEcustom_spatial,0.11656939455302064,0.6356367270909999,0.04457741060905788,0.7091482975206611,GT_pos_dist,0.52256423
artificial_graph_sbmv_4_comuAndEmb_0_60_pos_0_40_4,0.6,4,GT_pos + SiNEcustom_spatial_bined,0.12765846533591244,0.686440870473854,0.05475037215650799,0.710889520661157,SiNEcustom_spatial_bined_dist,0.5139872
artificial_graph_sbmv_4_comuAndEmb_0_60_pos_0_40_4,0.6,4,GT_pos + SiNE_spatial,0.10213097532789198,0.6525487256371814,0.037986911726750255,0.6780556694214877,GT_pos_dist,0.56316656
artificial_graph_sbmv_4_comuAndEmb_0_60_pos_0_40_4,0.6,4,GT_pos + SiNE_spatial_bined,0.10542333207124735,0.6390213983917132,0.039914540784027695,0.664672,GT_pos_dist,0.52805
artificial_graph_sbmv_4_comuAndEmb_0_60_pos_0_40_4,0.6,4,GT_pos + deepwalk,0.13269208297389776,0.700013629548862,0.03585107882529811,0.6698930247933884,deepwalk_dist,0.5315806
artificial_graph_sbmv_4_comuAndEmb_0_50_pos_0_50_4,0.5,4,Inferred_Commu_normal,0.10262359553444014,0.5852257676098735,0.03428320873350088,0.6448668303613359,louvain_density,1.0
artificial_graph_sbmv_4_comuAndEmb_0_50_pos_0_50_4,0.5,4,Inferred_Commu_spatial_manuel_iter,0.10438135683501874,0.6198434677904877,0.02752056577832415,0.5990932388734587,spatial_louvain_density,1.0
artificial_graph_sbmv_4_comuAndEmb_0_50_pos_0_50_4,0.5,4,Inferred_Commu_spatial_manuel_iter_old,0.09305118829458288,0.5698615291992775,0.027002733516008213,0.58888472943418,spatial_louvain_old_density,1.0
artificial_graph_sbmv_4_comuAndEmb_0_50_pos_0_50_4,0.5,4,Inferred_Commu_spatial_manuel_iter_bined,0.08463695468457232,0.6051655629139073,0.02466124611169855,0.5453612687678622,spatial_louvain_bined_density,1.0
artificial_graph_sbmv_4_comuAndEmb_0_50_pos_0_50_4,0.5,4,Inferred_Commu_spatial_manuel_iter_0_20,0.09182170079020138,0.5632630945213727,0.025369416500710434,0.5814395738571562,spatial_louvain_manualiter_0_20_density,1.0
artificial_graph_sbmv_4_comuAndEmb_0_50_pos_0_50_4,0.5,4,Inferred_Commu_spatial_manuel_iter_0_50,0.1002919791874673,0.6038771824202287,0.03104904515627086,0.6151428303076654,spatial_louvain_manualiter_0_50_density,1.0
artificial_graph_sbmv_4_comuAndEmb_0_50_pos_0_50_4,0.5,4,Inferred_Commu_spatial_manuel_iter_0_80,0.08285684275059894,0.5632390126429861,0.030214846888986933,0.6011885306390801,spatial_louvain_manualiter_0_80_density,1.0
artificial_graph_sbmv_4_comuAndEmb_0_50_pos_0_50_4,0.5,4,GT_pos,0.10907739942707531,0.6192173389524384,0.04102751604898069,0.6452843859437266,GT_pos_dist,1.0
artificial_graph_sbmv_4_comuAndEmb_0_50_pos_0_50_4,0.5,4,GT_pos + Inferred_Commu normal,0.11271457057364624,0.6478145695364237,0.04670473130116871,0.6667294610151754,GT_pos_dist,0.58089125
artificial_graph_sbmv_4_comuAndEmb_0_50_pos_0_50_4,0.5,4,GT_pos + Inferred_Commu spatial manuel iter,0.12213979033068859,0.6744130042143286,0.045583259653299006,0.6878527821384964,GT_pos_dist,0.5378686
artificial_graph_sbmv_4_comuAndEmb_0_50_pos_0_50_4,0.5,4,GT_pos + Inferred_Commu spatial manuel iter old,0.14273337792814536,0.6613967489464178,0.03895399669229244,0.6592496880408968,GT_pos_dist,0.5377285
artificial_graph_sbmv_4_comuAndEmb_0_50_pos_0_50_4,0.5,4,GT_pos + Inferred_Commu spatial manuel iter bined,0.12449165265947217,0.670776640577965,0.03490529907423684,0.6644192193642743,GT_pos_dist,0.55253017
artificial_graph_sbmv_4_comuAndEmb_0_50_pos_0_50_4,0.5,4,GT_pos + Inferred_Commu spatial manuel iter 0_20,0.12129124470024732,0.6344130042143287,0.03188825190663066,0.6259176964671469,GT_pos_dist,0.5823622
artificial_graph_sbmv_4_comuAndEmb_0_50_pos_0_50_4,0.5,4,GT_pos + Inferred_Commu spatial manuel iter 0_50,0.13822799430414548,0.6789283564118002,0.04678356563105382,0.6936647479504622,GT_pos_dist,0.5372526
artificial_graph_sbmv_4_comuAndEmb_0_50_pos_0_50_4,0.5,4,GT_pos + Inferred_Commu spatial manuel iter 0_80,0.1179370319923572,0.6478627332931969,0.04505759671885534,0.7009301077432946,GT_pos_dist,0.5756892
artificial_graph_sbmv_4_comuAndEmb_0_50_pos_0_50_4,0.5,4,SiNEcustom_spatial,0.1462514599760653,0.5631186032510536,0.032584749056852325,0.6252309839123026,SiNEcustom_spatial_dist,1.0
artificial_graph_sbmv_4_comuAndEmb_0_50_pos_0_50_4,0.5,4,SiNEcustom_spatial_bined,0.11492923486145458,0.630632149307646,0.038923095629449816,0.63568543788324,SiNEcustom_spatial_bined_dist,1.0
artificial_graph_sbmv_4_comuAndEmb_0_50_pos_0_50_4,0.5,4,SiNE_spatial,0.08494295958528272,0.5894039735099338,0.025820089411641267,0.577267909136041,SiNE_spatial_dist,1.0
artificial_graph_sbmv_4_comuAndEmb_0_50_pos_0_50_4,0.5,4,SiNE_spatial_bined,0.09134041647439187,0.5782059000602047,0.02309024149780417,0.5534088743978853,SiNE_spatial_bined_dist,1.0
artificial_graph_sbmv_4_comuAndEmb_0_50_pos_0_50_4,0.5,4,deepwalk,0.09686436104128567,0.6069957856712822,0.03956026679642725,0.6367235572730079,deepwalk_dist,1.0
artificial_graph_sbmv_4_comuAndEmb_0_50_pos_0_50_4,0.5,4,GT_pos + SiNEcustom_spatial,0.13713082741193802,0.6465502709211318,0.04208737782954709,0.6943945309879376,GT_pos_dist,0.5805738
artificial_graph_sbmv_4_comuAndEmb_0_50_pos_0_50_4,0.5,4,GT_pos + SiNEcustom_spatial_bined,0.16065373242406203,0.7013726670680314,0.04121863230315049,0.6858581223416389,GT_pos_dist,0.57872707
artificial_graph_sbmv_4_comuAndEmb_0_50_pos_0_50_4,0.5,4,GT_pos + SiNE_spatial,0.11295323428729107,0.6616134858518965,0.04358422641898807,0.6701379328851856,GT_pos_dist,0.62761784
artificial_graph_sbmv_4_comuAndEmb_0_50_pos_0_50_4,0.5,4,GT_pos + SiNE_spatial_bined,0.10391559451658722,0.6318603251053583,0.03948376584996917,0.6595352144802695,GT_pos_dist,0.62022465
artificial_graph_sbmv_4_comuAndEmb_0_50_pos_0_50_4,0.5,4,GT_pos + deepwalk,0.11025617745044933,0.6591450933172787,0.03777793528854311,0.6525371331964739,GT_pos_dist,0.61459213
artificial_graph_sbmv_4_comuAndEmb_0_40_pos_0_60_4,0.3999999999999999,4,Inferred_Commu_normal,0.11659897169918351,0.6509469036830486,0.03785862758805012,0.6801234418816837,louvain_density,1.0
artificial_graph_sbmv_4_comuAndEmb_0_40_pos_0_60_4,0.3999999999999999,4,Inferred_Commu_spatial_manuel_iter,0.08039120996399934,0.5354246543511095,0.01936059748797051,0.4755452240067625,spatial_louvain_density,1.0
artificial_graph_sbmv_4_comuAndEmb_0_40_pos_0_60_4,0.3999999999999999,4,Inferred_Commu_spatial_manuel_iter_old,0.08345006397495407,0.5444638085279424,0.024942995480081536,0.5493644084852876,spatial_louvain_old_density,1.0
artificial_graph_sbmv_4_comuAndEmb_0_40_pos_0_60_4,0.3999999999999999,4,Inferred_Commu_spatial_manuel_iter_bined,0.06423108570396882,0.459672359707215,0.02560132521285102,0.5659645238766118,spatial_louvain_bined_density,1.0
artificial_graph_sbmv_4_comuAndEmb_0_40_pos_0_60_4,0.3999999999999999,4,Inferred_Commu_spatial_manuel_iter_0_20,0.12291275906548599,0.6585221331474381,0.031029226160123435,0.6199121147472797,spatial_louvain_manualiter_0_20_density,1.0
artificial_graph_sbmv_4_comuAndEmb_0_40_pos_0_60_4,0.3999999999999999,4,Inferred_Commu_spatial_manuel_iter_0_50,0.11323706089042579,0.622214476588823,0.03201548801353118,0.6360895758697956,spatial_louvain_manualiter_0_50_density,1.0
artificial_graph_sbmv_4_comuAndEmb_0_40_pos_0_60_4,0.3999999999999999,4,Inferred_Commu_spatial_manuel_iter_0_80,0.09126824844941507,0.5622865109794354,0.027769750087533754,0.5461248641468421,spatial_louvain_manualiter_0_80_density,1.0
artificial_graph_sbmv_4_comuAndEmb_0_40_pos_0_60_4,0.3999999999999999,4,GT_pos,0.2847588914638066,0.7547693737655398,0.06283188033605366,0.707948315420843,GT_pos_dist,1.0
artificial_graph_sbmv_4_comuAndEmb_0_40_pos_0_60_4,0.3999999999999999,4,GT_pos + Inferred_Commu normal,0.23466895385048311,0.7565934704310445,0.05543433362842427,0.7029028968589408,GT_pos_dist,0.6077377
artificial_graph_sbmv_4_comuAndEmb_0_40_pos_0_60_4,0.3999999999999999,4,GT_pos + Inferred_Commu spatial manuel iter,0.2090995118622821,0.7324851864761242,0.054909017526929345,0.6976312576312576,GT_pos_dist,0.6069491
artificial_graph_sbmv_4_comuAndEmb_0_40_pos_0_60_4,0.3999999999999999,4,GT_pos + Inferred_Commu spatial manuel iter old,0.2025591263515845,0.6992448007435808,0.05367619355741236,0.6976712420668465,GT_pos_dist,0.62897265
artificial_graph_sbmv_4_comuAndEmb_0_40_pos_0_60_4,0.3999999999999999,4,GT_pos + Inferred_Commu spatial manuel iter bined,0.21738847850290013,0.7213663297316137,0.04682364266119188,0.6905243596452388,GT_pos_dist,0.5842126
artificial_graph_sbmv_4_comuAndEmb_0_40_pos_0_60_4,0.3999999999999999,4,GT_pos + Inferred_Commu spatial manuel iter 0_20,0.2141449950018334,0.7369582897641455,0.04655354090748631,0.660353956178132,GT_pos_dist,0.6434704
artificial_graph_sbmv_4_comuAndEmb_0_40_pos_0_60_4,0.3999999999999999,4,GT_pos + Inferred_Commu spatial manuel iter 0_50,0.24551711464216489,0.7411641686998953,0.061457337475372645,0.7230733003260477,GT_pos_dist,0.6354515
artificial_graph_sbmv_4_comuAndEmb_0_40_pos_0_60_4,0.3999999999999999,4,GT_pos + Inferred_Commu spatial manuel iter 0_80,0.20766608332296346,0.7307308005112119,0.059195361590087585,0.6939575198915859,GT_pos_dist,0.6511078
artificial_graph_sbmv_4_comuAndEmb_0_40_pos_0_60_4,0.3999999999999999,4,SiNEcustom_spatial,0.07779755290356095,0.5161264087370744,0.024603086666592718,0.5746913282078117,SiNEcustom_spatial_dist,1.0
artificial_graph_sbmv_4_comuAndEmb_0_40_pos_0_60_4,0.3999999999999999,4,SiNEcustom_spatial_bined,0.11992109255562348,0.6302079702567677,0.026597845956683762,0.57496987749735,SiNEcustom_spatial_bined_dist,1.0
artificial_graph_sbmv_4_comuAndEmb_0_40_pos_0_60_4,0.3999999999999999,4,SiNE_spatial,0.07258949157649064,0.5162193563378645,0.028416308142195874,0.6160733405788351,SiNE_spatial_dist,1.0
artificial_graph_sbmv_4_comuAndEmb_0_40_pos_0_60_4,0.3999999999999999,4,SiNE_spatial_bined,0.10991705657865834,0.5919484140815615,0.025770785132829387,0.6060090702947847,SiNE_spatial_bined_dist,1.0
artificial_graph_sbmv_4_comuAndEmb_0_40_pos_0_60_4,0.3999999999999999,4,deepwalk,0.14189389732050722,0.5936330893458813,0.04081174751454237,0.669874142951066,deepwalk_dist,1.0
artificial_graph_sbmv_4_comuAndEmb_0_40_pos_0_60_4,0.3999999999999999,4,GT_pos + SiNEcustom_spatial,0.18172812500621266,0.6664691530149878,0.039738010333191756,0.6886061801446417,GT_pos_dist,0.611056
artificial_graph_sbmv_4_comuAndEmb_0_40_pos_0_60_4,0.3999999999999999,4,GT_pos + SiNEcustom_spatial_bined,0.22885292178577873,0.7579179737423027,0.04717633417206561,0.6999797394302889,GT_pos_dist,0.60117996
artificial_graph_sbmv_4_comuAndEmb_0_40_pos_0_60_4,0.3999999999999999,4,GT_pos + SiNE_spatial,0.17861746754485475,0.6988730103404206,0.05178990347300213,0.7135896094137852,GT_pos_dist,0.63541895
artificial_graph_sbmv_4_comuAndEmb_0_40_pos_0_60_4,0.3999999999999999,4,GT_pos + SiNE_spatial_bined,0.2495403488882575,0.6987684442895318,0.04507804110012744,0.6977391351017723,GT_pos_dist,0.63099265
artificial_graph_sbmv_4_comuAndEmb_0_40_pos_0_60_4,0.3999999999999999,4,GT_pos + deepwalk,0.19315658401283572,0.7234925060996863,0.04882410117023508,0.7057240805592454,GT_pos_dist,0.6285566
artificial_graph_sbmv_4_comuAndEmb_0_30_pos_0_70_4,0.29999999999999993,4,Inferred_Commu_normal,0.12732966282203206,0.6686632333184057,0.0379393150583548,0.6815801441399776,louvain_density,1.0
artificial_graph_sbmv_4_comuAndEmb_0_30_pos_0_70_4,0.29999999999999993,4,Inferred_Commu_spatial_manuel_iter,0.08544805302516875,0.5528660994178235,0.020078307726396398,0.49111226731414037,spatial_louvain_density,1.0
artificial_graph_sbmv_4_comuAndEmb_0_30_pos_0_70_4,0.29999999999999993,4,Inferred_Commu_spatial_manuel_iter_old,0.07724231976190363,0.5463502015226153,0.02116448057954635,0.5234070733931989,spatial_louvain_old_density,1.0
artificial_graph_sbmv_4_comuAndEmb_0_30_pos_0_70_4,0.29999999999999993,4,Inferred_Commu_spatial_manuel_iter_bined,0.07688974140682392,0.5251119570085088,0.019226616201012965,0.48996133143202175,spatial_louvain_bined_density,1.0
artificial_graph_sbmv_4_comuAndEmb_0_30_pos_0_70_4,0.29999999999999993,4,Inferred_Commu_spatial_manuel_iter_0_20,0.12739563253610375,0.6627407075682938,0.04029464650432333,0.6772430981102503,spatial_louvain_manualiter_0_20_density,1.0
artificial_graph_sbmv_4_comuAndEmb_0_30_pos_0_70_4,0.29999999999999993,4,Inferred_Commu_spatial_manuel_iter_0_50,0.12431626533559426,0.6115315718763996,0.022178926923282896,0.5467907657918064,spatial_louvain_manualiter_0_50_density,1.0
artificial_graph_sbmv_4_comuAndEmb_0_30_pos_0_70_4,0.29999999999999993,4,Inferred_Commu_spatial_manuel_iter_0_80,0.09880668223330238,0.5648902821316615,0.019393083842379727,0.4996111303811615,spatial_louvain_manualiter_0_80_density,1.0
artificial_graph_sbmv_4_comuAndEmb_0_30_pos_0_70_4,0.29999999999999993,4,GT_pos,0.26850260119241887,0.7859046126287504,0.06905692904267517,0.7486936190439486,GT_pos_dist,1.0
artificial_graph_sbmv_4_comuAndEmb_0_30_pos_0_70_4,0.29999999999999993,4,GT_pos + Inferred_Commu normal,0.2602024236311619,0.7889722346618898,0.06540666349739342,0.7450353926593954,GT_pos_dist,0.6839315
artificial_graph_sbmv_4_comuAndEmb_0_30_pos_0_70_4,0.29999999999999993,4,GT_pos + Inferred_Commu spatial manuel iter,0.2483072108493718,0.7746977160770265,0.06530709945446161,0.7296966894053263,GT_pos_dist,0.65848017
artificial_graph_sbmv_4_comuAndEmb_0_30_pos_0_70_4,0.29999999999999993,4,GT_pos + Inferred_Commu spatial manuel iter old,0.22217003109107822,0.7726153157187641,0.06261034032121868,0.745314936858468,GT_pos_dist,0.6816048
artificial_graph_sbmv_4_comuAndEmb_0_30_pos_0_70_4,0.29999999999999993,4,GT_pos + Inferred_Commu spatial manuel iter bined,0.23867549130283236,0.7831280788177339,0.06130562213578266,0.736999524672088,GT_pos_dist,0.67325085
artificial_graph_sbmv_4_comuAndEmb_0_30_pos_0_70_4,0.29999999999999993,4,GT_pos + Inferred_Commu spatial manuel iter 0_20,0.25115435694688726,0.7795790416480072,0.05955281029858211,0.7406861422643594,GT_pos_dist,0.6740701
artificial_graph_sbmv_4_comuAndEmb_0_30_pos_0_70_4,0.29999999999999993,4,GT_pos + Inferred_Commu spatial manuel iter 0_50,0.23555183600387503,0.764308105687416,0.04980624808409625,0.7176863092714636,GT_pos_dist,0.66919184
artificial_graph_sbmv_4_comuAndEmb_0_30_pos_0_70_4,0.29999999999999993,4,GT_pos + Inferred_Commu spatial manuel iter 0_80,0.3096127283014956,0.7802731751007614,0.052361330847596144,0.7222885111958993,GT_pos_dist,0.6894268
artificial_graph_sbmv_4_comuAndEmb_0_30_pos_0_70_4,0.29999999999999993,4,SiNEcustom_spatial,0.12455547110296589,0.6145320197044335,0.03094703283249846,0.6017100242802635,SiNEcustom_spatial_dist,1.0
artificial_graph_sbmv_4_comuAndEmb_0_30_pos_0_70_4,0.29999999999999993,4,SiNEcustom_spatial_bined,0.08466638961227876,0.5632221227048814,0.029205041310931122,0.5768713146028442,SiNEcustom_spatial_bined_dist,1.0
artificial_graph_sbmv_4_comuAndEmb_0_30_pos_0_70_4,0.29999999999999993,4,SiNE_spatial,0.13102327188845178,0.6673197492163009,0.0290124300218825,0.6031566912038643,SiNE_spatial_dist,1.0
artificial_graph_sbmv_4_comuAndEmb_0_30_pos_0_70_4,0.29999999999999993,4,SiNE_spatial_bined,0.0998671946376071,0.5705553067622033,0.03234692148190978,0.6301856348196966,SiNE_spatial_bined_dist,1.0
artificial_graph_sbmv_4_comuAndEmb_0_30_pos_0_70_4,0.29999999999999993,4,deepwalk,0.12680574279374618,0.6717196596506941,0.039286786933293225,0.6784616076360785,deepwalk_dist,1.0
artificial_graph_sbmv_4_comuAndEmb_0_30_pos_0_70_4,0.29999999999999993,4,GT_pos + SiNEcustom_spatial,0.26386384510302435,0.782333184057322,0.06376863997187138,0.738980871263216,GT_pos_dist,0.6821692
artificial_graph_sbmv_4_comuAndEmb_0_30_pos_0_70_4,0.29999999999999993,4,GT_pos + SiNEcustom_spatial_bined,0.177725835484667,0.7069413345275414,0.06317900835199815,0.7262050847239886,GT_pos_dist,0.658875
artificial_graph_sbmv_4_comuAndEmb_0_30_pos_0_70_4,0.29999999999999993,4,GT_pos + SiNE_spatial,0.19962776908986768,0.7558441558441559,0.05983836097257084,0.7389644274868,GT_pos_dist,0.68089646
artificial_graph_sbmv_4_comuAndEmb_0_30_pos_0_70_4,0.29999999999999993,4,GT_pos + SiNE_spatial_bined,0.24558950920259792,0.7643864755933721,0.059726700907946295,0.7313744684677741,GT_pos_dist,0.6748094
artificial_graph_sbmv_4_comuAndEmb_0_30_pos_0_70_4,0.29999999999999993,4,GT_pos + deepwalk,0.22477121160777488,0.7634012539184953,0.05514497224090851,0.7482594005729628,GT_pos_dist,0.6846455
artificial_graph_sbmv_4_comuAndEmb_0_20_pos_0_80_4,0.19999999999999996,4,Inferred_Commu_normal,0.20765496013445164,0.8304604486422669,0.04664040769643112,0.7365736763107499,louvain_density,1.0
artificial_graph_sbmv_4_comuAndEmb_0_20_pos_0_80_4,0.19999999999999996,4,Inferred_Commu_spatial_manuel_iter,0.11305672862993395,0.5886658795749705,0.023768523148546328,0.538164950054345,spatial_louvain_density,1.0
artificial_graph_sbmv_4_comuAndEmb_0_20_pos_0_80_4,0.19999999999999996,4,Inferred_Commu_spatial_manuel_iter_old,0.07689059851103083,0.5636717827626918,0.021293888879814375,0.5347130065731588,spatial_louvain_old_density,1.0
artificial_graph_sbmv_4_comuAndEmb_0_20_pos_0_80_4,0.19999999999999996,4,Inferred_Commu_spatial_manuel_iter_bined,0.12276668423017907,0.6059031877213695,0.019997419580315923,0.5004081051705398,spatial_louvain_bined_density,1.0
artificial_graph_sbmv_4_comuAndEmb_0_20_pos_0_80_4,0.19999999999999996,4,Inferred_Commu_spatial_manuel_iter_0_20,0.21893590621386708,0.810224321133412,0.05400668106488217,0.7400953625588739,spatial_louvain_manualiter_0_20_density,1.0
artificial_graph_sbmv_4_comuAndEmb_0_20_pos_0_80_4,0.19999999999999996,4,Inferred_Commu_spatial_manuel_iter_0_50,0.18991899098255327,0.7799173553719009,0.04966667338046192,0.7463198074633819,spatial_louvain_manualiter_0_50_density,1.0
artificial_graph_sbmv_4_comuAndEmb_0_20_pos_0_80_4,0.19999999999999996,4,Inferred_Commu_spatial_manuel_iter_0_80,0.14151463064259015,0.6448760330578512,0.02953916448799158,0.5954321722478132,spatial_louvain_manualiter_0_80_density,1.0
artificial_graph_sbmv_4_comuAndEmb_0_20_pos_0_80_4,0.19999999999999996,4,GT_pos,0.3482582832212664,0.8561747343565524,0.10823798015698176,0.8001324983178923,GT_pos_dist,1.0
artificial_graph_sbmv_4_comuAndEmb_0_20_pos_0_80_4,0.19999999999999996,4,GT_pos + Inferred_Commu normal,0.32725329261418995,0.8482998819362455,0.10698568201057439,0.802710263443921,GT_pos_dist,0.6564582
artificial_graph_sbmv_4_comuAndEmb_0_20_pos_0_80_4,0.19999999999999996,4,GT_pos + Inferred_Commu spatial manuel iter,0.36524296563804715,0.8496340023612751,0.0880156058187681,0.7940987785311319,GT_pos_dist,0.71200764
artificial_graph_sbmv_4_comuAndEmb_0_20_pos_0_80_4,0.19999999999999996,4,GT_pos + Inferred_Commu spatial manuel iter old,0.3384972546619196,0.8463872491145219,0.09454694852383085,0.7891762848713835,GT_pos_dist,0.7250273
artificial_graph_sbmv_4_comuAndEmb_0_20_pos_0_80_4,0.19999999999999996,4,GT_pos + Inferred_Commu spatial manuel iter bined,0.3183389322257487,0.8392207792207792,0.10355978694500696,0.7916189638217483,GT_pos_dist,0.7165512
artificial_graph_sbmv_4_comuAndEmb_0_20_pos_0_80_4,0.19999999999999996,4,GT_pos + Inferred_Commu spatial manuel iter 0_20,0.35082320713105647,0.8643447461629281,0.07931608211150376,0.7851476372858547,GT_pos_dist,0.71784824
artificial_graph_sbmv_4_comuAndEmb_0_20_pos_0_80_4,0.19999999999999996,4,GT_pos + Inferred_Commu spatial manuel iter 0_50,0.3614715331825412,0.8347343565525382,0.09704928618408283,0.7944573262253507,GT_pos_dist,0.70145863
artificial_graph_sbmv_4_comuAndEmb_0_20_pos_0_80_4,0.19999999999999996,4,GT_pos + Inferred_Commu spatial manuel iter 0_80,0.3128764986876885,0.8404604486422668,0.07790290787120115,0.7701434967134206,GT_pos_dist,0.71718353
artificial_graph_sbmv_4_comuAndEmb_0_20_pos_0_80_4,0.19999999999999996,4,SiNEcustom_spatial,0.09573831098678487,0.6055489964580874,0.03391121673975544,0.6330453910253093,SiNEcustom_spatial_dist,1.0
artificial_graph_sbmv_4_comuAndEmb_0_20_pos_0_80_4,0.19999999999999996,4,SiNEcustom_spatial_bined,0.09306690819566574,0.6030814639905548,0.035064452590834,0.6295698980384038,SiNEcustom_spatial_bined_dist,1.0
artificial_graph_sbmv_4_comuAndEmb_0_20_pos_0_80_4,0.19999999999999996,4,SiNE_spatial,0.1470750506241722,0.7133412042502951,0.03450000182474853,0.6488531908286321,SiNE_spatial_dist,1.0
artificial_graph_sbmv_4_comuAndEmb_0_20_pos_0_80_4,0.19999999999999996,4,SiNE_spatial_bined,0.126227039541317,0.6955135773317592,0.031755842086070116,0.6430232648413643,SiNE_spatial_bined_dist,1.0
artificial_graph_sbmv_4_comuAndEmb_0_20_pos_0_80_4,0.19999999999999996,4,deepwalk,0.17639891867536078,0.7593978748524203,0.0639529629437275,0.7264649862843539,deepwalk_dist,1.0
artificial_graph_sbmv_4_comuAndEmb_0_20_pos_0_80_4,0.19999999999999996,4,GT_pos + SiNEcustom_spatial,0.3459148846220127,0.8389256198347108,0.09296646600720762,0.7871147973707365,GT_pos_dist,0.6977083
artificial_graph_sbmv_4_comuAndEmb_0_20_pos_0_80_4,0.19999999999999996,4,GT_pos + SiNEcustom_spatial_bined,0.3424758272557809,0.8543093270365998,0.10162626537132352,0.7922013612131876,GT_pos_dist,0.7107194
artificial_graph_sbmv_4_comuAndEmb_0_20_pos_0_80_4,0.19999999999999996,4,GT_pos + SiNE_spatial,0.3363960006286872,0.8460802833530107,0.12642758807556037,0.7955609181719372,GT_pos_dist,0.6753973
artificial_graph_sbmv_4_comuAndEmb_0_20_pos_0_80_4,0.19999999999999996,4,GT_pos + SiNE_spatial_bined,0.3044216173449229,0.8421369539551358,0.08836208666658589,0.7839675741421251,GT_pos_dist,0.70811427
artificial_graph_sbmv_4_comuAndEmb_0_20_pos_0_80_4,0.19999999999999996,4,GT_pos + deepwalk,0.3534113405971867,0.8553010625737898,0.09477749558718768,0.7877154391594638,GT_pos_dist,0.7115857
artificial_graph_sbmv_4_comuAndEmb_0_10_pos_0_90_4,0.09999999999999998,4,Inferred_Commu_normal,0.16291741618840735,0.7719933712121211,0.061691886781398336,0.8016358873437683,louvain_density,1.0
artificial_graph_sbmv_4_comuAndEmb_0_10_pos_0_90_4,0.09999999999999998,4,Inferred_Commu_spatial_manuel_iter,0.07269522693851005,0.5403645833333333,0.021970731872362856,0.5318062271110011,spatial_louvain_density,1.0
artificial_graph_sbmv_4_comuAndEmb_0_10_pos_0_90_4,0.09999999999999998,4,Inferred_Commu_spatial_manuel_iter_old,0.10269059330771263,0.5997869318181818,0.01991514461657213,0.4965172229535117,spatial_louvain_old_density,1.0
artificial_graph_sbmv_4_comuAndEmb_0_10_pos_0_90_4,0.09999999999999998,4,Inferred_Commu_spatial_manuel_iter_bined,0.07979982017037009,0.5677083333333334,0.020942111201996603,0.5397055871964967,spatial_louvain_bined_density,1.0
artificial_graph_sbmv_4_comuAndEmb_0_10_pos_0_90_4,0.09999999999999998,4,Inferred_Commu_spatial_manuel_iter_0_20,0.16452742137659487,0.7616358901515151,0.06280718683852188,0.7769157684838848,spatial_louvain_manualiter_0_20_density,1.0
artificial_graph_sbmv_4_comuAndEmb_0_10_pos_0_90_4,0.09999999999999998,4,Inferred_Commu_spatial_manuel_iter_0_50,0.18420812322424662,0.7537997159090909,0.05335702033058439,0.7575783602027917,spatial_louvain_manualiter_0_50_density,1.0
artificial_graph_sbmv_4_comuAndEmb_0_10_pos_0_90_4,0.09999999999999998,4,Inferred_Commu_spatial_manuel_iter_0_80,0.102365735192631,0.5941524621212121,0.031251673561567064,0.6374258754838457,spatial_louvain_manualiter_0_80_density,1.0
artificial_graph_sbmv_4_comuAndEmb_0_10_pos_0_90_4,0.09999999999999998,4,GT_pos,0.32394329847682224,0.8566879734848485,0.12593872984246307,0.8682663660415227,GT_pos_dist,1.0
artificial_graph_sbmv_4_comuAndEmb_0_10_pos_0_90_4,0.09999999999999998,4,GT_pos + Inferred_Commu normal,0.3372221565963374,0.8421283143939393,0.111454680876996,0.8594363278551787,GT_pos_dist,0.8181293
artificial_graph_sbmv_4_comuAndEmb_0_10_pos_0_90_4,0.09999999999999998,4,GT_pos + Inferred_Commu spatial manuel iter,0.27529800824074213,0.8471117424242424,0.11300011773105272,0.8720528092377067,GT_pos_dist,0.796361
artificial_graph_sbmv_4_comuAndEmb_0_10_pos_0_90_4,0.09999999999999998,4,GT_pos + Inferred_Commu spatial manuel iter old,0.31332546819613216,0.8494673295454546,0.11576788095825946,0.855190736227502,GT_pos_dist,0.79027694
artificial_graph_sbmv_4_comuAndEmb_0_10_pos_0_90_4,0.09999999999999998,4,GT_pos + Inferred_Commu spatial manuel iter bined,0.28847247517691826,0.8508522727272726,0.13004422018716721,0.8711694404983774,GT_pos_dist,0.7754959
artificial_graph_sbmv_4_comuAndEmb_0_10_pos_0_90_4,0.09999999999999998,4,GT_pos + Inferred_Commu spatial manuel iter 0_20,0.3138068759004318,0.8433120265151516,0.12199797574252894,0.8578528326968943,GT_pos_dist,0.80859166
artificial_graph_sbmv_4_comuAndEmb_0_10_pos_0_90_4,0.09999999999999998,4,GT_pos + Inferred_Commu spatial manuel iter 0_50,0.3296667122584666,0.8389086174242424,0.11827232271306885,0.859007415709836,GT_pos_dist,0.7766979
artificial_graph_sbmv_4_comuAndEmb_0_10_pos_0_90_4,0.09999999999999998,4,GT_pos + Inferred_Commu spatial manuel iter 0_80,0.3504589277443437,0.8552201704545455,0.1094189387545417,0.8525790770112994,GT_pos_dist,0.79191583
artificial_graph_sbmv_4_comuAndEmb_0_10_pos_0_90_4,0.09999999999999998,4,SiNEcustom_spatial,0.1538518261763498,0.6517518939393939,0.040080074106424474,0.68004027160526,SiNEcustom_spatial_dist,1.0
artificial_graph_sbmv_4_comuAndEmb_0_10_pos_0_90_4,0.09999999999999998,4,SiNEcustom_spatial_bined,0.1155561863216989,0.6394176136363636,0.03933287197291402,0.6901032204251326,SiNEcustom_spatial_bined_dist,1.0
artificial_graph_sbmv_4_comuAndEmb_0_10_pos_0_90_4,0.09999999999999998,4,SiNE_spatial,0.1303952479804513,0.7090553977272727,0.035636235129750934,0.6849101382788776,SiNE_spatial_dist,1.0
artificial_graph_sbmv_4_comuAndEmb_0_10_pos_0_90_4,0.09999999999999998,4,SiNE_spatial_bined,0.12878976708739875,0.6689749053030303,0.03985688204519891,0.7041816001772472,SiNE_spatial_bined_dist,1.0
artificial_graph_sbmv_4_comuAndEmb_0_10_pos_0_90_4,0.09999999999999998,4,deepwalk,0.18373014932409967,0.7845525568181818,0.0696303791641825,0.771355289395144,deepwalk_dist,1.0
artificial_graph_sbmv_4_comuAndEmb_0_10_pos_0_90_4,0.09999999999999998,4,GT_pos + SiNEcustom_spatial,0.3417379319596976,0.8377012310606061,0.10596221286278361,0.8517335036296576,GT_pos_dist,0.7610285
artificial_graph_sbmv_4_comuAndEmb_0_10_pos_0_90_4,0.09999999999999998,4,GT_pos + SiNEcustom_spatial_bined,0.2875169601773613,0.8328598484848485,0.11607779843549441,0.8552418251247897,GT_pos_dist,0.749405
artificial_graph_sbmv_4_comuAndEmb_0_10_pos_0_90_4,0.09999999999999998,4,GT_pos + SiNE_spatial,0.3317223378563194,0.836706912878788,0.09966681524895375,0.8445625513169727,GT_pos_dist,0.75155336
artificial_graph_sbmv_4_comuAndEmb_0_10_pos_0_90_4,0.09999999999999998,4,GT_pos + SiNE_spatial_bined,0.3076131850310171,0.8495620265151516,0.10558546230117359,0.853674230082498,GT_pos_dist,0.7772557
artificial_graph_sbmv_4_comuAndEmb_0_10_pos_0_90_4,0.09999999999999998,4,GT_pos + deepwalk,0.2863227193682891,0.8453835227272728,0.13714227549962688,0.847903269950084,GT_pos_dist,0.7680917
artificial_graph_sbmv_4_comuAndEmb_0_00_pos_1_00_4,0.0,4,Inferred_Commu_normal,0.2202141855852689,0.8468765192027224,0.07634421490882023,0.8259939270979425,louvain_density,1.0
artificial_graph_sbmv_4_comuAndEmb_0_00_pos_1_00_4,0.0,4,Inferred_Commu_spatial_manuel_iter,0.1297028188856518,0.6299222168206124,0.022707328059845138,0.5553697525905149,spatial_louvain_density,1.0
artificial_graph_sbmv_4_comuAndEmb_0_00_pos_1_00_4,0.0,4,Inferred_Commu_spatial_manuel_iter_old,0.08945380937448281,0.5696280991735537,0.02220594229715937,0.5454754156397653,spatial_louvain_old_density,1.0
artificial_graph_sbmv_4_comuAndEmb_0_00_pos_1_00_4,0.0,4,Inferred_Commu_spatial_manuel_iter_bined,0.12028282299873347,0.6550437530384053,0.025128760485253504,0.5935669448945411,spatial_louvain_bined_density,1.0
artificial_graph_sbmv_4_comuAndEmb_0_00_pos_1_00_4,0.0,4,Inferred_Commu_spatial_manuel_iter_0_20,0.21341472880203793,0.8304691298006807,0.07416449975329012,0.8238500292752005,spatial_louvain_manualiter_0_20_density,1.0
artificial_graph_sbmv_4_comuAndEmb_0_00_pos_1_00_4,0.0,4,Inferred_Commu_spatial_manuel_iter_0_50,0.19649275968706292,0.7972411278561011,0.07962232579827584,0.8324427771952997,spatial_louvain_manualiter_0_50_density,1.0
artificial_graph_sbmv_4_comuAndEmb_0_00_pos_1_00_4,0.0,4,Inferred_Commu_spatial_manuel_iter_0_80,0.18006815022973488,0.7499756927564414,0.02643009215497288,0.5643737149548618,spatial_louvain_manualiter_0_80_density,1.0
artificial_graph_sbmv_4_comuAndEmb_0_00_pos_1_00_4,0.0,4,GT_pos,0.42941233508178533,0.916832766164317,0.15460273789939796,0.9010935308615079,GT_pos_dist,1.0
artificial_graph_sbmv_4_comuAndEmb_0_00_pos_1_00_4,0.0,4,GT_pos + Inferred_Commu normal,0.44356860271941134,0.9140374331550802,0.15316187072529575,0.8939315913454338,GT_pos_dist,0.8179685
artificial_graph_sbmv_4_comuAndEmb_0_00_pos_1_00_4,0.0,4,GT_pos + Inferred_Commu spatial manuel iter,0.4064653422648115,0.887518230432669,0.12325460653639776,0.8801196879127464,GT_pos_dist,0.78884786
artificial_graph_sbmv_4_comuAndEmb_0_00_pos_1_00_4,0.0,4,GT_pos + Inferred_Commu spatial manuel iter old,0.4030971663162819,0.9133446767136606,0.15822559222622348,0.8977336909900464,GT_pos_dist,0.85248834
artificial_graph_sbmv_4_comuAndEmb_0_00_pos_1_00_4,0.0,4,GT_pos + Inferred_Commu spatial manuel iter bined,0.4300757020586032,0.9109990277102576,0.13502940851416512,0.8828790457646274,GT_pos_dist,0.78678024
artificial_graph_sbmv_4_comuAndEmb_0_00_pos_1_00_4,0.0,4,GT_pos + Inferred_Commu spatial manuel iter 0_20,0.4342821922271966,0.9116067087992221,0.152449585598907,0.8892960335507414,GT_pos_dist,0.8074902
artificial_graph_sbmv_4_comuAndEmb_0_00_pos_1_00_4,0.0,4,GT_pos + Inferred_Commu spatial manuel iter 0_50,0.42040486126374943,0.9044968400583374,0.1623490905864247,0.9012535232363392,GT_pos_dist,0.8212075
artificial_graph_sbmv_4_comuAndEmb_0_00_pos_1_00_4,0.0,4,GT_pos + Inferred_Commu spatial manuel iter 0_80,0.4631820664676553,0.9061497326203208,0.13681801367799887,0.885658011192658,GT_pos_dist,0.7938384
artificial_graph_sbmv_4_comuAndEmb_0_00_pos_1_00_4,0.0,4,SiNEcustom_spatial,0.1723174356192399,0.7733835683033543,0.044537598767306015,0.7355221197968437,SiNEcustom_spatial_dist,1.0
artificial_graph_sbmv_4_comuAndEmb_0_00_pos_1_00_4,0.0,4,SiNEcustom_spatial_bined,0.13890811277408277,0.7287919299951385,0.05067098989777865,0.741986220231206,SiNEcustom_spatial_bined_dist,1.0
artificial_graph_sbmv_4_comuAndEmb_0_00_pos_1_00_4,0.0,4,SiNE_spatial,0.17482150327650084,0.7700899368011668,0.04581155409356864,0.7483829196225541,SiNE_spatial_dist,1.0
artificial_graph_sbmv_4_comuAndEmb_0_00_pos_1_00_4,0.0,4,SiNE_spatial_bined,0.17756920499713177,0.7633082158483229,0.05423692540754993,0.7658521806620281,SiNE_spatial_bined_dist,1.0
artificial_graph_sbmv_4_comuAndEmb_0_00_pos_1_00_4,0.0,4,deepwalk,0.3106746270168249,0.8463782207097715,0.07740855671415664,0.8231463351533883,deepwalk_dist,1.0
artificial_graph_sbmv_4_comuAndEmb_0_00_pos_1_00_4,0.0,4,GT_pos + SiNEcustom_spatial,0.4033422041974765,0.904897909577054,0.14843876250142274,0.8863065590065494,GT_pos_dist,0.7969786
artificial_graph_sbmv_4_comuAndEmb_0_00_pos_1_00_4,0.0,4,GT_pos + SiNEcustom_spatial_bined,0.42010701474003864,0.9139037433155079,0.1452643920542917,0.8913153415666998,GT_pos_dist,0.79307175
artificial_graph_sbmv_4_comuAndEmb_0_00_pos_1_00_4,0.0,4,GT_pos + SiNE_spatial,0.3918157201667719,0.9047399124939233,0.12840442172495103,0.881697553137893,GT_pos_dist,0.798939
artificial_graph_sbmv_4_comuAndEmb_0_00_pos_1_00_4,0.0,4,GT_pos + SiNE_spatial_bined,0.34631718256590943,0.8958434613514827,0.13501494282863705,0.8891832899878815,GT_pos_dist,0.7839004
artificial_graph_sbmv_4_comuAndEmb_0_00_pos_1_00_4,0.0,4,GT_pos + deepwalk,0.38627340779508396,0.8885391346621293,0.11750055841135262,0.8772949714737,GT_pos_dist,0.7759641
artificial_graph_sbmv_4_comuAndEmb_1_00_pos_0_00_5,1.0,5,Inferred_Commu_normal,0.18595143517083312,0.8184006287454563,0.04979080026782058,0.7411475454152249,louvain_density,1.0
artificial_graph_sbmv_4_comuAndEmb_1_00_pos_0_00_5,1.0,5,Inferred_Commu_spatial_manuel_iter,0.21341864131510116,0.8202180960801652,0.05731934071360229,0.768077151816609,spatial_louvain_density,1.0
artificial_graph_sbmv_4_comuAndEmb_1_00_pos_0_00_5,1.0,5,Inferred_Commu_spatial_manuel_iter_old,0.1732023251204588,0.7900579624717555,0.06183638494189279,0.7743609429065743,spatial_louvain_old_density,1.0
artificial_graph_sbmv_4_comuAndEmb_1_00_pos_0_00_5,1.0,5,Inferred_Commu_spatial_manuel_iter_bined,0.1561526486316869,0.7954612437371058,0.06336819263106971,0.7756270274653978,spatial_louvain_bined_density,1.0
artificial_graph_sbmv_4_comuAndEmb_1_00_pos_0_00_5,1.0,5,Inferred_Commu_spatial_manuel_iter_0_20,0.20998627434222483,0.8030258375085961,0.0838494130542228,0.7610598237456747,spatial_louvain_manualiter_0_20_density,1.0
artificial_graph_sbmv_4_comuAndEmb_1_00_pos_0_00_5,1.0,5,Inferred_Commu_spatial_manuel_iter_0_50,0.19996844560377558,0.7870984379605068,0.052344490483528454,0.7421084288494809,spatial_louvain_manualiter_0_50_density,1.0
artificial_graph_sbmv_4_comuAndEmb_1_00_pos_0_00_5,1.0,5,Inferred_Commu_spatial_manuel_iter_0_80,0.22100883457493858,0.8319456724629138,0.068721624807641,0.7681278384515572,spatial_louvain_manualiter_0_80_density,1.0
artificial_graph_sbmv_4_comuAndEmb_1_00_pos_0_00_5,1.0,5,GT_pos,0.0793764065976666,0.5020753512132822,0.01800658016631986,0.47022383217993075,GT_pos_dist,1.0
artificial_graph_sbmv_4_comuAndEmb_1_00_pos_0_00_5,1.0,5,GT_pos + Inferred_Commu normal,0.18441474561916693,0.7812285096767855,0.0322717007617659,0.6234061418685121,louvain_density,0.79370624
artificial_graph_sbmv_4_comuAndEmb_1_00_pos_0_00_5,1.0,5,GT_pos + Inferred_Commu spatial manuel iter,0.16367627036885565,0.7683711563021907,0.04911471527987435,0.744156168901384,spatial_louvain_density,0.813123
artificial_graph_sbmv_4_comuAndEmb_1_00_pos_0_00_5,1.0,5,GT_pos + Inferred_Commu spatial manuel iter old,0.16054922683395617,0.7395495628254249,0.05132441475640361,0.7425081098615915,spatial_louvain_old_density,0.8031967
artificial_graph_sbmv_4_comuAndEmb_1_00_pos_0_00_5,1.0,5,GT_pos + Inferred_Commu spatial manuel iter bined,0.17684229958100312,0.7780233814716574,0.028397335891350566,0.6509576394896194,spatial_louvain_bined_density,0.7959013
artificial_graph_sbmv_4_comuAndEmb_1_00_pos_0_00_5,1.0,5,GT_pos + Inferred_Commu spatial manuel iter 0_20,0.20752850814745194,0.7556120444051478,0.05376361840984806,0.6838137975778547,spatial_louvain_manualiter_0_20_density,0.7955002
artificial_graph_sbmv_4_comuAndEmb_1_00_pos_0_00_5,1.0,5,GT_pos + Inferred_Commu spatial manuel iter 0_50,0.1551047637855403,0.7557716868061695,0.04369399828761687,0.6968985185986158,spatial_louvain_manualiter_0_50_density,0.77952117
artificial_graph_sbmv_4_comuAndEmb_1_00_pos_0_00_5,1.0,5,GT_pos + Inferred_Commu spatial manuel iter 0_80,0.16667674058813525,0.7864107476176441,0.048994653820492645,0.7358951935553633,spatial_louvain_manualiter_0_80_density,0.7980975
artificial_graph_sbmv_4_comuAndEmb_1_00_pos_0_00_5,1.0,5,SiNEcustom_spatial,0.25177113673724144,0.8341806660772177,0.12850136390672198,0.8443563473183391,SiNEcustom_spatial_dist,1.0
artificial_graph_sbmv_4_comuAndEmb_1_00_pos_0_00_5,1.0,5,SiNEcustom_spatial_bined,0.300903234605271,0.8486221632773356,0.12446281836835191,0.8476697664359862,SiNEcustom_spatial_bined_dist,1.0
artificial_graph_sbmv_4_comuAndEmb_1_00_pos_0_00_5,1.0,5,SiNE_spatial,0.15920178631732682,0.7585592887317025,0.06263477643270542,0.7782297523788927,SiNE_spatial_dist,1.0
artificial_graph_sbmv_4_comuAndEmb_1_00_pos_0_00_5,1.0,5,SiNE_spatial_bined,0.18190323479325868,0.787037037037037,0.05476748260812533,0.7648340181660901,SiNE_spatial_bined_dist,1.0
artificial_graph_sbmv_4_comuAndEmb_1_00_pos_0_00_5,1.0,5,deepwalk,0.3182301506879869,0.8313930641516849,0.13750842735888455,0.8181032385380622,deepwalk_dist,1.0
artificial_graph_sbmv_4_comuAndEmb_1_00_pos_0_00_5,1.0,5,GT_pos + SiNEcustom_spatial,0.26058402941584335,0.8232267413301896,0.10557972266329269,0.8197176416522491,SiNEcustom_spatial_dist,0.7401806
artificial_graph_sbmv_4_comuAndEmb_1_00_pos_0_00_5,1.0,5,GT_pos + SiNEcustom_spatial_bined,0.28545376313278814,0.8436855290303567,0.10562508207170282,0.8296239727508651,SiNEcustom_spatial_bined_dist,0.7088318
artificial_graph_sbmv_4_comuAndEmb_1_00_pos_0_00_5,1.0,5,GT_pos + SiNE_spatial,0.173095506995868,0.7645642990470576,0.04930401636904722,0.7542424037629757,SiNE_spatial_dist,0.6510026
artificial_graph_sbmv_4_comuAndEmb_1_00_pos_0_00_5,1.0,5,GT_pos + SiNE_spatial_bined,0.17870565462771806,0.771011396011396,0.05618522492123609,0.7405238970588235,SiNE_spatial_bined_dist,0.6711043
artificial_graph_sbmv_4_comuAndEmb_1_00_pos_0_00_5,1.0,5,GT_pos + deepwalk,0.3062715590824195,0.794785833578937,0.10846686317587063,0.7755564716695502,deepwalk_dist,0.69438744
artificial_graph_sbmv_4_comuAndEmb_0_90_pos_0_10_5,0.9,5,Inferred_Commu_normal,0.11767800635866604,0.6841244961934618,0.04419298024056803,0.7349803322809378,louvain_density,1.0
artificial_graph_sbmv_4_comuAndEmb_0_90_pos_0_10_5,0.9,5,Inferred_Commu_spatial_manuel_iter,0.14550313791634498,0.752474249888043,0.052219874896422436,0.7721281248382589,spatial_louvain_density,1.0
artificial_graph_sbmv_4_comuAndEmb_0_90_pos_0_10_5,0.9,5,Inferred_Commu_spatial_manuel_iter_old,0.2241992266317369,0.765461262875056,0.04534426155820062,0.7002604678846851,spatial_louvain_old_density,1.0
artificial_graph_sbmv_4_comuAndEmb_0_90_pos_0_10_5,0.9,5,Inferred_Commu_spatial_manuel_iter_bined,0.15809440247616782,0.7304970891177787,0.04717945129894412,0.7224404792712593,spatial_louvain_bined_density,1.0
artificial_graph_sbmv_4_comuAndEmb_0_90_pos_0_10_5,0.9,5,Inferred_Commu_spatial_manuel_iter_0_20,0.1907088678400009,0.7194357366771159,0.03953400307890162,0.6946906216034366,spatial_louvain_manualiter_0_20_density,1.0
artificial_graph_sbmv_4_comuAndEmb_0_90_pos_0_10_5,0.9,5,Inferred_Commu_spatial_manuel_iter_0_50,0.14400984544165918,0.7151477832512316,0.049917154229417685,0.7609151959008333,spatial_louvain_manualiter_0_50_density,1.0
artificial_graph_sbmv_4_comuAndEmb_0_90_pos_0_10_5,0.9,5,Inferred_Commu_spatial_manuel_iter_0_80,0.16575164482066082,0.7255150022391402,0.04819293056061453,0.7680572951710574,spatial_louvain_manualiter_0_80_density,1.0
artificial_graph_sbmv_4_comuAndEmb_0_90_pos_0_10_5,0.9,5,GT_pos,0.06800516583555072,0.4764554411106135,0.019365565975623958,0.4794989907354692,GT_pos_dist,1.0
artificial_graph_sbmv_4_comuAndEmb_0_90_pos_0_10_5,0.9,5,GT_pos + Inferred_Commu normal,0.14857836409028938,0.6414800716524854,0.0357930319196119,0.6868448838051862,louvain_density,0.8129277
artificial_graph_sbmv_4_comuAndEmb_0_90_pos_0_10_5,0.9,5,GT_pos + Inferred_Commu spatial manuel iter,0.1540584423964795,0.694256605463502,0.03736858857452548,0.7053660524817555,spatial_louvain_density,0.7884078
artificial_graph_sbmv_4_comuAndEmb_0_90_pos_0_10_5,0.9,5,GT_pos + Inferred_Commu spatial manuel iter old,0.18985120377942688,0.7014106583072099,0.04097824541110042,0.710210004658144,spatial_louvain_old_density,0.7557208
artificial_graph_sbmv_4_comuAndEmb_0_90_pos_0_10_5,0.9,5,GT_pos + Inferred_Commu spatial manuel iter bined,0.16291911833433664,0.6592252575011195,0.04008239522380491,0.6975337715439159,spatial_louvain_bined_density,0.75100887
artificial_graph_sbmv_4_comuAndEmb_0_90_pos_0_10_5,0.9,5,GT_pos + Inferred_Commu spatial manuel iter 0_20,0.21187955179904966,0.6961038961038961,0.04023008201930512,0.685450157859324,spatial_louvain_manualiter_0_20_density,0.76147866
artificial_graph_sbmv_4_comuAndEmb_0_90_pos_0_10_5,0.9,5,GT_pos + Inferred_Commu spatial manuel iter 0_50,0.14155170105040776,0.6500671742051053,0.04234450721432998,0.7020986232596655,spatial_louvain_manualiter_0_50_density,0.7523904
artificial_graph_sbmv_4_comuAndEmb_0_90_pos_0_10_5,0.9,5,GT_pos + Inferred_Commu spatial manuel iter 0_80,0.14348069227539234,0.6681370353784147,0.04226779434576809,0.7201863257595362,spatial_louvain_manualiter_0_80_density,0.71041685
artificial_graph_sbmv_4_comuAndEmb_0_90_pos_0_10_5,0.9,5,SiNEcustom_spatial,0.28442087905910113,0.7788065382892968,0.08445756477514843,0.7824945654986801,SiNEcustom_spatial_dist,1.0
artificial_graph_sbmv_4_comuAndEmb_0_90_pos_0_10_5,0.9,5,SiNEcustom_spatial_bined,0.2208405806892183,0.7101992834751456,0.10276821572223124,0.7867585787485122,SiNEcustom_spatial_bined_dist,1.0
artificial_graph_sbmv_4_comuAndEmb_0_90_pos_0_10_5,0.9,5,SiNE_spatial,0.1347406221345239,0.6667935512763099,0.04003561505141903,0.6829747425081518,SiNE_spatial_dist,1.0
artificial_graph_sbmv_4_comuAndEmb_0_90_pos_0_10_5,0.9,5,SiNE_spatial_bined,0.16528104103338703,0.6827138378862516,0.041211348687776816,0.6836676414264272,SiNE_spatial_bined_dist,1.0
artificial_graph_sbmv_4_comuAndEmb_0_90_pos_0_10_5,0.9,5,deepwalk,0.21478355111275485,0.6894760412001791,0.08711738627245305,0.7791245277159566,deepwalk_dist,1.0
artificial_graph_sbmv_4_comuAndEmb_0_90_pos_0_10_5,0.9,5,GT_pos + SiNEcustom_spatial,0.27928115631790423,0.776948051948052,0.07114516597685393,0.7554478287873299,SiNEcustom_spatial_dist,0.6915338
artificial_graph_sbmv_4_comuAndEmb_0_90_pos_0_10_5,0.9,5,GT_pos + SiNEcustom_spatial_bined,0.19452574696404168,0.682848186296462,0.06973541192897097,0.7530742456394597,SiNEcustom_spatial_bined_dist,0.67210907
artificial_graph_sbmv_4_comuAndEmb_0_90_pos_0_10_5,0.9,5,GT_pos + SiNE_spatial,0.1470675100232762,0.619346171070309,0.03228500829518321,0.6551900781533047,SiNE_spatial_dist,0.59756553
artificial_graph_sbmv_4_comuAndEmb_0_90_pos_0_10_5,0.9,5,GT_pos + SiNE_spatial_bined,0.154139695440409,0.6386699507389162,0.033759767629652646,0.645548755240412,SiNE_spatial_bined_dist,0.59796315
artificial_graph_sbmv_4_comuAndEmb_0_90_pos_0_10_5,0.9,5,GT_pos + deepwalk,0.18857962715261747,0.6602664576802508,0.06266634511751697,0.7350278194710419,deepwalk_dist,0.62005126
artificial_graph_sbmv_4_comuAndEmb_0_80_pos_0_20_5,0.8,5,Inferred_Commu_normal,0.15501909875723022,0.7462514557453417,0.03669778541483727,0.6554618524597062,louvain_density,1.0
artificial_graph_sbmv_4_comuAndEmb_0_80_pos_0_20_5,0.8,5,Inferred_Commu_spatial_manuel_iter,0.17780269404535062,0.7605905473602484,0.027385474182177003,0.6367122557477309,spatial_louvain_density,1.0
artificial_graph_sbmv_4_comuAndEmb_0_80_pos_0_20_5,0.8,5,Inferred_Commu_spatial_manuel_iter_old,0.14673193339936041,0.6940265916149069,0.0469877195098687,0.6746217509012611,spatial_louvain_old_density,1.0
artificial_graph_sbmv_4_comuAndEmb_0_80_pos_0_20_5,0.8,5,Inferred_Commu_spatial_manuel_iter_bined,0.18721294049301274,0.7420540566770186,0.043923675325638165,0.7109740633197268,spatial_louvain_bined_density,1.0
artificial_graph_sbmv_4_comuAndEmb_0_80_pos_0_20_5,0.8,5,Inferred_Commu_spatial_manuel_iter_0_20,0.12395844241943521,0.6281419836956522,0.041859170021119566,0.7115599882169761,spatial_louvain_manualiter_0_20_density,1.0
artificial_graph_sbmv_4_comuAndEmb_0_80_pos_0_20_5,0.8,5,Inferred_Commu_spatial_manuel_iter_0_50,0.1512500870831053,0.7201572204968943,0.0448514240214183,0.67702731136641,spatial_louvain_manualiter_0_50_density,1.0
artificial_graph_sbmv_4_comuAndEmb_0_80_pos_0_20_5,0.8,5,Inferred_Commu_spatial_manuel_iter_0_80,0.15337105908490936,0.6887009899068323,0.03484364200936328,0.525814641810097,spatial_louvain_manualiter_0_80_density,1.0
artificial_graph_sbmv_4_comuAndEmb_0_80_pos_0_20_5,0.8,5,GT_pos,0.09014129204157184,0.5483550077639752,0.02383726797041617,0.5456237287660087,GT_pos_dist,1.0
artificial_graph_sbmv_4_comuAndEmb_0_80_pos_0_20_5,0.8,5,GT_pos + Inferred_Commu normal,0.1566617367324306,0.7453658773291925,0.04008673854486415,0.6961942235127438,louvain_density,0.7997557
artificial_graph_sbmv_4_comuAndEmb_0_80_pos_0_20_5,0.8,5,GT_pos + Inferred_Commu spatial manuel iter,0.20626107266212773,0.7722971661490683,0.03864070123416834,0.6694574197982858,spatial_louvain_density,0.7244977
artificial_graph_sbmv_4_comuAndEmb_0_80_pos_0_20_5,0.8,5,GT_pos + Inferred_Commu spatial manuel iter old,0.16111473409608412,0.7361704192546585,0.041251817936210404,0.699928039388966,spatial_louvain_old_density,0.6957629
artificial_graph_sbmv_4_comuAndEmb_0_80_pos_0_20_5,0.8,5,GT_pos + Inferred_Commu spatial manuel iter bined,0.1799592885653184,0.7317910520186335,0.04097582413502444,0.7218720980796476,spatial_louvain_bined_density,0.6981541
artificial_graph_sbmv_4_comuAndEmb_0_80_pos_0_20_5,0.8,5,GT_pos + Inferred_Commu spatial manuel iter 0_20,0.14127800073457414,0.6837635869565218,0.04276299209637365,0.697820701651026,spatial_louvain_manualiter_0_20_density,0.6779254
artificial_graph_sbmv_4_comuAndEmb_0_80_pos_0_20_5,0.8,5,GT_pos + Inferred_Commu spatial manuel iter 0_50,0.18339677139325825,0.7202664013975154,0.05147781387639573,0.6602367826733437,spatial_louvain_manualiter_0_50_density,0.63996255
artificial_graph_sbmv_4_comuAndEmb_0_80_pos_0_20_5,0.8,5,GT_pos + Inferred_Commu spatial manuel iter 0_80,0.2177278639780942,0.7152683423913044,0.035136222160207745,0.6065092791314227,spatial_louvain_manualiter_0_80_density,0.75897944
artificial_graph_sbmv_4_comuAndEmb_0_80_pos_0_20_5,0.8,5,SiNEcustom_spatial,0.18564589892294373,0.7202421389751552,0.06341385400823638,0.7132633365596376,SiNEcustom_spatial_dist,1.0
artificial_graph_sbmv_4_comuAndEmb_0_80_pos_0_20_5,0.8,5,SiNEcustom_spatial_bined,0.18334483230341198,0.7189198369565218,0.07189731934560702,0.717606923929358,SiNEcustom_spatial_bined_dist,1.0
artificial_graph_sbmv_4_comuAndEmb_0_80_pos_0_20_5,0.8,5,SiNE_spatial,0.13217453661589085,0.6290882181677019,0.036112037737835764,0.6289656188191727,SiNE_spatial_dist,1.0
artificial_graph_sbmv_4_comuAndEmb_0_80_pos_0_20_5,0.8,5,SiNE_spatial_bined,0.09568977301474171,0.6200383346273293,0.03473180592779659,0.6227936988876265,SiNE_spatial_bined_dist,1.0
artificial_graph_sbmv_4_comuAndEmb_0_80_pos_0_20_5,0.8,5,deepwalk,0.21744604425123198,0.6226344138198757,0.05986300170116851,0.7057879897319362,deepwalk_dist,1.0
artificial_graph_sbmv_4_comuAndEmb_0_80_pos_0_20_5,0.8,5,GT_pos + SiNEcustom_spatial,0.20446982972274294,0.7275572593167702,0.05328098885850381,0.7251235113411606,SiNEcustom_spatial_dist,0.6606015
artificial_graph_sbmv_4_comuAndEmb_0_80_pos_0_20_5,0.8,5,GT_pos + SiNEcustom_spatial_bined,0.24497127392824944,0.7608089091614907,0.054020568042889974,0.7223584283690331,SiNEcustom_spatial_bined_dist,0.6373976
artificial_graph_sbmv_4_comuAndEmb_0_80_pos_0_20_5,0.8,5,GT_pos + SiNE_spatial,0.14302320243404185,0.6668405473602486,0.03535023492130724,0.6505723183099777,SiNE_spatial_dist,0.5638624
artificial_graph_sbmv_4_comuAndEmb_0_80_pos_0_20_5,0.8,5,GT_pos + SiNE_spatial_bined,0.09643496782489797,0.6116677989130435,0.03028828812053344,0.6185770595744084,SiNE_spatial_bined_dist,0.5740439
artificial_graph_sbmv_4_comuAndEmb_0_80_pos_0_20_5,0.8,5,GT_pos + deepwalk,0.17210427042197934,0.5966129658385093,0.04481645148466281,0.6806497496107394,deepwalk_dist,0.60274726
artificial_graph_sbmv_4_comuAndEmb_0_70_pos_0_30_5,0.7,5,Inferred_Commu_normal,0.13397916126681525,0.6782815096131023,0.04314956891294148,0.7106286756983826,louvain_density,1.0
artificial_graph_sbmv_4_comuAndEmb_0_70_pos_0_30_5,0.7,5,Inferred_Commu_spatial_manuel_iter,0.12038122887646448,0.6580821267505341,0.038477554013888034,0.6752005881117412,spatial_louvain_density,1.0
artificial_graph_sbmv_4_comuAndEmb_0_70_pos_0_30_5,0.7,5,Inferred_Commu_spatial_manuel_iter_old,0.11858316386798362,0.6533230477094707,0.038686053077069,0.6550532976265491,spatial_louvain_old_density,1.0
artificial_graph_sbmv_4_comuAndEmb_0_70_pos_0_30_5,0.7,5,Inferred_Commu_spatial_manuel_iter_bined,0.11718158712156196,0.6489081414668881,0.0420985513427723,0.7113631590002101,spatial_louvain_bined_density,1.0
artificial_graph_sbmv_4_comuAndEmb_0_70_pos_0_30_5,0.7,5,Inferred_Commu_spatial_manuel_iter_0_20,0.13839550006115459,0.6757654877759316,0.04196399245954352,0.6998660995589161,spatial_louvain_manualiter_0_20_density,1.0
artificial_graph_sbmv_4_comuAndEmb_0_70_pos_0_30_5,0.7,5,Inferred_Commu_spatial_manuel_iter_0_50,0.12985717398371277,0.6342036553524804,0.037157162696975825,0.6404413463558077,spatial_louvain_manualiter_0_50_density,1.0
artificial_graph_sbmv_4_comuAndEmb_0_70_pos_0_30_5,0.7,5,Inferred_Commu_spatial_manuel_iter_0_80,0.1325171897688319,0.6352361737479231,0.03972867514350666,0.6754519796261289,spatial_louvain_manualiter_0_80_density,1.0
artificial_graph_sbmv_4_comuAndEmb_0_70_pos_0_30_5,0.7,5,GT_pos,0.1287723770427131,0.6073819131260384,0.03139430430550843,0.6073145085066163,GT_pos_dist,1.0
artificial_graph_sbmv_4_comuAndEmb_0_70_pos_0_30_5,0.7,5,GT_pos + Inferred_Commu normal,0.16593234009430743,0.7080821267505341,0.044809186205770846,0.7180556868304978,louvain_density,0.62347364
artificial_graph_sbmv_4_comuAndEmb_0_70_pos_0_30_5,0.7,5,GT_pos + Inferred_Commu spatial manuel iter,0.15440979438561664,0.7050439117018751,0.04800991964305741,0.7133136420919974,spatial_louvain_density,0.59762067
artificial_graph_sbmv_4_comuAndEmb_0_70_pos_0_30_5,0.7,5,GT_pos + Inferred_Commu spatial manuel iter old,0.1383276170916738,0.7103963921196297,0.044288582105168284,0.6873151648813275,spatial_louvain_old_density,0.56262296
artificial_graph_sbmv_4_comuAndEmb_0_70_pos_0_30_5,0.7,5,GT_pos + Inferred_Commu spatial manuel iter bined,0.13087847154795723,0.6809399477806788,0.04253916551038541,0.7020969859273261,spatial_louvain_bined_density,0.5900624
artificial_graph_sbmv_4_comuAndEmb_0_70_pos_0_30_5,0.7,5,GT_pos + Inferred_Commu spatial manuel iter 0_20,0.15362254268774006,0.7042606218846428,0.03952620240519972,0.7007867307288385,spatial_louvain_manualiter_0_20_density,0.61066353
artificial_graph_sbmv_4_comuAndEmb_0_70_pos_0_30_5,0.7,5,GT_pos + Inferred_Commu spatial manuel iter 0_50,0.14013187887140666,0.6867671492997863,0.04219545213305733,0.6819290852762026,spatial_louvain_manualiter_0_50_density,0.55125356
artificial_graph_sbmv_4_comuAndEmb_0_70_pos_0_30_5,0.7,5,GT_pos + Inferred_Commu spatial manuel iter 0_80,0.1627786703804049,0.7098623308806077,0.04285613680845456,0.6872240600714137,spatial_louvain_manualiter_0_80_density,0.5299029
artificial_graph_sbmv_4_comuAndEmb_0_70_pos_0_30_5,0.7,5,SiNEcustom_spatial,0.16895138267423448,0.6399833847614527,0.05004039268291036,0.6662093047679059,SiNEcustom_spatial_dist,1.0
artificial_graph_sbmv_4_comuAndEmb_0_70_pos_0_30_5,0.7,5,SiNEcustom_spatial_bined,0.12799975335238997,0.6086755281272254,0.05630501903211268,0.6770597038437303,SiNEcustom_spatial_bined_dist,1.0
artificial_graph_sbmv_4_comuAndEmb_0_70_pos_0_30_5,0.7,5,SiNE_spatial,0.15654405246753195,0.6259079041063376,0.028024606041825086,0.5747413883637891,SiNE_spatial_dist,1.0
artificial_graph_sbmv_4_comuAndEmb_0_70_pos_0_30_5,0.7,5,SiNE_spatial_bined,0.12435408435848137,0.57129124139568,0.02358719057967235,0.5665310596513338,SiNE_spatial_bined_dist,1.0
artificial_graph_sbmv_4_comuAndEmb_0_70_pos_0_30_5,0.7,5,deepwalk,0.09443842837959948,0.610776169000712,0.03369557306607082,0.6398447017433312,deepwalk_dist,1.0
artificial_graph_sbmv_4_comuAndEmb_0_70_pos_0_30_5,0.7,5,GT_pos + SiNEcustom_spatial,0.16874609008808134,0.7275694279610728,0.04896227616275774,0.7109303455156479,SiNEcustom_spatial_dist,0.52995396
artificial_graph_sbmv_4_comuAndEmb_0_70_pos_0_30_5,0.7,5,GT_pos + SiNEcustom_spatial_bined,0.16773161205835235,0.7219558509375743,0.05509834516966351,0.7281550619617727,SiNEcustom_spatial_bined_dist,0.5285576
artificial_graph_sbmv_4_comuAndEmb_0_70_pos_0_30_5,0.7,5,GT_pos + SiNE_spatial,0.16110121983935533,0.6467718965107999,0.03318655050259285,0.6268286599453896,GT_pos_dist,0.5195887
artificial_graph_sbmv_4_comuAndEmb_0_70_pos_0_30_5,0.7,5,GT_pos + SiNE_spatial_bined,0.13765373902884523,0.6739615475907903,0.02789617062087067,0.6113680161730729,SiNE_spatial_bined_dist,0.5012871
artificial_graph_sbmv_4_comuAndEmb_0_70_pos_0_30_5,0.7,5,GT_pos + deepwalk,0.14320642371283063,0.6811891763588891,0.03289917634691574,0.651055056710775,deepwalk_dist,0.53029346
artificial_graph_sbmv_4_comuAndEmb_0_60_pos_0_40_5,0.6,5,Inferred_Commu_normal,0.08795910953642391,0.5658831908831908,0.03212455339957612,0.6444497458910035,louvain_density,1.0
artificial_graph_sbmv_4_comuAndEmb_0_60_pos_0_40_5,0.6,5,Inferred_Commu_spatial_manuel_iter,0.0904961576143383,0.5758915414087827,0.0298284320627564,0.6172149383650518,spatial_louvain_density,1.0
artificial_graph_sbmv_4_comuAndEmb_0_60_pos_0_40_5,0.6,5,Inferred_Commu_spatial_manuel_iter_old,0.0966069157722654,0.6026746242263483,0.03318742195879733,0.6682373215830449,spatial_louvain_old_density,1.0
artificial_graph_sbmv_4_comuAndEmb_0_60_pos_0_40_5,0.6,5,Inferred_Commu_spatial_manuel_iter_bined,0.09881232504361118,0.6333505255919049,0.031806730386678854,0.6380306552768166,spatial_louvain_bined_density,1.0
artificial_graph_sbmv_4_comuAndEmb_0_60_pos_0_40_5,0.6,5,Inferred_Commu_spatial_manuel_iter_0_20,0.08797676183059017,0.6173126043815699,0.03229475693766967,0.6719373107698962,spatial_louvain_manualiter_0_20_density,1.0
artificial_graph_sbmv_4_comuAndEmb_0_60_pos_0_40_5,0.6,5,Inferred_Commu_spatial_manuel_iter_0_50,0.08816952619387171,0.6028097062579821,0.033503804912868806,0.6632621918252595,spatial_louvain_manualiter_0_50_density,1.0
artificial_graph_sbmv_4_comuAndEmb_0_60_pos_0_40_5,0.6,5,Inferred_Commu_spatial_manuel_iter_0_80,0.10660636999040721,0.5874471952058159,0.031486731400246354,0.6412095858564014,spatial_louvain_manualiter_0_80_density,1.0
artificial_graph_sbmv_4_comuAndEmb_0_60_pos_0_40_5,0.6,5,GT_pos,0.11933064177989505,0.6500884173297966,0.04510074193959535,0.6631559526384083,GT_pos_dist,1.0
artificial_graph_sbmv_4_comuAndEmb_0_60_pos_0_40_5,0.6,5,GT_pos + Inferred_Commu normal,0.1126562115565291,0.6528514588859415,0.04662855256401338,0.6808092290224914,GT_pos_dist,0.56179523
artificial_graph_sbmv_4_comuAndEmb_0_60_pos_0_40_5,0.6,5,GT_pos + Inferred_Commu spatial manuel iter,0.10588823332100314,0.6606493761666176,0.04432457448165623,0.7044758326124568,spatial_louvain_density,0.51621246
artificial_graph_sbmv_4_comuAndEmb_0_60_pos_0_40_5,0.6,5,GT_pos + Inferred_Commu spatial manuel iter old,0.12156356220968319,0.72561155319776,0.04897479177316022,0.7251962586505191,spatial_louvain_old_density,0.5576431
artificial_graph_sbmv_4_comuAndEmb_0_60_pos_0_40_5,0.6,5,GT_pos + Inferred_Commu spatial manuel iter bined,0.12419584241276538,0.725144906179389,0.05337978665095419,0.7329386083477509,spatial_louvain_bined_density,0.5477323
artificial_graph_sbmv_4_comuAndEmb_0_60_pos_0_40_5,0.6,5,GT_pos + Inferred_Commu spatial manuel iter 0_20,0.12991756926719514,0.6862167206994794,0.042740286354196855,0.714289981617647,spatial_louvain_manualiter_0_20_density,0.5392351
artificial_graph_sbmv_4_comuAndEmb_0_60_pos_0_40_5,0.6,5,GT_pos + Inferred_Commu spatial manuel iter 0_50,0.12905624882054822,0.6868061695647902,0.04910581623330495,0.7242809256055364,spatial_louvain_manualiter_0_50_density,0.54162955
artificial_graph_sbmv_4_comuAndEmb_0_60_pos_0_40_5,0.6,5,GT_pos + Inferred_Commu spatial manuel iter 0_80,0.12254997340706619,0.6696384713626093,0.05281984158709454,0.7107117755190311,GT_pos_dist,0.50963
artificial_graph_sbmv_4_comuAndEmb_0_60_pos_0_40_5,0.6,5,SiNEcustom_spatial,0.1232993418038599,0.656560074663523,0.03752241502215266,0.6338213667820068,SiNEcustom_spatial_dist,1.0
artificial_graph_sbmv_4_comuAndEmb_0_60_pos_0_40_5,0.6,5,SiNEcustom_spatial_bined,0.11167158575540084,0.6121549268100992,0.046528879961144194,0.6571123486159169,SiNEcustom_spatial_bined_dist,1.0
artificial_graph_sbmv_4_comuAndEmb_0_60_pos_0_40_5,0.6,5,SiNE_spatial,0.1002792767931962,0.5991133706650948,0.028149530429496264,0.6110933445069204,SiNE_spatial_dist,1.0
artificial_graph_sbmv_4_comuAndEmb_0_60_pos_0_40_5,0.6,5,SiNE_spatial_bined,0.13823925960011668,0.6914603595638079,0.023805421759470403,0.5708992484861592,SiNE_spatial_bined_dist,1.0
artificial_graph_sbmv_4_comuAndEmb_0_60_pos_0_40_5,0.6,5,deepwalk,0.12390216803149742,0.6219176736418116,0.0387128556769578,0.6506783899221453,deepwalk_dist,1.0
artificial_graph_sbmv_4_comuAndEmb_0_60_pos_0_40_5,0.6,5,GT_pos + SiNEcustom_spatial,0.1487438091071219,0.6980425385597799,0.044696533130702557,0.6991905006487888,GT_pos_dist,0.5151778
artificial_graph_sbmv_4_comuAndEmb_0_60_pos_0_40_5,0.6,5,GT_pos + SiNEcustom_spatial_bined,0.1574441008045182,0.6996880833087729,0.05116690559738912,0.7359233077422145,GT_pos_dist,0.52788955
artificial_graph_sbmv_4_comuAndEmb_0_60_pos_0_40_5,0.6,5,GT_pos + SiNE_spatial,0.1262414164954344,0.6566091954022988,0.045259921052414415,0.6984350670415225,GT_pos_dist,0.59823364
artificial_graph_sbmv_4_comuAndEmb_0_60_pos_0_40_5,0.6,5,GT_pos + SiNE_spatial_bined,0.11944972497578495,0.6669245505452401,0.03594387999889628,0.681041982050173,GT_pos_dist,0.5657309
artificial_graph_sbmv_4_comuAndEmb_0_60_pos_0_40_5,0.6,5,GT_pos + deepwalk,0.15292864666802275,0.6754101581687788,0.044744518160861,0.7092870080017302,GT_pos_dist,0.5472308
artificial_graph_sbmv_4_comuAndEmb_0_50_pos_0_50_5,0.5,5,Inferred_Commu_normal,0.10376442288567658,0.5955757548686796,0.03423040857529789,0.6324692602040817,louvain_density,1.0
artificial_graph_sbmv_4_comuAndEmb_0_50_pos_0_50_5,0.5,5,Inferred_Commu_spatial_manuel_iter,0.08163291956770724,0.49768849383598357,0.02665780272776773,0.5984081632653061,spatial_louvain_density,1.0
artificial_graph_sbmv_4_comuAndEmb_0_50_pos_0_50_5,0.5,5,Inferred_Commu_spatial_manuel_iter_old,0.10641656808750494,0.5980882615686975,0.02758040807260373,0.6033198979591836,spatial_louvain_old_density,1.0
artificial_graph_sbmv_4_comuAndEmb_0_50_pos_0_50_5,0.5,5,Inferred_Commu_spatial_manuel_iter_bined,0.10225927508107432,0.5856597284259424,0.02951765422846384,0.6044397959183674,spatial_louvain_bined_density,1.0
artificial_graph_sbmv_4_comuAndEmb_0_50_pos_0_50_5,0.5,5,Inferred_Commu_spatial_manuel_iter_0_20,0.10237553310744622,0.5977309272824727,0.027719156704722116,0.5847008928571428,spatial_louvain_manualiter_0_20_density,1.0
artificial_graph_sbmv_4_comuAndEmb_0_50_pos_0_50_5,0.5,5,Inferred_Commu_spatial_manuel_iter_0_50,0.10648750715952161,0.5865418974450598,0.02588086863885302,0.5189776785714285,spatial_louvain_manualiter_0_50_density,1.0
artificial_graph_sbmv_4_comuAndEmb_0_50_pos_0_50_5,0.5,5,Inferred_Commu_spatial_manuel_iter_0_80,0.08730481720813711,0.5760117026978738,0.020609388987313036,0.5233105867346939,spatial_louvain_manualiter_0_80_density,1.0
artificial_graph_sbmv_4_comuAndEmb_0_50_pos_0_50_5,0.5,5,GT_pos,0.18894816314820648,0.6867071645524387,0.04077686382481899,0.6548463010204082,GT_pos_dist,1.0
artificial_graph_sbmv_4_comuAndEmb_0_50_pos_0_50_5,0.5,5,GT_pos + Inferred_Commu normal,0.14910706802009727,0.6815034840092907,0.03901275053061709,0.6470674744897958,GT_pos_dist,0.599621
artificial_graph_sbmv_4_comuAndEmb_0_50_pos_0_50_5,0.5,5,GT_pos + Inferred_Commu spatial manuel iter,0.14812582920859535,0.6639941039842773,0.040451265200639984,0.6706417091836735,GT_pos_dist,0.5767332
artificial_graph_sbmv_4_comuAndEmb_0_50_pos_0_50_5,0.5,5,GT_pos + Inferred_Commu spatial manuel iter old,0.17632162678307003,0.7167790780775416,0.04307176531785985,0.698748469387755,GT_pos_dist,0.59339666
artificial_graph_sbmv_4_comuAndEmb_0_50_pos_0_50_5,0.5,5,GT_pos + Inferred_Commu spatial manuel iter bined,0.14209604998569564,0.6965673575129534,0.03530589114052276,0.6673892857142857,GT_pos_dist,0.51666653
artificial_graph_sbmv_4_comuAndEmb_0_50_pos_0_50_5,0.5,5,GT_pos + Inferred_Commu spatial manuel iter 0_20,0.1761941581010568,0.7024187064498839,0.03291637198355076,0.6441619897959184,GT_pos_dist,0.55896604
artificial_graph_sbmv_4_comuAndEmb_0_50_pos_0_50_5,0.5,5,GT_pos + Inferred_Commu spatial manuel iter 0_50,0.13702830412603223,0.6935076826871538,0.039054842249665364,0.6649177295918367,GT_pos_dist,0.5262002
artificial_graph_sbmv_4_comuAndEmb_0_50_pos_0_50_5,0.5,5,GT_pos + Inferred_Commu spatial manuel iter 0_80,0.14763892833446912,0.6917768447382526,0.03513497773225733,0.6553053571428571,GT_pos_dist,0.55999875
artificial_graph_sbmv_4_comuAndEmb_0_50_pos_0_50_5,0.5,5,SiNEcustom_spatial,0.08798269754034715,0.5762127032338753,0.03489613676197906,0.633025,SiNEcustom_spatial_dist,1.0
artificial_graph_sbmv_4_comuAndEmb_0_50_pos_0_50_5,0.5,5,SiNEcustom_spatial_bined,0.10097887926650628,0.6205891549044131,0.028870155954679715,0.5797211734693877,SiNEcustom_spatial_bined_dist,1.0
artificial_graph_sbmv_4_comuAndEmb_0_50_pos_0_50_5,0.5,5,SiNE_spatial,0.09038152892969091,0.6078256208683223,0.027898501117781877,0.6093974489795918,SiNE_spatial_dist,1.0
artificial_graph_sbmv_4_comuAndEmb_0_50_pos_0_50_5,0.5,5,SiNE_spatial_bined,0.10694830491856251,0.5579886546364123,0.029607377639918078,0.622832780612245,SiNE_spatial_bined_dist,1.0
artificial_graph_sbmv_4_comuAndEmb_0_50_pos_0_50_5,0.5,5,deepwalk,0.1008511348260299,0.585458727889941,0.027939656431253228,0.6057292091836735,deepwalk_dist,1.0
artificial_graph_sbmv_4_comuAndEmb_0_50_pos_0_50_5,0.5,5,GT_pos + SiNEcustom_spatial,0.1948684184271157,0.6950710201893872,0.03854828389142037,0.6851514030612245,GT_pos_dist,0.5990484
artificial_graph_sbmv_4_comuAndEmb_0_50_pos_0_50_5,0.5,5,GT_pos + SiNEcustom_spatial_bined,0.1563675714299633,0.7115307307486154,0.04482579926938092,0.6861242346938775,GT_pos_dist,0.583009
artificial_graph_sbmv_4_comuAndEmb_0_50_pos_0_50_5,0.5,5,GT_pos + SiNE_spatial,0.15989214440444516,0.6863163301768803,0.037057353124600484,0.6754354591836734,GT_pos_dist,0.58588177
artificial_graph_sbmv_4_comuAndEmb_0_50_pos_0_50_5,0.5,5,GT_pos + SiNE_spatial_bined,0.1840352992962166,0.6770256387350366,0.04238771772693839,0.6876567602040816,GT_pos_dist,0.5927384
artificial_graph_sbmv_4_comuAndEmb_0_50_pos_0_50_5,0.5,5,GT_pos + deepwalk,0.15177181243334087,0.6975723601929606,0.03944061823624084,0.6485829081632652,GT_pos_dist,0.59156954
artificial_graph_sbmv_4_comuAndEmb_0_40_pos_0_60_5,0.3999999999999999,5,Inferred_Commu_normal,0.10516455564361182,0.635463194568519,0.037353293188407556,0.6882183673469388,louvain_density,1.0
artificial_graph_sbmv_4_comuAndEmb_0_40_pos_0_60_5,0.3999999999999999,5,Inferred_Commu_spatial_manuel_iter,0.0993335918044659,0.6370153653743076,0.02889259677770975,0.610176913265306,spatial_louvain_density,1.0
artificial_graph_sbmv_4_comuAndEmb_0_40_pos_0_60_5,0.3999999999999999,5,Inferred_Commu_spatial_manuel_iter_old,0.0705401096411288,0.4930208147221726,0.028106242308047893,0.6074794642857144,spatial_louvain_old_density,1.0
artificial_graph_sbmv_4_comuAndEmb_0_40_pos_0_60_5,0.3999999999999999,5,Inferred_Commu_spatial_manuel_iter_bined,0.1363436471019746,0.6547034125424335,0.025237820461264063,0.5624500000000001,spatial_louvain_bined_density,1.0
artificial_graph_sbmv_4_comuAndEmb_0_40_pos_0_60_5,0.3999999999999999,5,Inferred_Commu_spatial_manuel_iter_0_20,0.10574719166373318,0.6123481329283544,0.04177580534649693,0.6958496173469387,spatial_louvain_manualiter_0_20_density,1.0
artificial_graph_sbmv_4_comuAndEmb_0_40_pos_0_60_5,0.3999999999999999,5,Inferred_Commu_spatial_manuel_iter_0_50,0.1268354672916236,0.6290200107200286,0.022992380250638544,0.5541779336734693,spatial_louvain_manualiter_0_50_density,1.0
artificial_graph_sbmv_4_comuAndEmb_0_40_pos_0_60_5,0.3999999999999999,5,Inferred_Commu_spatial_manuel_iter_0_80,0.10288292417202538,0.5627456673217797,0.024141808624166136,0.5609042091836735,spatial_louvain_manualiter_0_80_density,1.0
artificial_graph_sbmv_4_comuAndEmb_0_40_pos_0_60_5,0.3999999999999999,5,GT_pos,0.1456865781671236,0.6722686260496695,0.08652541445978215,0.7606929846938775,GT_pos_dist,1.0
artificial_graph_sbmv_4_comuAndEmb_0_40_pos_0_60_5,0.3999999999999999,5,GT_pos + Inferred_Commu normal,0.13710680448430596,0.6866513310702161,0.0756731056143834,0.7433396683673469,GT_pos_dist,0.72640336
artificial_graph_sbmv_4_comuAndEmb_0_40_pos_0_60_5,0.3999999999999999,5,GT_pos + Inferred_Commu spatial manuel iter,0.19681247155174064,0.7068183848490264,0.07912851127766708,0.7729854591836735,GT_pos_dist,0.6292936
artificial_graph_sbmv_4_comuAndEmb_0_40_pos_0_60_5,0.3999999999999999,5,GT_pos + Inferred_Commu spatial manuel iter old,0.15465160635678102,0.6927595140253708,0.06698371341768164,0.7283267857142857,GT_pos_dist,0.6598368
artificial_graph_sbmv_4_comuAndEmb_0_40_pos_0_60_5,0.3999999999999999,5,GT_pos + Inferred_Commu spatial manuel iter bined,0.15462182933067423,0.7293527782740754,0.07889028171727243,0.7659382653061224,GT_pos_dist,0.6070788
artificial_graph_sbmv_4_comuAndEmb_0_40_pos_0_60_5,0.3999999999999999,5,GT_pos + Inferred_Commu spatial manuel iter 0_20,0.13752673982529853,0.6734857959621225,0.06944895633372755,0.7404485969387755,GT_pos_dist,0.6728915
artificial_graph_sbmv_4_comuAndEmb_0_40_pos_0_60_5,0.3999999999999999,5,GT_pos + Inferred_Commu spatial manuel iter 0_50,0.20013237512372142,0.7234344291584778,0.07230899696960794,0.7360477040816327,GT_pos_dist,0.66996986
artificial_graph_sbmv_4_comuAndEmb_0_40_pos_0_60_5,0.3999999999999999,5,GT_pos + Inferred_Commu spatial manuel iter 0_80,0.15622332712644166,0.686048329462212,0.06086191672145533,0.7381207908163265,GT_pos_dist,0.660278
artificial_graph_sbmv_4_comuAndEmb_0_40_pos_0_60_5,0.3999999999999999,5,SiNEcustom_spatial,0.11309252885829689,0.6158321422190459,0.030761744225129714,0.6146556122448981,SiNEcustom_spatial_dist,1.0
artificial_graph_sbmv_4_comuAndEmb_0_40_pos_0_60_5,0.3999999999999999,5,SiNEcustom_spatial_bined,0.13489339162783187,0.6288860103626943,0.025298824610196523,0.5779764030612244,SiNEcustom_spatial_bined_dist,1.0
artificial_graph_sbmv_4_comuAndEmb_0_40_pos_0_60_5,0.3999999999999999,5,SiNE_spatial,0.08507921400818219,0.5817625513668037,0.029739563980321723,0.6142692602040817,SiNE_spatial_dist,1.0
artificial_graph_sbmv_4_comuAndEmb_0_40_pos_0_60_5,0.3999999999999999,5,SiNE_spatial_bined,0.11149209676629195,0.572304359478292,0.024981143354998868,0.5878227040816326,SiNE_spatial_bined_dist,1.0
artificial_graph_sbmv_4_comuAndEmb_0_40_pos_0_60_5,0.3999999999999999,5,deepwalk,0.10263244045473806,0.6292321779524744,0.03341501335744565,0.6270012755102041,deepwalk_dist,1.0
artificial_graph_sbmv_4_comuAndEmb_0_40_pos_0_60_5,0.3999999999999999,5,GT_pos + SiNEcustom_spatial,0.17405927766820223,0.6814588172235125,0.07156212727860478,0.7493155612244897,GT_pos_dist,0.64814925
artificial_graph_sbmv_4_comuAndEmb_0_40_pos_0_60_5,0.3999999999999999,5,GT_pos + SiNEcustom_spatial_bined,0.14149496845276363,0.6896328390209041,0.06737910174439982,0.7460205357142857,GT_pos_dist,0.64203846
artificial_graph_sbmv_4_comuAndEmb_0_40_pos_0_60_5,0.3999999999999999,5,GT_pos + SiNE_spatial,0.14982573167042276,0.6701022869394317,0.07444475321079001,0.7646661989795919,GT_pos_dist,0.6304118
artificial_graph_sbmv_4_comuAndEmb_0_40_pos_0_60_5,0.3999999999999999,5,GT_pos + SiNE_spatial_bined,0.1330821627159425,0.6490753975343935,0.06577139732812369,0.7463724489795918,GT_pos_dist,0.6616251
artificial_graph_sbmv_4_comuAndEmb_0_40_pos_0_60_5,0.3999999999999999,5,GT_pos + deepwalk,0.13467000833695025,0.6639829372878328,0.06020249480592761,0.7164099489795919,GT_pos_dist,0.6525524
artificial_graph_sbmv_4_comuAndEmb_0_30_pos_0_70_5,0.29999999999999993,5,Inferred_Commu_normal,0.1423102440792497,0.7308060713233128,0.04209639283195199,0.7233117971453287,louvain_density,1.0
artificial_graph_sbmv_4_comuAndEmb_0_30_pos_0_70_5,0.29999999999999993,5,Inferred_Commu_spatial_manuel_iter,0.07595096036196627,0.5579010708321053,0.019383005919629718,0.5053395328719723,spatial_louvain_density,1.0
artificial_graph_sbmv_4_comuAndEmb_0_30_pos_0_70_5,0.29999999999999993,5,Inferred_Commu_spatial_manuel_iter_old,0.07143608801198915,0.4783254740151292,0.02056657871223881,0.49355995891003457,spatial_louvain_old_density,1.0
artificial_graph_sbmv_4_comuAndEmb_0_30_pos_0_70_5,0.29999999999999993,5,Inferred_Commu_spatial_manuel_iter_bined,0.08162324014566494,0.5362756655860104,0.019730977766602167,0.48561188905709346,spatial_louvain_bined_density,1.0
artificial_graph_sbmv_4_comuAndEmb_0_30_pos_0_70_5,0.29999999999999993,5,Inferred_Commu_spatial_manuel_iter_0_20,0.14836331379009682,0.7155418017486983,0.043299989442676746,0.7288413711072664,spatial_louvain_manualiter_0_20_density,1.0
artificial_graph_sbmv_4_comuAndEmb_0_30_pos_0_70_5,0.29999999999999993,5,Inferred_Commu_spatial_manuel_iter_0_50,0.1372773933948941,0.7171873464976914,0.02346517116959646,0.5511959342560553,spatial_louvain_manualiter_0_50_density,1.0
artificial_graph_sbmv_4_comuAndEmb_0_30_pos_0_70_5,0.29999999999999993,5,Inferred_Commu_spatial_manuel_iter_0_80,0.07952744478969,0.587999803517045,0.023464773711058443,0.5538166360294118,spatial_louvain_manualiter_0_80_density,1.0
artificial_graph_sbmv_4_comuAndEmb_0_30_pos_0_70_5,0.29999999999999993,5,GT_pos,0.21817625385688427,0.7401881324295119,0.09515996629726581,0.7787075583910035,GT_pos_dist,1.0
artificial_graph_sbmv_4_comuAndEmb_0_30_pos_0_70_5,0.29999999999999993,5,GT_pos + Inferred_Commu normal,0.20231719003093102,0.7400039296591021,0.07722195073056333,0.7674875648788928,GT_pos_dist,0.6422956
artificial_graph_sbmv_4_comuAndEmb_0_30_pos_0_70_5,0.29999999999999993,5,GT_pos + Inferred_Commu spatial manuel iter,0.21799183708024694,0.7503561253561253,0.07347932331848185,0.7480106509515572,GT_pos_dist,0.66220206
artificial_graph_sbmv_4_comuAndEmb_0_30_pos_0_70_5,0.29999999999999993,5,GT_pos + Inferred_Commu spatial manuel iter old,0.23069225954260003,0.7511543373612339,0.06839185398264472,0.7373929498269896,GT_pos_dist,0.6735444
artificial_graph_sbmv_4_comuAndEmb_0_30_pos_0_70_5,0.29999999999999993,5,GT_pos + Inferred_Commu spatial manuel iter bined,0.19476143431044596,0.7303394243049416,0.06717054217682294,0.7373117160467129,GT_pos_dist,0.6413792
artificial_graph_sbmv_4_comuAndEmb_0_30_pos_0_70_5,0.29999999999999993,5,GT_pos + Inferred_Commu spatial manuel iter 0_20,0.196453528935668,0.7328323017978191,0.07035414065778375,0.7393683769463668,GT_pos_dist,0.67176867
artificial_graph_sbmv_4_comuAndEmb_0_30_pos_0_70_5,0.29999999999999993,5,GT_pos + Inferred_Commu spatial manuel iter 0_50,0.22649416147049306,0.7517315060418508,0.07518596292418929,0.761775383866782,GT_pos_dist,0.62113875
artificial_graph_sbmv_4_comuAndEmb_0_30_pos_0_70_5,0.29999999999999993,5,GT_pos + Inferred_Commu spatial manuel iter 0_80,0.22147542942740084,0.7437002652519893,0.07174444629256407,0.7351782817906574,GT_pos_dist,0.6482676
artificial_graph_sbmv_4_comuAndEmb_0_30_pos_0_70_5,0.29999999999999993,5,SiNEcustom_spatial,0.08136979154314922,0.561450044208665,0.027319647692923776,0.609362294550173,SiNEcustom_spatial_dist,1.0
artificial_graph_sbmv_4_comuAndEmb_0_30_pos_0_70_5,0.29999999999999993,5,SiNEcustom_spatial_bined,0.08547428717968518,0.5404140878278809,0.025914850622736102,0.5931225670415226,SiNEcustom_spatial_bined_dist,1.0
artificial_graph_sbmv_4_comuAndEmb_0_30_pos_0_70_5,0.29999999999999993,5,SiNE_spatial,0.089785707707966,0.5505329600157187,0.03344815403868583,0.6129079260380623,SiNE_spatial_dist,1.0
artificial_graph_sbmv_4_comuAndEmb_0_30_pos_0_70_5,0.29999999999999993,5,SiNE_spatial_bined,0.10673061455911485,0.6444763729246488,0.02964691217609374,0.6177711397058824,SiNE_spatial_bined_dist,1.0
artificial_graph_sbmv_4_comuAndEmb_0_30_pos_0_70_5,0.29999999999999993,5,deepwalk,0.14008795727699971,0.6454219471460851,0.043660406190245186,0.6858854617214534,deepwalk_dist,1.0
artificial_graph_sbmv_4_comuAndEmb_0_30_pos_0_70_5,0.29999999999999993,5,GT_pos + SiNEcustom_spatial,0.237925800742912,0.7398074467039985,0.07403941871934644,0.749123188797578,GT_pos_dist,0.6545995
artificial_graph_sbmv_4_comuAndEmb_0_30_pos_0_70_5,0.29999999999999993,5,GT_pos + SiNEcustom_spatial_bined,0.2664934655848576,0.7237818056783574,0.06884226366386374,0.7604925389273357,GT_pos_dist,0.68066543
artificial_graph_sbmv_4_comuAndEmb_0_30_pos_0_70_5,0.29999999999999993,5,GT_pos + SiNE_spatial,0.18351352129787732,0.6829747519402691,0.07665938569410163,0.767621107266436,GT_pos_dist,0.64207834
artificial_graph_sbmv_4_comuAndEmb_0_30_pos_0_70_5,0.29999999999999993,5,GT_pos + SiNE_spatial_bined,0.20660188646593722,0.7264957264957266,0.08212470241567958,0.773292063148789,GT_pos_dist,0.6347655
artificial_graph_sbmv_4_comuAndEmb_0_30_pos_0_70_5,0.29999999999999993,5,GT_pos + deepwalk,0.19623593105220413,0.7209450830140485,0.0671267771301822,0.7422745458477509,GT_pos_dist,0.6555681
artificial_graph_sbmv_4_comuAndEmb_0_20_pos_0_80_5,0.19999999999999996,5,Inferred_Commu_normal,0.19559314621132007,0.8055744854845306,0.05219983006631698,0.7336327933884299,louvain_density,1.0
artificial_graph_sbmv_4_comuAndEmb_0_20_pos_0_80_5,0.19999999999999996,5,Inferred_Commu_spatial_manuel_iter,0.09492601731268317,0.5880696015628549,0.017892419020538043,0.461020694214876,spatial_louvain_density,1.0
artificial_graph_sbmv_4_comuAndEmb_0_20_pos_0_80_5,0.19999999999999996,5,Inferred_Commu_spatial_manuel_iter_old,0.0729525583082616,0.4827586206896552,0.019778739929557462,0.5055746115702479,spatial_louvain_old_density,1.0
artificial_graph_sbmv_4_comuAndEmb_0_20_pos_0_80_5,0.19999999999999996,5,Inferred_Commu_spatial_manuel_iter_bined,0.08678631599769984,0.5631502430602882,0.018774680006654124,0.48949395041322313,spatial_louvain_bined_density,1.0
artificial_graph_sbmv_4_comuAndEmb_0_20_pos_0_80_5,0.19999999999999996,5,Inferred_Commu_spatial_manuel_iter_0_20,0.20828110941610428,0.7806096951524238,0.02540768769093865,0.5848371570247933,spatial_louvain_manualiter_0_20_density,1.0
artificial_graph_sbmv_4_comuAndEmb_0_20_pos_0_80_5,0.19999999999999996,5,Inferred_Commu_spatial_manuel_iter_0_50,0.1300423630370372,0.6470969060924083,0.03707295902699854,0.6812629421487604,spatial_louvain_manualiter_0_50_density,1.0
artificial_graph_sbmv_4_comuAndEmb_0_20_pos_0_80_5,0.19999999999999996,5,Inferred_Commu_spatial_manuel_iter_0_80,0.08380111969929935,0.5479987279087728,0.01814212410078102,0.4524887272727274,spatial_louvain_manualiter_0_80_density,1.0
artificial_graph_sbmv_4_comuAndEmb_0_20_pos_0_80_5,0.19999999999999996,5,GT_pos,0.25448955784265453,0.7853913952114852,0.08419830412436212,0.7761650247933884,GT_pos_dist,1.0
artificial_graph_sbmv_4_comuAndEmb_0_20_pos_0_80_5,0.19999999999999996,5,GT_pos + Inferred_Commu normal,0.24474086936056189,0.7719094997955567,0.08211636955970571,0.7698172561983472,GT_pos_dist,0.7711245
artificial_graph_sbmv_4_comuAndEmb_0_20_pos_0_80_5,0.19999999999999996,5,GT_pos + Inferred_Commu spatial manuel iter,0.2578194296843809,0.7895938394439144,0.08123578305323258,0.7702924958677686,GT_pos_dist,0.7004377
artificial_graph_sbmv_4_comuAndEmb_0_20_pos_0_80_5,0.19999999999999996,5,GT_pos + Inferred_Commu spatial manuel iter old,0.24742157918152768,0.7565194675389578,0.07490397715416154,0.7650103801652893,GT_pos_dist,0.7462432
artificial_graph_sbmv_4_comuAndEmb_0_20_pos_0_80_5,0.19999999999999996,5,GT_pos + Inferred_Commu spatial manuel iter bined,0.26789839368251234,0.7678774249239018,0.0794321217910975,0.7674004628099174,GT_pos_dist,0.74656737
artificial_graph_sbmv_4_comuAndEmb_0_20_pos_0_80_5,0.19999999999999996,5,GT_pos + Inferred_Commu spatial manuel iter 0_20,0.23290067597113379,0.7717164145200128,0.0706323514173369,0.7683210578512397,GT_pos_dist,0.75112134
artificial_graph_sbmv_4_comuAndEmb_0_20_pos_0_80_5,0.19999999999999996,5,GT_pos + Inferred_Commu spatial manuel iter 0_50,0.23773269170370007,0.7662873108900096,0.07299049346195291,0.7709250909090909,GT_pos_dist,0.73116386
artificial_graph_sbmv_4_comuAndEmb_0_20_pos_0_80_5,0.19999999999999996,5,GT_pos + Inferred_Commu spatial manuel iter 0_80,0.2582336212469334,0.7975216936986051,0.06761964046104962,0.7476305454545454,GT_pos_dist,0.725655
artificial_graph_sbmv_4_comuAndEmb_0_20_pos_0_80_5,0.19999999999999996,5,SiNEcustom_spatial,0.11263404319745345,0.5765526327745218,0.027839121953500773,0.6069979504132231,SiNEcustom_spatial_dist,1.0
artificial_graph_sbmv_4_comuAndEmb_0_20_pos_0_80_5,0.19999999999999996,5,SiNEcustom_spatial_bined,0.10978826807792756,0.6036072872654581,0.035166627136987996,0.6516499834710743,SiNEcustom_spatial_bined_dist,1.0
artificial_graph_sbmv_4_comuAndEmb_0_20_pos_0_80_5,0.19999999999999996,5,SiNE_spatial,0.11806944738166027,0.6273681341147608,0.02699203874494894,0.612790611570248,SiNE_spatial_dist,1.0
artificial_graph_sbmv_4_comuAndEmb_0_20_pos_0_80_5,0.19999999999999996,5,SiNE_spatial_bined,0.12301508316307871,0.6563649993185225,0.03416091952812573,0.6444967933884297,SiNE_spatial_bined_dist,1.0
artificial_graph_sbmv_4_comuAndEmb_0_20_pos_0_80_5,0.19999999999999996,5,deepwalk,0.1679524695785049,0.6809549770569261,0.054259380082611004,0.7070996363636363,deepwalk_dist,1.0
artificial_graph_sbmv_4_comuAndEmb_0_20_pos_0_80_5,0.19999999999999996,5,GT_pos + SiNEcustom_spatial,0.25670368755854295,0.7465017491254373,0.07453398236131253,0.7605015537190083,GT_pos_dist,0.7173768
artificial_graph_sbmv_4_comuAndEmb_0_20_pos_0_80_5,0.19999999999999996,5,GT_pos + SiNEcustom_spatial_bined,0.22531083527848642,0.7926604879378493,0.06609393321438112,0.7713450578512397,GT_pos_dist,0.70538014
artificial_graph_sbmv_4_comuAndEmb_0_20_pos_0_80_5,0.19999999999999996,5,GT_pos + SiNE_spatial,0.2677359941300095,0.7672186633955749,0.07784098042450635,0.7700413884297521,GT_pos_dist,0.70313346
artificial_graph_sbmv_4_comuAndEmb_0_20_pos_0_80_5,0.19999999999999996,5,GT_pos + SiNE_spatial_bined,0.198168934934185,0.7812911725955205,0.07567568086776302,0.7684930909090909,GT_pos_dist,0.69775385
artificial_graph_sbmv_4_comuAndEmb_0_20_pos_0_80_5,0.19999999999999996,5,GT_pos + deepwalk,0.2184616027421025,0.7705465449093634,0.08220532272205376,0.7743858512396695,GT_pos_dist,0.7183553
artificial_graph_sbmv_4_comuAndEmb_0_10_pos_0_90_5,0.09999999999999998,5,Inferred_Commu_normal,0.19236315359612702,0.8180180180180179,0.06258057893937305,0.8076521683673469,louvain_density,1.0
artificial_graph_sbmv_4_comuAndEmb_0_10_pos_0_90_5,0.09999999999999998,5,Inferred_Commu_spatial_manuel_iter,0.08805376916113807,0.5492219492219492,0.02197457076744721,0.5436627551020408,spatial_louvain_density,1.0
artificial_graph_sbmv_4_comuAndEmb_0_10_pos_0_90_5,0.09999999999999998,5,Inferred_Commu_spatial_manuel_iter_old,0.08760638756908394,0.5827658827658828,0.022339916484478323,0.5295956632653063,spatial_louvain_old_density,1.0
artificial_graph_sbmv_4_comuAndEmb_0_10_pos_0_90_5,0.09999999999999998,5,Inferred_Commu_spatial_manuel_iter_bined,0.09647026480597656,0.5593775593775593,0.022752041408697556,0.5339008928571428,spatial_louvain_bined_density,1.0
artificial_graph_sbmv_4_comuAndEmb_0_10_pos_0_90_5,0.09999999999999998,5,Inferred_Commu_spatial_manuel_iter_0_20,0.21882556685766807,0.8218205218205219,0.0644610120269912,0.7942934948979592,spatial_louvain_manualiter_0_20_density,1.0
artificial_graph_sbmv_4_comuAndEmb_0_10_pos_0_90_5,0.09999999999999998,5,Inferred_Commu_spatial_manuel_iter_0_50,0.23756296605027996,0.8146367146367147,0.05118676355689791,0.7119850765306123,spatial_louvain_manualiter_0_50_density,1.0
artificial_graph_sbmv_4_comuAndEmb_0_10_pos_0_90_5,0.09999999999999998,5,Inferred_Commu_spatial_manuel_iter_0_80,0.09523020255834379,0.6057564057564058,0.027773278527438387,0.6049878826530612,spatial_louvain_manualiter_0_80_density,1.0
artificial_graph_sbmv_4_comuAndEmb_0_10_pos_0_90_5,0.09999999999999998,5,GT_pos,0.32615063034554526,0.860992160992161,0.1269739882217214,0.8707312500000001,GT_pos_dist,1.0
artificial_graph_sbmv_4_comuAndEmb_0_10_pos_0_90_5,0.09999999999999998,5,GT_pos + Inferred_Commu normal,0.2587024557294139,0.8452088452088451,0.11038077645155449,0.8617988520408163,GT_pos_dist,0.73844975
artificial_graph_sbmv_4_comuAndEmb_0_10_pos_0_90_5,0.09999999999999998,5,GT_pos + Inferred_Commu spatial manuel iter,0.28825079861178826,0.8595881595881596,0.10959327160339667,0.865256887755102,GT_pos_dist,0.76775026
artificial_graph_sbmv_4_comuAndEmb_0_10_pos_0_90_5,0.09999999999999998,5,GT_pos + Inferred_Commu spatial manuel iter old,0.31519276674250074,0.8657072657072657,0.11319512604287672,0.8684605867346938,GT_pos_dist,0.72247237
artificial_graph_sbmv_4_comuAndEmb_0_10_pos_0_90_5,0.09999999999999998,5,GT_pos + Inferred_Commu spatial manuel iter bined,0.30304548682227445,0.8617292617292618,0.1169529837903136,0.8624357142857142,GT_pos_dist,0.77259225
artificial_graph_sbmv_4_comuAndEmb_0_10_pos_0_90_5,0.09999999999999998,5,GT_pos + Inferred_Commu spatial manuel iter 0_20,0.29604052369384587,0.8447057447057447,0.1142574137997023,0.8662127551020409,GT_pos_dist,0.79351395
artificial_graph_sbmv_4_comuAndEmb_0_10_pos_0_90_5,0.09999999999999998,5,GT_pos + Inferred_Commu spatial manuel iter 0_50,0.3560669491437457,0.854943254943255,0.11747884877485666,0.8559664540816326,GT_pos_dist,0.7457088
artificial_graph_sbmv_4_comuAndEmb_0_10_pos_0_90_5,0.09999999999999998,5,GT_pos + Inferred_Commu spatial manuel iter 0_80,0.27527794978879155,0.8505908505908506,0.12399162158290156,0.8478940051020407,GT_pos_dist,0.728636
artificial_graph_sbmv_4_comuAndEmb_0_10_pos_0_90_5,0.09999999999999998,5,SiNEcustom_spatial,0.10214218725797833,0.6505557505557505,0.04114116451704122,0.6685593112244899,SiNEcustom_spatial_dist,1.0
artificial_graph_sbmv_4_comuAndEmb_0_10_pos_0_90_5,0.09999999999999998,5,SiNEcustom_spatial_bined,0.15873540448663404,0.7402597402597402,0.03423843105724002,0.6690637755102041,SiNEcustom_spatial_bined_dist,1.0
artificial_graph_sbmv_4_comuAndEmb_0_10_pos_0_90_5,0.09999999999999998,5,SiNE_spatial,0.1730276972313813,0.7173277173277173,0.039007119315677505,0.6851464285714286,SiNE_spatial_dist,1.0
artificial_graph_sbmv_4_comuAndEmb_0_10_pos_0_90_5,0.09999999999999998,5,SiNE_spatial_bined,0.18446648282182665,0.7414765414765414,0.03855365900817209,0.6904070153061225,SiNE_spatial_bined_dist,1.0
artificial_graph_sbmv_4_comuAndEmb_0_10_pos_0_90_5,0.09999999999999998,5,deepwalk,0.2242671126294219,0.7885456885456885,0.07630207724254927,0.7863957908163265,deepwalk_dist,1.0
artificial_graph_sbmv_4_comuAndEmb_0_10_pos_0_90_5,0.09999999999999998,5,GT_pos + SiNEcustom_spatial,0.2195623389106521,0.8365742365742365,0.09440989996027817,0.8462219387755101,GT_pos_dist,0.7306525
artificial_graph_sbmv_4_comuAndEmb_0_10_pos_0_90_5,0.09999999999999998,5,GT_pos + SiNEcustom_spatial_bined,0.2988447743114706,0.8542178542178542,0.10902964207987959,0.8616338010204081,GT_pos_dist,0.7416129
artificial_graph_sbmv_4_comuAndEmb_0_10_pos_0_90_5,0.09999999999999998,5,GT_pos + SiNE_spatial,0.31688433253640796,0.8423072423072424,0.10933136845382074,0.8589572704081633,GT_pos_dist,0.7594168
artificial_graph_sbmv_4_comuAndEmb_0_10_pos_0_90_5,0.09999999999999998,5,GT_pos + SiNE_spatial_bined,0.38870489358168014,0.8528138528138527,0.10508906128254863,0.8593088010204082,GT_pos_dist,0.7420537
artificial_graph_sbmv_4_comuAndEmb_0_10_pos_0_90_5,0.09999999999999998,5,GT_pos + deepwalk,0.35917000078982714,0.8601497601497602,0.12103661075653487,0.8498170918367347,GT_pos_dist,0.76674706
artificial_graph_sbmv_4_comuAndEmb_0_00_pos_1_00_5,0.0,5,Inferred_Commu_normal,0.20248725672424417,0.8268385518147627,0.06563469027883753,0.8165742491073303,louvain_density,1.0
artificial_graph_sbmv_4_comuAndEmb_0_00_pos_1_00_5,0.0,5,Inferred_Commu_spatial_manuel_iter,0.08935240573209609,0.5851193982509402,0.02990728016246145,0.6161392039487502,spatial_louvain_density,1.0
artificial_graph_sbmv_4_comuAndEmb_0_00_pos_1_00_5,0.0,5,Inferred_Commu_spatial_manuel_iter_old,0.16816307083747384,0.6569622547464771,0.02406918459505985,0.5419966918714556,spatial_louvain_old_density,1.0
artificial_graph_sbmv_4_comuAndEmb_0_00_pos_1_00_5,0.0,5,Inferred_Commu_spatial_manuel_iter_bined,0.1016399552991993,0.6030517921065748,0.02381740699114156,0.5728050829657634,spatial_louvain_bined_density,1.0
artificial_graph_sbmv_4_comuAndEmb_0_00_pos_1_00_5,0.0,5,Inferred_Commu_spatial_manuel_iter_0_20,0.21703602499946414,0.8497779690969234,0.07181427858150538,0.8422339056920813,spatial_louvain_manualiter_0_20_density,1.0
artificial_graph_sbmv_4_comuAndEmb_0_00_pos_1_00_5,0.0,5,Inferred_Commu_spatial_manuel_iter_0_50,0.24986768194642697,0.8579455344601024,0.05665342170382523,0.7588614524259609,spatial_louvain_manualiter_0_50_density,1.0
artificial_graph_sbmv_4_comuAndEmb_0_00_pos_1_00_5,0.0,5,Inferred_Commu_spatial_manuel_iter_0_80,0.18909025708387148,0.7442906339208846,0.04576864578157877,0.705975372820836,spatial_louvain_manualiter_0_80_density,1.0
artificial_graph_sbmv_4_comuAndEmb_0_00_pos_1_00_5,0.0,5,GT_pos,0.4242433744323918,0.921416919661063,0.17487601370260933,0.9159018588531822,GT_pos_dist,1.0
artificial_graph_sbmv_4_comuAndEmb_0_00_pos_1_00_5,0.0,5,GT_pos + Inferred_Commu normal,0.38832261955716374,0.9178145815397164,0.1687189623742213,0.9076615994538961,GT_pos_dist,0.81773406
artificial_graph_sbmv_4_comuAndEmb_0_00_pos_1_00_5,0.0,5,GT_pos + Inferred_Commu spatial manuel iter,0.41890857306402096,0.9129888078299878,0.16123392199268052,0.9058913568578029,GT_pos_dist,0.80126595
artificial_graph_sbmv_4_comuAndEmb_0_00_pos_1_00_5,0.0,5,GT_pos + Inferred_Commu spatial manuel iter old,0.45194200490107067,0.9257102723276995,0.1442387541069978,0.902441713925646,GT_pos_dist,0.7794484
artificial_graph_sbmv_4_comuAndEmb_0_00_pos_1_00_5,0.0,5,GT_pos + Inferred_Commu spatial manuel iter bined,0.35769675521438443,0.9099755312882323,0.15923888055819813,0.9069893404746902,GT_pos_dist,0.8067362
artificial_graph_sbmv_4_comuAndEmb_0_00_pos_1_00_5,0.0,5,GT_pos + Inferred_Commu spatial manuel iter 0_20,0.3918425483224259,0.9181997371879107,0.15837045004547615,0.9092076244486453,GT_pos_dist,0.86069226
artificial_graph_sbmv_4_comuAndEmb_0_00_pos_1_00_5,0.0,5,GT_pos + Inferred_Commu spatial manuel iter 0_50,0.4129174181238319,0.9064751461325842,0.14560632568279455,0.9094743751312748,GT_pos_dist,0.80895126
artificial_graph_sbmv_4_comuAndEmb_0_00_pos_1_00_5,0.0,5,GT_pos + Inferred_Commu spatial manuel iter 0_80,0.4530245438040001,0.9150958357877566,0.13087705585925863,0.899444706994329,GT_pos_dist,0.8129244
artificial_graph_sbmv_4_comuAndEmb_0_00_pos_1_00_5,0.0,5,SiNEcustom_spatial,0.1391721432085209,0.7278648783361276,0.04731266281746087,0.7676065952530979,SiNEcustom_spatial_dist,1.0
artificial_graph_sbmv_4_comuAndEmb_0_00_pos_1_00_5,0.0,5,SiNEcustom_spatial_bined,0.17951217852294035,0.7709569985046898,0.059879250858010186,0.7997033186305398,SiNEcustom_spatial_bined_dist,1.0
artificial_graph_sbmv_4_comuAndEmb_0_00_pos_1_00_5,0.0,5,SiNE_spatial,0.1865271238969419,0.7588245955865693,0.05962203244308474,0.7819289540012603,SiNE_spatial_dist,1.0
artificial_graph_sbmv_4_comuAndEmb_0_00_pos_1_00_5,0.0,5,SiNE_spatial_bined,0.19504273864367824,0.7644999773437853,0.06162844292709201,0.796407661205629,SiNE_spatial_bined_dist,1.0
artificial_graph_sbmv_4_comuAndEmb_0_00_pos_1_00_5,0.0,5,deepwalk,0.2751792726821036,0.8500045312429199,0.1127783378078834,0.8758664146187776,deepwalk_dist,1.0
artificial_graph_sbmv_4_comuAndEmb_0_00_pos_1_00_5,0.0,5,GT_pos + SiNEcustom_spatial,0.4537885345028982,0.9141329466672707,0.14526854081066792,0.9048762077294685,GT_pos_dist,0.8143471
artificial_graph_sbmv_4_comuAndEmb_0_00_pos_1_00_5,0.0,5,GT_pos + SiNEcustom_spatial_bined,0.4342730238428715,0.9092958448502424,0.14751210365777553,0.8992687985717286,GT_pos_dist,0.7977234
artificial_graph_sbmv_4_comuAndEmb_0_00_pos_1_00_5,0.0,5,GT_pos + SiNE_spatial,0.3463354412042974,0.8995083601431872,0.15397279741317565,0.9008065532451166,GT_pos_dist,0.77875614
artificial_graph_sbmv_4_comuAndEmb_0_00_pos_1_00_5,0.0,5,GT_pos + SiNE_spatial_bined,0.450982781391851,0.9158208346549459,0.15699077457611002,0.9049405324511657,GT_pos_dist,0.8123857
artificial_graph_sbmv_4_comuAndEmb_0_00_pos_1_00_5,0.0,5,GT_pos + deepwalk,0.40529328772953266,0.9156735692600481,0.14151138599197605,0.8999107330392774,GT_pos_dist,0.81191283
artificial_graph_sbmv_4_comuAndEmb_1_00_pos_0_00_6,1.0,6,Inferred_Commu_normal,0.14172497062893438,0.778515625,0.04879462827758817,0.7601805054151625,louvain_density,1.0
artificial_graph_sbmv_4_comuAndEmb_1_00_pos_0_00_6,1.0,6,Inferred_Commu_spatial_manuel_iter,0.17541065297317318,0.8190222537878789,0.05640000730490671,0.8123768066832617,spatial_louvain_density,1.0
artificial_graph_sbmv_4_comuAndEmb_1_00_pos_0_00_6,1.0,6,Inferred_Commu_spatial_manuel_iter_old,0.15375026864579253,0.8021898674242424,0.0640200483875958,0.7852899164592266,spatial_louvain_old_density,1.0
artificial_graph_sbmv_4_comuAndEmb_1_00_pos_0_00_6,1.0,6,Inferred_Commu_spatial_manuel_iter_bined,0.15169274467348648,0.7927675189393939,0.05618768199861846,0.7980270823287154,spatial_louvain_bined_density,1.0
artificial_graph_sbmv_4_comuAndEmb_1_00_pos_0_00_6,1.0,6,Inferred_Commu_spatial_manuel_iter_0_20,0.13892686134247456,0.7647608901515153,0.0512247462372275,0.7338340132153423,spatial_louvain_manualiter_0_20_density,1.0
artificial_graph_sbmv_4_comuAndEmb_1_00_pos_0_00_6,1.0,6,Inferred_Commu_spatial_manuel_iter_0_50,0.18495334161592838,0.7870857007575758,0.05036545955774157,0.7532334580145709,spatial_louvain_manualiter_0_50_density,1.0
artificial_graph_sbmv_4_comuAndEmb_1_00_pos_0_00_6,1.0,6,Inferred_Commu_spatial_manuel_iter_0_80,0.17377023497496177,0.8104285037878788,0.06396289705649892,0.781528235738769,spatial_louvain_manualiter_0_80_density,1.0
artificial_graph_sbmv_4_comuAndEmb_1_00_pos_0_00_6,1.0,6,GT_pos,0.06574258117747539,0.4966264204545454,0.02120771212982648,0.5209632603057514,GT_pos_dist,1.0
artificial_graph_sbmv_4_comuAndEmb_1_00_pos_0_00_6,1.0,6,GT_pos + Inferred_Commu normal,0.12556282578209776,0.7437144886363636,0.05148891582066965,0.7563765981571505,louvain_density,0.8523207
artificial_graph_sbmv_4_comuAndEmb_1_00_pos_0_00_6,1.0,6,GT_pos + Inferred_Commu spatial manuel iter,0.17141780993388744,0.7715317234848484,0.05312953169442494,0.7870062166846955,spatial_louvain_density,0.81331384
artificial_graph_sbmv_4_comuAndEmb_1_00_pos_0_00_6,1.0,6,GT_pos + Inferred_Commu spatial manuel iter old,0.15373006859631722,0.7756628787878789,0.05888085073954608,0.7585396655762489,spatial_louvain_old_density,0.82820636
artificial_graph_sbmv_4_comuAndEmb_1_00_pos_0_00_6,1.0,6,GT_pos + Inferred_Commu spatial manuel iter bined,0.151576762565652,0.7613517992424242,0.052406266776915955,0.7649719141393736,spatial_louvain_bined_density,0.82590735
artificial_graph_sbmv_4_comuAndEmb_1_00_pos_0_00_6,1.0,6,GT_pos + Inferred_Commu spatial manuel iter 0_20,0.14122899534584488,0.7434895833333333,0.05286662414497512,0.7302541411982431,spatial_louvain_manualiter_0_20_density,0.85061836
artificial_graph_sbmv_4_comuAndEmb_1_00_pos_0_00_6,1.0,6,GT_pos + Inferred_Commu spatial manuel iter 0_50,0.15415859823487646,0.7372632575757575,0.05096897679199341,0.7353445242346439,spatial_louvain_manualiter_0_50_density,0.7725727
artificial_graph_sbmv_4_comuAndEmb_1_00_pos_0_00_6,1.0,6,GT_pos + Inferred_Commu spatial manuel iter 0_80,0.1619949957883297,0.7636126893939394,0.05357050001298337,0.758649402442362,spatial_louvain_manualiter_0_80_density,0.80902296
artificial_graph_sbmv_4_comuAndEmb_1_00_pos_0_00_6,1.0,6,SiNEcustom_spatial,0.3533965582026022,0.8865648674242423,0.10805600449291917,0.8231212449008849,SiNEcustom_spatial_dist,1.0
artificial_graph_sbmv_4_comuAndEmb_1_00_pos_0_00_6,1.0,6,SiNEcustom_spatial_bined,0.3385373513601654,0.8624289772727273,0.10767442686932634,0.8169669877099923,SiNEcustom_spatial_bined_dist,1.0
artificial_graph_sbmv_4_comuAndEmb_1_00_pos_0_00_6,1.0,6,SiNE_spatial,0.23224660707435232,0.8088068181818181,0.049918568727445156,0.7518729554666423,SiNE_spatial_dist,1.0
artificial_graph_sbmv_4_comuAndEmb_1_00_pos_0_00_6,1.0,6,SiNE_spatial_bined,0.17013329659876447,0.7787286931818183,0.05113518509359249,0.7323358834339037,SiNE_spatial_bined_dist,1.0
artificial_graph_sbmv_4_comuAndEmb_1_00_pos_0_00_6,1.0,6,deepwalk,0.42280684845445593,0.8117187499999999,0.11687665034983218,0.8027496774361715,deepwalk_dist,1.0
artificial_graph_sbmv_4_comuAndEmb_1_00_pos_0_00_6,1.0,6,GT_pos + SiNEcustom_spatial,0.33560034527326116,0.8665009469696972,0.0864999769738946,0.8015197643654941,SiNEcustom_spatial_dist,0.72681385
artificial_graph_sbmv_4_comuAndEmb_1_00_pos_0_00_6,1.0,6,GT_pos + SiNEcustom_spatial_bined,0.32097048332589345,0.8381155303030303,0.09716067387452894,0.8013954306715844,SiNEcustom_spatial_bined_dist,0.7326891
artificial_graph_sbmv_4_comuAndEmb_1_00_pos_0_00_6,1.0,6,GT_pos + SiNE_spatial,0.21115178347302185,0.7930279356060606,0.049154421200367254,0.7485765486321991,SiNE_spatial_dist,0.6655808
artificial_graph_sbmv_4_comuAndEmb_1_00_pos_0_00_6,1.0,6,GT_pos + SiNE_spatial_bined,0.18731515062225707,0.7835464015151514,0.048185341295312885,0.731320361271488,SiNE_spatial_bined_dist,0.672555
artificial_graph_sbmv_4_comuAndEmb_1_00_pos_0_00_6,1.0,6,GT_pos + deepwalk,0.3219408553774482,0.7787405303030304,0.10668493539949005,0.7845667218392004,deepwalk_dist,0.69081223
artificial_graph_sbmv_4_comuAndEmb_0_90_pos_0_10_6,0.9,6,Inferred_Commu_normal,0.1506185307116976,0.7548463462569234,0.04571036829904391,0.7288954407060546,louvain_density,1.0
artificial_graph_sbmv_4_comuAndEmb_0_90_pos_0_10_6,0.9,6,Inferred_Commu_spatial_manuel_iter,0.17138876788312282,0.7597150259067358,0.04925752188032448,0.7114280392081294,spatial_louvain_density,1.0
artificial_graph_sbmv_4_comuAndEmb_0_90_pos_0_10_6,0.9,6,Inferred_Commu_spatial_manuel_iter_old,0.17617814397022086,0.7597596926925139,0.05522959349446672,0.732642566256857,spatial_louvain_old_density,1.0
artificial_graph_sbmv_4_comuAndEmb_0_90_pos_0_10_6,0.9,6,Inferred_Commu_spatial_manuel_iter_bined,0.15073916415912225,0.73968197248526,0.0538162236549299,0.7494839480479438,spatial_louvain_bined_density,1.0
artificial_graph_sbmv_4_comuAndEmb_0_90_pos_0_10_6,0.9,6,Inferred_Commu_spatial_manuel_iter_0_20,0.16978374233200444,0.7556726817938182,0.05088967680448098,0.7418458139026991,spatial_louvain_manualiter_0_20_density,1.0
artificial_graph_sbmv_4_comuAndEmb_0_90_pos_0_10_6,0.9,6,Inferred_Commu_spatial_manuel_iter_0_50,0.1564651194655109,0.7290736108629623,0.0478277036048791,0.7067301293662723,spatial_louvain_manualiter_0_50_density,1.0
artificial_graph_sbmv_4_comuAndEmb_0_90_pos_0_10_6,0.9,6,Inferred_Commu_spatial_manuel_iter_0_80,0.14188613523682608,0.7078680543148116,0.06235584693122395,0.7567826723706017,spatial_louvain_manualiter_0_80_density,1.0
artificial_graph_sbmv_4_comuAndEmb_0_90_pos_0_10_6,0.9,6,GT_pos,0.07141057431199627,0.5168728783276755,0.02167795893218681,0.5195150370627304,GT_pos_dist,1.0
artificial_graph_sbmv_4_comuAndEmb_0_90_pos_0_10_6,0.9,6,GT_pos + Inferred_Commu normal,0.17231403778971421,0.75,0.046644607261269254,0.7203642039542143,louvain_density,0.75363696
artificial_graph_sbmv_4_comuAndEmb_0_90_pos_0_10_6,0.9,6,GT_pos + Inferred_Commu spatial manuel iter,0.18423967993886745,0.7587211899231731,0.03822937190798302,0.6800831181511029,spatial_louvain_density,0.75392985
artificial_graph_sbmv_4_comuAndEmb_0_90_pos_0_10_6,0.9,6,GT_pos + Inferred_Commu spatial manuel iter old,0.17904312357488858,0.7441933178488477,0.050086100168361056,0.7131343379452989,spatial_louvain_old_density,0.78065145
artificial_graph_sbmv_4_comuAndEmb_0_90_pos_0_10_6,0.9,6,GT_pos + Inferred_Commu spatial manuel iter bined,0.1610684587250278,0.7307039485438628,0.04175639188029642,0.7079269279685513,spatial_louvain_bined_density,0.75167996
artificial_graph_sbmv_4_comuAndEmb_0_90_pos_0_10_6,0.9,6,GT_pos + Inferred_Commu spatial manuel iter 0_20,0.17872911463228922,0.7435903162408433,0.045927420863410215,0.7109193098752585,spatial_louvain_manualiter_0_20_density,0.75987035
artificial_graph_sbmv_4_comuAndEmb_0_90_pos_0_10_6,0.9,6,GT_pos + Inferred_Commu spatial manuel iter 0_50,0.1637971055876997,0.7465829908879758,0.04688284430444902,0.6954153980550095,spatial_louvain_manualiter_0_50_density,0.7629724
artificial_graph_sbmv_4_comuAndEmb_0_90_pos_0_10_6,0.9,6,GT_pos + Inferred_Commu spatial manuel iter 0_80,0.1663577944302725,0.7439476505270681,0.05905149609903444,0.7391790958492311,spatial_louvain_manualiter_0_80_density,0.7571252
artificial_graph_sbmv_4_comuAndEmb_0_90_pos_0_10_6,0.9,6,SiNEcustom_spatial,0.1549815908588748,0.7193250848668931,0.09141911200071157,0.7922020529027121,SiNEcustom_spatial_dist,1.0
artificial_graph_sbmv_4_comuAndEmb_0_90_pos_0_10_6,0.9,6,SiNEcustom_spatial_bined,0.1880688358084038,0.7370131320350188,0.08879520340576733,0.7906896108734471,SiNEcustom_spatial_bined_dist,1.0
artificial_graph_sbmv_4_comuAndEmb_0_90_pos_0_10_6,0.9,6,SiNE_spatial,0.14765739759982321,0.7090070573521529,0.041821963126665834,0.7079712490846726,SiNE_spatial_dist,1.0
artificial_graph_sbmv_4_comuAndEmb_0_90_pos_0_10_6,0.9,6,SiNE_spatial_bined,0.11485540111515755,0.6650996069322852,0.04247566825533824,0.7074355416811191,SiNE_spatial_bined_dist,1.0
artificial_graph_sbmv_4_comuAndEmb_0_90_pos_0_10_6,0.9,6,deepwalk,0.14410071460389173,0.6591254243344649,0.07819112793070525,0.7606018679102271,deepwalk_dist,1.0
artificial_graph_sbmv_4_comuAndEmb_0_90_pos_0_10_6,0.9,6,GT_pos + SiNEcustom_spatial,0.17678935192252487,0.7376496337323566,0.07753982047624046,0.7729786359373595,SiNEcustom_spatial_dist,0.68681616
artificial_graph_sbmv_4_comuAndEmb_0_90_pos_0_10_6,0.9,6,GT_pos + SiNEcustom_spatial_bined,0.16400690998564382,0.715550741468644,0.08170056716409507,0.78451304582418,SiNEcustom_spatial_bined_dist,0.6447676
artificial_graph_sbmv_4_comuAndEmb_0_90_pos_0_10_6,0.9,6,GT_pos + SiNE_spatial,0.11755869817629658,0.6788123101661605,0.038616276754890794,0.6801017458665741,SiNE_spatial_dist,0.604623
artificial_graph_sbmv_4_comuAndEmb_0_90_pos_0_10_6,0.9,6,GT_pos + SiNE_spatial_bined,0.13571553666781705,0.6829774879399679,0.040787116625328836,0.7038694261378966,SiNE_spatial_bined_dist,0.5968684
artificial_graph_sbmv_4_comuAndEmb_0_90_pos_0_10_6,0.9,6,GT_pos + deepwalk,0.1458788881515855,0.6508174021797392,0.06792181284934865,0.7248577227939004,deepwalk_dist,0.6591145
artificial_graph_sbmv_4_comuAndEmb_0_80_pos_0_20_6,0.8,6,Inferred_Commu_normal,0.12877617821854326,0.6982800982800983,0.04480338964608947,0.7461321428571428,louvain_density,1.0
artificial_graph_sbmv_4_comuAndEmb_0_80_pos_0_20_6,0.8,6,Inferred_Commu_spatial_manuel_iter,0.1424368576222625,0.6732888732888733,0.0423088372563267,0.7220140306122448,spatial_louvain_density,1.0
artificial_graph_sbmv_4_comuAndEmb_0_80_pos_0_20_6,0.8,6,Inferred_Commu_spatial_manuel_iter_old,0.11624560797996143,0.6455715455715456,0.046900262540761746,0.7129372448979593,spatial_louvain_old_density,1.0
artificial_graph_sbmv_4_comuAndEmb_0_80_pos_0_20_6,0.8,6,Inferred_Commu_spatial_manuel_iter_bined,0.141377626248066,0.680928980928981,0.04604680619768966,0.7435503826530612,spatial_louvain_bined_density,1.0
artificial_graph_sbmv_4_comuAndEmb_0_80_pos_0_20_6,0.8,6,Inferred_Commu_spatial_manuel_iter_0_20,0.1371707834810946,0.6893763893763893,0.03257315587185003,0.5784417091836735,spatial_louvain_manualiter_0_20_density,1.0
artificial_graph_sbmv_4_comuAndEmb_0_80_pos_0_20_6,0.8,6,Inferred_Commu_spatial_manuel_iter_0_50,0.12426926093786655,0.677898677898678,0.044407063194491746,0.7375667091836734,spatial_louvain_manualiter_0_50_density,1.0
artificial_graph_sbmv_4_comuAndEmb_0_80_pos_0_20_6,0.8,6,Inferred_Commu_spatial_manuel_iter_0_80,0.13225373834018714,0.6633321633321633,0.042702990948540076,0.6824417091836735,spatial_louvain_manualiter_0_80_density,1.0
artificial_graph_sbmv_4_comuAndEmb_0_80_pos_0_20_6,0.8,6,GT_pos,0.08791173875453649,0.5579267579267579,0.02551059661832416,0.5257669642857143,GT_pos_dist,1.0
artificial_graph_sbmv_4_comuAndEmb_0_80_pos_0_20_6,0.8,6,GT_pos + Inferred_Commu normal,0.15765615067672856,0.694910494910495,0.03551042439419129,0.6723877551020409,louvain_density,0.74424595
artificial_graph_sbmv_4_comuAndEmb_0_80_pos_0_20_6,0.8,6,GT_pos + Inferred_Commu spatial manuel iter,0.13061836969941437,0.6644670644670644,0.03724744372331186,0.6423989795918367,spatial_louvain_density,0.6303518
artificial_graph_sbmv_4_comuAndEmb_0_80_pos_0_20_6,0.8,6,GT_pos + Inferred_Commu spatial manuel iter old,0.16905703685334,0.6565344565344564,0.03794155812412979,0.6391698979591837,spatial_louvain_old_density,0.6737569
artificial_graph_sbmv_4_comuAndEmb_0_80_pos_0_20_6,0.8,6,GT_pos + Inferred_Commu spatial manuel iter bined,0.14153204928852475,0.6652509652509653,0.03926770901726632,0.6873772959183674,spatial_louvain_bined_density,0.6277579
artificial_graph_sbmv_4_comuAndEmb_0_80_pos_0_20_6,0.8,6,GT_pos + Inferred_Commu spatial manuel iter 0_20,0.1418750129379648,0.6756756756756757,0.028228053688335773,0.6008942602040817,spatial_louvain_manualiter_0_20_density,0.63489825
artificial_graph_sbmv_4_comuAndEmb_0_80_pos_0_20_6,0.8,6,GT_pos + Inferred_Commu spatial manuel iter 0_50,0.12925962623224113,0.6663039663039663,0.03274697321912643,0.6338165816326531,spatial_louvain_manualiter_0_50_density,0.67618495
artificial_graph_sbmv_4_comuAndEmb_0_80_pos_0_20_6,0.8,6,GT_pos + Inferred_Commu spatial manuel iter 0_80,0.1428100900077898,0.64010764010764,0.03138534250616986,0.6074139030612246,spatial_louvain_manualiter_0_80_density,0.61791134
artificial_graph_sbmv_4_comuAndEmb_0_80_pos_0_20_6,0.8,6,SiNEcustom_spatial,0.22425790027255355,0.7559260559260559,0.09078697014052185,0.7646922193877551,SiNEcustom_spatial_dist,1.0
artificial_graph_sbmv_4_comuAndEmb_0_80_pos_0_20_6,0.8,6,SiNEcustom_spatial_bined,0.2608344094130259,0.7198081198081198,0.0868557510376611,0.748709056122449,SiNEcustom_spatial_bined_dist,1.0
artificial_graph_sbmv_4_comuAndEmb_0_80_pos_0_20_6,0.8,6,SiNE_spatial,0.12666657996171624,0.685082485082485,0.03346325972544485,0.6588822704081634,SiNE_spatial_dist,1.0
artificial_graph_sbmv_4_comuAndEmb_0_80_pos_0_20_6,0.8,6,SiNE_spatial_bined,0.1473370697031446,0.6464373464373464,0.03226803070859692,0.6349451530612245,SiNE_spatial_bined_dist,1.0
artificial_graph_sbmv_4_comuAndEmb_0_80_pos_0_20_6,0.8,6,deepwalk,0.25567929964689284,0.6907920907920908,0.08082117148879717,0.7005250000000001,deepwalk_dist,1.0
artificial_graph_sbmv_4_comuAndEmb_0_80_pos_0_20_6,0.8,6,GT_pos + SiNEcustom_spatial,0.21247056743533083,0.7218556218556218,0.055891038761250504,0.7092434948979591,SiNEcustom_spatial_dist,0.5615028
artificial_graph_sbmv_4_comuAndEmb_0_80_pos_0_20_6,0.8,6,GT_pos + SiNEcustom_spatial_bined,0.2411337190925819,0.735053235053235,0.06196243597030699,0.7291664540816326,SiNEcustom_spatial_bined_dist,0.5793074
artificial_graph_sbmv_4_comuAndEmb_0_80_pos_0_20_6,0.8,6,GT_pos + SiNE_spatial,0.1404957087263844,0.6684450684450685,0.03213278504313207,0.6432894132653061,SiNE_spatial_dist,0.54514724
artificial_graph_sbmv_4_comuAndEmb_0_80_pos_0_20_6,0.8,6,GT_pos + SiNE_spatial_bined,0.13316808547502462,0.6454779454779455,0.030622816106860722,0.6186867346938776,SiNE_spatial_bined_dist,0.5283694
artificial_graph_sbmv_4_comuAndEmb_0_80_pos_0_20_6,0.8,6,GT_pos + deepwalk,0.21114236331622294,0.7064350064350063,0.04896243257117011,0.6863862244897959,deepwalk_dist,0.57494336
artificial_graph_sbmv_4_comuAndEmb_0_70_pos_0_30_6,0.7,6,Inferred_Commu_normal,0.1371499209600858,0.7004961710997327,0.033499006681452725,0.6451531900826446,louvain_density,1.0
artificial_graph_sbmv_4_comuAndEmb_0_70_pos_0_30_6,0.7,6,Inferred_Commu_spatial_manuel_iter,0.1488390013143024,0.7088902986089084,0.03966856235637998,0.6975448595041323,spatial_louvain_density,1.0
artificial_graph_sbmv_4_comuAndEmb_0_70_pos_0_30_6,0.7,6,Inferred_Commu_spatial_manuel_iter_old,0.12301654295422759,0.6916036068693642,0.03687412686116106,0.7070384132231405,spatial_louvain_old_density,1.0
artificial_graph_sbmv_4_comuAndEmb_0_70_pos_0_30_6,0.7,6,Inferred_Commu_spatial_manuel_iter_bined,0.12189111190127336,0.6897911097013911,0.030407124174008628,0.6541684628099174,spatial_louvain_bined_density,1.0
artificial_graph_sbmv_4_comuAndEmb_0_70_pos_0_30_6,0.7,6,Inferred_Commu_spatial_manuel_iter_0_20,0.12224231177629116,0.6764239430875889,0.03611294977691705,0.6737676694214876,spatial_louvain_manualiter_0_20_density,1.0
artificial_graph_sbmv_4_comuAndEmb_0_70_pos_0_30_6,0.7,6,Inferred_Commu_spatial_manuel_iter_0_50,0.1680899004858577,0.748719923875119,0.03723406418662489,0.6602660495867768,spatial_louvain_manualiter_0_50_density,1.0
artificial_graph_sbmv_4_comuAndEmb_0_70_pos_0_30_6,0.7,6,Inferred_Commu_spatial_manuel_iter_0_80,0.14874151035340985,0.7289637047442113,0.032693911338350215,0.6493133223140496,spatial_louvain_manualiter_0_80_density,1.0
artificial_graph_sbmv_4_comuAndEmb_0_70_pos_0_30_6,0.7,6,GT_pos,0.09421121429749368,0.5697471566450677,0.03301536088827989,0.5979800330578513,GT_pos_dist,1.0
artificial_graph_sbmv_4_comuAndEmb_0_70_pos_0_30_6,0.7,6,GT_pos + Inferred_Commu normal,0.15179351335444835,0.6989328922923558,0.03481460047491504,0.6608900495867768,louvain_density,0.6287944
artificial_graph_sbmv_4_comuAndEmb_0_70_pos_0_30_6,0.7,6,GT_pos + Inferred_Commu spatial manuel iter,0.15151170923818794,0.6945489147673207,0.03991182273193296,0.6758323305785123,spatial_louvain_density,0.5803344
artificial_graph_sbmv_4_comuAndEmb_0_70_pos_0_30_6,0.7,6,GT_pos + Inferred_Commu spatial manuel iter old,0.13293786045626224,0.6808758892564231,0.051531685254613845,0.7072437685950412,spatial_louvain_old_density,0.62454224
artificial_graph_sbmv_4_comuAndEmb_0_70_pos_0_30_6,0.7,6,GT_pos + Inferred_Commu spatial manuel iter bined,0.1091614390638064,0.6640196655942725,0.03624903397784722,0.6556548760330578,spatial_louvain_bined_density,0.60960495
artificial_graph_sbmv_4_comuAndEmb_0_70_pos_0_30_6,0.7,6,GT_pos + Inferred_Commu spatial manuel iter 0_20,0.14139349043782773,0.6686641895872037,0.04040555457702287,0.6954556033057852,spatial_louvain_manualiter_0_20_density,0.63012034
artificial_graph_sbmv_4_comuAndEmb_0_70_pos_0_30_6,0.7,6,GT_pos + Inferred_Commu spatial manuel iter 0_50,0.13362751853043434,0.7241492591417826,0.04569246666389197,0.7127814876033058,spatial_louvain_manualiter_0_50_density,0.6582176
artificial_graph_sbmv_4_comuAndEmb_0_70_pos_0_30_6,0.7,6,GT_pos + Inferred_Commu spatial manuel iter 0_80,0.15832353486841727,0.7191648919298564,0.038746906240633094,0.663449520661157,spatial_louvain_manualiter_0_80_density,0.6502573
artificial_graph_sbmv_4_comuAndEmb_0_70_pos_0_30_6,0.7,6,SiNEcustom_spatial,0.18143118993794943,0.6379310344827586,0.04873875116666311,0.6845623801652893,SiNEcustom_spatial_dist,1.0
artificial_graph_sbmv_4_comuAndEmb_0_70_pos_0_30_6,0.7,6,SiNEcustom_spatial_bined,0.21201212671955355,0.6922832933073542,0.05580048805985491,0.6958425123966943,SiNEcustom_spatial_bined_dist,1.0
artificial_graph_sbmv_4_comuAndEmb_0_70_pos_0_30_6,0.7,6,SiNE_spatial,0.09522386908625913,0.6014658570845983,0.026328397472743542,0.5831193388429753,SiNE_spatial_dist,1.0
artificial_graph_sbmv_4_comuAndEmb_0_70_pos_0_30_6,0.7,6,SiNE_spatial_bined,0.1382047206827769,0.645611491232045,0.0331197561414715,0.6160078016528926,SiNE_spatial_bined_dist,1.0
artificial_graph_sbmv_4_comuAndEmb_0_70_pos_0_30_6,0.7,6,deepwalk,0.18438815406274892,0.7127531831981513,0.037233697754174164,0.660534347107438,deepwalk_dist,1.0
artificial_graph_sbmv_4_comuAndEmb_0_70_pos_0_30_6,0.7,6,GT_pos + SiNEcustom_spatial,0.16709602563160791,0.7043024151524763,0.05270182723390851,0.721974479338843,SiNEcustom_spatial_dist,0.5478858
artificial_graph_sbmv_4_comuAndEmb_0_70_pos_0_30_6,0.7,6,GT_pos + SiNEcustom_spatial_bined,0.18226800039849905,0.7181906747020708,0.050143020987431244,0.7091037355371901,SiNEcustom_spatial_bined_dist,0.5768103
artificial_graph_sbmv_4_comuAndEmb_0_70_pos_0_30_6,0.7,6,GT_pos + SiNE_spatial,0.09584400594904773,0.6355634600570936,0.03824774039381818,0.6330267768595041,SiNE_spatial_dist,0.53515583
artificial_graph_sbmv_4_comuAndEmb_0_70_pos_0_30_6,0.7,6,GT_pos + SiNE_spatial_bined,0.11623949151771779,0.6572907698581721,0.038269897473406186,0.6607415537190082,SiNE_spatial_bined_dist,0.5290675
artificial_graph_sbmv_4_comuAndEmb_0_70_pos_0_30_6,0.7,6,GT_pos + deepwalk,0.19858703267338748,0.7164348180705968,0.037169520694859175,0.6593466446280991,deepwalk_dist,0.53722054
artificial_graph_sbmv_4_comuAndEmb_0_60_pos_0_40_6,0.6,6,Inferred_Commu_normal,0.1286416328600747,0.620257711650328,0.03291401046215883,0.6437980180084182,louvain_density,1.0
artificial_graph_sbmv_4_comuAndEmb_0_60_pos_0_40_6,0.6,6,Inferred_Commu_spatial_manuel_iter,0.1174969690022927,0.631602122876544,0.03446222055948369,0.6500747242793968,spatial_louvain_density,1.0
artificial_graph_sbmv_4_comuAndEmb_0_60_pos_0_40_6,0.6,6,Inferred_Commu_spatial_manuel_iter_old,0.12393132832041205,0.6852650119353866,0.030821930106265442,0.6208390164633172,spatial_louvain_old_density,1.0
artificial_graph_sbmv_4_comuAndEmb_0_60_pos_0_40_6,0.6,6,Inferred_Commu_spatial_manuel_iter_bined,0.12659349243470938,0.6609539039143433,0.03312006597213653,0.6318132292610155,spatial_louvain_bined_density,1.0
artificial_graph_sbmv_4_comuAndEmb_0_60_pos_0_40_6,0.6,6,Inferred_Commu_spatial_manuel_iter_0_20,0.13434204141067135,0.6422860321212543,0.028997855646532178,0.5830208055836752,spatial_louvain_manualiter_0_20_density,1.0
artificial_graph_sbmv_4_comuAndEmb_0_60_pos_0_40_6,0.6,6,Inferred_Commu_spatial_manuel_iter_0_50,0.13113507910432176,0.66776750330251,0.026540902198677916,0.5761489690447013,spatial_louvain_manualiter_0_50_density,1.0
artificial_graph_sbmv_4_comuAndEmb_0_60_pos_0_40_6,0.6,6,Inferred_Commu_spatial_manuel_iter_0_80,0.11800968626096796,0.6316716494009132,0.03322748981227555,0.6294530875379615,spatial_louvain_manualiter_0_80_density,1.0
artificial_graph_sbmv_4_comuAndEmb_0_60_pos_0_40_6,0.6,6,GT_pos,0.11192550331200504,0.622447797167953,0.0335939611031804,0.6081067185252278,GT_pos_dist,1.0
artificial_graph_sbmv_4_comuAndEmb_0_60_pos_0_40_6,0.6,6,GT_pos + Inferred_Commu normal,0.18842698214383174,0.6803286287051844,0.036289334137264824,0.6554796472907454,louvain_density,0.50097024
artificial_graph_sbmv_4_comuAndEmb_0_60_pos_0_40_6,0.6,6,GT_pos + Inferred_Commu spatial manuel iter,0.1585011125164971,0.6780110778928827,0.044069501712320686,0.6652386914593212,spatial_louvain_density,0.5337592
artificial_graph_sbmv_4_comuAndEmb_0_60_pos_0_40_6,0.6,6,GT_pos + Inferred_Commu spatial manuel iter old,0.1358628281212055,0.6858675751465851,0.03052172117046737,0.6195540518940807,spatial_louvain_old_density,0.5578029
artificial_graph_sbmv_4_comuAndEmb_0_60_pos_0_40_6,0.6,6,GT_pos + Inferred_Commu spatial manuel iter bined,0.18275667592629335,0.7211406985098148,0.03308504046815257,0.6264012467366402,spatial_louvain_bined_density,0.55527896
artificial_graph_sbmv_4_comuAndEmb_0_60_pos_0_40_6,0.6,6,GT_pos + Inferred_Commu spatial manuel iter 0_20,0.158075891225599,0.6763887923242716,0.03241010768279217,0.626972800895093,spatial_louvain_manualiter_0_20_density,0.52006066
artificial_graph_sbmv_4_comuAndEmb_0_60_pos_0_40_6,0.6,6,GT_pos + Inferred_Commu spatial manuel iter 0_50,0.14475477364329886,0.6829358733690236,0.03486560768435608,0.6409507698865149,spatial_louvain_manualiter_0_50_density,0.52344394
artificial_graph_sbmv_4_comuAndEmb_0_60_pos_0_40_6,0.6,6,GT_pos + Inferred_Commu spatial manuel iter 0_80,0.14937555781097336,0.6693318501008134,0.03953420007554626,0.6403092865895892,spatial_louvain_manualiter_0_80_density,0.5541311
artificial_graph_sbmv_4_comuAndEmb_0_60_pos_0_40_6,0.6,6,SiNEcustom_spatial,0.08852108600596625,0.5354237641660293,0.03998539584668038,0.6396761947892802,SiNEcustom_spatial_dist,1.0
artificial_graph_sbmv_4_comuAndEmb_0_60_pos_0_40_6,0.6,6,SiNEcustom_spatial_bined,0.1565699161763012,0.6675589237294027,0.036551721395281046,0.6502217752677286,SiNEcustom_spatial_bined_dist,1.0
artificial_graph_sbmv_4_comuAndEmb_0_60_pos_0_40_6,0.6,6,SiNE_spatial,0.08676786807831566,0.5597348721870727,0.027237180458387654,0.6058760456071182,SiNE_spatial_dist,1.0
artificial_graph_sbmv_4_comuAndEmb_0_60_pos_0_40_6,0.6,6,SiNE_spatial_bined,0.07558194481280493,0.5522260075552157,0.029879106259768286,0.6173594757312589,SiNE_spatial_bined_dist,1.0
artificial_graph_sbmv_4_comuAndEmb_0_60_pos_0_40_6,0.6,6,deepwalk,0.14280035792102325,0.6779763146306983,0.036310736526468906,0.6438825989663808,deepwalk_dist,1.0
artificial_graph_sbmv_4_comuAndEmb_0_60_pos_0_40_6,0.6,6,GT_pos + SiNEcustom_spatial,0.10170482093103235,0.6096433289299867,0.04012986412125577,0.6866102349619053,SiNEcustom_spatial_dist,0.5098669
artificial_graph_sbmv_4_comuAndEmb_0_60_pos_0_40_6,0.6,6,GT_pos + SiNEcustom_spatial_bined,0.1464454525958416,0.7142691603513407,0.037361300697673995,0.6744156587990837,GT_pos_dist,0.5006597
artificial_graph_sbmv_4_comuAndEmb_0_60_pos_0_40_6,0.6,6,GT_pos + SiNE_spatial,0.1010629660360636,0.6353333796843496,0.03819567975628015,0.645175422238798,GT_pos_dist,0.555226
artificial_graph_sbmv_4_comuAndEmb_0_60_pos_0_40_6,0.6,6,GT_pos + SiNE_spatial_bined,0.1252951677349295,0.6366543836473615,0.037761785825914086,0.68742700729927,GT_pos_dist,0.5206752
artificial_graph_sbmv_4_comuAndEmb_0_60_pos_0_40_6,0.6,6,GT_pos + deepwalk,0.15784595325590947,0.7045354469396742,0.039342280119838854,0.6598333688528958,deepwalk_dist,0.5003388
artificial_graph_sbmv_4_comuAndEmb_0_50_pos_0_50_6,0.5,6,Inferred_Commu_normal,0.10666544470793887,0.6192509855453351,0.03541490292025203,0.6450612892561984,louvain_density,1.0
artificial_graph_sbmv_4_comuAndEmb_0_50_pos_0_50_6,0.5,6,Inferred_Commu_spatial_manuel_iter,0.11189156982316893,0.6207236394943133,0.026641162333897142,0.5984684958677686,spatial_louvain_density,1.0
artificial_graph_sbmv_4_comuAndEmb_0_50_pos_0_50_6,0.5,6,Inferred_Commu_spatial_manuel_iter_old,0.09132430113295589,0.5681385654084916,0.025804879351669505,0.5767378512396694,spatial_louvain_old_density,1.0
artificial_graph_sbmv_4_comuAndEmb_0_50_pos_0_50_6,0.5,6,Inferred_Commu_spatial_manuel_iter_bined,0.09154998519913361,0.5566178802845622,0.02341168460637736,0.5584818512396695,spatial_louvain_bined_density,1.0
artificial_graph_sbmv_4_comuAndEmb_0_50_pos_0_50_6,0.5,6,Inferred_Commu_spatial_manuel_iter_0_20,0.11760659892843446,0.5898658752095699,0.022094214758080027,0.5073773223140495,spatial_louvain_manualiter_0_20_density,1.0
artificial_graph_sbmv_4_comuAndEmb_0_50_pos_0_50_6,0.5,6,Inferred_Commu_spatial_manuel_iter_0_50,0.10943689952528547,0.6141306810458109,0.021857884265149816,0.5385281322314049,spatial_louvain_manualiter_0_50_density,1.0
artificial_graph_sbmv_4_comuAndEmb_0_50_pos_0_50_6,0.5,6,Inferred_Commu_spatial_manuel_iter_0_80,0.09575347524197046,0.5497870315827631,0.02480194415787786,0.5926049586776859,spatial_louvain_manualiter_0_80_density,1.0
artificial_graph_sbmv_4_comuAndEmb_0_50_pos_0_50_6,0.5,6,GT_pos,0.1648128497988267,0.6555802256558975,0.047838818610668944,0.6935299173553718,GT_pos_dist,1.0
artificial_graph_sbmv_4_comuAndEmb_0_50_pos_0_50_6,0.5,6,GT_pos + Inferred_Commu normal,0.17675394186556959,0.6707712175449727,0.04654461039265769,0.6951404958677686,louvain_density,0.50178325
artificial_graph_sbmv_4_comuAndEmb_0_50_pos_0_50_6,0.5,6,GT_pos + Inferred_Commu spatial manuel iter,0.15807035082786272,0.6978793783134714,0.044412300334889104,0.7043685289256199,GT_pos_dist,0.5464073
artificial_graph_sbmv_4_comuAndEmb_0_50_pos_0_50_6,0.5,6,GT_pos + Inferred_Commu spatial manuel iter old,0.15977499937688036,0.6768657392722823,0.05083021979503674,0.7036415206611569,GT_pos_dist,0.58348876
artificial_graph_sbmv_4_comuAndEmb_0_50_pos_0_50_6,0.5,6,GT_pos + Inferred_Commu spatial manuel iter bined,0.14211934476899463,0.6672708323893244,0.04936010182687265,0.7121160991735537,GT_pos_dist,0.54769605
artificial_graph_sbmv_4_comuAndEmb_0_50_pos_0_50_6,0.5,6,GT_pos + Inferred_Commu spatial manuel iter 0_20,0.16929811250828286,0.6711677013004667,0.04632240822740097,0.6850389421487604,GT_pos_dist,0.57757676
artificial_graph_sbmv_4_comuAndEmb_0_50_pos_0_50_6,0.5,6,GT_pos + Inferred_Commu spatial manuel iter 0_50,0.1340372600203741,0.693314151071639,0.05239773694359237,0.7077155702479337,GT_pos_dist,0.55531627
artificial_graph_sbmv_4_comuAndEmb_0_50_pos_0_50_6,0.5,6,GT_pos + Inferred_Commu spatial manuel iter 0_80,0.1503473343367448,0.6939145407585301,0.049386757210452326,0.7220822479338843,GT_pos_dist,0.5252547
artificial_graph_sbmv_4_comuAndEmb_0_50_pos_0_50_6,0.5,6,SiNEcustom_spatial,0.11483848611688122,0.5997553128823236,0.029524079806395757,0.6136881983471074,SiNEcustom_spatial_dist,1.0
artificial_graph_sbmv_4_comuAndEmb_0_50_pos_0_50_6,0.5,6,SiNEcustom_spatial_bined,0.14082642149953847,0.6565204585617835,0.04170505551472832,0.6500700826446282,SiNEcustom_spatial_bined_dist,1.0
artificial_graph_sbmv_4_comuAndEmb_0_50_pos_0_50_6,0.5,6,SiNE_spatial,0.09530223713608976,0.5703022339027595,0.026020491892072097,0.5877707107438016,SiNE_spatial_dist,1.0
artificial_graph_sbmv_4_comuAndEmb_0_50_pos_0_50_6,0.5,6,SiNE_spatial_bined,0.08114513790959962,0.5067175676288005,0.029139173979412902,0.6307683966942148,SiNE_spatial_bined_dist,1.0
artificial_graph_sbmv_4_comuAndEmb_0_50_pos_0_50_6,0.5,6,deepwalk,0.09244250486243731,0.5985205491866419,0.04266455909414549,0.6370310082644628,deepwalk_dist,1.0
artificial_graph_sbmv_4_comuAndEmb_0_50_pos_0_50_6,0.5,6,GT_pos + SiNEcustom_spatial,0.1400099762839348,0.6867325207304363,0.03894910381003245,0.695507173553719,GT_pos_dist,0.5703595
artificial_graph_sbmv_4_comuAndEmb_0_50_pos_0_50_6,0.5,6,GT_pos + SiNEcustom_spatial_bined,0.1681725735261264,0.6874801758122253,0.04516428112208477,0.7319662809917354,GT_pos_dist,0.54947275
artificial_graph_sbmv_4_comuAndEmb_0_50_pos_0_50_6,0.5,6,GT_pos + SiNE_spatial,0.15077024325138075,0.6522044496805475,0.042983020099131866,0.6802971239669422,GT_pos_dist,0.60631603
artificial_graph_sbmv_4_comuAndEmb_0_50_pos_0_50_6,0.5,6,GT_pos + SiNE_spatial_bined,0.14631014329003753,0.6325275273007386,0.043840448722004634,0.7090840330578512,GT_pos_dist,0.5820267
artificial_graph_sbmv_4_comuAndEmb_0_50_pos_0_50_6,0.5,6,GT_pos + deepwalk,0.18634195684470883,0.687298926095428,0.04633336909115742,0.6968363636363636,GT_pos_dist,0.59941196
artificial_graph_sbmv_4_comuAndEmb_0_40_pos_0_60_6,0.3999999999999999,6,Inferred_Commu_normal,0.14112817518870308,0.6914001177394036,0.04455935360545843,0.7043082883950903,louvain_density,1.0
artificial_graph_sbmv_4_comuAndEmb_0_40_pos_0_60_6,0.3999999999999999,6,Inferred_Commu_spatial_manuel_iter,0.07080893862128025,0.5103267268445839,0.020023042574647397,0.5057574925183247,spatial_louvain_density,1.0
artificial_graph_sbmv_4_comuAndEmb_0_40_pos_0_60_6,0.3999999999999999,6,Inferred_Commu_spatial_manuel_iter_old,0.10647273107200365,0.6067381279434851,0.024970313730529957,0.5358248637395365,spatial_louvain_old_density,1.0
artificial_graph_sbmv_4_comuAndEmb_0_40_pos_0_60_6,0.3999999999999999,6,Inferred_Commu_spatial_manuel_iter_bined,0.11125159370988746,0.6056343210361068,0.02340691086552139,0.5518881290751637,spatial_louvain_bined_density,1.0
artificial_graph_sbmv_4_comuAndEmb_0_40_pos_0_60_6,0.3999999999999999,6,Inferred_Commu_spatial_manuel_iter_0_20,0.0946733705912012,0.5856063579277865,0.025945967324303557,0.5482778412294524,spatial_louvain_manualiter_0_20_density,1.0
artificial_graph_sbmv_4_comuAndEmb_0_40_pos_0_60_6,0.3999999999999999,6,Inferred_Commu_spatial_manuel_iter_0_50,0.11590118824160998,0.6326530612244898,0.022334232356337486,0.5494613193771776,spatial_louvain_manualiter_0_50_density,1.0
artificial_graph_sbmv_4_comuAndEmb_0_40_pos_0_60_6,0.3999999999999999,6,Inferred_Commu_spatial_manuel_iter_0_80,0.10191117565816546,0.5763466444270016,0.021226364296513332,0.5176088999407249,spatial_louvain_manualiter_0_80_density,1.0
artificial_graph_sbmv_4_comuAndEmb_0_40_pos_0_60_6,0.3999999999999999,6,GT_pos,0.15799231325217994,0.695300235478807,0.061080194995872784,0.7328796136997788,GT_pos_dist,1.0
artificial_graph_sbmv_4_comuAndEmb_0_40_pos_0_60_6,0.3999999999999999,6,GT_pos + Inferred_Commu normal,0.15722581637633648,0.6892783555729984,0.053928927811199553,0.7289284216917984,GT_pos_dist,0.6606817
artificial_graph_sbmv_4_comuAndEmb_0_40_pos_0_60_6,0.3999999999999999,6,GT_pos + Inferred_Commu spatial manuel iter,0.1530457669082836,0.6819196428571429,0.04888611886837416,0.7088156544116584,GT_pos_dist,0.6222223
artificial_graph_sbmv_4_comuAndEmb_0_40_pos_0_60_6,0.3999999999999999,6,GT_pos + Inferred_Commu spatial manuel iter old,0.2120467446328837,0.727212519623234,0.06392472834215246,0.7225793346730471,GT_pos_dist,0.63198614
artificial_graph_sbmv_4_comuAndEmb_0_40_pos_0_60_6,0.3999999999999999,6,GT_pos + Inferred_Commu spatial manuel iter bined,0.18741181090678155,0.7427394034536892,0.05107105576928057,0.7313409186196128,GT_pos_dist,0.62264234
artificial_graph_sbmv_4_comuAndEmb_0_40_pos_0_60_6,0.3999999999999999,6,GT_pos + Inferred_Commu spatial manuel iter 0_20,0.16815756042929447,0.6793318288854003,0.0594076788391227,0.7287842819760296,GT_pos_dist,0.6482098
artificial_graph_sbmv_4_comuAndEmb_0_40_pos_0_60_6,0.3999999999999999,6,GT_pos + Inferred_Commu spatial manuel iter 0_50,0.1700390391978085,0.7173641091051804,0.04738832589965661,0.7237164047477916,GT_pos_dist,0.6075898
artificial_graph_sbmv_4_comuAndEmb_0_40_pos_0_60_6,0.3999999999999999,6,GT_pos + Inferred_Commu spatial manuel iter 0_80,0.18127371243347495,0.7286106750392465,0.052013592588681226,0.7310303748789198,GT_pos_dist,0.5974411
artificial_graph_sbmv_4_comuAndEmb_0_40_pos_0_60_6,0.3999999999999999,6,SiNEcustom_spatial,0.1039044042606955,0.5748749018838304,0.03249776060891944,0.5972869348985818,SiNEcustom_spatial_dist,1.0
artificial_graph_sbmv_4_comuAndEmb_0_40_pos_0_60_6,0.3999999999999999,6,SiNEcustom_spatial_bined,0.09585451111687934,0.5678841248037676,0.03062519728935957,0.6086650088912664,SiNEcustom_spatial_bined_dist,1.0
artificial_graph_sbmv_4_comuAndEmb_0_40_pos_0_60_6,0.3999999999999999,6,SiNE_spatial,0.09898224370469126,0.5561347135007848,0.027764972089567273,0.5805188740620798,SiNE_spatial_dist,1.0
artificial_graph_sbmv_4_comuAndEmb_0_40_pos_0_60_6,0.3999999999999999,6,SiNE_spatial_bined,0.08931331876227111,0.5546261773940345,0.026267747271070667,0.5770618340586101,SiNE_spatial_bined_dist,1.0
artificial_graph_sbmv_4_comuAndEmb_0_40_pos_0_60_6,0.3999999999999999,6,deepwalk,0.15872452190004116,0.6236876962323391,0.03849596892843895,0.6761899116656305,deepwalk_dist,1.0
artificial_graph_sbmv_4_comuAndEmb_0_40_pos_0_60_6,0.3999999999999999,6,GT_pos + SiNEcustom_spatial,0.1741464631645029,0.6897812009419152,0.0523887774864235,0.7466182827567263,GT_pos_dist,0.62970006
artificial_graph_sbmv_4_comuAndEmb_0_40_pos_0_60_6,0.3999999999999999,6,GT_pos + SiNEcustom_spatial_bined,0.13448866401529305,0.6817479395604396,0.055407074477362574,0.7379020948690886,GT_pos_dist,0.63238996
artificial_graph_sbmv_4_comuAndEmb_0_40_pos_0_60_6,0.3999999999999999,6,GT_pos + SiNE_spatial,0.15266590582675235,0.655599980376766,0.06084012004656168,0.7283256950367939,GT_pos_dist,0.6283278
artificial_graph_sbmv_4_comuAndEmb_0_40_pos_0_60_6,0.3999999999999999,6,GT_pos + SiNE_spatial_bined,0.1897898857038502,0.6896094976452121,0.05345183143674992,0.7277750148187773,GT_pos_dist,0.62261677
artificial_graph_sbmv_4_comuAndEmb_0_40_pos_0_60_6,0.3999999999999999,6,GT_pos + deepwalk,0.17843576141405532,0.6559556514913658,0.05489682088252114,0.7132893348176206,GT_pos_dist,0.6339633
artificial_graph_sbmv_4_comuAndEmb_0_30_pos_0_70_6,0.29999999999999993,6,Inferred_Commu_normal,0.12912123994013466,0.7125182304326689,0.042183461585608206,0.7133526231941285,louvain_density,1.0
artificial_graph_sbmv_4_comuAndEmb_0_30_pos_0_70_6,0.29999999999999993,6,Inferred_Commu_spatial_manuel_iter,0.0706445420403269,0.5232498784637822,0.02142655849059763,0.5139200174289567,spatial_louvain_density,1.0
artificial_graph_sbmv_4_comuAndEmb_0_30_pos_0_70_6,0.29999999999999993,6,Inferred_Commu_spatial_manuel_iter_old,0.07535024698132657,0.5353062712688381,0.019290841220426458,0.4935172451355509,spatial_louvain_old_density,1.0
artificial_graph_sbmv_4_comuAndEmb_0_30_pos_0_70_6,0.29999999999999993,6,Inferred_Commu_spatial_manuel_iter_bined,0.1024156901248226,0.5577297034516286,0.023699366128960002,0.5385476777276998,spatial_louvain_bined_density,1.0
artificial_graph_sbmv_4_comuAndEmb_0_30_pos_0_70_6,0.29999999999999993,6,Inferred_Commu_spatial_manuel_iter_0_20,0.12415454869940026,0.6616796305298979,0.04447349822781724,0.7101412017810215,spatial_louvain_manualiter_0_20_density,1.0
artificial_graph_sbmv_4_comuAndEmb_0_30_pos_0_70_6,0.29999999999999993,6,Inferred_Commu_spatial_manuel_iter_0_50,0.11332907388733035,0.6648517258142926,0.0333085084750702,0.6485390994131344,spatial_louvain_manualiter_0_50_density,1.0
artificial_graph_sbmv_4_comuAndEmb_0_30_pos_0_70_6,0.29999999999999993,6,Inferred_Commu_spatial_manuel_iter_0_80,0.09540120972262446,0.580359747204667,0.019915020731323174,0.4968640132895794,spatial_louvain_manualiter_0_80_density,1.0
artificial_graph_sbmv_4_comuAndEmb_0_30_pos_0_70_6,0.29999999999999993,6,GT_pos,0.20222117719214625,0.7603548857559552,0.07773243402389139,0.7685230320937895,GT_pos_dist,1.0
artificial_graph_sbmv_4_comuAndEmb_0_30_pos_0_70_6,0.29999999999999993,6,GT_pos + Inferred_Commu normal,0.21184470062815147,0.7520053475935828,0.07322095672322929,0.7469596002233085,GT_pos_dist,0.69391245
artificial_graph_sbmv_4_comuAndEmb_0_30_pos_0_70_6,0.29999999999999993,6,GT_pos + Inferred_Commu spatial manuel iter,0.21959555424784044,0.751968886728245,0.061811702914741175,0.7574354924361051,GT_pos_dist,0.68099487
artificial_graph_sbmv_4_comuAndEmb_0_30_pos_0_70_6,0.29999999999999993,6,GT_pos + Inferred_Commu spatial manuel iter old,0.19768678794326458,0.7715483714146816,0.06877816136910266,0.7494812162143761,GT_pos_dist,0.6585214
artificial_graph_sbmv_4_comuAndEmb_0_30_pos_0_70_6,0.29999999999999993,6,GT_pos + Inferred_Commu spatial manuel iter bined,0.19886133721335034,0.7718279047156053,0.05745506823755018,0.7324156806143707,GT_pos_dist,0.67769223
artificial_graph_sbmv_4_comuAndEmb_0_30_pos_0_70_6,0.29999999999999993,6,GT_pos + Inferred_Commu spatial manuel iter 0_20,0.19060944988053222,0.7355858045697617,0.06882371211868835,0.7583394833948339,GT_pos_dist,0.6721172
artificial_graph_sbmv_4_comuAndEmb_0_30_pos_0_70_6,0.29999999999999993,6,GT_pos + Inferred_Commu spatial manuel iter 0_50,0.16963325285961275,0.7386485172581428,0.06943211087935049,0.7629134951866123,GT_pos_dist,0.6942503
artificial_graph_sbmv_4_comuAndEmb_0_30_pos_0_70_6,0.29999999999999993,6,GT_pos + Inferred_Commu spatial manuel iter 0_80,0.17810262674478775,0.7467792902284881,0.06926737573652099,0.7594537111422774,GT_pos_dist,0.67618006
artificial_graph_sbmv_4_comuAndEmb_0_30_pos_0_70_6,0.29999999999999993,6,SiNEcustom_spatial,0.10237838977037983,0.5992950899368011,0.0314338980157129,0.6073667297558585,SiNEcustom_spatial_dist,1.0
artificial_graph_sbmv_4_comuAndEmb_0_30_pos_0_70_6,0.29999999999999993,6,SiNEcustom_spatial_bined,0.12824951777222426,0.5696159455517744,0.024591105455401753,0.5804444383927234,SiNEcustom_spatial_bined_dist,1.0
artificial_graph_sbmv_4_comuAndEmb_0_30_pos_0_70_6,0.29999999999999993,6,SiNE_spatial,0.15016638247985797,0.6499635391346621,0.027120230215660745,0.6185107773586961,SiNE_spatial_dist,1.0
artificial_graph_sbmv_4_comuAndEmb_0_30_pos_0_70_6,0.29999999999999993,6,SiNE_spatial_bined,0.12209001309673252,0.642209528439475,0.03228597277168248,0.6177015563513569,SiNE_spatial_bined_dist,1.0
artificial_graph_sbmv_4_comuAndEmb_0_30_pos_0_70_6,0.29999999999999993,6,deepwalk,0.11866440402961495,0.631988332523092,0.04310042503994438,0.6849077490774907,deepwalk_dist,1.0
artificial_graph_sbmv_4_comuAndEmb_0_30_pos_0_70_6,0.29999999999999993,6,GT_pos + SiNEcustom_spatial,0.20993993279985648,0.7672216820612543,0.06864586162645069,0.7684390190765376,GT_pos_dist,0.66997665
artificial_graph_sbmv_4_comuAndEmb_0_30_pos_0_70_6,0.29999999999999993,6,GT_pos + SiNEcustom_spatial_bined,0.20567895556378374,0.7659090909090909,0.06167136967639012,0.7546676924333819,GT_pos_dist,0.6735241
artificial_graph_sbmv_4_comuAndEmb_0_30_pos_0_70_6,0.29999999999999993,6,GT_pos + SiNE_spatial,0.18398831419283124,0.7340301409820127,0.080171392863944,0.7567187265968601,GT_pos_dist,0.6720796
artificial_graph_sbmv_4_comuAndEmb_0_30_pos_0_70_6,0.29999999999999993,6,GT_pos + SiNE_spatial_bined,0.19433093632825907,0.7496961594555178,0.0693055554891762,0.7513732111490857,GT_pos_dist,0.6602594
artificial_graph_sbmv_4_comuAndEmb_0_30_pos_0_70_6,0.29999999999999993,6,GT_pos + deepwalk,0.17904302989065055,0.7290106951871657,0.06663299246665907,0.7626957693931182,GT_pos_dist,0.6740033
artificial_graph_sbmv_4_comuAndEmb_0_20_pos_0_80_6,0.19999999999999996,6,Inferred_Commu_normal,0.14224267796824358,0.7101777622865111,0.05411488459478965,0.7668511586094005,louvain_density,1.0
artificial_graph_sbmv_4_comuAndEmb_0_20_pos_0_80_6,0.19999999999999996,6,Inferred_Commu_spatial_manuel_iter,0.08754537984053137,0.576437783199721,0.02169220094962579,0.5387932214305841,spatial_louvain_density,1.0
artificial_graph_sbmv_4_comuAndEmb_0_20_pos_0_80_6,0.19999999999999996,6,Inferred_Commu_spatial_manuel_iter_old,0.08855490539694709,0.5465899848960148,0.02174978298235743,0.5020689932777844,spatial_louvain_old_density,1.0
artificial_graph_sbmv_4_comuAndEmb_0_20_pos_0_80_6,0.19999999999999996,6,Inferred_Commu_spatial_manuel_iter_bined,0.06689575315761587,0.4554316254211688,0.020785076462092048,0.5258416186987617,spatial_louvain_bined_density,1.0
artificial_graph_sbmv_4_comuAndEmb_0_20_pos_0_80_6,0.19999999999999996,6,Inferred_Commu_spatial_manuel_iter_0_20,0.14601733732876976,0.7143371674218658,0.04071954131336479,0.675159065598626,spatial_louvain_manualiter_0_20_density,1.0
artificial_graph_sbmv_4_comuAndEmb_0_20_pos_0_80_6,0.19999999999999996,6,Inferred_Commu_spatial_manuel_iter_0_50,0.11771577066321794,0.6639828046938538,0.04426742907623245,0.6991863569885549,spatial_louvain_manualiter_0_50_density,1.0
artificial_graph_sbmv_4_comuAndEmb_0_20_pos_0_80_6,0.19999999999999996,6,Inferred_Commu_spatial_manuel_iter_0_80,0.12306602121455222,0.6530149878006275,0.021388646887366032,0.5358893853399348,spatial_louvain_manualiter_0_80_density,1.0
artificial_graph_sbmv_4_comuAndEmb_0_20_pos_0_80_6,0.19999999999999996,6,GT_pos,0.266764339243488,0.7854537004763563,0.10873055117109362,0.8109019307920406,GT_pos_dist,1.0
artificial_graph_sbmv_4_comuAndEmb_0_20_pos_0_80_6,0.19999999999999996,6,GT_pos + Inferred_Commu normal,0.26203497913951257,0.7835250377599629,0.10693980443205665,0.8018539092165466,GT_pos_dist,0.74813044
artificial_graph_sbmv_4_comuAndEmb_0_20_pos_0_80_6,0.19999999999999996,6,GT_pos + Inferred_Commu spatial manuel iter,0.25454392228039346,0.7968630184733356,0.1009859113026547,0.7930317057789587,GT_pos_dist,0.67565185
artificial_graph_sbmv_4_comuAndEmb_0_20_pos_0_80_6,0.19999999999999996,6,GT_pos + Inferred_Commu spatial manuel iter old,0.23227501377730747,0.7839781573138144,0.09623833600040867,0.7916419112023507,GT_pos_dist,0.70022684
artificial_graph_sbmv_4_comuAndEmb_0_20_pos_0_80_6,0.19999999999999996,6,GT_pos + Inferred_Commu spatial manuel iter bined,0.22643871998828058,0.74280237016382,0.09254224475586433,0.8007104616994727,GT_pos_dist,0.6911079
artificial_graph_sbmv_4_comuAndEmb_0_20_pos_0_80_6,0.19999999999999996,6,GT_pos + Inferred_Commu spatial manuel iter 0_20,0.31218199414710246,0.7899268037643778,0.11411046130934384,0.8008975029854151,GT_pos_dist,0.72476
artificial_graph_sbmv_4_comuAndEmb_0_20_pos_0_80_6,0.19999999999999996,6,GT_pos + Inferred_Commu spatial manuel iter 0_50,0.263433102968483,0.7889159986057859,0.1028766816988316,0.8031743348226865,GT_pos_dist,0.7040686
artificial_graph_sbmv_4_comuAndEmb_0_20_pos_0_80_6,0.19999999999999996,6,GT_pos + Inferred_Commu spatial manuel iter 0_80,0.25146863638427314,0.7778900894620657,0.1035327819356758,0.8064676837204309,GT_pos_dist,0.70463884
artificial_graph_sbmv_4_comuAndEmb_0_20_pos_0_80_6,0.19999999999999996,6,SiNEcustom_spatial,0.09335790266861911,0.6013012664110606,0.02986868973894674,0.6247448644151941,SiNEcustom_spatial_dist,1.0
artificial_graph_sbmv_4_comuAndEmb_0_20_pos_0_80_6,0.19999999999999996,6,SiNEcustom_spatial_bined,0.08533376033822548,0.53420471709074,0.026869985512863053,0.5763504139328315,SiNEcustom_spatial_bined_dist,1.0
artificial_graph_sbmv_4_comuAndEmb_0_20_pos_0_80_6,0.19999999999999996,6,SiNE_spatial,0.14497577165651937,0.709654932032067,0.025783098849429906,0.5767871566772665,SiNE_spatial_dist,1.0
artificial_graph_sbmv_4_comuAndEmb_0_20_pos_0_80_6,0.19999999999999996,6,SiNE_spatial_bined,0.1427859082356433,0.6427907517137212,0.0316444807743535,0.6142175528988716,SiNE_spatial_bined_dist,1.0
artificial_graph_sbmv_4_comuAndEmb_0_20_pos_0_80_6,0.19999999999999996,6,deepwalk,0.1591396200853318,0.6847217381201347,0.050139910206481425,0.7033252827758323,deepwalk_dist,1.0
artificial_graph_sbmv_4_comuAndEmb_0_20_pos_0_80_6,0.19999999999999996,6,GT_pos + SiNEcustom_spatial,0.22749238255319623,0.7742070407807599,0.10195109401990968,0.8003532852983403,GT_pos_dist,0.70930654
artificial_graph_sbmv_4_comuAndEmb_0_20_pos_0_80_6,0.19999999999999996,6,GT_pos + SiNEcustom_spatial_bined,0.24855321888468,0.7681189729290112,0.09024618486202457,0.7972762280454588,GT_pos_dist,0.70435977
artificial_graph_sbmv_4_comuAndEmb_0_20_pos_0_80_6,0.19999999999999996,6,GT_pos + SiNE_spatial,0.25546905817651244,0.808121296619031,0.09263785599725892,0.7944388090541937,GT_pos_dist,0.6992155
artificial_graph_sbmv_4_comuAndEmb_0_20_pos_0_80_6,0.19999999999999996,6,GT_pos + SiNE_spatial_bined,0.2412259099641697,0.7499128616242594,0.09936018854178576,0.8037971796213554,GT_pos_dist,0.7011871
artificial_graph_sbmv_4_comuAndEmb_0_20_pos_0_80_6,0.19999999999999996,6,GT_pos + deepwalk,0.20403847087060262,0.7866387823864296,0.08465300156312774,0.780681211340552,GT_pos_dist,0.694453
artificial_graph_sbmv_4_comuAndEmb_0_10_pos_0_90_6,0.09999999999999998,6,Inferred_Commu_normal,0.19823106493164572,0.7897018371156302,0.064042989386588,0.7667287521626297,louvain_density,1.0
artificial_graph_sbmv_4_comuAndEmb_0_10_pos_0_90_6,0.09999999999999998,6,Inferred_Commu_spatial_manuel_iter,0.07537340010108351,0.5650235779546124,0.02483459246756564,0.5680455233564015,spatial_louvain_density,1.0
artificial_graph_sbmv_4_comuAndEmb_0_10_pos_0_90_6,0.09999999999999998,6,Inferred_Commu_spatial_manuel_iter_old,0.10839402913243533,0.6585494645839474,0.020604917304402254,0.5236703881920415,spatial_louvain_old_density,1.0
artificial_graph_sbmv_4_comuAndEmb_0_10_pos_0_90_6,0.09999999999999998,6,Inferred_Commu_spatial_manuel_iter_bined,0.09419602563061702,0.5767879948914432,0.02400594040829315,0.5448465884515571,spatial_louvain_bined_density,1.0
artificial_graph_sbmv_4_comuAndEmb_0_10_pos_0_90_6,0.09999999999999998,6,Inferred_Commu_spatial_manuel_iter_0_20,0.19920680736202417,0.7754077021318401,0.06568151859309657,0.7582344831314879,spatial_louvain_manualiter_0_20_density,1.0
artificial_graph_sbmv_4_comuAndEmb_0_10_pos_0_90_6,0.09999999999999998,6,Inferred_Commu_spatial_manuel_iter_0_50,0.219121557758569,0.8035907260045191,0.05433753536849169,0.7343695934256055,spatial_louvain_manualiter_0_50_density,1.0
artificial_graph_sbmv_4_comuAndEmb_0_10_pos_0_90_6,0.09999999999999998,6,Inferred_Commu_spatial_manuel_iter_0_80,0.10178878810892954,0.6029693486590038,0.044595180498265774,0.683795955882353,spatial_louvain_manualiter_0_80_density,1.0
artificial_graph_sbmv_4_comuAndEmb_0_10_pos_0_90_6,0.09999999999999998,6,GT_pos,0.2729641514778426,0.8599322133804892,0.13621776589990914,0.8780414684256056,GT_pos_dist,1.0
artificial_graph_sbmv_4_comuAndEmb_0_10_pos_0_90_6,0.09999999999999998,6,GT_pos + Inferred_Commu normal,0.27468389903195595,0.8543815698988113,0.11827699303975081,0.8715591208910035,GT_pos_dist,0.7800542
artificial_graph_sbmv_4_comuAndEmb_0_10_pos_0_90_6,0.09999999999999998,6,GT_pos + Inferred_Commu spatial manuel iter,0.2701842832049341,0.8599567737498772,0.13091725362864498,0.8626165116782007,GT_pos_dist,0.7556258
artificial_graph_sbmv_4_comuAndEmb_0_10_pos_0_90_6,0.09999999999999998,6,GT_pos + Inferred_Commu spatial manuel iter old,0.33643395346214616,0.8684301011887219,0.11681952063298806,0.86374026816609,GT_pos_dist,0.745153
artificial_graph_sbmv_4_comuAndEmb_0_10_pos_0_90_6,0.09999999999999998,6,GT_pos + Inferred_Commu spatial manuel iter bined,0.27739770204116926,0.841855781510954,0.1262652751937247,0.8679445555795848,GT_pos_dist,0.7684467
artificial_graph_sbmv_4_comuAndEmb_0_10_pos_0_90_6,0.09999999999999998,6,GT_pos + Inferred_Commu spatial manuel iter 0_20,0.2655902297418077,0.862351409765203,0.1350354451596366,0.8602683012543253,GT_pos_dist,0.74778736
artificial_graph_sbmv_4_comuAndEmb_0_10_pos_0_90_6,0.09999999999999998,6,GT_pos + Inferred_Commu spatial manuel iter 0_50,0.2755640928053409,0.8569358483151586,0.11939488777085314,0.8617033412629759,GT_pos_dist,0.75135523
artificial_graph_sbmv_4_comuAndEmb_0_10_pos_0_90_6,0.09999999999999998,6,GT_pos + Inferred_Commu spatial manuel iter 0_80,0.26196326752541144,0.839019058846645,0.10129381348645615,0.8678811634948096,GT_pos_dist,0.7130175
artificial_graph_sbmv_4_comuAndEmb_0_10_pos_0_90_6,0.09999999999999998,6,SiNEcustom_spatial,0.1310957833343508,0.7227871107181452,0.03679867307003669,0.6909392571366783,SiNEcustom_spatial_dist,1.0
artificial_graph_sbmv_4_comuAndEmb_0_10_pos_0_90_6,0.09999999999999998,6,SiNEcustom_spatial_bined,0.1800561820620773,0.7315920031437273,0.04116489655131567,0.708157304282007,SiNEcustom_spatial_bined_dist,1.0
artificial_graph_sbmv_4_comuAndEmb_0_10_pos_0_90_6,0.09999999999999998,6,SiNE_spatial,0.1556289757159568,0.7529595245112486,0.0377146316913952,0.6966610348183391,SiNE_spatial_dist,1.0
artificial_graph_sbmv_4_comuAndEmb_0_10_pos_0_90_6,0.09999999999999998,6,SiNE_spatial_bined,0.13245063485784223,0.7203065134099617,0.03734110535677057,0.6871342452422146,SiNE_spatial_bined_dist,1.0
artificial_graph_sbmv_4_comuAndEmb_0_10_pos_0_90_6,0.09999999999999998,6,deepwalk,0.20406322578179265,0.7807741428431083,0.08187813561305943,0.784305660683391,deepwalk_dist,1.0
artificial_graph_sbmv_4_comuAndEmb_0_10_pos_0_90_6,0.09999999999999998,6,GT_pos + SiNEcustom_spatial,0.2575097646859686,0.8524044601630809,0.11383912974753722,0.8619633974913495,GT_pos_dist,0.7452201
artificial_graph_sbmv_4_comuAndEmb_0_10_pos_0_90_6,0.09999999999999998,6,GT_pos + SiNEcustom_spatial_bined,0.2591619825992329,0.8381717261027606,0.1261607743858095,0.8681329746972318,GT_pos_dist,0.7608799
artificial_graph_sbmv_4_comuAndEmb_0_10_pos_0_90_6,0.09999999999999998,6,GT_pos + SiNE_spatial,0.26348836422961996,0.8535342371549268,0.1184234211181325,0.8654244160899653,GT_pos_dist,0.7506786
artificial_graph_sbmv_4_comuAndEmb_0_10_pos_0_90_6,0.09999999999999998,6,GT_pos + SiNE_spatial_bined,0.2575668261512177,0.8531658316141075,0.10699587391272122,0.8595759894031142,GT_pos_dist,0.74983495
artificial_graph_sbmv_4_comuAndEmb_0_10_pos_0_90_6,0.09999999999999998,6,GT_pos + deepwalk,0.2449049108224924,0.8435504469987228,0.11509708291005774,0.8569287954152249,GT_pos_dist,0.75173455
artificial_graph_sbmv_4_comuAndEmb_0_00_pos_1_00_6,0.0,6,Inferred_Commu_normal,0.24126052486777722,0.8493887359432598,0.08159714903628822,0.8557223212296725,louvain_density,1.0
artificial_graph_sbmv_4_comuAndEmb_0_00_pos_1_00_6,0.0,6,Inferred_Commu_spatial_manuel_iter,0.13216998605723504,0.6162334935373991,0.021063875516684174,0.534365950100245,spatial_louvain_density,1.0
artificial_graph_sbmv_4_comuAndEmb_0_00_pos_1_00_6,0.0,6,Inferred_Commu_spatial_manuel_iter_old,0.1081421003111026,0.5972423125379123,0.022317596772206422,0.5379696201826688,spatial_louvain_old_density,1.0
artificial_graph_sbmv_4_comuAndEmb_0_00_pos_1_00_6,0.0,6,Inferred_Commu_spatial_manuel_iter_bined,0.10473104584973064,0.5767113060519807,0.027732679940922673,0.6061629817331253,spatial_louvain_bined_density,1.0
artificial_graph_sbmv_4_comuAndEmb_0_00_pos_1_00_6,0.0,6,Inferred_Commu_spatial_manuel_iter_0_20,0.22469770689128798,0.8173673650319631,0.08368430621988394,0.7973632768990866,spatial_louvain_manualiter_0_20_density,1.0
artificial_graph_sbmv_4_comuAndEmb_0_00_pos_1_00_6,0.0,6,Inferred_Commu_spatial_manuel_iter_0_50,0.2579997308443528,0.8456441603284961,0.08814345427431883,0.862314268211183,spatial_louvain_manualiter_0_50_density,1.0
artificial_graph_sbmv_4_comuAndEmb_0_00_pos_1_00_6,0.0,6,Inferred_Commu_spatial_manuel_iter_0_80,0.17186736757287124,0.7359549251084877,0.051543388930374565,0.6973785921140566,spatial_louvain_manualiter_0_80_density,1.0
artificial_graph_sbmv_4_comuAndEmb_0_00_pos_1_00_6,0.0,6,GT_pos,0.36724017773319556,0.8957234846717371,0.178244065260996,0.914784055468924,GT_pos_dist,1.0
artificial_graph_sbmv_4_comuAndEmb_0_00_pos_1_00_6,0.0,6,GT_pos + Inferred_Commu normal,0.34013845236097123,0.8889925808408381,0.15813875669078067,0.9112068389396303,GT_pos_dist,0.8590478
artificial_graph_sbmv_4_comuAndEmb_0_00_pos_1_00_6,0.0,6,GT_pos + Inferred_Commu spatial manuel iter,0.3597846254948304,0.8855863002193085,0.17199373716092103,0.9130608153263533,GT_pos_dist,0.8014194
artificial_graph_sbmv_4_comuAndEmb_0_00_pos_1_00_6,0.0,6,GT_pos + Inferred_Commu spatial manuel iter old,0.34688370527907847,0.8876977275908731,0.15250253448836892,0.9047651202940521,GT_pos_dist,0.78442115
artificial_graph_sbmv_4_comuAndEmb_0_00_pos_1_00_6,0.0,6,GT_pos + Inferred_Commu spatial manuel iter bined,0.324480461425792,0.8883509868881527,0.17904917831654218,0.9079930106928047,GT_pos_dist,0.773977
artificial_graph_sbmv_4_comuAndEmb_0_00_pos_1_00_6,0.0,6,GT_pos + Inferred_Commu spatial manuel iter 0_20,0.355504802565757,0.8839298212869209,0.16260524242017918,0.9141136667409221,GT_pos_dist,0.8284918
artificial_graph_sbmv_4_comuAndEmb_0_00_pos_1_00_6,0.0,6,GT_pos + Inferred_Commu spatial manuel iter 0_50,0.34913265414162203,0.8831715738882926,0.12503357895019565,0.8994838772555135,GT_pos_dist,0.82572496
artificial_graph_sbmv_4_comuAndEmb_0_00_pos_1_00_6,0.0,6,GT_pos + Inferred_Commu spatial manuel iter 0_80,0.33967632952964605,0.8769422798749474,0.16169964654828747,0.9093783415014479,GT_pos_dist,0.8085027
artificial_graph_sbmv_4_comuAndEmb_0_00_pos_1_00_6,0.0,6,SiNEcustom_spatial,0.16898761995084663,0.7321753534599412,0.05183486673836428,0.7454602918244597,SiNEcustom_spatial_dist,1.0
artificial_graph_sbmv_4_comuAndEmb_0_00_pos_1_00_6,0.0,6,SiNEcustom_spatial_bined,0.14326345752580247,0.7036302552377398,0.05090962433801404,0.7582422310091333,SiNEcustom_spatial_bined_dist,1.0
artificial_graph_sbmv_4_comuAndEmb_0_00_pos_1_00_6,0.0,6,SiNE_spatial,0.23445344139108887,0.8113480472213149,0.047578193361918,0.767935787480508,SiNE_spatial_dist,1.0
artificial_graph_sbmv_4_comuAndEmb_0_00_pos_1_00_6,0.0,6,SiNE_spatial_bined,0.17803763075466839,0.7763870094722598,0.055987967315331524,0.782924509913121,SiNE_spatial_bined_dist,1.0
artificial_graph_sbmv_4_comuAndEmb_0_00_pos_1_00_6,0.0,6,deepwalk,0.2663507378067343,0.8286477532546311,0.10597722212643765,0.8630432724437513,deepwalk_dist,1.0
artificial_graph_sbmv_4_comuAndEmb_0_00_pos_1_00_6,0.0,6,GT_pos + SiNEcustom_spatial,0.30510489686731557,0.8774788857262843,0.14669520022767768,0.9069337547337937,GT_pos_dist,0.78772944
artificial_graph_sbmv_4_comuAndEmb_0_00_pos_1_00_6,0.0,6,GT_pos + SiNEcustom_spatial_bined,0.3938366001581995,0.89341374644207,0.16797270606680298,0.9100756014702607,GT_pos_dist,0.80921656
artificial_graph_sbmv_4_comuAndEmb_0_00_pos_1_00_6,0.0,6,GT_pos + SiNE_spatial,0.3919121912762289,0.8846530726517663,0.1538948703979227,0.90793940744041,GT_pos_dist,0.81538403
artificial_graph_sbmv_4_comuAndEmb_0_00_pos_1_00_6,0.0,6,GT_pos + SiNE_spatial_bined,0.377613009505633,0.8854113200503944,0.18081326107968992,0.9114671975941189,GT_pos_dist,0.7864707
artificial_graph_sbmv_4_comuAndEmb_0_00_pos_1_00_6,0.0,6,GT_pos + deepwalk,0.3708757780267293,0.8994563949419065,0.15290206312313362,0.9090309645800847,GT_pos_dist,0.803574
artificial_graph_sbmv_4_comuAndEmb_1_00_pos_0_00_7,1.0,7,Inferred_Commu_normal,0.145308703642037,0.7352919927754366,0.04555442342566256,0.7407847951803996,louvain_density,1.0
artificial_graph_sbmv_4_comuAndEmb_1_00_pos_0_00_7,1.0,7,Inferred_Commu_spatial_manuel_iter,0.21398176763525134,0.8122817579771221,0.071747198325681,0.8089893866816944,spatial_louvain_density,1.0
artificial_graph_sbmv_4_comuAndEmb_1_00_pos_0_00_7,1.0,7,Inferred_Commu_spatial_manuel_iter_old,0.20356280897546253,0.7989524382901866,0.06201049024698636,0.7948881643387138,spatial_louvain_old_density,1.0
artificial_graph_sbmv_4_comuAndEmb_1_00_pos_0_00_7,1.0,7,Inferred_Commu_spatial_manuel_iter_bined,0.16274581916787567,0.7682480433473812,0.051990148962759726,0.7689072709951832,spatial_louvain_bined_density,1.0
artificial_graph_sbmv_4_comuAndEmb_1_00_pos_0_00_7,1.0,7,Inferred_Commu_spatial_manuel_iter_0_20,0.16769707123396177,0.789789283564118,0.058865575984429125,0.7960736089307519,spatial_louvain_manualiter_0_20_density,1.0
artificial_graph_sbmv_4_comuAndEmb_1_00_pos_0_00_7,1.0,7,Inferred_Commu_spatial_manuel_iter_0_50,0.21324265112340954,0.7829741119807345,0.05402303024274594,0.7791261119832549,spatial_louvain_manualiter_0_50_density,1.0
artificial_graph_sbmv_4_comuAndEmb_1_00_pos_0_00_7,1.0,7,Inferred_Commu_spatial_manuel_iter_0_80,0.22871239447324582,0.7945936183022275,0.06278988668947671,0.7952712366998083,spatial_louvain_manualiter_0_80_density,1.0
artificial_graph_sbmv_4_comuAndEmb_1_00_pos_0_00_7,1.0,7,GT_pos,0.08935663817002143,0.5045394340758579,0.01925281697047579,0.4927936776288424,GT_pos_dist,1.0
artificial_graph_sbmv_4_comuAndEmb_1_00_pos_0_00_7,1.0,7,GT_pos + Inferred_Commu normal,0.15079043616602208,0.7140638169777243,0.044711835545632184,0.7136000751385367,louvain_density,0.8479442
artificial_graph_sbmv_4_comuAndEmb_1_00_pos_0_00_7,1.0,7,GT_pos + Inferred_Commu spatial manuel iter,0.15783759731154112,0.7377724262492475,0.04832717199124522,0.7077631525983173,spatial_louvain_density,0.7450113
artificial_graph_sbmv_4_comuAndEmb_1_00_pos_0_00_7,1.0,7,GT_pos + Inferred_Commu spatial manuel iter old,0.17023832817538131,0.7695003010234798,0.0531072000623002,0.757992593487099,spatial_louvain_old_density,0.80143714
artificial_graph_sbmv_4_comuAndEmb_1_00_pos_0_00_7,1.0,7,GT_pos + Inferred_Commu spatial manuel iter bined,0.16682408491512227,0.7524503311258278,0.04933214941778614,0.7377485274188571,spatial_louvain_bined_density,0.82558364
artificial_graph_sbmv_4_comuAndEmb_1_00_pos_0_00_7,1.0,7,GT_pos + Inferred_Commu spatial manuel iter 0_20,0.16116026840148065,0.7746417820590006,0.05577253487499038,0.7440310483167626,spatial_louvain_manualiter_0_20_density,0.820632
artificial_graph_sbmv_4_comuAndEmb_1_00_pos_0_00_7,1.0,7,GT_pos + Inferred_Commu spatial manuel iter 0_50,0.17743604529488027,0.7591932570740517,0.04741678616438068,0.7462405238229415,spatial_louvain_manualiter_0_50_density,0.80462384
artificial_graph_sbmv_4_comuAndEmb_1_00_pos_0_00_7,1.0,7,GT_pos + Inferred_Commu spatial manuel iter 0_80,0.20024371878635533,0.7624804334738109,0.04954874506006392,0.7578487568597458,spatial_louvain_manualiter_0_80_density,0.78083146
artificial_graph_sbmv_4_comuAndEmb_1_00_pos_0_00_7,1.0,7,SiNEcustom_spatial,0.2476250811101776,0.8277182420228778,0.09359618854342366,0.8221825061385502,SiNEcustom_spatial_dist,1.0
artificial_graph_sbmv_4_comuAndEmb_1_00_pos_0_00_7,1.0,7,SiNEcustom_spatial_bined,0.3758928728254655,0.8294762191450933,0.11667453671119066,0.8150966737779924,SiNEcustom_spatial_bined_dist,1.0
artificial_graph_sbmv_4_comuAndEmb_1_00_pos_0_00_7,1.0,7,SiNE_spatial,0.19758197559817314,0.792414208308248,0.061692081650451494,0.7661869876155593,SiNE_spatial_dist,1.0
artificial_graph_sbmv_4_comuAndEmb_1_00_pos_0_00_7,1.0,7,SiNE_spatial_bined,0.21081366575168028,0.7951113786875377,0.06019074468562963,0.7750083859973971,SiNE_spatial_bined_dist,1.0
artificial_graph_sbmv_4_comuAndEmb_1_00_pos_0_00_7,1.0,7,deepwalk,0.36429222098551034,0.8553040337146298,0.135042609917995,0.8042256034563727,deepwalk_dist,1.0
artificial_graph_sbmv_4_comuAndEmb_1_00_pos_0_00_7,1.0,7,GT_pos + SiNEcustom_spatial,0.3365114521893214,0.8236724864539435,0.08227963869705127,0.7992719612499832,SiNEcustom_spatial_dist,0.7044732
artificial_graph_sbmv_4_comuAndEmb_1_00_pos_0_00_7,1.0,7,GT_pos + SiNEcustom_spatial_bined,0.37172763341564785,0.8295364238410594,0.09387185888257443,0.7990837123804158,SiNEcustom_spatial_bined_dist,0.7017547
artificial_graph_sbmv_4_comuAndEmb_1_00_pos_0_00_7,1.0,7,GT_pos + SiNE_spatial,0.1683309627348237,0.7585310054184226,0.053566884773575754,0.7466358061962458,SiNE_spatial_dist,0.6509447
artificial_graph_sbmv_4_comuAndEmb_1_00_pos_0_00_7,1.0,7,GT_pos + SiNE_spatial_bined,0.2149005123952318,0.8125346177001807,0.051516518226685654,0.7524932576580928,SiNE_spatial_bined_dist,0.64025027
artificial_graph_sbmv_4_comuAndEmb_1_00_pos_0_00_7,1.0,7,GT_pos + deepwalk,0.32813636910139843,0.8401204093919326,0.10017187051215602,0.7935684096123657,deepwalk_dist,0.68143547
artificial_graph_sbmv_4_comuAndEmb_0_90_pos_0_10_7,0.9,7,Inferred_Commu_normal,0.1522896862378777,0.7794313794313795,0.04406882713731593,0.7479406887755102,louvain_density,1.0
artificial_graph_sbmv_4_comuAndEmb_0_90_pos_0_10_7,0.9,7,Inferred_Commu_spatial_manuel_iter,0.16788436691358688,0.7576225576225576,0.06146691121422815,0.7570552295918368,spatial_louvain_density,1.0
artificial_graph_sbmv_4_comuAndEmb_0_90_pos_0_10_7,0.9,7,Inferred_Commu_spatial_manuel_iter_old,0.14987389720132233,0.7675090675090677,0.0525556370990008,0.7655021683673469,spatial_louvain_old_density,1.0
artificial_graph_sbmv_4_comuAndEmb_0_90_pos_0_10_7,0.9,7,Inferred_Commu_spatial_manuel_iter_bined,0.16800086914057183,0.7729963729963729,0.06704855386127974,0.7892224489795918,spatial_louvain_bined_density,1.0
artificial_graph_sbmv_4_comuAndEmb_0_90_pos_0_10_7,0.9,7,Inferred_Commu_spatial_manuel_iter_0_20,0.1532667037079325,0.7838071838071838,0.0494865596865109,0.7693663265306123,spatial_louvain_manualiter_0_20_density,1.0
artificial_graph_sbmv_4_comuAndEmb_0_90_pos_0_10_7,0.9,7,Inferred_Commu_spatial_manuel_iter_0_50,0.17843313421342588,0.7476190476190476,0.05214297198757762,0.7343695153061224,spatial_louvain_manualiter_0_50_density,1.0
artificial_graph_sbmv_4_comuAndEmb_0_90_pos_0_10_7,0.9,7,Inferred_Commu_spatial_manuel_iter_0_80,0.16392036698189952,0.7358137358137359,0.05671466796190257,0.7437718112244898,spatial_louvain_manualiter_0_80_density,1.0
artificial_graph_sbmv_4_comuAndEmb_0_90_pos_0_10_7,0.9,7,GT_pos,0.06691830943760725,0.475043875043875,0.022843032328209185,0.5254516581632653,GT_pos_dist,1.0
artificial_graph_sbmv_4_comuAndEmb_0_90_pos_0_10_7,0.9,7,GT_pos + Inferred_Commu normal,0.12536018905136573,0.726091026091026,0.04718273107279509,0.742448086734694,louvain_density,0.79696393
artificial_graph_sbmv_4_comuAndEmb_0_90_pos_0_10_7,0.9,7,GT_pos + Inferred_Commu spatial manuel iter,0.1526095811899934,0.6970632970632971,0.05036910540011348,0.7263760204081633,spatial_louvain_density,0.7760096
artificial_graph_sbmv_4_comuAndEmb_0_90_pos_0_10_7,0.9,7,GT_pos + Inferred_Commu spatial manuel iter old,0.1538114652151215,0.7350181350181351,0.04640038054799848,0.7283524234693878,spatial_louvain_old_density,0.80352616
artificial_graph_sbmv_4_comuAndEmb_0_90_pos_0_10_7,0.9,7,GT_pos + Inferred_Commu spatial manuel iter bined,0.18460626494203622,0.745969345969346,0.059437968530942756,0.7478945153061225,spatial_louvain_bined_density,0.7893831
artificial_graph_sbmv_4_comuAndEmb_0_90_pos_0_10_7,0.9,7,GT_pos + Inferred_Commu spatial manuel iter 0_20,0.1392747661092591,0.7518310518310517,0.04936427640464666,0.7503187500000001,spatial_louvain_manualiter_0_20_density,0.8039559
artificial_graph_sbmv_4_comuAndEmb_0_90_pos_0_10_7,0.9,7,GT_pos + Inferred_Commu spatial manuel iter 0_50,0.1406824644043709,0.7024102024102025,0.05080900918267229,0.7224525510204081,spatial_louvain_manualiter_0_50_density,0.81787944
artificial_graph_sbmv_4_comuAndEmb_0_90_pos_0_10_7,0.9,7,GT_pos + Inferred_Commu spatial manuel iter 0_80,0.14151125888058355,0.6834678834678835,0.04953273047957127,0.7015603316326531,spatial_louvain_manualiter_0_80_density,0.74257445
artificial_graph_sbmv_4_comuAndEmb_0_90_pos_0_10_7,0.9,7,SiNEcustom_spatial,0.20301964803531217,0.7648063648063648,0.0964775669435734,0.7685692602040817,SiNEcustom_spatial_dist,1.0
artificial_graph_sbmv_4_comuAndEmb_0_90_pos_0_10_7,0.9,7,SiNEcustom_spatial_bined,0.27143726571293114,0.8203931203931204,0.09667859798903068,0.7907957908163266,SiNEcustom_spatial_bined_dist,1.0
artificial_graph_sbmv_4_comuAndEmb_0_90_pos_0_10_7,0.9,7,SiNE_spatial,0.19024234765286704,0.7495612495612496,0.054481658942489936,0.7294427295918368,SiNE_spatial_dist,1.0
artificial_graph_sbmv_4_comuAndEmb_0_90_pos_0_10_7,0.9,7,SiNE_spatial_bined,0.15689935334126356,0.7466830466830466,0.05386908347993878,0.7115760204081633,SiNE_spatial_bined_dist,1.0
artificial_graph_sbmv_4_comuAndEmb_0_90_pos_0_10_7,0.9,7,deepwalk,0.25201711040973895,0.8217503217503218,0.09962243057242932,0.7826617346938776,deepwalk_dist,1.0
artificial_graph_sbmv_4_comuAndEmb_0_90_pos_0_10_7,0.9,7,GT_pos + SiNEcustom_spatial,0.18765843672217286,0.7672867672867674,0.07001612142976826,0.7494011479591837,SiNEcustom_spatial_dist,0.68856823
artificial_graph_sbmv_4_comuAndEmb_0_90_pos_0_10_7,0.9,7,GT_pos + SiNEcustom_spatial_bined,0.2524196239420572,0.7967005967005967,0.09756511171744035,0.7771192602040817,SiNEcustom_spatial_bined_dist,0.67578137
artificial_graph_sbmv_4_comuAndEmb_0_90_pos_0_10_7,0.9,7,GT_pos + SiNE_spatial,0.1445794342658935,0.7115947115947117,0.05288009830205863,0.714910331632653,SiNE_spatial_dist,0.6096262
artificial_graph_sbmv_4_comuAndEmb_0_90_pos_0_10_7,0.9,7,GT_pos + SiNE_spatial_bined,0.15002713176639343,0.7270972270972271,0.05091792466314677,0.6924315051020409,SiNE_spatial_bined_dist,0.6248793
artificial_graph_sbmv_4_comuAndEmb_0_90_pos_0_10_7,0.9,7,GT_pos + deepwalk,0.19861208502833053,0.7836901836901837,0.0856132490243569,0.7526272959183674,deepwalk_dist,0.6660054
artificial_graph_sbmv_4_comuAndEmb_0_80_pos_0_20_7,0.8,7,Inferred_Commu_normal,0.17441207447143964,0.7582781456953642,0.03736825737398048,0.6729316105140282,louvain_density,1.0
artificial_graph_sbmv_4_comuAndEmb_0_80_pos_0_20_7,0.8,7,Inferred_Commu_spatial_manuel_iter,0.18027029423865545,0.7659241420830826,0.03523668112259397,0.6755704490869325,spatial_louvain_density,1.0
artificial_graph_sbmv_4_comuAndEmb_0_80_pos_0_20_7,0.8,7,Inferred_Commu_spatial_manuel_iter_old,0.1895436042451747,0.7794701986754966,0.036461371374335375,0.6330194957667484,spatial_louvain_old_density,1.0
artificial_graph_sbmv_4_comuAndEmb_0_80_pos_0_20_7,0.8,7,Inferred_Commu_spatial_manuel_iter_bined,0.1561240097576246,0.7410234798314269,0.044185408002199396,0.6474964107931142,spatial_louvain_bined_density,1.0
artificial_graph_sbmv_4_comuAndEmb_0_80_pos_0_20_7,0.8,7,Inferred_Commu_spatial_manuel_iter_0_20,0.17681432948233602,0.7679470198675497,0.03980255030487522,0.6973052100524628,spatial_louvain_manualiter_0_20_density,1.0
artificial_graph_sbmv_4_comuAndEmb_0_80_pos_0_20_7,0.8,7,Inferred_Commu_spatial_manuel_iter_0_50,0.20384236849047066,0.8212281757977121,0.04195399621401122,0.7126605750781576,spatial_louvain_manualiter_0_50_density,1.0
artificial_graph_sbmv_4_comuAndEmb_0_80_pos_0_20_7,0.8,7,Inferred_Commu_spatial_manuel_iter_0_80,0.21083868504052516,0.7933413606261289,0.037715360208405865,0.6832925438419944,spatial_louvain_manualiter_0_80_density,1.0
artificial_graph_sbmv_4_comuAndEmb_0_80_pos_0_20_7,0.8,7,GT_pos,0.10858474799708198,0.6292113184828417,0.027883300257342057,0.5669456184840801,GT_pos_dist,1.0
artificial_graph_sbmv_4_comuAndEmb_0_80_pos_0_20_7,0.8,7,GT_pos + Inferred_Commu normal,0.19492732507079724,0.7603973509933774,0.05035713312493291,0.7063245179728697,louvain_density,0.68849987
artificial_graph_sbmv_4_comuAndEmb_0_80_pos_0_20_7,0.8,7,GT_pos + Inferred_Commu spatial manuel iter,0.17664801244530137,0.7293558097531608,0.04170747165791734,0.667721021347395,spatial_louvain_density,0.67128783
artificial_graph_sbmv_4_comuAndEmb_0_80_pos_0_20_7,0.8,7,GT_pos + Inferred_Commu spatial manuel iter old,0.23441805116034115,0.7758097531607464,0.046702139696084784,0.6860092044707429,spatial_louvain_old_density,0.7033677
artificial_graph_sbmv_4_comuAndEmb_0_80_pos_0_20_7,0.8,7,GT_pos + Inferred_Commu spatial manuel iter bined,0.19373851795629538,0.7315111378687537,0.04991700561097187,0.6741828013256583,spatial_louvain_bined_density,0.6955018
artificial_graph_sbmv_4_comuAndEmb_0_80_pos_0_20_7,0.8,7,GT_pos + Inferred_Commu spatial manuel iter 0_20,0.24218314765809718,0.7734256472004817,0.040887684245674294,0.6882876464195145,spatial_louvain_manualiter_0_20_density,0.6803216
artificial_graph_sbmv_4_comuAndEmb_0_80_pos_0_20_7,0.8,7,GT_pos + Inferred_Commu spatial manuel iter 0_50,0.274199920491135,0.8168813967489463,0.04336932699662255,0.7121631848005475,spatial_louvain_manualiter_0_50_density,0.6923129
artificial_graph_sbmv_4_comuAndEmb_0_80_pos_0_20_7,0.8,7,GT_pos + Inferred_Commu spatial manuel iter 0_80,0.2288529758375581,0.785574954846478,0.04182976579158405,0.6833077057252882,spatial_louvain_manualiter_0_80_density,0.69187576
artificial_graph_sbmv_4_comuAndEmb_0_80_pos_0_20_7,0.8,7,SiNEcustom_spatial,0.364339850629757,0.8068874172185431,0.06422742458999922,0.7095507788914381,SiNEcustom_spatial_dist,1.0
artificial_graph_sbmv_4_comuAndEmb_0_80_pos_0_20_7,0.8,7,SiNEcustom_spatial_bined,0.2980732254114629,0.8098615291992776,0.062129446877522934,0.7249166096418843,SiNEcustom_spatial_bined_dist,1.0
artificial_graph_sbmv_4_comuAndEmb_0_80_pos_0_20_7,0.8,7,SiNE_spatial,0.16602629861220922,0.7005298013245034,0.03451219311900031,0.6492428450670209,SiNE_spatial_dist,1.0
artificial_graph_sbmv_4_comuAndEmb_0_80_pos_0_20_7,0.8,7,SiNE_spatial_bined,0.12869679471153925,0.6929801324503311,0.03969199574480851,0.6743473010505978,SiNE_spatial_bined_dist,1.0
artificial_graph_sbmv_4_comuAndEmb_0_80_pos_0_20_7,0.8,7,deepwalk,0.2207574290613839,0.7671041541240217,0.05392181401980681,0.7004163479987656,deepwalk_dist,1.0
artificial_graph_sbmv_4_comuAndEmb_0_80_pos_0_20_7,0.8,7,GT_pos + SiNEcustom_spatial,0.31813891145573975,0.8045514750150512,0.05930352566180357,0.7181892954420427,SiNEcustom_spatial_dist,0.61466235
artificial_graph_sbmv_4_comuAndEmb_0_80_pos_0_20_7,0.8,7,GT_pos + SiNEcustom_spatial_bined,0.27923088234489496,0.8021192052980132,0.05996194006591542,0.7283748607924432,SiNEcustom_spatial_bined_dist,0.62869054
artificial_graph_sbmv_4_comuAndEmb_0_80_pos_0_20_7,0.8,7,GT_pos + SiNE_spatial,0.2090021384768017,0.6866827212522576,0.03646964091794773,0.6641605281165721,SiNE_spatial_dist,0.578977
artificial_graph_sbmv_4_comuAndEmb_0_80_pos_0_20_7,0.8,7,GT_pos + SiNE_spatial_bined,0.14731925012988548,0.7061167971101746,0.03953126827005431,0.690439828791477,SiNE_spatial_bined_dist,0.58066714
artificial_graph_sbmv_4_comuAndEmb_0_80_pos_0_20_7,0.8,7,GT_pos + deepwalk,0.21330958006035378,0.7553040337146297,0.05215963901425734,0.7169625246548323,deepwalk_dist,0.59183043
artificial_graph_sbmv_4_comuAndEmb_0_70_pos_0_30_7,0.7,7,Inferred_Commu_normal,0.1384972767641623,0.6599976763099802,0.035752145597319714,0.6887773886674984,louvain_density,1.0
artificial_graph_sbmv_4_comuAndEmb_0_70_pos_0_30_7,0.7,7,Inferred_Commu_spatial_manuel_iter,0.1157626881110869,0.630963169513187,0.038934616514354564,0.6960006172094084,spatial_louvain_density,1.0
artificial_graph_sbmv_4_comuAndEmb_0_70_pos_0_30_7,0.7,7,Inferred_Commu_spatial_manuel_iter_old,0.1110542724746727,0.6095503659811781,0.03807624695491314,0.6310343624629339,spatial_louvain_old_density,1.0
artificial_graph_sbmv_4_comuAndEmb_0_70_pos_0_30_7,0.7,7,Inferred_Commu_spatial_manuel_iter_bined,0.12168192584829249,0.6321366329731614,0.034723052804974085,0.6758476566168875,spatial_louvain_bined_density,1.0
artificial_graph_sbmv_4_comuAndEmb_0_70_pos_0_30_7,0.7,7,Inferred_Commu_spatial_manuel_iter_0_20,0.12509642232518126,0.6477402114557917,0.037639400608536155,0.67950260972239,spatial_louvain_manualiter_0_20_density,1.0
artificial_graph_sbmv_4_comuAndEmb_0_70_pos_0_30_7,0.7,7,Inferred_Commu_spatial_manuel_iter_0_50,0.12069416041740683,0.6319739746717787,0.04225767682955568,0.6919091897113875,spatial_louvain_manualiter_0_50_density,1.0
artificial_graph_sbmv_4_comuAndEmb_0_70_pos_0_30_7,0.7,7,Inferred_Commu_spatial_manuel_iter_0_80,0.12028363931336998,0.6253282212152897,0.03914761195783748,0.6774301278696883,spatial_louvain_manualiter_0_80_density,1.0
artificial_graph_sbmv_4_comuAndEmb_0_70_pos_0_30_7,0.7,7,GT_pos,0.11537233922503276,0.589008946206576,0.027456195359691335,0.5844044600088556,GT_pos_dist,1.0
artificial_graph_sbmv_4_comuAndEmb_0_70_pos_0_30_7,0.7,7,GT_pos + Inferred_Commu normal,0.12873093926885998,0.6867084930870222,0.03948927340078081,0.712016530478069,louvain_density,0.68373716
artificial_graph_sbmv_4_comuAndEmb_0_70_pos_0_30_7,0.7,7,GT_pos + Inferred_Commu spatial manuel iter,0.13920296411811073,0.702381782270245,0.037846640749012624,0.6836530746420857,spatial_louvain_density,0.69662136
artificial_graph_sbmv_4_comuAndEmb_0_70_pos_0_30_7,0.7,7,GT_pos + Inferred_Commu spatial manuel iter old,0.15243571626140062,0.6877076797955153,0.04184272273574259,0.6867101396771726,spatial_louvain_old_density,0.68309176
artificial_graph_sbmv_4_comuAndEmb_0_70_pos_0_30_7,0.7,7,GT_pos + Inferred_Commu spatial manuel iter bined,0.10704775800383626,0.646485418845126,0.03472259420659608,0.6439520186772935,spatial_louvain_bined_density,0.6576225
artificial_graph_sbmv_4_comuAndEmb_0_70_pos_0_30_7,0.7,7,GT_pos + Inferred_Commu spatial manuel iter 0_20,0.12187226057326557,0.685953293830603,0.03713136207142401,0.6783006614874747,spatial_louvain_manualiter_0_20_density,0.7130656
artificial_graph_sbmv_4_comuAndEmb_0_70_pos_0_30_7,0.7,7,GT_pos + Inferred_Commu spatial manuel iter 0_50,0.1340362373685486,0.6801092134309283,0.03909146024180671,0.6925320345100564,spatial_louvain_manualiter_0_50_density,0.70174277
artificial_graph_sbmv_4_comuAndEmb_0_70_pos_0_30_7,0.7,7,GT_pos + Inferred_Commu spatial manuel iter 0_80,0.1232784570399792,0.6566399442314397,0.039098599669202025,0.6844431026848609,spatial_louvain_manualiter_0_80_density,0.64494866
artificial_graph_sbmv_4_comuAndEmb_0_70_pos_0_30_7,0.7,7,SiNEcustom_spatial,0.1668710258580681,0.7069362147089577,0.060999048488538654,0.7191643521313852,SiNEcustom_spatial_dist,1.0
artificial_graph_sbmv_4_comuAndEmb_0_70_pos_0_30_7,0.7,7,SiNEcustom_spatial_bined,0.13403621012947933,0.6633554083885209,0.05481595149032364,0.7084667713239141,SiNEcustom_spatial_bined_dist,1.0
artificial_graph_sbmv_4_comuAndEmb_0_70_pos_0_30_7,0.7,7,SiNE_spatial,0.10365320098392666,0.6182409666550482,0.030476307152831835,0.6339810006842974,SiNE_spatial_dist,1.0
artificial_graph_sbmv_4_comuAndEmb_0_70_pos_0_30_7,0.7,7,SiNE_spatial_bined,0.11384804579463471,0.6177413733008016,0.030009684244111115,0.6230482094218358,SiNE_spatial_bined_dist,1.0
artificial_graph_sbmv_4_comuAndEmb_0_70_pos_0_30_7,0.7,7,deepwalk,0.13155365844561304,0.6753224119902405,0.049542543908072834,0.6681130834976989,deepwalk_dist,1.0
artificial_graph_sbmv_4_comuAndEmb_0_70_pos_0_30_7,0.7,7,GT_pos + SiNEcustom_spatial,0.14883374352240755,0.7192285349134425,0.05441736272170684,0.7222440929034335,SiNEcustom_spatial_dist,0.5780427
artificial_graph_sbmv_4_comuAndEmb_0_70_pos_0_30_7,0.7,7,GT_pos + SiNEcustom_spatial_bined,0.15384318522946383,0.7078075984663645,0.050151785314224984,0.7137636356317675,SiNEcustom_spatial_bined_dist,0.57653826
artificial_graph_sbmv_4_comuAndEmb_0_70_pos_0_30_7,0.7,7,GT_pos + SiNE_spatial,0.13245218269495315,0.6481468572092483,0.03113451827183733,0.6498804492211085,SiNE_spatial_dist,0.5284652
artificial_graph_sbmv_4_comuAndEmb_0_70_pos_0_30_7,0.7,7,GT_pos + SiNE_spatial_bined,0.11602265999544525,0.6269083304287209,0.032572612565781395,0.6553784432905312,SiNE_spatial_bined_dist,0.53442144
artificial_graph_sbmv_4_comuAndEmb_0_70_pos_0_30_7,0.7,7,GT_pos + deepwalk,0.17361965404830518,0.7043336818868362,0.03986277587174687,0.6663799326436689,deepwalk_dist,0.5613571
artificial_graph_sbmv_4_comuAndEmb_0_60_pos_0_40_7,0.6,7,Inferred_Commu_normal,0.11163917060043083,0.6218302227573751,0.03402165821719278,0.6412969448134282,louvain_density,1.0
artificial_graph_sbmv_4_comuAndEmb_0_60_pos_0_40_7,0.6,7,Inferred_Commu_spatial_manuel_iter,0.1215411227684347,0.6342083082480433,0.03056581761768166,0.6482013712782944,spatial_louvain_density,1.0
artificial_graph_sbmv_4_comuAndEmb_0_60_pos_0_40_7,0.6,7,Inferred_Commu_spatial_manuel_iter_old,0.12286422749714648,0.6282600842865744,0.040049708332165944,0.6793691046438299,spatial_louvain_old_density,1.0
artificial_graph_sbmv_4_comuAndEmb_0_60_pos_0_40_7,0.6,7,Inferred_Commu_spatial_manuel_iter_bined,0.11322825598039393,0.6530523780854907,0.031099515420663963,0.5374875551798628,spatial_louvain_bined_density,1.0
artificial_graph_sbmv_4_comuAndEmb_0_60_pos_0_40_7,0.6,7,Inferred_Commu_spatial_manuel_iter_0_20,0.1234924264864577,0.6310897049969897,0.0323016031944999,0.6483876075084866,spatial_louvain_manualiter_0_20_density,1.0
artificial_graph_sbmv_4_comuAndEmb_0_60_pos_0_40_7,0.6,7,Inferred_Commu_spatial_manuel_iter_0_50,0.13611353850410288,0.6691029500301023,0.02469592332077638,0.5811168806773201,spatial_louvain_manualiter_0_50_density,1.0
artificial_graph_sbmv_4_comuAndEmb_0_60_pos_0_40_7,0.6,7,Inferred_Commu_spatial_manuel_iter_0_80,0.10632892145872791,0.619205298013245,0.03741397218685634,0.6566979296649627,spatial_louvain_manualiter_0_80_density,1.0
artificial_graph_sbmv_4_comuAndEmb_0_60_pos_0_40_7,0.6,7,GT_pos,0.10678800155244404,0.6226490066225167,0.031733171584394475,0.6188589676501763,GT_pos_dist,1.0
artificial_graph_sbmv_4_comuAndEmb_0_60_pos_0_40_7,0.6,7,GT_pos + Inferred_Commu normal,0.12264276616584865,0.6741481035520771,0.03155924479254332,0.6403872318158033,louvain_density,0.56538343
artificial_graph_sbmv_4_comuAndEmb_0_60_pos_0_40_7,0.6,7,GT_pos + Inferred_Commu spatial manuel iter,0.15442208291906706,0.7226008428657436,0.038365338098980545,0.7030035288277046,spatial_louvain_density,0.5698114
artificial_graph_sbmv_4_comuAndEmb_0_60_pos_0_40_7,0.6,7,GT_pos + Inferred_Commu spatial manuel iter old,0.138619411547436,0.7043708609271523,0.04569886582619605,0.7119020783855949,spatial_louvain_old_density,0.6149935
artificial_graph_sbmv_4_comuAndEmb_0_60_pos_0_40_7,0.6,7,GT_pos + Inferred_Commu spatial manuel iter bined,0.12209652386602153,0.6851535219747141,0.031584308557354904,0.6384124300607817,spatial_louvain_bined_density,0.60057783
artificial_graph_sbmv_4_comuAndEmb_0_60_pos_0_40_7,0.6,7,GT_pos + Inferred_Commu spatial manuel iter 0_20,0.11231966668344948,0.6793016255267911,0.036319890152859656,0.6431190543278456,spatial_louvain_manualiter_0_20_density,0.5903475
artificial_graph_sbmv_4_comuAndEmb_0_60_pos_0_40_7,0.6,7,GT_pos + Inferred_Commu spatial manuel iter 0_50,0.129178899790649,0.7156652618904275,0.029746229257163297,0.6624457593688362,spatial_louvain_manualiter_0_50_density,0.58878607
artificial_graph_sbmv_4_comuAndEmb_0_60_pos_0_40_7,0.6,7,GT_pos + Inferred_Commu spatial manuel iter 0_80,0.12636055563484622,0.7053341360626129,0.04588751383735368,0.7014645305854097,spatial_louvain_manualiter_0_80_density,0.56590515
artificial_graph_sbmv_4_comuAndEmb_0_60_pos_0_40_7,0.6,7,SiNEcustom_spatial,0.14378955562093815,0.6642504515352199,0.05018562208071531,0.6706384092098379,SiNEcustom_spatial_dist,1.0
artificial_graph_sbmv_4_comuAndEmb_0_60_pos_0_40_7,0.6,7,SiNEcustom_spatial_bined,0.10759515755688728,0.5819506321493076,0.033812951194896315,0.6479755531403883,SiNEcustom_spatial_bined_dist,1.0
artificial_graph_sbmv_4_comuAndEmb_0_60_pos_0_40_7,0.6,7,SiNE_spatial,0.0770474779508498,0.5395544852498495,0.02533607888368459,0.5761950381730601,SiNE_spatial_dist,1.0
artificial_graph_sbmv_4_comuAndEmb_0_60_pos_0_40_7,0.6,7,SiNE_spatial_bined,0.08221320967521335,0.5324382901866345,0.027596610657353544,0.596576768774571,SiNE_spatial_bined_dist,1.0
artificial_graph_sbmv_4_comuAndEmb_0_60_pos_0_40_7,0.6,7,deepwalk,0.13395625214687581,0.6402889825406382,0.041964247308737074,0.6206261991976278,deepwalk_dist,1.0
artificial_graph_sbmv_4_comuAndEmb_0_60_pos_0_40_7,0.6,7,GT_pos + SiNEcustom_spatial,0.1615461506955071,0.725574954846478,0.05344071034447685,0.7184144427001571,GT_pos_dist,0.5136733
artificial_graph_sbmv_4_comuAndEmb_0_60_pos_0_40_7,0.6,7,GT_pos + SiNEcustom_spatial_bined,0.1863672368833252,0.677519566526189,0.04576946313208643,0.7010379852138093,GT_pos_dist,0.50643235
artificial_graph_sbmv_4_comuAndEmb_0_60_pos_0_40_7,0.6,7,GT_pos + SiNE_spatial,0.11526248511036952,0.6055388320288982,0.03291723075398307,0.6442046720068698,GT_pos_dist,0.52905136
artificial_graph_sbmv_4_comuAndEmb_0_60_pos_0_40_7,0.6,7,GT_pos + SiNE_spatial_bined,0.10121735663182815,0.6252859723058399,0.03296226597510921,0.6413133142803473,GT_pos_dist,0.52723545
artificial_graph_sbmv_4_comuAndEmb_0_60_pos_0_40_7,0.6,7,GT_pos + deepwalk,0.12597172305481372,0.6829500301023479,0.0345601611315742,0.651711816876652,GT_pos_dist,0.54927385
artificial_graph_sbmv_4_comuAndEmb_0_50_pos_0_50_7,0.5,7,Inferred_Commu_normal,0.13170499421127363,0.6800294800786135,0.027718853039449702,0.5959760280571935,louvain_density,1.0
artificial_graph_sbmv_4_comuAndEmb_0_50_pos_0_50_7,0.5,7,Inferred_Commu_spatial_manuel_iter,0.1035120294223533,0.5694345184920494,0.029178509878327055,0.5854476432728253,spatial_louvain_density,1.0
artificial_graph_sbmv_4_comuAndEmb_0_50_pos_0_50_7,0.5,7,Inferred_Commu_spatial_manuel_iter_old,0.11753158722244572,0.6440727175272467,0.029666590962077993,0.6195710486761475,spatial_louvain_old_density,1.0
artificial_graph_sbmv_4_comuAndEmb_0_50_pos_0_50_7,0.5,7,Inferred_Commu_spatial_manuel_iter_bined,0.1201543678290437,0.6405328747543328,0.026083214677031185,0.5630485219871276,spatial_louvain_bined_density,1.0
artificial_graph_sbmv_4_comuAndEmb_0_50_pos_0_50_7,0.5,7,Inferred_Commu_spatial_manuel_iter_0_20,0.14886062051324572,0.6707164552438805,0.025278312516921322,0.5780095322516412,spatial_louvain_manualiter_0_20_density,1.0
artificial_graph_sbmv_4_comuAndEmb_0_50_pos_0_50_7,0.5,7,Inferred_Commu_spatial_manuel_iter_0_50,0.11700514242761337,0.5867763980703948,0.027137982063269846,0.5482537480248197,spatial_louvain_manualiter_0_50_density,1.0
artificial_graph_sbmv_4_comuAndEmb_0_50_pos_0_50_7,0.5,7,Inferred_Commu_spatial_manuel_iter_0_80,0.12987318440655382,0.6926925138467035,0.02728268879599072,0.5834950732904254,spatial_louvain_manualiter_0_80_density,1.0
artificial_graph_sbmv_4_comuAndEmb_0_50_pos_0_50_7,0.5,7,GT_pos,0.1599561157214804,0.7137752367339647,0.05418422831733983,0.6966236302205779,GT_pos_dist,1.0
artificial_graph_sbmv_4_comuAndEmb_0_50_pos_0_50_7,0.5,7,GT_pos + Inferred_Commu normal,0.17210546354144232,0.7382749687332499,0.03896911343851348,0.6695656530620111,GT_pos_dist,0.6027452
artificial_graph_sbmv_4_comuAndEmb_0_50_pos_0_50_7,0.5,7,GT_pos + Inferred_Commu spatial manuel iter,0.16793613191180645,0.7354162944434519,0.05293845822641529,0.7366931308693362,spatial_louvain_density,0.50422287
artificial_graph_sbmv_4_comuAndEmb_0_50_pos_0_50_7,0.5,7,GT_pos + Inferred_Commu spatial manuel iter old,0.20111576976822054,0.7593465249240665,0.04459753417823896,0.7103996608471115,GT_pos_dist,0.52974457
artificial_graph_sbmv_4_comuAndEmb_0_50_pos_0_50_7,0.5,7,GT_pos + Inferred_Commu spatial manuel iter bined,0.14558903790940383,0.75187600500268,0.045717395570118294,0.7162721444996852,GT_pos_dist,0.51238835
artificial_graph_sbmv_4_comuAndEmb_0_50_pos_0_50_7,0.5,7,GT_pos + Inferred_Commu spatial manuel iter 0_20,0.19116371190941392,0.7416919778452742,0.048952388391942964,0.7135313009853419,GT_pos_dist,0.5377756
artificial_graph_sbmv_4_comuAndEmb_0_50_pos_0_50_7,0.5,7,GT_pos + Inferred_Commu spatial manuel iter 0_50,0.20314017514968336,0.7624396998391996,0.05078417477088517,0.7277549106511991,GT_pos_dist,0.5129237
artificial_graph_sbmv_4_comuAndEmb_0_50_pos_0_50_7,0.5,7,GT_pos + Inferred_Commu spatial manuel iter 0_80,0.15915930116819768,0.7534170091120242,0.05504240820360719,0.7304524607854473,spatial_louvain_manualiter_0_80_density,0.507719
artificial_graph_sbmv_4_comuAndEmb_0_50_pos_0_50_7,0.5,7,SiNEcustom_spatial,0.11404142064642907,0.6304828479542612,0.033483164231728806,0.6221342223249958,SiNEcustom_spatial_dist,1.0
artificial_graph_sbmv_4_comuAndEmb_0_50_pos_0_50_7,0.5,7,SiNEcustom_spatial_bined,0.14297604958760132,0.6514650705735215,0.03124910696702597,0.603912847984995,SiNEcustom_spatial_bined_dist,1.0
artificial_graph_sbmv_4_comuAndEmb_0_50_pos_0_50_7,0.5,7,SiNE_spatial,0.11407901311264344,0.6600969269251384,0.027392033646626773,0.6050874217957118,SiNE_spatial_dist,1.0
artificial_graph_sbmv_4_comuAndEmb_0_50_pos_0_50_7,0.5,7,SiNE_spatial_bined,0.16669959803846368,0.7005203680543147,0.02936699932519929,0.626590871134749,SiNE_spatial_bined_dist,1.0
artificial_graph_sbmv_4_comuAndEmb_0_50_pos_0_50_7,0.5,7,deepwalk,0.17865109812813929,0.7317982847954261,0.034119385145140076,0.6417007746560297,deepwalk_dist,1.0
artificial_graph_sbmv_4_comuAndEmb_0_50_pos_0_50_7,0.5,7,GT_pos + SiNEcustom_spatial,0.16496629331167884,0.7467504913346437,0.04704715077817659,0.7231044051335415,GT_pos_dist,0.54230183
artificial_graph_sbmv_4_comuAndEmb_0_50_pos_0_50_7,0.5,7,GT_pos + SiNEcustom_spatial_bined,0.191663427236537,0.7539195104520279,0.04576510070026743,0.7171215683251757,GT_pos_dist,0.5968406
artificial_graph_sbmv_4_comuAndEmb_0_50_pos_0_50_7,0.5,7,GT_pos + SiNE_spatial,0.17565436899305711,0.7378841343576917,0.04368084526817636,0.6897141609177683,GT_pos_dist,0.5797329
artificial_graph_sbmv_4_comuAndEmb_0_50_pos_0_50_7,0.5,7,GT_pos + SiNE_spatial_bined,0.19950888058224672,0.7536291763444702,0.05807861193774625,0.6983452165311339,GT_pos_dist,0.58092487
artificial_graph_sbmv_4_comuAndEmb_0_50_pos_0_50_7,0.5,7,GT_pos + deepwalk,0.14682481319857477,0.7330266214043237,0.04652185032817896,0.6930442825760204,GT_pos_dist,0.5787131
artificial_graph_sbmv_4_comuAndEmb_0_40_pos_0_60_7,0.3999999999999999,7,Inferred_Commu_normal,0.12694148532367758,0.6907923706227259,0.03695284549199609,0.6990427033938942,louvain_density,1.0
artificial_graph_sbmv_4_comuAndEmb_0_40_pos_0_60_7,0.3999999999999999,7,Inferred_Commu_spatial_manuel_iter,0.07450797853821486,0.5244269855616583,0.021639686488836112,0.5444208535350845,spatial_louvain_density,1.0
artificial_graph_sbmv_4_comuAndEmb_0_40_pos_0_60_7,0.3999999999999999,7,Inferred_Commu_spatial_manuel_iter_old,0.08145882376394334,0.5781594011448701,0.021394460840009028,0.5168770312749748,spatial_louvain_old_density,1.0
artificial_graph_sbmv_4_comuAndEmb_0_40_pos_0_60_7,0.3999999999999999,7,Inferred_Commu_spatial_manuel_iter_bined,0.08833689352428796,0.5881364573918283,0.025241829593499472,0.57609209334541,spatial_louvain_bined_density,1.0
artificial_graph_sbmv_4_comuAndEmb_0_40_pos_0_60_7,0.3999999999999999,7,Inferred_Commu_spatial_manuel_iter_0_20,0.14156967026016196,0.6697374214929662,0.03651200230199353,0.6707860035164367,spatial_louvain_manualiter_0_20_density,1.0
artificial_graph_sbmv_4_comuAndEmb_0_40_pos_0_60_7,0.3999999999999999,7,Inferred_Commu_spatial_manuel_iter_0_50,0.09727552088399283,0.5473359753412593,0.02072546332657004,0.48000213117374396,spatial_louvain_manualiter_0_50_density,1.0
artificial_graph_sbmv_4_comuAndEmb_0_40_pos_0_60_7,0.3999999999999999,7,Inferred_Commu_spatial_manuel_iter_0_80,0.0773623620381178,0.5195369533477022,0.021401623842261755,0.5111572273429591,spatial_louvain_manualiter_0_80_density,1.0
artificial_graph_sbmv_4_comuAndEmb_0_40_pos_0_60_7,0.3999999999999999,7,GT_pos,0.2683144683874557,0.7447333657790447,0.06019224388198503,0.7427639991475304,GT_pos_dist,1.0
artificial_graph_sbmv_4_comuAndEmb_0_40_pos_0_60_7,0.3999999999999999,7,GT_pos + Inferred_Commu normal,0.23367678592678137,0.7441076270597233,0.056011611231980514,0.7385630561031488,GT_pos_dist,0.63515
artificial_graph_sbmv_4_comuAndEmb_0_40_pos_0_60_7,0.3999999999999999,7,GT_pos + Inferred_Commu spatial manuel iter,0.20820761759268358,0.7090662587777237,0.0541342120322064,0.7130286642868561,GT_pos_dist,0.5913138
artificial_graph_sbmv_4_comuAndEmb_0_40_pos_0_60_7,0.3999999999999999,7,GT_pos + Inferred_Commu spatial manuel iter old,0.1982233818958864,0.7203990822498784,0.05436204156452511,0.7140887900261069,GT_pos_dist,0.5973669
artificial_graph_sbmv_4_comuAndEmb_0_40_pos_0_60_7,0.3999999999999999,7,GT_pos + Inferred_Commu spatial manuel iter bined,0.2557338525479762,0.7393218846323205,0.0643015767815664,0.7208546006713197,GT_pos_dist,0.6248394
artificial_graph_sbmv_4_comuAndEmb_0_40_pos_0_60_7,0.3999999999999999,7,GT_pos + Inferred_Commu spatial manuel iter 0_20,0.23436233438922133,0.720758302625785,0.0499224751581979,0.712605359901966,GT_pos_dist,0.6818258
artificial_graph_sbmv_4_comuAndEmb_0_40_pos_0_60_7,0.3999999999999999,7,GT_pos + Inferred_Commu spatial manuel iter 0_50,0.20750490422595694,0.7107580708707039,0.052804028154950944,0.7194452288347808,GT_pos_dist,0.6288164
artificial_graph_sbmv_4_comuAndEmb_0_40_pos_0_60_7,0.3999999999999999,7,GT_pos + Inferred_Commu spatial manuel iter 0_80,0.200090969038141,0.7174094417020093,0.048205968536535755,0.7149072939421386,GT_pos_dist,0.6261826
artificial_graph_sbmv_4_comuAndEmb_0_40_pos_0_60_7,0.3999999999999999,7,SiNEcustom_spatial,0.10676358247715624,0.5641845697466916,0.028747990609782614,0.5936552293675743,SiNEcustom_spatial_dist,1.0
artificial_graph_sbmv_4_comuAndEmb_0_40_pos_0_60_7,0.3999999999999999,7,SiNEcustom_spatial_bined,0.09359792909133964,0.543106445108809,0.027483915331603853,0.5756128456497416,SiNEcustom_spatial_bined_dist,1.0
artificial_graph_sbmv_4_comuAndEmb_0_40_pos_0_60_7,0.3999999999999999,7,SiNE_spatial,0.10587556738906696,0.6439199054439269,0.02831245676922196,0.6150384943257499,SiNE_spatial_dist,1.0
artificial_graph_sbmv_4_comuAndEmb_0_40_pos_0_60_7,0.3999999999999999,7,SiNE_spatial_bined,0.08814044024351633,0.5968272729379591,0.0268432986700751,0.5990974479194416,SiNE_spatial_bined_dist,1.0
artificial_graph_sbmv_4_comuAndEmb_0_40_pos_0_60_7,0.3999999999999999,7,deepwalk,0.12189091734322971,0.6539317249530696,0.03382559499475686,0.6597407959933934,deepwalk_dist,1.0
artificial_graph_sbmv_4_comuAndEmb_0_40_pos_0_60_7,0.3999999999999999,7,GT_pos + SiNEcustom_spatial,0.2394521554930781,0.7308859996755429,0.05687648767405634,0.7370168895519207,GT_pos_dist,0.6091471
artificial_graph_sbmv_4_comuAndEmb_0_40_pos_0_60_7,0.3999999999999999,7,GT_pos + SiNEcustom_spatial_bined,0.20324654640271944,0.7224964657350111,0.05280934387428805,0.7137236933240982,GT_pos_dist,0.61322737
artificial_graph_sbmv_4_comuAndEmb_0_40_pos_0_60_7,0.3999999999999999,7,GT_pos + SiNE_spatial,0.23501021176127906,0.7587313726853461,0.049348103137267355,0.7339734402472161,GT_pos_dist,0.61165494
artificial_graph_sbmv_4_comuAndEmb_0_40_pos_0_60_7,0.3999999999999999,7,GT_pos + SiNE_spatial_bined,0.17170035612997386,0.7120674870796542,0.05256003856759013,0.7254527412222282,GT_pos_dist,0.62206364
artificial_graph_sbmv_4_comuAndEmb_0_40_pos_0_60_7,0.3999999999999999,7,GT_pos + deepwalk,0.21677576070814697,0.7137013604023267,0.05048614685229868,0.7130233363524962,GT_pos_dist,0.6118627
artificial_graph_sbmv_4_comuAndEmb_0_30_pos_0_70_7,0.29999999999999993,7,Inferred_Commu_normal,0.1617780308505324,0.74576760987357,0.04541863813519172,0.7133310523420413,louvain_density,1.0
artificial_graph_sbmv_4_comuAndEmb_0_30_pos_0_70_7,0.29999999999999993,7,Inferred_Commu_spatial_manuel_iter,0.1012420044321296,0.5655027092113185,0.01939183178827803,0.5126742610259093,spatial_louvain_density,1.0
artificial_graph_sbmv_4_comuAndEmb_0_30_pos_0_70_7,0.29999999999999993,7,Inferred_Commu_spatial_manuel_iter_old,0.0730340951410577,0.527730282962071,0.02001650665356143,0.499147177608716,spatial_louvain_old_density,1.0
artificial_graph_sbmv_4_comuAndEmb_0_30_pos_0_70_7,0.29999999999999993,7,Inferred_Commu_spatial_manuel_iter_bined,0.09846329308235213,0.6116917519566526,0.02025143532903733,0.505498933301131,spatial_louvain_bined_density,1.0
artificial_graph_sbmv_4_comuAndEmb_0_30_pos_0_70_7,0.29999999999999993,7,Inferred_Commu_spatial_manuel_iter_0_20,0.14070349840031904,0.7144972907886815,0.04068934554354885,0.611392209743858,spatial_louvain_manualiter_0_20_density,1.0
artificial_graph_sbmv_4_comuAndEmb_0_30_pos_0_70_7,0.29999999999999993,7,Inferred_Commu_spatial_manuel_iter_0_50,0.12816870866894564,0.6173871161950633,0.028901672166193805,0.6019226073072227,spatial_louvain_manualiter_0_50_density,1.0
artificial_graph_sbmv_4_comuAndEmb_0_30_pos_0_70_7,0.29999999999999993,7,Inferred_Commu_spatial_manuel_iter_0_80,0.11392723883284485,0.6415412402167369,0.022012402785467157,0.5115529525419635,spatial_louvain_manualiter_0_80_density,1.0
artificial_graph_sbmv_4_comuAndEmb_0_30_pos_0_70_7,0.29999999999999993,7,GT_pos,0.291648571087299,0.8175436484045755,0.07343332285261801,0.7450277073353997,GT_pos_dist,1.0
artificial_graph_sbmv_4_comuAndEmb_0_30_pos_0_70_7,0.29999999999999993,7,GT_pos + Inferred_Commu normal,0.28701619834900227,0.8068392534617701,0.07549563402745661,0.7481172429524078,GT_pos_dist,0.71169424
artificial_graph_sbmv_4_comuAndEmb_0_30_pos_0_70_7,0.29999999999999993,7,GT_pos + Inferred_Commu spatial manuel iter,0.21779178025865906,0.7824081878386514,0.046142820415870894,0.7037100994243851,GT_pos_dist,0.6294407
artificial_graph_sbmv_4_comuAndEmb_0_30_pos_0_70_7,0.29999999999999993,7,GT_pos + Inferred_Commu spatial manuel iter old,0.284242552236665,0.7961348585189645,0.054619950448474244,0.718538823813549,GT_pos_dist,0.67404705
artificial_graph_sbmv_4_comuAndEmb_0_30_pos_0_70_7,0.29999999999999993,7,GT_pos + Inferred_Commu spatial manuel iter bined,0.23942867440953744,0.7883443708609271,0.06325548347913526,0.7304689449744395,GT_pos_dist,0.6841323
artificial_graph_sbmv_4_comuAndEmb_0_30_pos_0_70_7,0.29999999999999993,7,GT_pos + Inferred_Commu spatial manuel iter 0_20,0.26664569364697027,0.7882360024081879,0.08224166046762542,0.7377545653369829,GT_pos_dist,0.6913082
artificial_graph_sbmv_4_comuAndEmb_0_30_pos_0_70_7,0.29999999999999993,7,GT_pos + Inferred_Commu spatial manuel iter 0_50,0.262359378764619,0.7999036724864539,0.06500352601042478,0.7284842141984998,GT_pos_dist,0.63239175
artificial_graph_sbmv_4_comuAndEmb_0_30_pos_0_70_7,0.29999999999999993,7,GT_pos + Inferred_Commu spatial manuel iter 0_80,0.31103195129259203,0.8153040337146298,0.07415467655361672,0.7367772276563485,GT_pos_dist,0.6593572
artificial_graph_sbmv_4_comuAndEmb_0_30_pos_0_70_7,0.29999999999999993,7,SiNEcustom_spatial,0.07528842369109884,0.5407706201083684,0.028160382253130764,0.6053906533027412,SiNEcustom_spatial_dist,1.0
artificial_graph_sbmv_4_comuAndEmb_0_30_pos_0_70_7,0.29999999999999993,7,SiNEcustom_spatial_bined,0.09765996289014903,0.5909211318482841,0.027053039527644963,0.5665230983912302,SiNEcustom_spatial_bined_dist,1.0
artificial_graph_sbmv_4_comuAndEmb_0_30_pos_0_70_7,0.29999999999999993,7,SiNE_spatial,0.11421174765069399,0.6258759783263094,0.025830896390915806,0.5900425337787975,SiNE_spatial_dist,1.0
artificial_graph_sbmv_4_comuAndEmb_0_30_pos_0_70_7,0.29999999999999993,7,SiNE_spatial_bined,0.11774252978686625,0.6826249247441301,0.02545743095989505,0.5953302741214829,SiNE_spatial_bined_dist,1.0
artificial_graph_sbmv_4_comuAndEmb_0_30_pos_0_70_7,0.29999999999999993,7,deepwalk,0.11834616332611456,0.6573871161950631,0.035491734924634394,0.6639580565954193,deepwalk_dist,1.0
artificial_graph_sbmv_4_comuAndEmb_0_30_pos_0_70_7,0.29999999999999993,7,GT_pos + SiNEcustom_spatial,0.28621000498438176,0.7823118603251054,0.0647565533605044,0.7289954245998203,GT_pos_dist,0.65471405
artificial_graph_sbmv_4_comuAndEmb_0_30_pos_0_70_7,0.29999999999999993,7,GT_pos + SiNEcustom_spatial_bined,0.26067360073907825,0.8095484647802529,0.06567773699502115,0.7383338029491875,GT_pos_dist,0.673285
artificial_graph_sbmv_4_comuAndEmb_0_30_pos_0_70_7,0.29999999999999993,7,GT_pos + SiNE_spatial,0.30462623200375916,0.8115231788079471,0.06922888865047166,0.7403036401937502,GT_pos_dist,0.6844836
artificial_graph_sbmv_4_comuAndEmb_0_30_pos_0_70_7,0.29999999999999993,7,GT_pos + SiNE_spatial_bined,0.22143063699836124,0.7920288982540638,0.05265635484832237,0.7244292825611507,GT_pos_dist,0.65071064
artificial_graph_sbmv_4_comuAndEmb_0_30_pos_0_70_7,0.29999999999999993,7,GT_pos + deepwalk,0.2251276878126386,0.7747140276941602,0.06605229654838372,0.7390917629379168,GT_pos_dist,0.6739974
artificial_graph_sbmv_4_comuAndEmb_0_20_pos_0_80_7,0.19999999999999996,7,Inferred_Commu_normal,0.17666157658482917,0.742216812578167,0.05350118829644336,0.7566938775510204,louvain_density,1.0
artificial_graph_sbmv_4_comuAndEmb_0_20_pos_0_80_7,0.19999999999999996,7,Inferred_Commu_spatial_manuel_iter,0.08820532937212312,0.5643871716991246,0.021235790185011028,0.52108125,spatial_louvain_density,1.0
artificial_graph_sbmv_4_comuAndEmb_0_20_pos_0_80_7,0.19999999999999996,7,Inferred_Commu_spatial_manuel_iter_old,0.0851067410804664,0.5692446846524926,0.0207021688926322,0.5161617346938775,spatial_louvain_old_density,1.0
artificial_graph_sbmv_4_comuAndEmb_0_20_pos_0_80_7,0.19999999999999996,7,Inferred_Commu_spatial_manuel_iter_bined,0.0887576851251331,0.501641504377345,0.020042961483329534,0.5112799744897959,spatial_louvain_bined_density,1.0
artificial_graph_sbmv_4_comuAndEmb_0_20_pos_0_80_7,0.19999999999999996,7,Inferred_Commu_spatial_manuel_iter_0_20,0.18623573636040863,0.7456226549937467,0.05312404239358578,0.7720678571428572,spatial_louvain_manualiter_0_20_density,1.0
artificial_graph_sbmv_4_comuAndEmb_0_20_pos_0_80_7,0.19999999999999996,7,Inferred_Commu_spatial_manuel_iter_0_50,0.14045351424933264,0.6532517420046453,0.03172369756483972,0.6211993622448978,spatial_louvain_manualiter_0_50_density,1.0
artificial_graph_sbmv_4_comuAndEmb_0_20_pos_0_80_7,0.19999999999999996,7,Inferred_Commu_spatial_manuel_iter_0_80,0.07158099079783545,0.511278363408969,0.02234794232566249,0.5405646683673468,spatial_louvain_manualiter_0_80_density,1.0
artificial_graph_sbmv_4_comuAndEmb_0_20_pos_0_80_7,0.19999999999999996,7,GT_pos,0.20995374158972524,0.7427639807039486,0.09087839725083063,0.8080385204081633,GT_pos_dist,1.0
artificial_graph_sbmv_4_comuAndEmb_0_20_pos_0_80_7,0.19999999999999996,7,GT_pos + Inferred_Commu normal,0.18405549930067033,0.7186997498659996,0.07086615008404028,0.7869766581632652,GT_pos_dist,0.7490754
artificial_graph_sbmv_4_comuAndEmb_0_20_pos_0_80_7,0.19999999999999996,7,GT_pos + Inferred_Commu spatial manuel iter,0.2111457296381961,0.7554270144720386,0.08667114799095355,0.7959752551020407,GT_pos_dist,0.74476653
artificial_graph_sbmv_4_comuAndEmb_0_20_pos_0_80_7,0.19999999999999996,7,GT_pos + Inferred_Commu spatial manuel iter old,0.24163114204417552,0.761445863855637,0.07411612028211606,0.795940943877551,GT_pos_dist,0.7764154
artificial_graph_sbmv_4_comuAndEmb_0_20_pos_0_80_7,0.19999999999999996,7,GT_pos + Inferred_Commu spatial manuel iter bined,0.18786855296596738,0.7475879935679829,0.07689386429726738,0.7999751275510204,GT_pos_dist,0.7366111
artificial_graph_sbmv_4_comuAndEmb_0_20_pos_0_80_7,0.19999999999999996,7,GT_pos + Inferred_Commu spatial manuel iter 0_20,0.1949220675952625,0.7342549580132215,0.08911199350231387,0.820695280612245,GT_pos_dist,0.7491824
artificial_graph_sbmv_4_comuAndEmb_0_20_pos_0_80_7,0.19999999999999996,7,GT_pos + Inferred_Commu spatial manuel iter 0_50,0.21777309608827014,0.7492294979453278,0.07725806573114753,0.7957294642857142,GT_pos_dist,0.7576345
artificial_graph_sbmv_4_comuAndEmb_0_20_pos_0_80_7,0.19999999999999996,7,GT_pos + Inferred_Commu spatial manuel iter 0_80,0.23912224453862066,0.7498213328568876,0.08853560629385929,0.8013869897959184,GT_pos_dist,0.73659533
artificial_graph_sbmv_4_comuAndEmb_0_20_pos_0_80_7,0.19999999999999996,7,SiNEcustom_spatial,0.12743073872384786,0.6291316776844738,0.030555589043738854,0.6113047193877552,SiNEcustom_spatial_dist,1.0
artificial_graph_sbmv_4_comuAndEmb_0_20_pos_0_80_7,0.19999999999999996,7,SiNEcustom_spatial_bined,0.10067523775073851,0.6426545470787921,0.02950544725643591,0.6162630102040816,SiNEcustom_spatial_bined_dist,1.0
artificial_graph_sbmv_4_comuAndEmb_0_20_pos_0_80_7,0.19999999999999996,7,SiNE_spatial,0.1411153619203691,0.6576179203144541,0.03327129532781151,0.6466739795918368,SiNE_spatial_dist,1.0
artificial_graph_sbmv_4_comuAndEmb_0_20_pos_0_80_7,0.19999999999999996,7,SiNE_spatial_bined,0.10377213472503241,0.6324705199213865,0.03321380561903613,0.6497508928571428,SiNE_spatial_bined_dist,1.0
artificial_graph_sbmv_4_comuAndEmb_0_20_pos_0_80_7,0.19999999999999996,7,deepwalk,0.15268371618564963,0.698968197248526,0.055093771727114424,0.724355612244898,deepwalk_dist,1.0
artificial_graph_sbmv_4_comuAndEmb_0_20_pos_0_80_7,0.19999999999999996,7,GT_pos + SiNEcustom_spatial,0.21270118841893132,0.7658902090405575,0.07606400702226597,0.7826048469387755,GT_pos_dist,0.72844636
artificial_graph_sbmv_4_comuAndEmb_0_20_pos_0_80_7,0.19999999999999996,7,GT_pos + SiNEcustom_spatial_bined,0.22050962463999904,0.7683357155619082,0.08025736166585803,0.7962201530612245,GT_pos_dist,0.7372055
artificial_graph_sbmv_4_comuAndEmb_0_20_pos_0_80_7,0.19999999999999996,7,GT_pos + SiNE_spatial,0.20101641648527296,0.7495421654457746,0.07788765748347934,0.7933710459183673,GT_pos_dist,0.734575
artificial_graph_sbmv_4_comuAndEmb_0_20_pos_0_80_7,0.19999999999999996,7,GT_pos + SiNE_spatial_bined,0.2014760184561085,0.74859299624799,0.08646919148222298,0.7926946428571429,GT_pos_dist,0.7270355
artificial_graph_sbmv_4_comuAndEmb_0_20_pos_0_80_7,0.19999999999999996,7,GT_pos + deepwalk,0.1852503966061415,0.7377278006074682,0.07769295946007358,0.7993836734693878,GT_pos_dist,0.7440074
artificial_graph_sbmv_4_comuAndEmb_0_10_pos_0_90_7,0.09999999999999998,7,Inferred_Commu_normal,0.19663201452702164,0.7902268882245244,0.06692775041817434,0.8134371836538974,louvain_density,1.0
artificial_graph_sbmv_4_comuAndEmb_0_10_pos_0_90_7,0.09999999999999998,7,Inferred_Commu_spatial_manuel_iter,0.10260747476719675,0.6241280215068714,0.02272275149589085,0.5371310405455805,spatial_louvain_density,1.0
artificial_graph_sbmv_4_comuAndEmb_0_10_pos_0_90_7,0.09999999999999998,7,Inferred_Commu_spatial_manuel_iter_old,0.08645588789874507,0.5599434517601799,0.022688433160391916,0.5441264851617028,spatial_louvain_old_density,1.0
artificial_graph_sbmv_4_comuAndEmb_0_10_pos_0_90_7,0.09999999999999998,7,Inferred_Commu_spatial_manuel_iter_bined,0.08481447844413079,0.5664210062805627,0.023525496682476905,0.5702526772870159,spatial_louvain_bined_density,1.0
artificial_graph_sbmv_4_comuAndEmb_0_10_pos_0_90_7,0.09999999999999998,7,Inferred_Commu_spatial_manuel_iter_0_20,0.21864767046141165,0.8220816241396093,0.06976393452504492,0.7924258085140391,spatial_louvain_manualiter_0_20_density,1.0
artificial_graph_sbmv_4_comuAndEmb_0_10_pos_0_90_7,0.09999999999999998,7,Inferred_Commu_spatial_manuel_iter_0_50,0.21102278274578898,0.8043755359336254,0.051516453585747496,0.6659202674623049,spatial_louvain_manualiter_0_50_density,1.0
artificial_graph_sbmv_4_comuAndEmb_0_10_pos_0_90_7,0.09999999999999998,7,Inferred_Commu_spatial_manuel_iter_0_80,0.08483048734992638,0.5193399615286565,0.027139615856816613,0.5791448665352442,spatial_louvain_manualiter_0_80_density,1.0
artificial_graph_sbmv_4_comuAndEmb_0_10_pos_0_90_7,0.09999999999999998,7,GT_pos,0.43525567801766923,0.853797307005956,0.12564474443446014,0.8633203686930576,GT_pos_dist,1.0
artificial_graph_sbmv_4_comuAndEmb_0_10_pos_0_90_7,0.09999999999999998,7,GT_pos + Inferred_Commu normal,0.3857547220088575,0.8495909522816287,0.11116508157403907,0.855984868666418,GT_pos_dist,0.77397835
artificial_graph_sbmv_4_comuAndEmb_0_10_pos_0_90_7,0.09999999999999998,7,GT_pos + Inferred_Commu spatial manuel iter,0.3101361168063207,0.8376903288604602,0.11102417122770165,0.84926354627311,GT_pos_dist,0.74970186
artificial_graph_sbmv_4_comuAndEmb_0_10_pos_0_90_7,0.09999999999999998,7,GT_pos + Inferred_Commu spatial manuel iter old,0.35590592889533307,0.8255347748499386,0.11543763464253068,0.8424038307848047,GT_pos_dist,0.715767
artificial_graph_sbmv_4_comuAndEmb_0_10_pos_0_90_7,0.09999999999999998,7,GT_pos + Inferred_Commu spatial manuel iter bined,0.4161605508651904,0.8346427495422837,0.09699245539068102,0.8399742927167138,GT_pos_dist,0.7491703
artificial_graph_sbmv_4_comuAndEmb_0_10_pos_0_90_7,0.09999999999999998,7,GT_pos + Inferred_Commu spatial manuel iter 0_20,0.3726640752202939,0.8521402581751605,0.10538020169294735,0.8539482657573658,GT_pos_dist,0.7797226
artificial_graph_sbmv_4_comuAndEmb_0_10_pos_0_90_7,0.09999999999999998,7,GT_pos + Inferred_Commu spatial manuel iter 0_50,0.368768089324399,0.8463463811444065,0.12741428674173694,0.8544763972507858,GT_pos_dist,0.71496516
artificial_graph_sbmv_4_comuAndEmb_0_10_pos_0_90_7,0.09999999999999998,7,GT_pos + Inferred_Commu spatial manuel iter 0_80,0.36862479027395734,0.8456858791629007,0.12109322470173628,0.8542672758271618,GT_pos_dist,0.76343316
artificial_graph_sbmv_4_comuAndEmb_0_10_pos_0_90_7,0.09999999999999998,7,SiNEcustom_spatial,0.16066825946174268,0.7129249808802057,0.03823023666404457,0.6705421173211146,SiNEcustom_spatial_dist,1.0
artificial_graph_sbmv_4_comuAndEmb_0_10_pos_0_90_7,0.09999999999999998,7,SiNEcustom_spatial_bined,0.11080989194699845,0.6709541356694246,0.03983494880392361,0.6977867760669187,SiNEcustom_spatial_bined_dist,1.0
artificial_graph_sbmv_4_comuAndEmb_0_10_pos_0_90_7,0.09999999999999998,7,SiNE_spatial,0.16274472374431426,0.7214883311316601,0.03438934299936519,0.6699661676168149,SiNE_spatial_dist,1.0
artificial_graph_sbmv_4_comuAndEmb_0_10_pos_0_90_7,0.09999999999999998,7,SiNE_spatial_bined,0.15247573149722787,0.7075134997334817,0.04630770758222537,0.7039970163567585,SiNE_spatial_bined_dist,1.0
artificial_graph_sbmv_4_comuAndEmb_0_10_pos_0_90_7,0.09999999999999998,7,deepwalk,0.2848406892405046,0.8230086444645297,0.07310728949853718,0.795108689860941,deepwalk_dist,1.0
artificial_graph_sbmv_4_comuAndEmb_0_10_pos_0_90_7,0.09999999999999998,7,GT_pos + SiNEcustom_spatial,0.3534010578480594,0.8472618137152658,0.1032285280071136,0.84411889285524,GT_pos_dist,0.75618815
artificial_graph_sbmv_4_comuAndEmb_0_10_pos_0_90_7,0.09999999999999998,7,GT_pos + SiNEcustom_spatial_bined,0.378906983001512,0.8642262856613131,0.12197759278539984,0.8482175395599125,GT_pos_dist,0.73827904
artificial_graph_sbmv_4_comuAndEmb_0_10_pos_0_90_7,0.09999999999999998,7,GT_pos + SiNE_spatial,0.35778380937979304,0.84183874481448,0.0959444002340771,0.8361820022377324,GT_pos_dist,0.74981433
artificial_graph_sbmv_4_comuAndEmb_0_10_pos_0_90_7,0.09999999999999998,7,GT_pos + SiNE_spatial_bined,0.4045228103906614,0.8332985700711487,0.09882157952499666,0.8362723107251318,GT_pos_dist,0.7542796
artificial_graph_sbmv_4_comuAndEmb_0_10_pos_0_90_7,0.09999999999999998,7,GT_pos + deepwalk,0.4385361960447471,0.8494518992328908,0.12171118288098762,0.847431536043476,GT_pos_dist,0.76652443
artificial_graph_sbmv_4_comuAndEmb_0_00_pos_1_00_7,0.0,7,Inferred_Commu_normal,0.21347999656758992,0.8438423645320197,0.07110226198967678,0.8021994835626469,louvain_density,1.0
artificial_graph_sbmv_4_comuAndEmb_0_00_pos_1_00_7,0.0,7,Inferred_Commu_spatial_manuel_iter,0.2049849646544311,0.6351992834751456,0.0252248910029179,0.5618611014760859,spatial_louvain_density,1.0
artificial_graph_sbmv_4_comuAndEmb_0_00_pos_1_00_7,0.0,7,Inferred_Commu_spatial_manuel_iter_old,0.11224568543834028,0.5793551276309897,0.027361780569277162,0.5967581351729809,spatial_louvain_old_density,1.0
artificial_graph_sbmv_4_comuAndEmb_0_00_pos_1_00_7,0.0,7,Inferred_Commu_spatial_manuel_iter_bined,0.14196815909030125,0.6520152261531572,0.031173982603878228,0.5667669993962051,spatial_louvain_bined_density,1.0
artificial_graph_sbmv_4_comuAndEmb_0_00_pos_1_00_7,0.0,7,Inferred_Commu_spatial_manuel_iter_0_20,0.24054666673115344,0.8669838781907747,0.07452772012141773,0.8214270114721034,spatial_louvain_manualiter_0_20_density,1.0
artificial_graph_sbmv_4_comuAndEmb_0_00_pos_1_00_7,0.0,7,Inferred_Commu_spatial_manuel_iter_0_50,0.18789371532510013,0.742935512763099,0.06568538976618639,0.7572536324045169,spatial_louvain_manualiter_0_50_density,1.0
artificial_graph_sbmv_4_comuAndEmb_0_00_pos_1_00_7,0.0,7,Inferred_Commu_spatial_manuel_iter_0_80,0.15629374251370384,0.69602552619794,0.040853503542265066,0.6679671381405686,spatial_louvain_manualiter_0_80_density,1.0
artificial_graph_sbmv_4_comuAndEmb_0_00_pos_1_00_7,0.0,7,GT_pos,0.3557359090562925,0.897357814599194,0.16388047152265148,0.9097282922881259,GT_pos_dist,1.0
artificial_graph_sbmv_4_comuAndEmb_0_00_pos_1_00_7,0.0,7,GT_pos + Inferred_Commu normal,0.35149610562919936,0.8935064935064935,0.1647128017199565,0.8970827712901941,GT_pos_dist,0.7659294
artificial_graph_sbmv_4_comuAndEmb_0_00_pos_1_00_7,0.0,7,GT_pos + Inferred_Commu spatial manuel iter,0.4261185083410969,0.8939655172413794,0.14664835364154005,0.9042586811577448,GT_pos_dist,0.7860149
artificial_graph_sbmv_4_comuAndEmb_0_00_pos_1_00_7,0.0,7,GT_pos + Inferred_Commu spatial manuel iter old,0.3714956644999269,0.8868786386027765,0.14560586894160799,0.9032452049691037,GT_pos_dist,0.78797144
artificial_graph_sbmv_4_comuAndEmb_0_00_pos_1_00_7,0.0,7,GT_pos + Inferred_Commu spatial manuel iter bined,0.421542734267117,0.899294670846395,0.16168403244906973,0.9013003430068987,GT_pos_dist,0.79242814
artificial_graph_sbmv_4_comuAndEmb_0_00_pos_1_00_7,0.0,7,GT_pos + Inferred_Commu spatial manuel iter 0_20,0.34788307577087846,0.8905284370801612,0.15575814290018863,0.8986311840803689,GT_pos_dist,0.80559975
artificial_graph_sbmv_4_comuAndEmb_0_00_pos_1_00_7,0.0,7,GT_pos + Inferred_Commu spatial manuel iter 0_50,0.3575533952499629,0.8867107030900133,0.11638190506065528,0.8782967844709085,GT_pos_dist,0.79629916
artificial_graph_sbmv_4_comuAndEmb_0_00_pos_1_00_7,0.0,7,GT_pos + Inferred_Commu spatial manuel iter 0_80,0.33748908911354425,0.8835423197492163,0.1737380213971296,0.903076913194846,GT_pos_dist,0.7796563
artificial_graph_sbmv_4_comuAndEmb_0_00_pos_1_00_7,0.0,7,SiNEcustom_spatial,0.15136803656795805,0.74974249888043,0.0488690620351138,0.7408399172672498,SiNEcustom_spatial_dist,1.0
artificial_graph_sbmv_4_comuAndEmb_0_00_pos_1_00_7,0.0,7,SiNEcustom_spatial_bined,0.19069610159385753,0.7697380206000897,0.044217379646812084,0.7261896686835986,SiNEcustom_spatial_bined_dist,1.0
artificial_graph_sbmv_4_comuAndEmb_0_00_pos_1_00_7,0.0,7,SiNE_spatial,0.152336082363147,0.7498656515897895,0.060912346769592986,0.774325612466438,SiNE_spatial_dist,1.0
artificial_graph_sbmv_4_comuAndEmb_0_00_pos_1_00_7,0.0,7,SiNE_spatial_bined,0.1476069626251001,0.7483094491715181,0.058020312919412995,0.7812562788247839,SiNE_spatial_bined_dist,1.0
artificial_graph_sbmv_4_comuAndEmb_0_00_pos_1_00_7,0.0,7,deepwalk,0.21220509513320765,0.802474249888043,0.08711175749028362,0.8303911820248969,deepwalk_dist,1.0
artificial_graph_sbmv_4_comuAndEmb_0_00_pos_1_00_7,0.0,7,GT_pos + SiNEcustom_spatial,0.29536061602580754,0.8847066726377071,0.13464971880475826,0.8886667694402692,GT_pos_dist,0.75282604
artificial_graph_sbmv_4_comuAndEmb_0_00_pos_1_00_7,0.0,7,GT_pos + SiNEcustom_spatial_bined,0.36401359106542497,0.8914017017465294,0.14322509143577072,0.8908968281496896,GT_pos_dist,0.756758
artificial_graph_sbmv_4_comuAndEmb_0_00_pos_1_00_7,0.0,7,GT_pos + SiNE_spatial,0.3276650826795463,0.8920510523958799,0.1527076450740277,0.9004191878316055,GT_pos_dist,0.795794
artificial_graph_sbmv_4_comuAndEmb_0_00_pos_1_00_7,0.0,7,GT_pos + SiNE_spatial_bined,0.33861144251215936,0.8907411553963278,0.14547776108532218,0.8940824244292853,GT_pos_dist,0.8019212
artificial_graph_sbmv_4_comuAndEmb_0_00_pos_1_00_7,0.0,7,GT_pos + deepwalk,0.32490806916342696,0.8907075682937753,0.12688879922690843,0.8964848858570675,GT_pos_dist,0.8083293
artificial_graph_sbmv_4_comuAndEmb_1_00_pos_0_00_8,1.0,8,Inferred_Commu_normal,0.17817632462083982,0.7987381625266499,0.043676389612931896,0.7334846364883403,louvain_density,1.0
artificial_graph_sbmv_4_comuAndEmb_1_00_pos_0_00_8,1.0,8,Inferred_Commu_spatial_manuel_iter,0.16516686509146156,0.7888343497446576,0.054106966624968264,0.775076817558299,spatial_louvain_density,1.0
artificial_graph_sbmv_4_comuAndEmb_1_00_pos_0_00_8,1.0,8,Inferred_Commu_spatial_manuel_iter_old,0.16760805161756806,0.7942014973474144,0.057131095141854285,0.7863990397805212,spatial_louvain_old_density,1.0
artificial_graph_sbmv_4_comuAndEmb_1_00_pos_0_00_8,1.0,8,Inferred_Commu_spatial_manuel_iter_bined,0.19135047618166423,0.8084312558877486,0.062257728157709954,0.8033053497942387,spatial_louvain_bined_density,1.0
artificial_graph_sbmv_4_comuAndEmb_1_00_pos_0_00_8,1.0,8,Inferred_Commu_spatial_manuel_iter_0_20,0.16166704414924218,0.7841985224850018,0.056616957332035825,0.7474765432098766,spatial_louvain_manualiter_0_20_density,1.0
artificial_graph_sbmv_4_comuAndEmb_1_00_pos_0_00_8,1.0,8,Inferred_Commu_spatial_manuel_iter_0_50,0.1966901833898129,0.8211116069215132,0.050329627132780136,0.7307846364883402,spatial_louvain_manualiter_0_50_density,1.0
artificial_graph_sbmv_4_comuAndEmb_1_00_pos_0_00_8,1.0,8,Inferred_Commu_spatial_manuel_iter_0_80,0.1756298685690359,0.8003991273736923,0.05431426940402681,0.7790360768175584,spatial_louvain_manualiter_0_80_density,1.0
artificial_graph_sbmv_4_comuAndEmb_1_00_pos_0_00_8,1.0,8,GT_pos,0.07222089573894769,0.5024790520105112,0.019827783382972537,0.49485582990397803,GT_pos_dist,1.0
artificial_graph_sbmv_4_comuAndEmb_1_00_pos_0_00_8,1.0,8,GT_pos + Inferred_Commu normal,0.14902337851223182,0.735460359958352,0.048776283907695284,0.7347773662551439,louvain_density,0.8317982
artificial_graph_sbmv_4_comuAndEmb_1_00_pos_0_00_8,1.0,8,GT_pos + Inferred_Commu spatial manuel iter,0.15839877412034026,0.751561802766622,0.046974074353823045,0.7453554183813443,spatial_louvain_density,0.833475
artificial_graph_sbmv_4_comuAndEmb_1_00_pos_0_00_8,1.0,8,GT_pos + Inferred_Commu spatial manuel iter old,0.15921448604181299,0.7534582775546631,0.05068293166575449,0.7455979423868312,spatial_louvain_old_density,0.81852233
artificial_graph_sbmv_4_comuAndEmb_1_00_pos_0_00_8,1.0,8,GT_pos + Inferred_Commu spatial manuel iter bined,0.1871082722830264,0.7725841638157569,0.053897339763684306,0.7730333333333332,spatial_louvain_bined_density,0.8295106
artificial_graph_sbmv_4_comuAndEmb_1_00_pos_0_00_8,1.0,8,GT_pos + Inferred_Commu spatial manuel iter 0_20,0.17218446119887404,0.7643908969210174,0.05249455183319861,0.6872705075445815,spatial_louvain_manualiter_0_20_density,0.8278399
artificial_graph_sbmv_4_comuAndEmb_1_00_pos_0_00_8,1.0,8,GT_pos + Inferred_Commu spatial manuel iter 0_50,0.1822920091009696,0.7758936982497893,0.03219362900212111,0.6533860082304526,spatial_louvain_manualiter_0_50_density,0.8172891
artificial_graph_sbmv_4_comuAndEmb_1_00_pos_0_00_8,1.0,8,GT_pos + Inferred_Commu spatial manuel iter 0_80,0.17027881446587867,0.7708984084486094,0.05282744821237771,0.7684770919067215,spatial_louvain_manualiter_0_80_density,0.8247224
artificial_graph_sbmv_4_comuAndEmb_1_00_pos_0_00_8,1.0,8,SiNEcustom_spatial,0.3017885846205106,0.860057514006644,0.11447643522252703,0.8305167352537722,SiNEcustom_spatial_dist,1.0
artificial_graph_sbmv_4_comuAndEmb_1_00_pos_0_00_8,1.0,8,SiNEcustom_spatial_bined,0.3178283573766894,0.8403614457831325,0.12829147212827707,0.8046474622770918,SiNEcustom_spatial_bined_dist,1.0
artificial_graph_sbmv_4_comuAndEmb_1_00_pos_0_00_8,1.0,8,SiNE_spatial,0.19103709720405926,0.7720015865932867,0.06251909112224344,0.7749429355281208,SiNE_spatial_dist,1.0
artificial_graph_sbmv_4_comuAndEmb_1_00_pos_0_00_8,1.0,8,SiNE_spatial_bined,0.17709979853911467,0.7411249938023698,0.05821230955819095,0.7643716049382717,SiNE_spatial_bined_dist,1.0
artificial_graph_sbmv_4_comuAndEmb_1_00_pos_0_00_8,1.0,8,deepwalk,0.23388525325687026,0.7820913282760672,0.10261308055866905,0.8065194787379972,deepwalk_dist,1.0
artificial_graph_sbmv_4_comuAndEmb_1_00_pos_0_00_8,1.0,8,GT_pos + SiNEcustom_spatial,0.23893365481361667,0.8118151618820962,0.07062225172081614,0.7816632373113854,SiNEcustom_spatial_dist,0.7030815
artificial_graph_sbmv_4_comuAndEmb_1_00_pos_0_00_8,1.0,8,GT_pos + SiNEcustom_spatial_bined,0.27623119635440163,0.825276414299172,0.07965267074117154,0.7805229080932785,SiNEcustom_spatial_bined_dist,0.71355313
artificial_graph_sbmv_4_comuAndEmb_1_00_pos_0_00_8,1.0,8,GT_pos + SiNE_spatial,0.14496688010651013,0.7556770291040705,0.058601466974187,0.7582168724279835,SiNE_spatial_dist,0.6577249
artificial_graph_sbmv_4_comuAndEmb_1_00_pos_0_00_8,1.0,8,GT_pos + SiNE_spatial_bined,0.16369433725182062,0.7321756160444246,0.06065356182938626,0.7505755829903977,SiNE_spatial_bined_dist,0.6912154
artificial_graph_sbmv_4_comuAndEmb_1_00_pos_0_00_8,1.0,8,GT_pos + deepwalk,0.24822754313443401,0.7694853488026179,0.08578271519814326,0.7713257887517146,deepwalk_dist,0.6973759
artificial_graph_sbmv_4_comuAndEmb_0_90_pos_0_10_8,0.9,8,Inferred_Commu_normal,0.17827236347143333,0.7401806140878988,0.05059137557629592,0.7192480779293966,louvain_density,1.0
artificial_graph_sbmv_4_comuAndEmb_0_90_pos_0_10_8,0.9,8,Inferred_Commu_spatial_manuel_iter,0.17602366795402863,0.7652739313666466,0.05573702248470406,0.7789416200405211,spatial_louvain_density,1.0
artificial_graph_sbmv_4_comuAndEmb_0_90_pos_0_10_8,0.9,8,Inferred_Commu_spatial_manuel_iter_old,0.18544097710400453,0.745671282360024,0.05239336339967188,0.7747822995075742,spatial_louvain_old_density,1.0
artificial_graph_sbmv_4_comuAndEmb_0_90_pos_0_10_8,0.9,8,Inferred_Commu_spatial_manuel_iter_bined,0.1540733600986206,0.722444310656231,0.05925254681243848,0.8041534167907795,spatial_louvain_bined_density,1.0
artificial_graph_sbmv_4_comuAndEmb_0_90_pos_0_10_8,0.9,8,Inferred_Commu_spatial_manuel_iter_0_20,0.16153532170126192,0.7495725466586393,0.06029519314810729,0.7595177716056837,spatial_louvain_manualiter_0_20_density,1.0
artificial_graph_sbmv_4_comuAndEmb_0_90_pos_0_10_8,0.9,8,Inferred_Commu_spatial_manuel_iter_0_50,0.1867891352877924,0.7684166164960867,0.04492918797056074,0.7426827141112855,spatial_louvain_manualiter_0_50_density,1.0
artificial_graph_sbmv_4_comuAndEmb_0_90_pos_0_10_8,0.9,8,Inferred_Commu_spatial_manuel_iter_0_80,0.1811186152756747,0.7495484647802529,0.05113021777521871,0.7348607924432099,spatial_louvain_manualiter_0_80_density,1.0
artificial_graph_sbmv_4_comuAndEmb_0_90_pos_0_10_8,0.9,8,GT_pos,0.08802578331732114,0.5391812161348585,0.02035645206008576,0.5186379798467711,GT_pos_dist,1.0
artificial_graph_sbmv_4_comuAndEmb_0_90_pos_0_10_8,0.9,8,GT_pos + Inferred_Commu normal,0.14439091127708495,0.7168573148705599,0.0403835962727025,0.7003909887426372,louvain_density,0.79845333
artificial_graph_sbmv_4_comuAndEmb_0_90_pos_0_10_8,0.9,8,GT_pos + Inferred_Commu spatial manuel iter,0.15544378803506695,0.7368934376881396,0.047856767436100324,0.7385745146184708,spatial_louvain_density,0.7836148
artificial_graph_sbmv_4_comuAndEmb_0_90_pos_0_10_8,0.9,8,GT_pos + Inferred_Commu spatial manuel iter old,0.15287490815476665,0.7534136062612884,0.040718384109136856,0.7316530478068939,spatial_louvain_old_density,0.8175549
artificial_graph_sbmv_4_comuAndEmb_0_90_pos_0_10_8,0.9,8,GT_pos + Inferred_Commu spatial manuel iter bined,0.18683725408125995,0.7256472004816376,0.048138614911618964,0.7552735176911002,spatial_louvain_bined_density,0.7630126
artificial_graph_sbmv_4_comuAndEmb_0_90_pos_0_10_8,0.9,8,GT_pos + Inferred_Commu spatial manuel iter 0_20,0.1313651543831474,0.7095003010234798,0.051222485767094234,0.7581572273879966,spatial_louvain_manualiter_0_20_density,0.76703393
artificial_graph_sbmv_4_comuAndEmb_0_90_pos_0_10_8,0.9,8,GT_pos + Inferred_Commu spatial manuel iter 0_50,0.15303144646771824,0.7550511739915713,0.0353668646596151,0.6664302486280509,spatial_louvain_manualiter_0_50_density,0.79215986
artificial_graph_sbmv_4_comuAndEmb_0_90_pos_0_10_8,0.9,8,GT_pos + Inferred_Commu spatial manuel iter 0_80,0.1679611282821788,0.7387116195063215,0.04255899434501784,0.6828238672194715,spatial_louvain_manualiter_0_80_density,0.7674027
artificial_graph_sbmv_4_comuAndEmb_0_90_pos_0_10_8,0.9,8,SiNEcustom_spatial,0.1989421858880011,0.7526670680313066,0.08348479016357532,0.7851879134296718,SiNEcustom_spatial_dist,1.0
artificial_graph_sbmv_4_comuAndEmb_0_90_pos_0_10_8,0.9,8,SiNEcustom_spatial_bined,0.24102749400829301,0.7323540036122819,0.0768324227648959,0.7688980128540568,SiNEcustom_spatial_bined_dist,1.0
artificial_graph_sbmv_4_comuAndEmb_0_90_pos_0_10_8,0.9,8,SiNE_spatial,0.11131188089833362,0.6690186634557495,0.04700316627708924,0.7099817520696642,SiNE_spatial_dist,1.0
artificial_graph_sbmv_4_comuAndEmb_0_90_pos_0_10_8,0.9,8,SiNE_spatial_bined,0.12072621172122677,0.6427092113184828,0.04736419398125394,0.705098418065451,SiNE_spatial_bined_dist,1.0
artificial_graph_sbmv_4_comuAndEmb_0_90_pos_0_10_8,0.9,8,deepwalk,0.18188281181842922,0.745900060204696,0.08627088967996249,0.788409880717573,deepwalk_dist,1.0
artificial_graph_sbmv_4_comuAndEmb_0_90_pos_0_10_8,0.9,8,GT_pos + SiNEcustom_spatial,0.16809995673243133,0.7396267308850091,0.0701304048530642,0.7679253713319647,SiNEcustom_spatial_dist,0.6806992
artificial_graph_sbmv_4_comuAndEmb_0_90_pos_0_10_8,0.9,8,GT_pos + SiNEcustom_spatial_bined,0.18731915265504576,0.7536664659843468,0.06327516491310892,0.7654668652470851,SiNEcustom_spatial_bined_dist,0.6771565
artificial_graph_sbmv_4_comuAndEmb_0_90_pos_0_10_8,0.9,8,GT_pos + SiNE_spatial,0.12488916512359133,0.6890547862733293,0.049070319960900055,0.6975625595405816,SiNE_spatial_dist,0.61322427
artificial_graph_sbmv_4_comuAndEmb_0_90_pos_0_10_8,0.9,8,GT_pos + SiNE_spatial_bined,0.10415174675288065,0.6268633353401565,0.04419110641001359,0.6942586107421272,SiNE_spatial_bined_dist,0.6046667
artificial_graph_sbmv_4_comuAndEmb_0_90_pos_0_10_8,0.9,8,GT_pos + deepwalk,0.20830639631243178,0.7472968091511138,0.05984892240946095,0.7657468904721652,deepwalk_dist,0.6695433
artificial_graph_sbmv_4_comuAndEmb_0_80_pos_0_20_8,0.8,8,Inferred_Commu_normal,0.13696699128353362,0.6957393781153574,0.034240131633295555,0.6719929883095047,louvain_density,1.0
artificial_graph_sbmv_4_comuAndEmb_0_80_pos_0_20_8,0.8,8,Inferred_Commu_spatial_manuel_iter,0.13165978860019564,0.6955257536197484,0.038590290537266765,0.6735150985937519,spatial_louvain_density,1.0
artificial_graph_sbmv_4_comuAndEmb_0_80_pos_0_20_8,0.8,8,Inferred_Commu_spatial_manuel_iter_old,0.13407252507383835,0.7023736055067649,0.0359246036305805,0.6604571934991985,spatial_louvain_old_density,1.0
artificial_graph_sbmv_4_comuAndEmb_0_80_pos_0_20_8,0.8,8,Inferred_Commu_spatial_manuel_iter_bined,0.1558541984707939,0.7303465464039876,0.029190167268662297,0.5417939762019575,spatial_louvain_bined_density,1.0
artificial_graph_sbmv_4_comuAndEmb_0_80_pos_0_20_8,0.8,8,Inferred_Commu_spatial_manuel_iter_0_20,0.14398065882605707,0.6970685971991455,0.034893891512369796,0.6732797247455329,spatial_louvain_manualiter_0_20_density,1.0
artificial_graph_sbmv_4_comuAndEmb_0_80_pos_0_20_8,0.8,8,Inferred_Commu_spatial_manuel_iter_0_50,0.14096086546518563,0.686114407785426,0.03784964354065508,0.6830465664872473,spatial_louvain_manualiter_0_50_density,1.0
artificial_graph_sbmv_4_comuAndEmb_0_80_pos_0_20_8,0.8,8,Inferred_Commu_spatial_manuel_iter_0_80,0.10653692277905656,0.6604082601471635,0.03567189440669138,0.6698309635209634,spatial_louvain_manualiter_0_80_density,1.0
artificial_graph_sbmv_4_comuAndEmb_0_80_pos_0_20_8,0.8,8,GT_pos,0.0845916618708363,0.5678495134108711,0.02434132010818279,0.5725908066050646,GT_pos_dist,1.0
artificial_graph_sbmv_4_comuAndEmb_0_80_pos_0_20_8,0.8,8,GT_pos + Inferred_Commu normal,0.13722424684471235,0.7136244956088298,0.040249096684530056,0.701286736436028,louvain_density,0.71833247
artificial_graph_sbmv_4_comuAndEmb_0_80_pos_0_20_8,0.8,8,GT_pos + Inferred_Commu spatial manuel iter,0.1435089908667746,0.693994778067885,0.03339883729428817,0.6658413376950045,spatial_louvain_density,0.6711583
artificial_graph_sbmv_4_comuAndEmb_0_80_pos_0_20_8,0.8,8,GT_pos + Inferred_Commu spatial manuel iter old,0.1418746460842902,0.7022074531212912,0.03780785041271394,0.6773681398167577,spatial_louvain_old_density,0.7306824
artificial_graph_sbmv_4_comuAndEmb_0_80_pos_0_20_8,0.8,8,GT_pos + Inferred_Commu spatial manuel iter bined,0.15644997819162915,0.7413126038452409,0.03763993232514601,0.689589985533501,spatial_louvain_bined_density,0.7085352
artificial_graph_sbmv_4_comuAndEmb_0_80_pos_0_20_8,0.8,8,GT_pos + Inferred_Commu spatial manuel iter 0_20,0.1391744205434735,0.707346309043437,0.029903749946441592,0.6229009891957409,spatial_louvain_manualiter_0_20_density,0.715104
artificial_graph_sbmv_4_comuAndEmb_0_80_pos_0_20_8,0.8,8,GT_pos + Inferred_Commu spatial manuel iter 0_50,0.16675532603336324,0.6997032993116543,0.03438395970272132,0.6650132283751906,spatial_louvain_manualiter_0_50_density,0.682877
artificial_graph_sbmv_4_comuAndEmb_0_80_pos_0_20_8,0.8,8,GT_pos + Inferred_Commu spatial manuel iter 0_80,0.12568988180081103,0.6754213149774507,0.034442843128229525,0.6736761850147923,spatial_louvain_manualiter_0_80_density,0.7420489
artificial_graph_sbmv_4_comuAndEmb_0_80_pos_0_20_8,0.8,8,SiNEcustom_spatial,0.18016703398483574,0.6951103726560646,0.08208024211914167,0.7260464752570736,SiNEcustom_spatial_dist,1.0
artificial_graph_sbmv_4_comuAndEmb_0_80_pos_0_20_8,0.8,8,SiNEcustom_spatial_bined,0.1680265948125234,0.6926180868739615,0.07666587406672028,0.7306582908678595,SiNEcustom_spatial_bined_dist,1.0
artificial_graph_sbmv_4_comuAndEmb_0_80_pos_0_20_8,0.8,8,SiNE_spatial,0.12765753745156952,0.6625207690481842,0.03494067199864203,0.6366248745585112,SiNE_spatial_dist,1.0
artificial_graph_sbmv_4_comuAndEmb_0_80_pos_0_20_8,0.8,8,SiNE_spatial_bined,0.14834424430085516,0.6701993828625682,0.03193875395668879,0.6111495001889767,SiNE_spatial_bined_dist,1.0
artificial_graph_sbmv_4_comuAndEmb_0_80_pos_0_20_8,0.8,8,deepwalk,0.2191910476500462,0.7244956088298125,0.05653907872078892,0.7005445138083385,deepwalk_dist,1.0
artificial_graph_sbmv_4_comuAndEmb_0_80_pos_0_20_8,0.8,8,GT_pos + SiNEcustom_spatial,0.1800605898479491,0.7288867790173273,0.06972866193913702,0.7414801444043322,SiNEcustom_spatial_dist,0.6353165
artificial_graph_sbmv_4_comuAndEmb_0_80_pos_0_20_8,0.8,8,GT_pos + SiNEcustom_spatial_bined,0.17634478122407338,0.7131972466176122,0.06582045575489344,0.7354985728994252,SiNEcustom_spatial_bined_dist,0.61810887
artificial_graph_sbmv_4_comuAndEmb_0_80_pos_0_20_8,0.8,8,GT_pos + SiNE_spatial,0.12289054011265743,0.668941371943983,0.03783321227611154,0.6569778050020201,SiNE_spatial_dist,0.5535814
artificial_graph_sbmv_4_comuAndEmb_0_80_pos_0_20_8,0.8,8,GT_pos + SiNE_spatial_bined,0.15631625512504796,0.6920721576074056,0.035572224392728016,0.6462835433799476,SiNE_spatial_bined_dist,0.5338342
artificial_graph_sbmv_4_comuAndEmb_0_80_pos_0_20_8,0.8,8,GT_pos + deepwalk,0.17025357620159914,0.7304770947068597,0.049968434500578016,0.7088076216293709,deepwalk_dist,0.59431714
artificial_graph_sbmv_4_comuAndEmb_0_70_pos_0_30_8,0.7,8,Inferred_Commu_normal,0.09861464663686564,0.6353030749582473,0.03191314072562692,0.6548529411764705,louvain_density,1.0
artificial_graph_sbmv_4_comuAndEmb_0_70_pos_0_30_8,0.7,8,Inferred_Commu_spatial_manuel_iter,0.1275648083048853,0.6672315551625897,0.035686221416405595,0.6614803200692041,spatial_louvain_density,1.0
artificial_graph_sbmv_4_comuAndEmb_0_70_pos_0_30_8,0.7,8,Inferred_Commu_spatial_manuel_iter_old,0.10739016867296802,0.6451517830828176,0.032167158774787596,0.6452236970155709,spatial_louvain_old_density,1.0
artificial_graph_sbmv_4_comuAndEmb_0_70_pos_0_30_8,0.7,8,Inferred_Commu_spatial_manuel_iter_bined,0.1318479420719181,0.6766013360840947,0.03471932701037968,0.6800585261678201,spatial_louvain_bined_density,1.0
artificial_graph_sbmv_4_comuAndEmb_0_70_pos_0_30_8,0.7,8,Inferred_Commu_spatial_manuel_iter_0_20,0.1003615738421042,0.6307348462520876,0.03212504320136256,0.642545955882353,spatial_louvain_manualiter_0_20_density,1.0
artificial_graph_sbmv_4_comuAndEmb_0_70_pos_0_30_8,0.7,8,Inferred_Commu_spatial_manuel_iter_0_50,0.09974682911829999,0.6418975341389135,0.033338789746778334,0.6162472967128028,spatial_louvain_manualiter_0_50_density,1.0
artificial_graph_sbmv_4_comuAndEmb_0_70_pos_0_30_8,0.7,8,Inferred_Commu_spatial_manuel_iter_0_80,0.13600988357784355,0.666494744080951,0.03458979653793409,0.6629536115916955,spatial_louvain_manualiter_0_80_density,1.0
artificial_graph_sbmv_4_comuAndEmb_0_70_pos_0_30_8,0.7,8,GT_pos,0.09071069641192815,0.5641271244719521,0.0332881520980078,0.6286701178633218,GT_pos_dist,1.0
artificial_graph_sbmv_4_comuAndEmb_0_70_pos_0_30_8,0.7,8,GT_pos + Inferred_Commu normal,0.09085926518017644,0.6391958935062383,0.04282624957010153,0.7287767625432526,louvain_density,0.64350295
artificial_graph_sbmv_4_comuAndEmb_0_70_pos_0_30_8,0.7,8,GT_pos + Inferred_Commu spatial manuel iter,0.12046148576262546,0.6420448963552412,0.048084855556284806,0.7020520653114187,spatial_louvain_density,0.6048287
artificial_graph_sbmv_4_comuAndEmb_0_70_pos_0_30_8,0.7,8,GT_pos + Inferred_Commu spatial manuel iter old,0.10163780866071659,0.6275174378622654,0.03572637718572219,0.6637577043685121,spatial_louvain_old_density,0.612981
artificial_graph_sbmv_4_comuAndEmb_0_70_pos_0_30_8,0.7,8,GT_pos + Inferred_Commu spatial manuel iter bined,0.1081914962882766,0.6600476471166126,0.039598982370063956,0.7096272166955018,spatial_louvain_bined_density,0.6330504
artificial_graph_sbmv_4_comuAndEmb_0_70_pos_0_30_8,0.7,8,GT_pos + Inferred_Commu spatial manuel iter 0_20,0.08834455257872545,0.5944591806660772,0.045227003770655014,0.7045991025086505,spatial_louvain_manualiter_0_20_density,0.5764695
artificial_graph_sbmv_4_comuAndEmb_0_70_pos_0_30_8,0.7,8,GT_pos + Inferred_Commu spatial manuel iter 0_50,0.10798370183978404,0.6348364279398762,0.03997844915147531,0.6876142138840831,spatial_louvain_manualiter_0_50_density,0.60026294
artificial_graph_sbmv_4_comuAndEmb_0_70_pos_0_30_8,0.7,8,GT_pos + Inferred_Commu spatial manuel iter 0_80,0.10377128093392175,0.656449553001277,0.04110835455488521,0.6866315689878894,spatial_louvain_manualiter_0_80_density,0.57725835
artificial_graph_sbmv_4_comuAndEmb_0_70_pos_0_30_8,0.7,8,SiNEcustom_spatial,0.12659395883098284,0.6463306808134395,0.06388032825234286,0.6740716911764706,SiNEcustom_spatial_dist,1.0
artificial_graph_sbmv_4_comuAndEmb_0_70_pos_0_30_8,0.7,8,SiNEcustom_spatial_bined,0.12785180112177202,0.6475341389134492,0.06005714877602048,0.6939953233131488,SiNEcustom_spatial_bined_dist,1.0
artificial_graph_sbmv_4_comuAndEmb_0_70_pos_0_30_8,0.7,8,SiNE_spatial,0.11511689888881912,0.6052534630120837,0.02846121536478739,0.6029180633650519,SiNE_spatial_dist,1.0
artificial_graph_sbmv_4_comuAndEmb_0_70_pos_0_30_8,0.7,8,SiNE_spatial_bined,0.09837116084673567,0.6240789861479517,0.030077842703233285,0.5935386029411764,SiNE_spatial_bined_dist,1.0
artificial_graph_sbmv_4_comuAndEmb_0_70_pos_0_30_8,0.7,8,deepwalk,0.11713364573526887,0.6743295019157088,0.038890448724443576,0.640706098615917,deepwalk_dist,1.0
artificial_graph_sbmv_4_comuAndEmb_0_70_pos_0_30_8,0.7,8,GT_pos + SiNEcustom_spatial,0.11241455018405669,0.6450535416052657,0.06563331275387536,0.7140465506055363,SiNEcustom_spatial_dist,0.5341015
artificial_graph_sbmv_4_comuAndEmb_0_70_pos_0_30_8,0.7,8,GT_pos + SiNEcustom_spatial_bined,0.11742110209721479,0.6680052067983102,0.0604816899919101,0.7421895274653979,SiNEcustom_spatial_bined_dist,0.56049067
artificial_graph_sbmv_4_comuAndEmb_0_70_pos_0_30_8,0.7,8,GT_pos + SiNE_spatial,0.10650009065422598,0.6268788682581785,0.03488820082178404,0.6516663062283737,GT_pos_dist,0.5265418
artificial_graph_sbmv_4_comuAndEmb_0_70_pos_0_30_8,0.7,8,GT_pos + SiNE_spatial_bined,0.09302599872412284,0.6090848806366047,0.03208433802016303,0.6517586234861592,SiNE_spatial_bined_dist,0.5175713
artificial_graph_sbmv_4_comuAndEmb_0_70_pos_0_30_8,0.7,8,GT_pos + deepwalk,0.11935883312289411,0.6898516553688968,0.040520088144721744,0.6787737889273356,deepwalk_dist,0.5412714
artificial_graph_sbmv_4_comuAndEmb_0_60_pos_0_40_8,0.6,8,Inferred_Commu_normal,0.13275153619206928,0.7125801091858533,0.03695097771511647,0.6948232089561965,louvain_density,1.0
artificial_graph_sbmv_4_comuAndEmb_0_60_pos_0_40_8,0.6,8,Inferred_Commu_spatial_manuel_iter,0.16071284714151718,0.7141822929029195,0.030657356567621204,0.5377192456567921,spatial_louvain_density,1.0
artificial_graph_sbmv_4_comuAndEmb_0_60_pos_0_40_8,0.6,8,Inferred_Commu_spatial_manuel_iter_old,0.15887388777297998,0.7467956325658675,0.03585035171531764,0.6464678283308787,spatial_louvain_old_density,1.0
artificial_graph_sbmv_4_comuAndEmb_0_60_pos_0_40_8,0.6,8,Inferred_Commu_spatial_manuel_iter_bined,0.1654790409818113,0.6937218134346073,0.03326458064577921,0.6016444890458627,spatial_louvain_bined_density,1.0
artificial_graph_sbmv_4_comuAndEmb_0_60_pos_0_40_8,0.6,8,Inferred_Commu_spatial_manuel_iter_0_20,0.1435189005614257,0.7199857583669593,0.03207302010649909,0.669407655514864,spatial_louvain_manualiter_0_20_density,1.0
artificial_graph_sbmv_4_comuAndEmb_0_60_pos_0_40_8,0.6,8,Inferred_Commu_spatial_manuel_iter_0_50,0.1506847268272538,0.7234630904343697,0.035211779901632795,0.6428968186735132,spatial_louvain_manualiter_0_50_density,1.0
artificial_graph_sbmv_4_comuAndEmb_0_60_pos_0_40_8,0.6,8,Inferred_Commu_spatial_manuel_iter_0_80,0.15156180662685179,0.7112864941846664,0.034478019258300234,0.6711979825098724,spatial_louvain_manualiter_0_80_density,1.0
artificial_graph_sbmv_4_comuAndEmb_0_60_pos_0_40_8,0.6,8,GT_pos,0.09089847112623134,0.5797650130548303,0.04045682031369279,0.6686109554405766,GT_pos_dist,1.0
artificial_graph_sbmv_4_comuAndEmb_0_60_pos_0_40_8,0.6,8,GT_pos + Inferred_Commu normal,0.13803977196816405,0.7188108236411108,0.04525494408043741,0.7376677657730454,louvain_density,0.6170852
artificial_graph_sbmv_4_comuAndEmb_0_60_pos_0_40_8,0.6,8,GT_pos + Inferred_Commu spatial manuel iter,0.14280851540361736,0.6893543793021599,0.04277744134828895,0.6912966414263185,spatial_louvain_density,0.6181617
artificial_graph_sbmv_4_comuAndEmb_0_60_pos_0_40_8,0.6,8,GT_pos + Inferred_Commu spatial manuel iter old,0.1980812808949884,0.7405055779729409,0.03961534631131615,0.6762858892987006,spatial_louvain_old_density,0.5974861
artificial_graph_sbmv_4_comuAndEmb_0_60_pos_0_40_8,0.6,8,GT_pos + Inferred_Commu spatial manuel iter bined,0.17321789891823816,0.7218134346071683,0.0465432615172797,0.7143256135229182,spatial_louvain_bined_density,0.53438234
artificial_graph_sbmv_4_comuAndEmb_0_60_pos_0_40_8,0.6,8,GT_pos + Inferred_Commu spatial manuel iter 0_20,0.12923073297742993,0.717457868502255,0.04493518779817852,0.7347998800974859,spatial_louvain_manualiter_0_20_density,0.5857677
artificial_graph_sbmv_4_comuAndEmb_0_60_pos_0_40_8,0.6,8,GT_pos + Inferred_Commu spatial manuel iter 0_50,0.15204771512855247,0.7132921908378828,0.04950205827002317,0.7401318927654472,spatial_louvain_manualiter_0_50_density,0.5813704
artificial_graph_sbmv_4_comuAndEmb_0_60_pos_0_40_8,0.6,8,GT_pos + Inferred_Commu spatial manuel iter 0_80,0.15523906834348306,0.710918585331118,0.04575608670423379,0.7309562225494924,spatial_louvain_manualiter_0_80_density,0.5536596
artificial_graph_sbmv_4_comuAndEmb_0_60_pos_0_40_8,0.6,8,SiNEcustom_spatial,0.1565634739210462,0.629314028008545,0.04802176549156311,0.6958144899581644,SiNEcustom_spatial_dist,1.0
artificial_graph_sbmv_4_comuAndEmb_0_60_pos_0_40_8,0.6,8,SiNEcustom_spatial_bined,0.17655386732235717,0.6972703536672205,0.040174251209161696,0.6320787446728094,SiNEcustom_spatial_bined_dist,1.0
artificial_graph_sbmv_4_comuAndEmb_0_60_pos_0_40_8,0.6,8,SiNE_spatial,0.07359722123607582,0.5378115357227629,0.0287426687859881,0.5747493125154766,SiNE_spatial_dist,1.0
artificial_graph_sbmv_4_comuAndEmb_0_60_pos_0_40_8,0.6,8,SiNE_spatial_bined,0.08371518418606086,0.5621291241395681,0.02732335368315125,0.5946718971966272,SiNE_spatial_bined_dist,1.0
artificial_graph_sbmv_4_comuAndEmb_0_60_pos_0_40_8,0.6,8,deepwalk,0.08587013531186163,0.5959292665558984,0.0470100176901614,0.659178667778806,deepwalk_dist,1.0
artificial_graph_sbmv_4_comuAndEmb_0_60_pos_0_40_8,0.6,8,GT_pos + SiNEcustom_spatial,0.1245010880759648,0.6638025160218373,0.06594849692646135,0.7557850356449323,SiNEcustom_spatial_dist,0.51385796
artificial_graph_sbmv_4_comuAndEmb_0_60_pos_0_40_8,0.6,8,GT_pos + SiNEcustom_spatial_bined,0.18427852012294121,0.7124139568003798,0.058607298127271584,0.7216884098580719,SiNEcustom_spatial_bined_dist,0.5060454
artificial_graph_sbmv_4_comuAndEmb_0_60_pos_0_40_8,0.6,8,GT_pos + SiNE_spatial,0.07548924641251267,0.5559814858770472,0.037132287029558946,0.6659594156055728,GT_pos_dist,0.55339426
artificial_graph_sbmv_4_comuAndEmb_0_60_pos_0_40_8,0.6,8,GT_pos + SiNE_spatial_bined,0.09613602727622891,0.5978281509613103,0.03763779212443108,0.676182668873568,GT_pos_dist,0.5289742
artificial_graph_sbmv_4_comuAndEmb_0_60_pos_0_40_8,0.6,8,GT_pos + deepwalk,0.10675464007050747,0.6327320199382862,0.04572811018483927,0.7009336756636996,deepwalk_dist,0.5126838
artificial_graph_sbmv_4_comuAndEmb_0_50_pos_0_50_8,0.5,8,Inferred_Commu_normal,0.13653307865009237,0.65820644872369,0.03056402093652002,0.6362649503475033,louvain_density,1.0
artificial_graph_sbmv_4_comuAndEmb_0_50_pos_0_50_8,0.5,8,Inferred_Commu_spatial_manuel_iter,0.08041267175889337,0.5306874160322436,0.024027966253403733,0.5585625827006334,spatial_louvain_density,1.0
artificial_graph_sbmv_4_comuAndEmb_0_50_pos_0_50_8,0.5,8,Inferred_Commu_spatial_manuel_iter_old,0.10946857969467218,0.6146551724137931,0.027734672847198737,0.6130734445857581,spatial_louvain_old_density,1.0
artificial_graph_sbmv_4_comuAndEmb_0_50_pos_0_50_8,0.5,8,Inferred_Commu_spatial_manuel_iter_bined,0.09643507604783833,0.5484437975817287,0.019684403208573214,0.46931745481173165,spatial_louvain_bined_density,1.0
artificial_graph_sbmv_4_comuAndEmb_0_50_pos_0_50_8,0.5,8,Inferred_Commu_spatial_manuel_iter_0_20,0.0791955850183304,0.534191670398567,0.030157771628090798,0.6281098649811796,spatial_louvain_manualiter_0_20_density,1.0
artificial_graph_sbmv_4_comuAndEmb_0_50_pos_0_50_8,0.5,8,Inferred_Commu_spatial_manuel_iter_0_50,0.08255539563559729,0.5560120913569189,0.022696112183622736,0.5595188910728279,spatial_louvain_manualiter_0_50_density,1.0
artificial_graph_sbmv_4_comuAndEmb_0_50_pos_0_50_8,0.5,8,Inferred_Commu_spatial_manuel_iter_0_80,0.08792850727088718,0.5720443349753694,0.022650259634032614,0.5513375984378412,spatial_louvain_manualiter_0_80_density,1.0
artificial_graph_sbmv_4_comuAndEmb_0_50_pos_0_50_8,0.5,8,GT_pos,0.15687550784918775,0.7013434841021049,0.044254315036532293,0.677743990955923,GT_pos_dist,1.0
artificial_graph_sbmv_4_comuAndEmb_0_50_pos_0_50_8,0.5,8,GT_pos + Inferred_Commu normal,0.15878170193693864,0.6917039856695029,0.04067520919070689,0.6592295833815085,GT_pos_dist,0.64935565
artificial_graph_sbmv_4_comuAndEmb_0_50_pos_0_50_8,0.5,8,GT_pos + Inferred_Commu spatial manuel iter,0.14231798104767696,0.6949395432154053,0.04720528650390379,0.6926083940339923,GT_pos_dist,0.60598147
artificial_graph_sbmv_4_comuAndEmb_0_50_pos_0_50_8,0.5,8,GT_pos + Inferred_Commu spatial manuel iter old,0.1957434601516966,0.7323107926556203,0.049878605873008484,0.6809270178954536,GT_pos_dist,0.6178862
artificial_graph_sbmv_4_comuAndEmb_0_50_pos_0_50_8,0.5,8,GT_pos + Inferred_Commu spatial manuel iter bined,0.17533927025185084,0.7508508732646664,0.03555808789661237,0.6375460233039143,GT_pos_dist,0.5650927
artificial_graph_sbmv_4_comuAndEmb_0_50_pos_0_50_8,0.5,8,GT_pos + Inferred_Commu spatial manuel iter 0_20,0.17356501004821734,0.7087662337662337,0.045846139818021915,0.6725288729589806,GT_pos_dist,0.65910524
artificial_graph_sbmv_4_comuAndEmb_0_50_pos_0_50_8,0.5,8,GT_pos + Inferred_Commu spatial manuel iter 0_50,0.12829086563577197,0.6784258844603671,0.04577728381388297,0.6724620701172904,GT_pos_dist,0.59455013
artificial_graph_sbmv_4_comuAndEmb_0_50_pos_0_50_8,0.5,8,GT_pos + Inferred_Commu spatial manuel iter 0_80,0.166466892961665,0.7019032691446485,0.039279453961551844,0.6927667938489999,GT_pos_dist,0.5887923
artificial_graph_sbmv_4_comuAndEmb_0_50_pos_0_50_8,0.5,8,SiNEcustom_spatial,0.12985297325247736,0.6273399014778326,0.035816211625392384,0.6226058246939273,SiNEcustom_spatial_dist,1.0
artificial_graph_sbmv_4_comuAndEmb_0_50_pos_0_50_8,0.5,8,SiNEcustom_spatial_bined,0.09537365594897801,0.5385803851321093,0.030914502281190716,0.5951812027080845,SiNEcustom_spatial_bined_dist,1.0
artificial_graph_sbmv_4_comuAndEmb_0_50_pos_0_50_8,0.5,8,SiNE_spatial,0.10012727699275303,0.6046014330497088,0.0273347217978146,0.5997732557392633,SiNE_spatial_dist,1.0
artificial_graph_sbmv_4_comuAndEmb_0_50_pos_0_50_8,0.5,8,SiNE_spatial_bined,0.11070996120374604,0.6352776533811016,0.02348732551868278,0.5569697203273339,SiNE_spatial_bined_dist,1.0
artificial_graph_sbmv_4_comuAndEmb_0_50_pos_0_50_8,0.5,8,deepwalk,0.1511621307288332,0.6617890729959695,0.029962378587484052,0.6198135943782839,deepwalk_dist,1.0
artificial_graph_sbmv_4_comuAndEmb_0_50_pos_0_50_8,0.5,8,GT_pos + SiNEcustom_spatial,0.14238709503712157,0.6851433049708913,0.05233114559372116,0.6957848691563571,GT_pos_dist,0.62070835
artificial_graph_sbmv_4_comuAndEmb_0_50_pos_0_50_8,0.5,8,GT_pos + SiNEcustom_spatial_bined,0.11711838475180081,0.6293215405284371,0.045825290924239245,0.705653318945029,GT_pos_dist,0.61508447
artificial_graph_sbmv_4_comuAndEmb_0_50_pos_0_50_8,0.5,8,GT_pos + SiNE_spatial,0.12270129247703367,0.6510076130765785,0.05245477984029551,0.7008444136123636,GT_pos_dist,0.60156935
artificial_graph_sbmv_4_comuAndEmb_0_50_pos_0_50_8,0.5,8,GT_pos + SiNE_spatial_bined,0.14935537691375622,0.6951634572324228,0.03665953712676642,0.6697607944399482,GT_pos_dist,0.6354336
artificial_graph_sbmv_4_comuAndEmb_0_50_pos_0_50_8,0.5,8,GT_pos + deepwalk,0.26089051792105966,0.7271943573667712,0.03673650776440953,0.6718954021659537,GT_pos_dist,0.592732
artificial_graph_sbmv_4_comuAndEmb_0_40_pos_0_60_8,0.3999999999999999,8,Inferred_Commu_normal,0.10836829815245355,0.6517923546035995,0.03686305254214315,0.6702145404663924,louvain_density,1.0
artificial_graph_sbmv_4_comuAndEmb_0_40_pos_0_60_8,0.3999999999999999,8,Inferred_Commu_spatial_manuel_iter,0.14620601176813536,0.6224527740591996,0.020924080687606598,0.5145004115226337,spatial_louvain_density,1.0
artificial_graph_sbmv_4_comuAndEmb_0_40_pos_0_60_8,0.3999999999999999,8,Inferred_Commu_spatial_manuel_iter_old,0.12545720849762543,0.5753507858594874,0.022666232463200684,0.5313445816186557,spatial_louvain_old_density,1.0
artificial_graph_sbmv_4_comuAndEmb_0_40_pos_0_60_8,0.3999999999999999,8,Inferred_Commu_spatial_manuel_iter_bined,0.10879459249382642,0.6088179880013882,0.02050632821388926,0.49177558299039775,spatial_louvain_bined_density,1.0
artificial_graph_sbmv_4_comuAndEmb_0_40_pos_0_60_8,0.3999999999999999,8,Inferred_Commu_spatial_manuel_iter_0_20,0.1332707013695177,0.6806361247458972,0.030080922080879348,0.6292622770919067,spatial_louvain_manualiter_0_20_density,1.0
artificial_graph_sbmv_4_comuAndEmb_0_40_pos_0_60_8,0.3999999999999999,8,Inferred_Commu_spatial_manuel_iter_0_50,0.14194536084796966,0.6282289652436909,0.024486077092081487,0.5687873799725653,spatial_louvain_manualiter_0_50_density,1.0
artificial_graph_sbmv_4_comuAndEmb_0_40_pos_0_60_8,0.3999999999999999,8,Inferred_Commu_spatial_manuel_iter_0_80,0.09579052612104147,0.5702315434577817,0.02151741276320523,0.5103378600823045,spatial_louvain_manualiter_0_80_density,1.0
artificial_graph_sbmv_4_comuAndEmb_0_40_pos_0_60_8,0.3999999999999999,8,GT_pos,0.15104243334967657,0.7099881005503494,0.06035057512413794,0.7229189300411523,GT_pos_dist,1.0
artificial_graph_sbmv_4_comuAndEmb_0_40_pos_0_60_8,0.3999999999999999,8,GT_pos + Inferred_Commu normal,0.1920799348324449,0.7093063612474589,0.062421913591129294,0.7071688614540467,GT_pos_dist,0.61589795
artificial_graph_sbmv_4_comuAndEmb_0_40_pos_0_60_8,0.3999999999999999,8,GT_pos + Inferred_Commu spatial manuel iter,0.15103810334749093,0.7531731865734543,0.056504266086080196,0.7168703703703704,GT_pos_dist,0.61066616
artificial_graph_sbmv_4_comuAndEmb_0_40_pos_0_60_8,0.3999999999999999,8,GT_pos + Inferred_Commu spatial manuel iter old,0.16520594187917662,0.7218875502008032,0.05721304608245062,0.7264935528120713,GT_pos_dist,0.6398597
artificial_graph_sbmv_4_comuAndEmb_0_40_pos_0_60_8,0.3999999999999999,8,GT_pos + Inferred_Commu spatial manuel iter bined,0.15778536015883812,0.7552927760424413,0.05235697600992106,0.7082624142661179,GT_pos_dist,0.6145267
artificial_graph_sbmv_4_comuAndEmb_0_40_pos_0_60_8,0.3999999999999999,8,GT_pos + Inferred_Commu spatial manuel iter 0_20,0.13652052806631415,0.6749962814219843,0.06292921060571811,0.721854732510288,GT_pos_dist,0.62304133
artificial_graph_sbmv_4_comuAndEmb_0_40_pos_0_60_8,0.3999999999999999,8,GT_pos + Inferred_Commu spatial manuel iter 0_50,0.16116634995905246,0.7484010114532204,0.05740935486683417,0.7319626886145404,GT_pos_dist,0.61271614
artificial_graph_sbmv_4_comuAndEmb_0_40_pos_0_60_8,0.3999999999999999,8,GT_pos + Inferred_Commu spatial manuel iter 0_80,0.1285650081310426,0.7011006990926669,0.0585246038388891,0.7101229080932785,GT_pos_dist,0.63513684
artificial_graph_sbmv_4_comuAndEmb_0_40_pos_0_60_8,0.3999999999999999,8,SiNEcustom_spatial,0.1277931654275023,0.7053150875105358,0.025480820810479712,0.5790526748971193,SiNEcustom_spatial_dist,1.0
artificial_graph_sbmv_4_comuAndEmb_0_40_pos_0_60_8,0.3999999999999999,8,SiNEcustom_spatial_bined,0.10919668857713867,0.5804452377410878,0.02707417690164083,0.5829914951989026,SiNEcustom_spatial_bined_dist,1.0
artificial_graph_sbmv_4_comuAndEmb_0_40_pos_0_60_8,0.3999999999999999,8,SiNE_spatial,0.07957150287489906,0.5293271852843473,0.023828155919432367,0.5691581618655692,SiNE_spatial_dist,1.0
artificial_graph_sbmv_4_comuAndEmb_0_40_pos_0_60_8,0.3999999999999999,8,SiNE_spatial_bined,0.10277336817618896,0.6004511874659131,0.024301134409394166,0.5808323731138546,SiNE_spatial_bined_dist,1.0
artificial_graph_sbmv_4_comuAndEmb_0_40_pos_0_60_8,0.3999999999999999,8,deepwalk,0.12112698569553271,0.5892086865982449,0.04273980796199063,0.6636705075445817,deepwalk_dist,1.0
artificial_graph_sbmv_4_comuAndEmb_0_40_pos_0_60_8,0.3999999999999999,8,GT_pos + SiNEcustom_spatial,0.17813184831645928,0.7599533938222024,0.05420539589587627,0.7051282578875171,GT_pos_dist,0.61512315
artificial_graph_sbmv_4_comuAndEmb_0_40_pos_0_60_8,0.3999999999999999,8,GT_pos + SiNEcustom_spatial_bined,0.19654084866799404,0.7286677574495511,0.055900804318364646,0.7210953360768175,GT_pos_dist,0.60031706
artificial_graph_sbmv_4_comuAndEmb_0_40_pos_0_60_8,0.3999999999999999,8,GT_pos + SiNE_spatial,0.12628765720843327,0.6607789181417025,0.050850639185750016,0.7189426611796982,GT_pos_dist,0.6207088
artificial_graph_sbmv_4_comuAndEmb_0_40_pos_0_60_8,0.3999999999999999,8,GT_pos + SiNE_spatial_bined,0.15526315962932163,0.685804948187813,0.04706022965897794,0.7142065843621399,GT_pos_dist,0.61804813
artificial_graph_sbmv_4_comuAndEmb_0_40_pos_0_60_8,0.3999999999999999,8,GT_pos + deepwalk,0.16142494598921428,0.710310377311716,0.04872592999218168,0.7107256515775036,GT_pos_dist,0.62077665
artificial_graph_sbmv_4_comuAndEmb_0_30_pos_0_70_8,0.29999999999999993,8,Inferred_Commu_normal,0.11699851619635646,0.6629032258064514,0.04797641745643608,0.7233574715661751,louvain_density,1.0
artificial_graph_sbmv_4_comuAndEmb_0_30_pos_0_70_8,0.29999999999999993,8,Inferred_Commu_spatial_manuel_iter,0.07284168273245467,0.5354349951124144,0.020924598128521252,0.5157314022747059,spatial_louvain_density,1.0
artificial_graph_sbmv_4_comuAndEmb_0_30_pos_0_70_8,0.29999999999999993,8,Inferred_Commu_spatial_manuel_iter_old,0.08477307953164476,0.5837243401759531,0.020699506370892084,0.5182270836500324,spatial_louvain_old_density,1.0
artificial_graph_sbmv_4_comuAndEmb_0_30_pos_0_70_8,0.29999999999999993,8,Inferred_Commu_spatial_manuel_iter_bined,0.12949002787490474,0.6063049853372434,0.02092517266380132,0.5266910352261577,spatial_louvain_bined_density,1.0
artificial_graph_sbmv_4_comuAndEmb_0_30_pos_0_70_8,0.29999999999999993,8,Inferred_Commu_spatial_manuel_iter_0_20,0.1245471328571863,0.6383675464320624,0.03848643682396392,0.69458783046116,spatial_louvain_manualiter_0_20_density,1.0
artificial_graph_sbmv_4_comuAndEmb_0_30_pos_0_70_8,0.29999999999999993,8,Inferred_Commu_spatial_manuel_iter_0_50,0.10286253423039744,0.6320503421309873,0.027036991244692964,0.6012226199195698,spatial_louvain_manualiter_0_50_density,1.0
artificial_graph_sbmv_4_comuAndEmb_0_30_pos_0_70_8,0.29999999999999993,8,Inferred_Commu_spatial_manuel_iter_0_80,0.0767541433688684,0.5165811339198436,0.019487425381087775,0.4709295062257293,spatial_louvain_manualiter_0_80_density,1.0
artificial_graph_sbmv_4_comuAndEmb_0_30_pos_0_70_8,0.29999999999999993,8,GT_pos,0.1848650302457877,0.7553885630498532,0.069227059622996,0.7559813988198063,GT_pos_dist,1.0
artificial_graph_sbmv_4_comuAndEmb_0_30_pos_0_70_8,0.29999999999999993,8,GT_pos + Inferred_Commu normal,0.22517750387608504,0.7662145650048875,0.06563389463416279,0.7602748718232197,GT_pos_dist,0.6483961
artificial_graph_sbmv_4_comuAndEmb_0_30_pos_0_70_8,0.29999999999999993,8,GT_pos + Inferred_Commu spatial manuel iter,0.2014051270958206,0.7615713587487781,0.06369600383687957,0.7553255206533906,GT_pos_dist,0.7246836
artificial_graph_sbmv_4_comuAndEmb_0_30_pos_0_70_8,0.29999999999999993,8,GT_pos + Inferred_Commu spatial manuel iter old,0.19305535607381502,0.7555351906158358,0.06687396100982859,0.7610555409682012,GT_pos_dist,0.696437
artificial_graph_sbmv_4_comuAndEmb_0_30_pos_0_70_8,0.29999999999999993,8,GT_pos + Inferred_Commu spatial manuel iter bined,0.22211547251383845,0.7679496578690128,0.06232463225095369,0.749646494658725,GT_pos_dist,0.71672976
artificial_graph_sbmv_4_comuAndEmb_0_30_pos_0_70_8,0.29999999999999993,8,GT_pos + Inferred_Commu spatial manuel iter 0_20,0.2057170297818945,0.7537267839687194,0.06899853711517312,0.749230939318141,GT_pos_dist,0.7129574
artificial_graph_sbmv_4_comuAndEmb_0_30_pos_0_70_8,0.29999999999999993,8,GT_pos + Inferred_Commu spatial manuel iter 0_50,0.19329850041172034,0.7496456500488758,0.0611590565619827,0.747066375533782,GT_pos_dist,0.6556744
artificial_graph_sbmv_4_comuAndEmb_0_30_pos_0_70_8,0.29999999999999993,8,GT_pos + Inferred_Commu spatial manuel iter 0_80,0.2135028427920324,0.7517228739002932,0.0654628760734524,0.7485906772985447,GT_pos_dist,0.7097326
artificial_graph_sbmv_4_comuAndEmb_0_30_pos_0_70_8,0.29999999999999993,8,SiNEcustom_spatial,0.09322369717835344,0.6147727272727272,0.026662277393469686,0.6078024073741379,SiNEcustom_spatial_dist,1.0
artificial_graph_sbmv_4_comuAndEmb_0_30_pos_0_70_8,0.29999999999999993,8,SiNEcustom_spatial_bined,0.08699340615099573,0.5837976539589442,0.024685857338559786,0.5816489545473391,SiNEcustom_spatial_bined_dist,1.0
artificial_graph_sbmv_4_comuAndEmb_0_30_pos_0_70_8,0.29999999999999993,8,SiNE_spatial,0.10369503181938276,0.6266373411534703,0.027450702031822947,0.6011836486505161,SiNE_spatial_dist,1.0
artificial_graph_sbmv_4_comuAndEmb_0_30_pos_0_70_8,0.29999999999999993,8,SiNE_spatial_bined,0.10398423353219355,0.6344208211143695,0.02838705602392889,0.6250412515028815,SiNE_spatial_bined_dist,1.0
artificial_graph_sbmv_4_comuAndEmb_0_30_pos_0_70_8,0.29999999999999993,8,deepwalk,0.13579922739536698,0.677016129032258,0.042529989142095714,0.6859250148560689,deepwalk_dist,1.0
artificial_graph_sbmv_4_comuAndEmb_0_30_pos_0_70_8,0.29999999999999993,8,GT_pos + SiNEcustom_spatial,0.17611412922062503,0.7602272727272728,0.06585842412138194,0.7689020328630063,GT_pos_dist,0.68751657
artificial_graph_sbmv_4_comuAndEmb_0_30_pos_0_70_8,0.29999999999999993,8,GT_pos + SiNEcustom_spatial_bined,0.20873345135310645,0.7771749755620723,0.06383221416811928,0.739377565263056,GT_pos_dist,0.6791986
artificial_graph_sbmv_4_comuAndEmb_0_30_pos_0_70_8,0.29999999999999993,8,GT_pos + SiNE_spatial,0.17071517436584924,0.7549486803519061,0.06064320174695119,0.7295440914304667,GT_pos_dist,0.6756369
artificial_graph_sbmv_4_comuAndEmb_0_30_pos_0_70_8,0.29999999999999993,8,GT_pos + SiNE_spatial_bined,0.15838599205064044,0.7514173998044966,0.059473269663873604,0.7540007738975414,GT_pos_dist,0.6945543
artificial_graph_sbmv_4_comuAndEmb_0_30_pos_0_70_8,0.29999999999999993,8,GT_pos + deepwalk,0.21263606822689185,0.7759530791788857,0.0569522126407792,0.7391576954436783,GT_pos_dist,0.67852694
artificial_graph_sbmv_4_comuAndEmb_0_20_pos_0_80_8,0.19999999999999996,8,Inferred_Commu_normal,0.21946563850018935,0.8181410131987579,0.051013086933840254,0.7438714247639888,louvain_density,1.0
artificial_graph_sbmv_4_comuAndEmb_0_20_pos_0_80_8,0.19999999999999996,8,Inferred_Commu_spatial_manuel_iter,0.11125263462127803,0.6423233695652174,0.022893468844787223,0.5483982101025405,spatial_louvain_density,1.0
artificial_graph_sbmv_4_comuAndEmb_0_20_pos_0_80_8,0.19999999999999996,8,Inferred_Commu_spatial_manuel_iter_old,0.0750848657399758,0.5240561917701863,0.01882581281827243,0.4853445833157991,spatial_louvain_old_density,1.0
artificial_graph_sbmv_4_comuAndEmb_0_20_pos_0_80_8,0.19999999999999996,8,Inferred_Commu_spatial_manuel_iter_bined,0.0719113365369646,0.4936675077639751,0.021816956519091924,0.5188699518859853,spatial_louvain_bined_density,1.0
artificial_graph_sbmv_4_comuAndEmb_0_20_pos_0_80_8,0.19999999999999996,8,Inferred_Commu_spatial_manuel_iter_0_20,0.16367023171942863,0.7650669642857142,0.047720183403492246,0.7332801694511075,spatial_louvain_manualiter_0_20_density,1.0
artificial_graph_sbmv_4_comuAndEmb_0_20_pos_0_80_8,0.19999999999999996,8,Inferred_Commu_spatial_manuel_iter_0_50,0.1479087065920881,0.7334045031055901,0.03680749593292973,0.6796641838151749,spatial_louvain_manualiter_0_50_density,1.0
artificial_graph_sbmv_4_comuAndEmb_0_20_pos_0_80_8,0.19999999999999996,8,Inferred_Commu_spatial_manuel_iter_0_80,0.08927204798391955,0.594623447204969,0.02289056827443451,0.5598427527388516,spatial_louvain_manualiter_0_80_density,1.0
artificial_graph_sbmv_4_comuAndEmb_0_20_pos_0_80_8,0.19999999999999996,8,GT_pos,0.3234018857835199,0.8365076669254659,0.10337936816012418,0.7997302529141945,GT_pos_dist,1.0
artificial_graph_sbmv_4_comuAndEmb_0_20_pos_0_80_8,0.19999999999999996,8,GT_pos + Inferred_Commu normal,0.32462946130660864,0.8234544836956521,0.10645747004128171,0.7924065423838179,GT_pos_dist,0.7368308
artificial_graph_sbmv_4_comuAndEmb_0_20_pos_0_80_8,0.19999999999999996,8,GT_pos + Inferred_Commu spatial manuel iter,0.2967323885688878,0.83201911878882,0.09541712611653164,0.7816570578911193,GT_pos_dist,0.7232809
artificial_graph_sbmv_4_comuAndEmb_0_20_pos_0_80_8,0.19999999999999996,8,GT_pos + Inferred_Commu spatial manuel iter old,0.27763073298504526,0.835464382763975,0.08940843587506794,0.7803064988988483,GT_pos_dist,0.7348422
artificial_graph_sbmv_4_comuAndEmb_0_20_pos_0_80_8,0.19999999999999996,8,GT_pos + Inferred_Commu spatial manuel iter bined,0.3037987948084624,0.8342391304347826,0.08780987105718992,0.7833312292218996,GT_pos_dist,0.71043396
artificial_graph_sbmv_4_comuAndEmb_0_20_pos_0_80_8,0.19999999999999996,8,GT_pos + Inferred_Commu spatial manuel iter 0_20,0.3128279104498631,0.8232725155279503,0.08266537424823114,0.7785410091318435,GT_pos_dist,0.67632294
artificial_graph_sbmv_4_comuAndEmb_0_20_pos_0_80_8,0.19999999999999996,8,GT_pos + Inferred_Commu spatial manuel iter 0_50,0.2991598911299777,0.828222049689441,0.1030216271195968,0.790141536562443,GT_pos_dist,0.7342122
artificial_graph_sbmv_4_comuAndEmb_0_20_pos_0_80_8,0.19999999999999996,8,GT_pos + Inferred_Commu spatial manuel iter 0_80,0.2887257497323807,0.8401106366459626,0.0913688880093561,0.7955217494985201,GT_pos_dist,0.72691405
artificial_graph_sbmv_4_comuAndEmb_0_20_pos_0_80_8,0.19999999999999996,8,SiNEcustom_spatial,0.13892773845227274,0.6453683035714286,0.03498136459881501,0.6491716814655838,SiNEcustom_spatial_dist,1.0
artificial_graph_sbmv_4_comuAndEmb_0_20_pos_0_80_8,0.19999999999999996,8,SiNEcustom_spatial_bined,0.1551631259888271,0.6798330745341616,0.025634120426330863,0.590496570298363,SiNEcustom_spatial_bined_dist,1.0
artificial_graph_sbmv_4_comuAndEmb_0_20_pos_0_80_8,0.19999999999999996,8,SiNE_spatial,0.1171088572313196,0.6774189635093167,0.03315565845194908,0.6255743522843635,SiNE_spatial_dist,1.0
artificial_graph_sbmv_4_comuAndEmb_0_20_pos_0_80_8,0.19999999999999996,8,SiNE_spatial_bined,0.13148338429553094,0.7105007763975155,0.032790012361073526,0.6351822861872098,SiNE_spatial_bined_dist,1.0
artificial_graph_sbmv_4_comuAndEmb_0_20_pos_0_80_8,0.19999999999999996,8,deepwalk,0.16911175148394422,0.6854619565217391,0.052530216405889424,0.7294962757227623,deepwalk_dist,1.0
artificial_graph_sbmv_4_comuAndEmb_0_20_pos_0_80_8,0.19999999999999996,8,GT_pos + SiNEcustom_spatial,0.2686421623648966,0.8068589868012421,0.08442823493286446,0.7789145590483805,GT_pos_dist,0.7158671
artificial_graph_sbmv_4_comuAndEmb_0_20_pos_0_80_8,0.19999999999999996,8,GT_pos + SiNEcustom_spatial_bined,0.35690598485783354,0.8392735830745341,0.08606471099800535,0.7767091697176282,GT_pos_dist,0.7178817
artificial_graph_sbmv_4_comuAndEmb_0_20_pos_0_80_8,0.19999999999999996,8,GT_pos + SiNE_spatial,0.2946346493953009,0.82423088121118,0.07828198165471241,0.7758474659484633,GT_pos_dist,0.7142791
artificial_graph_sbmv_4_comuAndEmb_0_20_pos_0_80_8,0.19999999999999996,8,GT_pos + SiNE_spatial_bined,0.36634622548290113,0.8570336762422359,0.08196541390284988,0.7745873837478432,GT_pos_dist,0.7164825
artificial_graph_sbmv_4_comuAndEmb_0_20_pos_0_80_8,0.19999999999999996,8,GT_pos + deepwalk,0.27785275418796784,0.8022006017080745,0.08834647201569228,0.7718725189019344,GT_pos_dist,0.70038337
artificial_graph_sbmv_4_comuAndEmb_0_10_pos_0_90_8,0.09999999999999998,8,Inferred_Commu_normal,0.20028975694524465,0.8200889200889201,0.061837829386927494,0.781788392857143,louvain_density,1.0
artificial_graph_sbmv_4_comuAndEmb_0_10_pos_0_90_8,0.09999999999999998,8,Inferred_Commu_spatial_manuel_iter,0.0926428129272085,0.5420381420381419,0.025346129836750338,0.5712695153061225,spatial_louvain_density,1.0
artificial_graph_sbmv_4_comuAndEmb_0_10_pos_0_90_8,0.09999999999999998,8,Inferred_Commu_spatial_manuel_iter_old,0.07540595004794874,0.5582426582426582,0.022044434444077433,0.5385318877551021,spatial_louvain_old_density,1.0
artificial_graph_sbmv_4_comuAndEmb_0_10_pos_0_90_8,0.09999999999999998,8,Inferred_Commu_spatial_manuel_iter_bined,0.08900752232162079,0.5434889434889434,0.020028983674106913,0.5173232142857144,spatial_louvain_bined_density,1.0
artificial_graph_sbmv_4_comuAndEmb_0_10_pos_0_90_8,0.09999999999999998,8,Inferred_Commu_spatial_manuel_iter_0_20,0.1994667881423624,0.8276705276705276,0.06003708689715366,0.7777019132653061,spatial_louvain_manualiter_0_20_density,1.0
artificial_graph_sbmv_4_comuAndEmb_0_10_pos_0_90_8,0.09999999999999998,8,Inferred_Commu_spatial_manuel_iter_0_50,0.1157450390951568,0.6648063648063647,0.047677175281054876,0.7606804846938775,spatial_louvain_manualiter_0_50_density,1.0
artificial_graph_sbmv_4_comuAndEmb_0_10_pos_0_90_8,0.09999999999999998,8,Inferred_Commu_spatial_manuel_iter_0_80,0.08513238118418973,0.5837603837603837,0.02706079202098643,0.5830145408163265,spatial_louvain_manualiter_0_80_density,1.0
artificial_graph_sbmv_4_comuAndEmb_0_10_pos_0_90_8,0.09999999999999998,8,GT_pos,0.3062766988318374,0.8494559494559495,0.1310721389944236,0.8576622448979593,GT_pos_dist,1.0
artificial_graph_sbmv_4_comuAndEmb_0_10_pos_0_90_8,0.09999999999999998,8,GT_pos + Inferred_Commu normal,0.2575306910884237,0.8475839475839475,0.132971760245115,0.8607591836734694,GT_pos_dist,0.7713911
artificial_graph_sbmv_4_comuAndEmb_0_10_pos_0_90_8,0.09999999999999998,8,GT_pos + Inferred_Commu spatial manuel iter,0.27885703151293634,0.8406692406692406,0.09805552410471412,0.8305841836734693,GT_pos_dist,0.79849446
artificial_graph_sbmv_4_comuAndEmb_0_10_pos_0_90_8,0.09999999999999998,8,GT_pos + Inferred_Commu spatial manuel iter old,0.285838825087727,0.8254007254007254,0.11894215828644496,0.841719642857143,GT_pos_dist,0.75144875
artificial_graph_sbmv_4_comuAndEmb_0_10_pos_0_90_8,0.09999999999999998,8,GT_pos + Inferred_Commu spatial manuel iter bined,0.3309017747109027,0.8604305604305603,0.10136946946485242,0.8413951530612245,GT_pos_dist,0.788458
artificial_graph_sbmv_4_comuAndEmb_0_10_pos_0_90_8,0.09999999999999998,8,GT_pos + Inferred_Commu spatial manuel iter 0_20,0.24469052825262042,0.8373815373815374,0.13213581975965993,0.8560225765306122,GT_pos_dist,0.7807636
artificial_graph_sbmv_4_comuAndEmb_0_10_pos_0_90_8,0.09999999999999998,8,GT_pos + Inferred_Commu spatial manuel iter 0_50,0.29235768342778934,0.8227799227799227,0.1068031419743301,0.8336048469387755,GT_pos_dist,0.73887175
artificial_graph_sbmv_4_comuAndEmb_0_10_pos_0_90_8,0.09999999999999998,8,GT_pos + Inferred_Commu spatial manuel iter 0_80,0.2872481975432971,0.8396396396396396,0.11902886538601073,0.8391073979591837,GT_pos_dist,0.758873
artificial_graph_sbmv_4_comuAndEmb_0_10_pos_0_90_8,0.09999999999999998,8,SiNEcustom_spatial,0.10193621019610821,0.6417573417573417,0.042028991240118406,0.6862100765306122,SiNEcustom_spatial_dist,1.0
artificial_graph_sbmv_4_comuAndEmb_0_10_pos_0_90_8,0.09999999999999998,8,SiNEcustom_spatial_bined,0.10556707013476667,0.6285363285363286,0.03169354117276045,0.6441517857142858,SiNEcustom_spatial_bined_dist,1.0
artificial_graph_sbmv_4_comuAndEmb_0_10_pos_0_90_8,0.09999999999999998,8,SiNE_spatial,0.12479435628676303,0.6764829764829765,0.04121066006448882,0.7179820153061223,SiNE_spatial_dist,1.0
artificial_graph_sbmv_4_comuAndEmb_0_10_pos_0_90_8,0.09999999999999998,8,SiNE_spatial_bined,0.15440579052954487,0.7352989352989352,0.03912423567221211,0.6941184948979591,SiNE_spatial_bined_dist,1.0
artificial_graph_sbmv_4_comuAndEmb_0_10_pos_0_90_8,0.09999999999999998,8,deepwalk,0.1494928060146598,0.7011583011583011,0.07521639257137354,0.7683979591836735,deepwalk_dist,1.0
artificial_graph_sbmv_4_comuAndEmb_0_10_pos_0_90_8,0.09999999999999998,8,GT_pos + SiNEcustom_spatial,0.2807452998572442,0.8475605475605476,0.11977183723570027,0.8543079081632654,GT_pos_dist,0.76736057
artificial_graph_sbmv_4_comuAndEmb_0_10_pos_0_90_8,0.09999999999999998,8,GT_pos + SiNEcustom_spatial_bined,0.38155089582976587,0.8516672516672517,0.10941592434073706,0.8418229591836734,GT_pos_dist,0.76082325
artificial_graph_sbmv_4_comuAndEmb_0_10_pos_0_90_8,0.09999999999999998,8,GT_pos + SiNE_spatial,0.22451878303606895,0.824043524043524,0.10675165524400224,0.8598205357142856,GT_pos_dist,0.77097034
artificial_graph_sbmv_4_comuAndEmb_0_10_pos_0_90_8,0.09999999999999998,8,GT_pos + SiNE_spatial_bined,0.34654679720410037,0.8501111501111501,0.11928565716261583,0.8361264030612245,GT_pos_dist,0.7789365
artificial_graph_sbmv_4_comuAndEmb_0_10_pos_0_90_8,0.09999999999999998,8,GT_pos + deepwalk,0.29034431620179435,0.8416286416286416,0.1327316600262913,0.8566021683673468,GT_pos_dist,0.7742286
artificial_graph_sbmv_4_comuAndEmb_0_00_pos_1_00_8,0.0,8,Inferred_Commu_normal,0.22802342141075121,0.8429471203951244,0.06966978162284015,0.7836869880277253,louvain_density,1.0
artificial_graph_sbmv_4_comuAndEmb_0_00_pos_1_00_8,0.0,8,Inferred_Commu_spatial_manuel_iter,0.09316995230796374,0.5799084688930173,0.022887848674909197,0.5488504253308129,spatial_louvain_density,1.0
artificial_graph_sbmv_4_comuAndEmb_0_00_pos_1_00_8,0.0,8,Inferred_Commu_spatial_manuel_iter_old,0.09119461376374,0.5861842403371245,0.024405282016960947,0.5682675645872716,spatial_louvain_old_density,1.0
artificial_graph_sbmv_4_comuAndEmb_0_00_pos_1_00_8,0.0,8,Inferred_Commu_spatial_manuel_iter_bined,0.13199591432158259,0.6048303049526486,0.02366706820982912,0.5735727788279773,spatial_louvain_bined_density,1.0
artificial_graph_sbmv_4_comuAndEmb_0_00_pos_1_00_8,0.0,8,Inferred_Commu_spatial_manuel_iter_0_20,0.31838866298086405,0.8733404322805746,0.07242070036520085,0.8398101764335224,spatial_louvain_manualiter_0_20_density,1.0
artificial_graph_sbmv_4_comuAndEmb_0_00_pos_1_00_8,0.0,8,Inferred_Commu_spatial_manuel_iter_0_50,0.24587356926737836,0.8328424486836739,0.06891817898968834,0.8111812119302668,spatial_louvain_manualiter_0_50_density,1.0
artificial_graph_sbmv_4_comuAndEmb_0_00_pos_1_00_8,0.0,8,Inferred_Commu_spatial_manuel_iter_0_80,0.14241487944193285,0.6510489827359645,0.031740893136720676,0.6326388888888889,spatial_louvain_manualiter_0_80_density,1.0
artificial_graph_sbmv_4_comuAndEmb_0_00_pos_1_00_8,0.0,8,GT_pos,0.4547086574044815,0.9310231546513209,0.1537492706988539,0.9106952320940978,GT_pos_dist,1.0
artificial_graph_sbmv_4_comuAndEmb_0_00_pos_1_00_8,0.0,8,GT_pos + Inferred_Commu normal,0.48678801986358655,0.9271942543839775,0.14449797865198205,0.9032313327032137,GT_pos_dist,0.83270437
artificial_graph_sbmv_4_comuAndEmb_0_00_pos_1_00_8,0.0,8,GT_pos + Inferred_Commu spatial manuel iter,0.3987334128291866,0.919049345235398,0.15591373146990575,0.9028625813904642,GT_pos_dist,0.81855863
artificial_graph_sbmv_4_comuAndEmb_0_00_pos_1_00_8,0.0,8,GT_pos + Inferred_Commu spatial manuel iter old,0.452438437406277,0.9111309982328153,0.15008364190126203,0.8989378544423441,GT_pos_dist,0.78720963
artificial_graph_sbmv_4_comuAndEmb_0_00_pos_1_00_8,0.0,8,GT_pos + Inferred_Commu spatial manuel iter bined,0.4897253709401541,0.935407132176356,0.14950469760381158,0.9005629069523209,GT_pos_dist,0.78596026
artificial_graph_sbmv_4_comuAndEmb_0_00_pos_1_00_8,0.0,8,GT_pos + Inferred_Commu spatial manuel iter 0_20,0.46772724891128203,0.9259481625809959,0.15387111512630045,0.8885990338164251,GT_pos_dist,0.8054698
artificial_graph_sbmv_4_comuAndEmb_0_00_pos_1_00_8,0.0,8,GT_pos + Inferred_Commu spatial manuel iter 0_50,0.4819679683546172,0.925608319362001,0.1424430212372618,0.9025087954211299,GT_pos_dist,0.80087537
artificial_graph_sbmv_4_comuAndEmb_0_00_pos_1_00_8,0.0,8,GT_pos + Inferred_Commu spatial manuel iter 0_80,0.44905344600382413,0.9241583216276223,0.1298369257118171,0.8967782503675699,GT_pos_dist,0.78087467
artificial_graph_sbmv_4_comuAndEmb_0_00_pos_1_00_8,0.0,8,SiNEcustom_spatial,0.21220068159322644,0.748244143368526,0.05014872528640495,0.744988972904852,SiNEcustom_spatial_dist,1.0
artificial_graph_sbmv_4_comuAndEmb_0_00_pos_1_00_8,0.0,8,SiNEcustom_spatial_bined,0.15428126166429096,0.7014137477910191,0.051198071407734656,0.7335517748372191,SiNEcustom_spatial_bined_dist,1.0
artificial_graph_sbmv_4_comuAndEmb_0_00_pos_1_00_8,0.0,8,SiNE_spatial,0.14603990922007629,0.7322035434319634,0.05350764885127242,0.7700404326822096,SiNE_spatial_dist,1.0
artificial_graph_sbmv_4_comuAndEmb_0_00_pos_1_00_8,0.0,8,SiNE_spatial_bined,0.1623581757838623,0.7250441796184693,0.059115837094896394,0.7850792900651123,SiNE_spatial_bined_dist,1.0
artificial_graph_sbmv_4_comuAndEmb_0_00_pos_1_00_8,0.0,8,deepwalk,0.21966767930855777,0.7911550138202909,0.08167528783684477,0.8376165721487083,deepwalk_dist,1.0
artificial_graph_sbmv_4_comuAndEmb_0_00_pos_1_00_8,0.0,8,GT_pos + SiNEcustom_spatial,0.4427053323732338,0.9167270832389325,0.1271636163620942,0.8937905639571518,GT_pos_dist,0.7762497
artificial_graph_sbmv_4_comuAndEmb_0_00_pos_1_00_8,0.0,8,GT_pos + SiNEcustom_spatial_bined,0.41805212451439694,0.9137364629117768,0.12453727670691088,0.8930164356227682,GT_pos_dist,0.7737444
artificial_graph_sbmv_4_comuAndEmb_0_00_pos_1_00_8,0.0,8,GT_pos + SiNE_spatial,0.47242842073097796,0.9220399655625539,0.1469792564164586,0.9020132325141776,GT_pos_dist,0.7772031
artificial_graph_sbmv_4_comuAndEmb_0_00_pos_1_00_8,0.0,8,GT_pos + SiNE_spatial_bined,0.45462972418937464,0.9118333408854049,0.15064470346395348,0.901923309178744,GT_pos_dist,0.7631903
artificial_graph_sbmv_4_comuAndEmb_0_00_pos_1_00_8,0.0,8,GT_pos + deepwalk,0.4626511238105611,0.9116294349540079,0.13531879531324725,0.8945343677798782,GT_pos_dist,0.7796357
artificial_graph_sbmv_4_comuAndEmb_1_00_pos_0_00_9,1.0,9,Inferred_Commu_normal,0.1912031662427641,0.7736689841817928,0.046930948856469965,0.7478283025172644,louvain_density,1.0
artificial_graph_sbmv_4_comuAndEmb_1_00_pos_0_00_9,1.0,9,Inferred_Commu_spatial_manuel_iter,0.2374505999672768,0.8213802435723951,0.06127236573369249,0.7755333871686345,spatial_louvain_density,1.0
artificial_graph_sbmv_4_comuAndEmb_1_00_pos_0_00_9,1.0,9,Inferred_Commu_spatial_manuel_iter_old,0.2359661998663176,0.7696561056413606,0.06385778922191904,0.7936739808420583,spatial_louvain_old_density,1.0
artificial_graph_sbmv_4_comuAndEmb_1_00_pos_0_00_9,1.0,9,Inferred_Commu_spatial_manuel_iter_bined,0.22807520685687704,0.8204120199710699,0.057388163804029,0.7811358320338606,spatial_louvain_bined_density,1.0
artificial_graph_sbmv_4_comuAndEmb_1_00_pos_0_00_9,1.0,9,Inferred_Commu_spatial_manuel_iter_0_20,0.2599712306853266,0.8221501563156175,0.05701555998643465,0.785600356426821,spatial_louvain_manualiter_0_20_density,1.0
artificial_graph_sbmv_4_comuAndEmb_1_00_pos_0_00_9,1.0,9,Inferred_Commu_spatial_manuel_iter_0_50,0.19527868527057046,0.7847977229247352,0.05283591816456839,0.7611562987302294,spatial_louvain_manualiter_0_50_density,1.0
artificial_graph_sbmv_4_comuAndEmb_1_00_pos_0_00_9,1.0,9,Inferred_Commu_spatial_manuel_iter_0_80,0.185492727162123,0.7885539638840932,0.055930884138372175,0.7080747382490533,spatial_louvain_manualiter_0_80_density,1.0
artificial_graph_sbmv_4_comuAndEmb_1_00_pos_0_00_9,1.0,9,GT_pos,0.08680046874426237,0.566235826606318,0.022962868918781684,0.5382550400980173,GT_pos_dist,1.0
artificial_graph_sbmv_4_comuAndEmb_1_00_pos_0_00_9,1.0,9,GT_pos + Inferred_Commu normal,0.1956318397863762,0.7871424571881853,0.05370250067791853,0.7260802795722878,louvain_density,0.8360506
artificial_graph_sbmv_4_comuAndEmb_1_00_pos_0_00_9,1.0,9,GT_pos + Inferred_Commu spatial manuel iter,0.24082351570242058,0.7920185712285941,0.062028140069903565,0.7284332535085766,spatial_louvain_density,0.8107474
artificial_graph_sbmv_4_comuAndEmb_1_00_pos_0_00_9,1.0,9,GT_pos + Inferred_Commu spatial manuel iter old,0.2094583256755639,0.769002846344081,0.0592074331003172,0.7597812708843841,spatial_louvain_old_density,0.8089468
artificial_graph_sbmv_4_comuAndEmb_1_00_pos_0_00_9,1.0,9,GT_pos + Inferred_Commu spatial manuel iter bined,0.21451093191926576,0.8101348513835098,0.055910600008802366,0.7619620182668746,spatial_louvain_bined_density,0.81634825
artificial_graph_sbmv_4_comuAndEmb_1_00_pos_0_00_9,1.0,9,GT_pos + Inferred_Commu spatial manuel iter 0_20,0.25496220579360884,0.819245485511642,0.06462688154430693,0.7588540042325685,spatial_louvain_manualiter_0_20_density,0.7828697
artificial_graph_sbmv_4_comuAndEmb_1_00_pos_0_00_9,1.0,9,GT_pos + Inferred_Commu spatial manuel iter 0_50,0.20559261750910385,0.7936750501609817,0.051461707071530124,0.7294578413900646,spatial_louvain_manualiter_0_50_density,0.81353384
artificial_graph_sbmv_4_comuAndEmb_1_00_pos_0_00_9,1.0,9,GT_pos + Inferred_Commu spatial manuel iter 0_80,0.19446384393477098,0.7878657085530307,0.05629583924874994,0.6984203051904655,spatial_louvain_manualiter_0_80_density,0.81043214
artificial_graph_sbmv_4_comuAndEmb_1_00_pos_0_00_9,1.0,9,SiNEcustom_spatial,0.3267309611681036,0.8089333208902991,0.09129046142141017,0.8352862552907105,SiNEcustom_spatial_dist,1.0
artificial_graph_sbmv_4_comuAndEmb_1_00_pos_0_00_9,1.0,9,SiNEcustom_spatial_bined,0.3507164256143571,0.818195604498157,0.09152077577116138,0.8279544441969258,SiNEcustom_spatial_bined_dist,1.0
artificial_graph_sbmv_4_comuAndEmb_1_00_pos_0_00_9,1.0,9,SiNE_spatial,0.21552407668950396,0.7452755354393169,0.05902234978940747,0.7705913065270661,SiNE_spatial_dist,1.0
artificial_graph_sbmv_4_comuAndEmb_1_00_pos_0_00_9,1.0,9,SiNE_spatial_bined,0.19043496999217596,0.731498763473473,0.06667897487156581,0.8029597349075519,SiNE_spatial_bined_dist,1.0
artificial_graph_sbmv_4_comuAndEmb_1_00_pos_0_00_9,1.0,9,deepwalk,0.3011850569298229,0.7871191264989967,0.12287165154391311,0.8142037480507909,deepwalk_dist,1.0
artificial_graph_sbmv_4_comuAndEmb_1_00_pos_0_00_9,1.0,9,GT_pos + SiNEcustom_spatial,0.3414538969309267,0.8080234240119453,0.0899844621463088,0.8244334762753397,SiNEcustom_spatial_dist,0.7218239
artificial_graph_sbmv_4_comuAndEmb_1_00_pos_0_00_9,1.0,9,GT_pos + SiNEcustom_spatial_bined,0.3168039986342966,0.8066119173160375,0.08860042506837548,0.8114478447315661,SiNEcustom_spatial_bined_dist,0.7054383
artificial_graph_sbmv_4_comuAndEmb_1_00_pos_0_00_9,1.0,9,GT_pos + SiNE_spatial,0.23812163529887595,0.7490901031216463,0.0554915471931279,0.7551876809979952,SiNE_spatial_dist,0.66411084
artificial_graph_sbmv_4_comuAndEmb_1_00_pos_0_00_9,1.0,9,GT_pos + SiNE_spatial_bined,0.18948048842979104,0.7379030376557324,0.06672285423920447,0.785226943640009,SiNE_spatial_bined_dist,0.6641767
artificial_graph_sbmv_4_comuAndEmb_1_00_pos_0_00_9,1.0,9,GT_pos + deepwalk,0.2601105323671663,0.7593789370538004,0.10122817470749944,0.7978962463800401,deepwalk_dist,0.6905923
artificial_graph_sbmv_4_comuAndEmb_0_90_pos_0_10_9,0.9,9,Inferred_Commu_normal,0.15879378168763278,0.7654515383569713,0.04814667307300724,0.7578181818181817,louvain_density,1.0
artificial_graph_sbmv_4_comuAndEmb_0_90_pos_0_10_9,0.9,9,Inferred_Commu_spatial_manuel_iter,0.2071535695061485,0.7999682812995604,0.05350553927370888,0.7537880330578512,spatial_louvain_density,1.0
artificial_graph_sbmv_4_comuAndEmb_0_90_pos_0_10_9,0.9,9,Inferred_Commu_spatial_manuel_iter_old,0.15056121727740018,0.7707757487878925,0.0506775127444472,0.7520083305785122,spatial_louvain_old_density,1.0
artificial_graph_sbmv_4_comuAndEmb_0_90_pos_0_10_9,0.9,9,Inferred_Commu_spatial_manuel_iter_bined,0.20412913634853108,0.7954257102723277,0.06494092393456313,0.795609520661157,spatial_louvain_bined_density,1.0
artificial_graph_sbmv_4_comuAndEmb_0_90_pos_0_10_9,0.9,9,Inferred_Commu_spatial_manuel_iter_0_20,0.2086758481774894,0.8074901445466491,0.06715629710559812,0.7862610247933886,spatial_louvain_manualiter_0_20_density,1.0
artificial_graph_sbmv_4_comuAndEmb_0_90_pos_0_10_9,0.9,9,Inferred_Commu_spatial_manuel_iter_0_50,0.20187156912367285,0.788039784312837,0.05508128526203634,0.7653479669421488,spatial_louvain_manualiter_0_50_density,1.0
artificial_graph_sbmv_4_comuAndEmb_0_90_pos_0_10_9,0.9,9,Inferred_Commu_spatial_manuel_iter_0_80,0.2534461522604069,0.7986315646381803,0.055050342446438603,0.7677434710743803,spatial_louvain_manualiter_0_80_density,1.0
artificial_graph_sbmv_4_comuAndEmb_0_90_pos_0_10_9,0.9,9,GT_pos,0.0675463490500626,0.47471566450677416,0.021864483337836305,0.5308091239669421,GT_pos_dist,1.0
artificial_graph_sbmv_4_comuAndEmb_0_90_pos_0_10_9,0.9,9,GT_pos + Inferred_Commu normal,0.15429644202449583,0.7331551044451493,0.0457522249211399,0.7300169256198347,louvain_density,0.8072232
artificial_graph_sbmv_4_comuAndEmb_0_90_pos_0_10_9,0.9,9,GT_pos + Inferred_Commu spatial manuel iter,0.17227324200056954,0.7313312791698763,0.05429039073589777,0.7450495206611569,spatial_louvain_density,0.7618803
artificial_graph_sbmv_4_comuAndEmb_0_90_pos_0_10_9,0.9,9,GT_pos + Inferred_Commu spatial manuel iter old,0.1525464287375301,0.7559246001178123,0.04878640775270697,0.7556661157024794,spatial_louvain_old_density,0.800383
artificial_graph_sbmv_4_comuAndEmb_0_90_pos_0_10_9,0.9,9,GT_pos + Inferred_Commu spatial manuel iter bined,0.15991205980148906,0.7438035253069917,0.053916914003404,0.7610591735537189,spatial_louvain_bined_density,0.7821745
artificial_graph_sbmv_4_comuAndEmb_0_90_pos_0_10_9,0.9,9,GT_pos + Inferred_Commu spatial manuel iter 0_20,0.16603309212897063,0.7477457066473334,0.052545032514997335,0.7578418512396693,spatial_louvain_manualiter_0_20_density,0.7801242
artificial_graph_sbmv_4_comuAndEmb_0_90_pos_0_10_9,0.9,9,GT_pos + Inferred_Commu spatial manuel iter 0_50,0.1730807355211028,0.7455253976165663,0.05441452439662018,0.7495562314049586,spatial_louvain_manualiter_0_50_density,0.7805703
artificial_graph_sbmv_4_comuAndEmb_0_90_pos_0_10_9,0.9,9,GT_pos + Inferred_Commu spatial manuel iter 0_80,0.225451486967491,0.7463183651275546,0.042998285210433224,0.7147173553719008,spatial_louvain_manualiter_0_80_density,0.79055446
artificial_graph_sbmv_4_comuAndEmb_0_90_pos_0_10_9,0.9,9,SiNEcustom_spatial,0.3226028481095211,0.8049073360822874,0.09445669619822508,0.7998677685950412,SiNEcustom_spatial_dist,1.0
artificial_graph_sbmv_4_comuAndEmb_0_90_pos_0_10_9,0.9,9,SiNEcustom_spatial_bined,0.28011685714374973,0.7824210430921201,0.08801156993440788,0.7946645950413223,SiNEcustom_spatial_bined_dist,1.0
artificial_graph_sbmv_4_comuAndEmb_0_90_pos_0_10_9,0.9,9,SiNE_spatial,0.18321272587157816,0.7348316643255245,0.041341986703135505,0.7002247933884297,SiNE_spatial_dist,1.0
artificial_graph_sbmv_4_comuAndEmb_0_90_pos_0_10_9,0.9,9,SiNE_spatial_bined,0.12306249485394696,0.6878200190312203,0.05194892141251121,0.7147029421487604,SiNE_spatial_bined_dist,1.0
artificial_graph_sbmv_4_comuAndEmb_0_90_pos_0_10_9,0.9,9,deepwalk,0.2446911036988513,0.7725429335266665,0.10754586989108497,0.7594102479338843,deepwalk_dist,1.0
artificial_graph_sbmv_4_comuAndEmb_0_90_pos_0_10_9,0.9,9,GT_pos + SiNEcustom_spatial,0.2638488668597224,0.7510535139788843,0.0780933730887915,0.7802187107438017,SiNEcustom_spatial_dist,0.6838745
artificial_graph_sbmv_4_comuAndEmb_0_90_pos_0_10_9,0.9,9,GT_pos + SiNEcustom_spatial_bined,0.23749761251471177,0.784120259187095,0.0802329036179635,0.7689658181818182,SiNEcustom_spatial_bined_dist,0.69382894
artificial_graph_sbmv_4_comuAndEmb_0_90_pos_0_10_9,0.9,9,GT_pos + SiNE_spatial,0.19678605965984378,0.6772508949204766,0.039520972710525654,0.6871106115702479,SiNE_spatial_dist,0.6281073
artificial_graph_sbmv_4_comuAndEmb_0_90_pos_0_10_9,0.9,9,GT_pos + SiNE_spatial_bined,0.16633075317615253,0.6490778920657937,0.04262472836303795,0.7037231074380166,SiNE_spatial_bined_dist,0.62504905
artificial_graph_sbmv_4_comuAndEmb_0_90_pos_0_10_9,0.9,9,GT_pos + deepwalk,0.2621735078369399,0.7669468485205493,0.09293808326610474,0.7490536198347107,deepwalk_dist,0.6698078
artificial_graph_sbmv_4_comuAndEmb_0_80_pos_0_20_9,0.8,9,Inferred_Commu_normal,0.13844685135885293,0.7108288770053477,0.04016311449465522,0.7138297408804346,louvain_density,1.0
artificial_graph_sbmv_4_comuAndEmb_0_80_pos_0_20_9,0.8,9,Inferred_Commu_spatial_manuel_iter,0.13710472501609258,0.704776373359261,0.04549341863543546,0.7368197600795195,spatial_louvain_density,1.0
artificial_graph_sbmv_4_comuAndEmb_0_80_pos_0_20_9,0.8,9,Inferred_Commu_spatial_manuel_iter_old,0.13077320778851198,0.7065264948954788,0.04987515679843011,0.762390762653014,spatial_louvain_old_density,1.0
artificial_graph_sbmv_4_comuAndEmb_0_80_pos_0_20_9,0.8,9,Inferred_Commu_spatial_manuel_iter_bined,0.1207829651941755,0.6917719980554206,0.04542251980464017,0.7293947522501056,spatial_louvain_bined_density,1.0
artificial_graph_sbmv_4_comuAndEmb_0_80_pos_0_20_9,0.8,9,Inferred_Commu_spatial_manuel_iter_0_20,0.1300732139581117,0.710342732134176,0.0464867189195616,0.724735638131289,spatial_louvain_manualiter_0_20_density,1.0
artificial_graph_sbmv_4_comuAndEmb_0_80_pos_0_20_9,0.8,9,Inferred_Commu_spatial_manuel_iter_0_50,0.13896773411895788,0.7197131745260087,0.05026621073681253,0.7206546751814382,spatial_louvain_manualiter_0_50_density,1.0
artificial_graph_sbmv_4_comuAndEmb_0_80_pos_0_20_9,0.8,9,Inferred_Commu_spatial_manuel_iter_0_80,0.12726631019680568,0.6971682061254254,0.04911094228292849,0.7537314306722404,spatial_louvain_manualiter_0_80_density,1.0
artificial_graph_sbmv_4_comuAndEmb_0_80_pos_0_20_9,0.8,9,GT_pos,0.08162107193908408,0.5157754010695187,0.026826489797793923,0.5581792186925559,GT_pos_dist,1.0
artificial_graph_sbmv_4_comuAndEmb_0_80_pos_0_20_9,0.8,9,GT_pos + Inferred_Commu normal,0.12409589247611857,0.6927442877977636,0.04258875947485608,0.7244373034136246,louvain_density,0.7225068
artificial_graph_sbmv_4_comuAndEmb_0_80_pos_0_20_9,0.8,9,GT_pos + Inferred_Commu spatial manuel iter,0.12768146088502902,0.6574015556635877,0.048034173538852074,0.675399572445909,spatial_louvain_density,0.66649014
artificial_graph_sbmv_4_comuAndEmb_0_80_pos_0_20_9,0.8,9,GT_pos + Inferred_Commu spatial manuel iter old,0.13425430525089263,0.687275157997083,0.04696279231535611,0.735459620647867,spatial_louvain_old_density,0.7219605
artificial_graph_sbmv_4_comuAndEmb_0_80_pos_0_20_9,0.8,9,GT_pos + Inferred_Commu spatial manuel iter bined,0.12867559418105426,0.6744287797763733,0.051481233010961504,0.7109191051320107,spatial_louvain_bined_density,0.72783554
artificial_graph_sbmv_4_comuAndEmb_0_80_pos_0_20_9,0.8,9,GT_pos + Inferred_Commu spatial manuel iter 0_20,0.12289367807286512,0.6748663101604278,0.04609972881962046,0.7276097820018791,spatial_louvain_manualiter_0_20_density,0.699401
artificial_graph_sbmv_4_comuAndEmb_0_80_pos_0_20_9,0.8,9,GT_pos + Inferred_Commu spatial manuel iter 0_50,0.13182906991988663,0.7117890131259115,0.03753703986260583,0.6806663852616386,spatial_louvain_manualiter_0_50_density,0.6659521
artificial_graph_sbmv_4_comuAndEmb_0_80_pos_0_20_9,0.8,9,GT_pos + Inferred_Commu spatial manuel iter 0_80,0.12073851113259239,0.6673553719008265,0.049008920601042075,0.7312659141351561,spatial_louvain_manualiter_0_80_density,0.6642724
artificial_graph_sbmv_4_comuAndEmb_0_80_pos_0_20_9,0.8,9,SiNEcustom_spatial,0.21542528115047427,0.7207826932425863,0.08584445467287466,0.7647981372802658,SiNEcustom_spatial_dist,1.0
artificial_graph_sbmv_4_comuAndEmb_0_80_pos_0_20_9,0.8,9,SiNEcustom_spatial_bined,0.2442014301702441,0.7446767136606709,0.08356766693431329,0.7277173513432551,SiNEcustom_spatial_bined_dist,1.0
artificial_graph_sbmv_4_comuAndEmb_0_80_pos_0_20_9,0.8,9,SiNE_spatial,0.10232850926866174,0.6524428779776373,0.036772041035384014,0.6414749254503616,SiNE_spatial_dist,1.0
artificial_graph_sbmv_4_comuAndEmb_0_80_pos_0_20_9,0.8,9,SiNE_spatial_bined,0.0956294717193425,0.6202965483714147,0.03412127579325491,0.6388938059122289,SiNE_spatial_bined_dist,1.0
artificial_graph_sbmv_4_comuAndEmb_0_80_pos_0_20_9,0.8,9,deepwalk,0.1548117476663926,0.7058823529411765,0.06528264060304571,0.7254180907122725,deepwalk_dist,1.0
artificial_graph_sbmv_4_comuAndEmb_0_80_pos_0_20_9,0.8,9,GT_pos + SiNEcustom_spatial,0.20896047248116914,0.7276859504132231,0.05684710901788771,0.7474002260317807,SiNEcustom_spatial_dist,0.59367955
artificial_graph_sbmv_4_comuAndEmb_0_80_pos_0_20_9,0.8,9,GT_pos + SiNEcustom_spatial_bined,0.22535800980991635,0.7810160427807487,0.07348076022428456,0.7506553560000544,SiNEcustom_spatial_bined_dist,0.5932516
artificial_graph_sbmv_4_comuAndEmb_0_80_pos_0_20_9,0.8,9,GT_pos + SiNE_spatial,0.1251168876887521,0.6611570247933884,0.03843789731026823,0.6695108999060471,SiNE_spatial_dist,0.52322805
artificial_graph_sbmv_4_comuAndEmb_0_80_pos_0_20_9,0.8,9,GT_pos + SiNE_spatial_bined,0.09358471212368835,0.6248906174039864,0.042821046355068455,0.673445214525946,SiNE_spatial_bined_dist,0.551225
artificial_graph_sbmv_4_comuAndEmb_0_80_pos_0_20_9,0.8,9,GT_pos + deepwalk,0.12324602202373652,0.6963174526008751,0.055058020799781955,0.713001048460669,deepwalk_dist,0.58688056
artificial_graph_sbmv_4_comuAndEmb_0_70_pos_0_30_9,0.7,9,Inferred_Commu_normal,0.13565364963226667,0.7180279356060606,0.03714341739042978,0.6563853301880644,louvain_density,1.0
artificial_graph_sbmv_4_comuAndEmb_0_70_pos_0_30_9,0.7,9,Inferred_Commu_spatial_manuel_iter,0.13292757072499525,0.6921993371212122,0.04074594367916166,0.6814250153136363,spatial_louvain_density,1.0
artificial_graph_sbmv_4_comuAndEmb_0_70_pos_0_30_9,0.7,9,Inferred_Commu_spatial_manuel_iter_old,0.1509711299623367,0.7482599431818182,0.042687274614287854,0.6900581266535469,spatial_louvain_old_density,1.0
artificial_graph_sbmv_4_comuAndEmb_0_70_pos_0_30_9,0.7,9,Inferred_Commu_spatial_manuel_iter_bined,0.15581386725824592,0.7471117424242424,0.043154722566839304,0.7100445724563074,spatial_louvain_bined_density,1.0
artificial_graph_sbmv_4_comuAndEmb_0_70_pos_0_30_9,0.7,9,Inferred_Commu_spatial_manuel_iter_0_20,0.15101435636421637,0.7270596590909091,0.04632310891318898,0.7228990342634467,spatial_louvain_manualiter_0_20_density,1.0
artificial_graph_sbmv_4_comuAndEmb_0_70_pos_0_30_9,0.7,9,Inferred_Commu_spatial_manuel_iter_0_50,0.13767470884083924,0.714263731060606,0.037965906422571555,0.6707303627051049,spatial_louvain_manualiter_0_50_density,1.0
artificial_graph_sbmv_4_comuAndEmb_0_70_pos_0_30_9,0.7,9,Inferred_Commu_spatial_manuel_iter_0_80,0.1520660426635672,0.7227864583333333,0.03961045390003914,0.6768032947125597,spatial_louvain_manualiter_0_80_density,1.0
artificial_graph_sbmv_4_comuAndEmb_0_70_pos_0_30_9,0.7,9,GT_pos,0.09786168534240439,0.6164535984848484,0.026721557383657567,0.5904333433252096,GT_pos_dist,1.0
artificial_graph_sbmv_4_comuAndEmb_0_70_pos_0_30_9,0.7,9,GT_pos + Inferred_Commu normal,0.13421831848796473,0.7162878787878788,0.0406248751769753,0.71985220711856,louvain_density,0.65302217
artificial_graph_sbmv_4_comuAndEmb_0_70_pos_0_30_9,0.7,9,GT_pos + Inferred_Commu spatial manuel iter,0.1292129611648084,0.693844696969697,0.04109849509841998,0.7049780395938955,spatial_louvain_density,0.63811797
artificial_graph_sbmv_4_comuAndEmb_0_70_pos_0_30_9,0.7,9,GT_pos + Inferred_Commu spatial manuel iter old,0.16491419789309592,0.7506983901515152,0.04187245146070105,0.7144211445476938,spatial_louvain_old_density,0.6679012
artificial_graph_sbmv_4_comuAndEmb_0_70_pos_0_30_9,0.7,9,GT_pos + Inferred_Commu spatial manuel iter bined,0.177512165100353,0.7635061553030302,0.03766861560982948,0.7044817474488134,spatial_louvain_bined_density,0.5988715
artificial_graph_sbmv_4_comuAndEmb_0_70_pos_0_30_9,0.7,9,GT_pos + Inferred_Commu spatial manuel iter 0_20,0.1373736970592307,0.7242660984848486,0.04089199622467093,0.7271562251560687,spatial_louvain_manualiter_0_20_density,0.6469468
artificial_graph_sbmv_4_comuAndEmb_0_70_pos_0_30_9,0.7,9,GT_pos + Inferred_Commu spatial manuel iter 0_50,0.13606532866387278,0.7237807765151515,0.04165889411806625,0.6922774961227176,spatial_louvain_manualiter_0_50_density,0.6305866
artificial_graph_sbmv_4_comuAndEmb_0_70_pos_0_30_9,0.7,9,GT_pos + Inferred_Commu spatial manuel iter 0_80,0.1420751421569851,0.7417613636363636,0.038171155105765145,0.703132322850552,spatial_louvain_manualiter_0_80_density,0.62750417
artificial_graph_sbmv_4_comuAndEmb_0_70_pos_0_30_9,0.7,9,SiNEcustom_spatial,0.18675466645226788,0.7322443181818182,0.06465833334297659,0.7277874076294492,SiNEcustom_spatial_dist,1.0
artificial_graph_sbmv_4_comuAndEmb_0_70_pos_0_30_9,0.7,9,SiNEcustom_spatial_bined,0.1977405593039604,0.7319010416666666,0.06371251859654074,0.7253672014492565,SiNEcustom_spatial_bined_dist,1.0
artificial_graph_sbmv_4_comuAndEmb_0_70_pos_0_30_9,0.7,9,SiNE_spatial,0.11206846989405134,0.6194247159090909,0.034778973190984386,0.6268191948285524,SiNE_spatial_dist,1.0
artificial_graph_sbmv_4_comuAndEmb_0_70_pos_0_30_9,0.7,9,SiNE_spatial_bined,0.10411763090210427,0.6214725378787879,0.03129292417466653,0.6366639732043946,SiNE_spatial_bined_dist,1.0
artificial_graph_sbmv_4_comuAndEmb_0_70_pos_0_30_9,0.7,9,deepwalk,0.24807334792103003,0.7397845643939394,0.07348072416295254,0.7073316477472663,deepwalk_dist,1.0
artificial_graph_sbmv_4_comuAndEmb_0_70_pos_0_30_9,0.7,9,GT_pos + SiNEcustom_spatial,0.19327403989897257,0.7826586174242425,0.053927220418352406,0.762742770008732,SiNEcustom_spatial_dist,0.5502633
artificial_graph_sbmv_4_comuAndEmb_0_70_pos_0_30_9,0.7,9,GT_pos + SiNEcustom_spatial_bined,0.24668885439664656,0.7660748106060606,0.06105418925031239,0.7504586271162141,SiNEcustom_spatial_bined_dist,0.55131984
artificial_graph_sbmv_4_comuAndEmb_0_70_pos_0_30_9,0.7,9,GT_pos + SiNE_spatial,0.12971034802367762,0.665435606060606,0.041983908398383764,0.6785177703345542,GT_pos_dist,0.50164986
artificial_graph_sbmv_4_comuAndEmb_0_70_pos_0_30_9,0.7,9,GT_pos + SiNE_spatial_bined,0.1315387922096809,0.6677201704545455,0.03540076895035353,0.6703159170587392,GT_pos_dist,0.51398504
artificial_graph_sbmv_4_comuAndEmb_0_70_pos_0_30_9,0.7,9,GT_pos + deepwalk,0.20029486689311782,0.7242779356060606,0.06084341129842937,0.7139408828474241,deepwalk_dist,0.5270294
artificial_graph_sbmv_4_comuAndEmb_0_60_pos_0_40_9,0.6,9,Inferred_Commu_normal,0.128711641146214,0.6396770070872545,0.04068416114161961,0.6639650487505994,louvain_density,1.0
artificial_graph_sbmv_4_comuAndEmb_0_60_pos_0_40_9,0.6,9,Inferred_Commu_spatial_manuel_iter,0.14507487106731096,0.6720576275124899,0.018473136651503495,0.47874726943364054,spatial_louvain_density,1.0
artificial_graph_sbmv_4_comuAndEmb_0_60_pos_0_40_9,0.6,9,Inferred_Commu_spatial_manuel_iter_old,0.12341843018139123,0.6160450795863832,0.032991878254624324,0.6400849805530396,spatial_louvain_old_density,1.0
artificial_graph_sbmv_4_comuAndEmb_0_60_pos_0_40_9,0.6,9,Inferred_Commu_spatial_manuel_iter_bined,0.15696623796001982,0.6963285697687928,0.033963335756151715,0.646830811444403,spatial_louvain_bined_density,1.0
artificial_graph_sbmv_4_comuAndEmb_0_60_pos_0_40_9,0.6,9,Inferred_Commu_spatial_manuel_iter_0_20,0.14698215188433322,0.6280120831881026,0.03492658153989993,0.6674351323991689,spatial_louvain_manualiter_0_20_density,1.0
artificial_graph_sbmv_4_comuAndEmb_0_60_pos_0_40_9,0.6,9,Inferred_Commu_spatial_manuel_iter_0_50,0.14171887217577772,0.6396305332868595,0.03420969718119181,0.650603255367894,spatial_louvain_manualiter_0_50_density,1.0
artificial_graph_sbmv_4_comuAndEmb_0_60_pos_0_40_9,0.6,9,Inferred_Commu_spatial_manuel_iter_0_80,0.147043414368798,0.6211455791797373,0.02928414067650863,0.6106247003036922,spatial_louvain_manualiter_0_80_density,1.0
artificial_graph_sbmv_4_comuAndEmb_0_60_pos_0_40_9,0.6,9,GT_pos,0.09961131691481925,0.6008597653073081,0.030914820091982757,0.6306389525281049,GT_pos_dist,1.0
artificial_graph_sbmv_4_comuAndEmb_0_60_pos_0_40_9,0.6,9,GT_pos + Inferred_Commu normal,0.13113243627613416,0.7014523062623446,0.0435453557220732,0.7029460813042783,louvain_density,0.61779785
artificial_graph_sbmv_4_comuAndEmb_0_60_pos_0_40_9,0.6,9,GT_pos + Inferred_Commu spatial manuel iter,0.14349071827166568,0.7094690368304868,0.03258193923080107,0.6352938355799457,spatial_louvain_density,0.6247238
artificial_graph_sbmv_4_comuAndEmb_0_60_pos_0_40_9,0.6,9,GT_pos + Inferred_Commu spatial manuel iter old,0.15571531400701952,0.7239688625537353,0.04115697249649558,0.7047667696733977,spatial_louvain_old_density,0.58533365
artificial_graph_sbmv_4_comuAndEmb_0_60_pos_0_40_9,0.6,9,GT_pos + Inferred_Commu spatial manuel iter bined,0.19233819888845305,0.7367723945625654,0.04400022235482125,0.7252565400394266,spatial_louvain_bined_density,0.62168944
artificial_graph_sbmv_4_comuAndEmb_0_60_pos_0_40_9,0.6,9,GT_pos + Inferred_Commu spatial manuel iter 0_20,0.1525851594730215,0.7223306610898106,0.035722818462858935,0.6698213810005861,spatial_louvain_manualiter_0_20_density,0.5693861
artificial_graph_sbmv_4_comuAndEmb_0_60_pos_0_40_9,0.6,9,GT_pos + Inferred_Commu spatial manuel iter 0_50,0.15737055645661868,0.7134541652143604,0.0337688490105505,0.6480646278437849,spatial_louvain_manualiter_0_50_density,0.58468735
artificial_graph_sbmv_4_comuAndEmb_0_60_pos_0_40_9,0.6,9,GT_pos + Inferred_Commu spatial manuel iter 0_80,0.146126766956271,0.7058673172998722,0.04084029163030367,0.6825031967606159,spatial_louvain_manualiter_0_80_density,0.57652295
artificial_graph_sbmv_4_comuAndEmb_0_60_pos_0_40_9,0.6,9,SiNEcustom_spatial,0.1648917052355675,0.6423143952596724,0.04535823184396512,0.6462075763226598,SiNEcustom_spatial_dist,1.0
artificial_graph_sbmv_4_comuAndEmb_0_60_pos_0_40_9,0.6,9,SiNEcustom_spatial_bined,0.14794702770587792,0.650737771581271,0.04339900561989262,0.6343795620437955,SiNEcustom_spatial_bined_dist,1.0
artificial_graph_sbmv_4_comuAndEmb_0_60_pos_0_40_9,0.6,9,SiNE_spatial,0.09919640784845818,0.5916695712791914,0.027571853513678437,0.6094632106132452,SiNE_spatial_dist,1.0
artificial_graph_sbmv_4_comuAndEmb_0_60_pos_0_40_9,0.6,9,SiNE_spatial_bined,0.09794940606925001,0.5947484605553619,0.028166790796701768,0.6210994192551548,SiNE_spatial_bined_dist,1.0
artificial_graph_sbmv_4_comuAndEmb_0_60_pos_0_40_9,0.6,9,deepwalk,0.11385208705784952,0.6171836876960614,0.03785729636645107,0.647929431509404,deepwalk_dist,1.0
artificial_graph_sbmv_4_comuAndEmb_0_60_pos_0_40_9,0.6,9,GT_pos + SiNEcustom_spatial,0.1358586178331163,0.6794237248751017,0.048606036209380726,0.6982890670786936,SiNEcustom_spatial_dist,0.53134596
artificial_graph_sbmv_4_comuAndEmb_0_60_pos_0_40_9,0.6,9,GT_pos + SiNEcustom_spatial_bined,0.12019278661088288,0.676158940397351,0.045039778111692255,0.6911714795673718,SiNEcustom_spatial_bined_dist,0.5277761
artificial_graph_sbmv_4_comuAndEmb_0_60_pos_0_40_9,0.6,9,GT_pos + SiNE_spatial,0.10018824474044803,0.6390379923318229,0.03410329055436851,0.660386408439448,GT_pos_dist,0.5173339
artificial_graph_sbmv_4_comuAndEmb_0_60_pos_0_40_9,0.6,9,GT_pos + SiNE_spatial_bined,0.12401124842160367,0.6563262460787731,0.03897286252321455,0.6737427406894346,GT_pos_dist,0.5223463
artificial_graph_sbmv_4_comuAndEmb_0_60_pos_0_40_9,0.6,9,GT_pos + deepwalk,0.10216535972915569,0.6278378064366213,0.03261435952205797,0.646651526453194,deepwalk_dist,0.5044696
artificial_graph_sbmv_4_comuAndEmb_0_50_pos_0_50_9,0.5,9,Inferred_Commu_normal,0.12898292541340622,0.7080386089006778,0.026255323251480417,0.5927751946366782,louvain_density,1.0
artificial_graph_sbmv_4_comuAndEmb_0_50_pos_0_50_9,0.5,9,Inferred_Commu_spatial_manuel_iter,0.10245143046585378,0.5922119068670793,0.02533677699812322,0.5698851102941177,spatial_louvain_density,1.0
artificial_graph_sbmv_4_comuAndEmb_0_50_pos_0_50_9,0.5,9,Inferred_Commu_spatial_manuel_iter_old,0.09995695502077873,0.6060762353865803,0.02872353488166933,0.6027757352941177,spatial_louvain_old_density,1.0
artificial_graph_sbmv_4_comuAndEmb_0_50_pos_0_50_9,0.5,9,Inferred_Commu_spatial_manuel_iter_bined,0.0880455514537061,0.5315477944788288,0.03204111845331439,0.645111375432526,spatial_louvain_bined_density,1.0
artificial_graph_sbmv_4_comuAndEmb_0_50_pos_0_50_9,0.5,9,Inferred_Commu_spatial_manuel_iter_0_20,0.13586742338616156,0.659347676589056,0.026089775212810654,0.5760176524653979,spatial_louvain_manualiter_0_20_density,1.0
artificial_graph_sbmv_4_comuAndEmb_0_50_pos_0_50_9,0.5,9,Inferred_Commu_spatial_manuel_iter_0_50,0.10276912166324412,0.5708689458689458,0.026851464370570895,0.5962990646626297,spatial_louvain_manualiter_0_50_density,1.0
artificial_graph_sbmv_4_comuAndEmb_0_50_pos_0_50_9,0.5,9,Inferred_Commu_spatial_manuel_iter_0_80,0.08447887363392335,0.5439507810197466,0.024993700725253608,0.5594593425605536,spatial_louvain_manualiter_0_80_density,1.0
artificial_graph_sbmv_4_comuAndEmb_0_50_pos_0_50_9,0.5,9,GT_pos,0.17225234766467143,0.7263483642793988,0.04272023227549746,0.6936775519031142,GT_pos_dist,1.0
artificial_graph_sbmv_4_comuAndEmb_0_50_pos_0_50_9,0.5,9,GT_pos + Inferred_Commu normal,0.1767437649147069,0.7199381078691424,0.029107271942827816,0.5978053362889273,GT_pos_dist,0.58356917
artificial_graph_sbmv_4_comuAndEmb_0_50_pos_0_50_9,0.5,9,GT_pos + Inferred_Commu spatial manuel iter,0.15984307397425568,0.716241772276255,0.038520131425919944,0.6942040170847752,spatial_louvain_density,0.57056564
artificial_graph_sbmv_4_comuAndEmb_0_50_pos_0_50_9,0.5,9,GT_pos + Inferred_Commu spatial manuel iter old,0.16786696044174787,0.7244080950977503,0.04361627292012475,0.7217930903979239,spatial_louvain_old_density,0.5081885
artificial_graph_sbmv_4_comuAndEmb_0_50_pos_0_50_9,0.5,9,GT_pos + Inferred_Commu spatial manuel iter bined,0.13788180270969994,0.7015423911975636,0.0429158781228996,0.7238694852941177,spatial_louvain_bined_density,0.5330311
artificial_graph_sbmv_4_comuAndEmb_0_50_pos_0_50_9,0.5,9,GT_pos + Inferred_Commu spatial manuel iter 0_20,0.17758757969133215,0.7523455152765497,0.04125411833781358,0.7053850832612456,spatial_louvain_manualiter_0_20_density,0.5815249
artificial_graph_sbmv_4_comuAndEmb_0_50_pos_0_50_9,0.5,9,GT_pos + Inferred_Commu spatial manuel iter 0_50,0.21532527314038244,0.7614205717653993,0.041484482584818336,0.6906078341262976,spatial_louvain_manualiter_0_50_density,0.5288829
artificial_graph_sbmv_4_comuAndEmb_0_50_pos_0_50_9,0.5,9,GT_pos + Inferred_Commu spatial manuel iter 0_80,0.14873760150223855,0.7234748010610079,0.04529361401453336,0.6960772599480969,GT_pos_dist,0.57955456
artificial_graph_sbmv_4_comuAndEmb_0_50_pos_0_50_9,0.5,9,SiNEcustom_spatial,0.1470217276515701,0.6651070832105315,0.03334842044554648,0.6222691392733564,SiNEcustom_spatial_dist,1.0
artificial_graph_sbmv_4_comuAndEmb_0_50_pos_0_50_9,0.5,9,SiNEcustom_spatial_bined,0.11812372709232777,0.563058748403576,0.03534432921432649,0.6222577854671281,SiNEcustom_spatial_bined_dist,1.0
artificial_graph_sbmv_4_comuAndEmb_0_50_pos_0_50_9,0.5,9,SiNE_spatial,0.10893931684055025,0.5749950879261225,0.028327920215838607,0.6048982212370242,SiNE_spatial_dist,1.0
artificial_graph_sbmv_4_comuAndEmb_0_50_pos_0_50_9,0.5,9,SiNE_spatial_bined,0.08322939005468619,0.5445156695156694,0.024727533068218604,0.5919800227076125,SiNE_spatial_bined_dist,1.0
artificial_graph_sbmv_4_comuAndEmb_0_50_pos_0_50_9,0.5,9,deepwalk,0.10829717178156559,0.5926908340701444,0.033259765422506894,0.6407976048875432,deepwalk_dist,1.0
artificial_graph_sbmv_4_comuAndEmb_0_50_pos_0_50_9,0.5,9,GT_pos + SiNEcustom_spatial,0.20034106655286893,0.7592469790745652,0.043163427268183015,0.6968816230536332,SiNEcustom_spatial_dist,0.5006238
artificial_graph_sbmv_4_comuAndEmb_0_50_pos_0_50_9,0.5,9,GT_pos + SiNEcustom_spatial_bined,0.22879385475144243,0.7416740347774831,0.044677096206587,0.722986186202422,SiNEcustom_spatial_bined_dist,0.51445955
artificial_graph_sbmv_4_comuAndEmb_0_50_pos_0_50_9,0.5,9,GT_pos + SiNE_spatial,0.14420622157245086,0.6997863247863249,0.03925013149996896,0.67819339316609,GT_pos_dist,0.5618011
artificial_graph_sbmv_4_comuAndEmb_0_50_pos_0_50_9,0.5,9,GT_pos + SiNE_spatial_bined,0.14033704763960406,0.6722050299636506,0.03696991547249687,0.6714351751730103,GT_pos_dist,0.56269544
artificial_graph_sbmv_4_comuAndEmb_0_50_pos_0_50_9,0.5,9,GT_pos + deepwalk,0.15504519671548694,0.6948128499852639,0.04051063170958668,0.7078792711937716,GT_pos_dist,0.55227864
artificial_graph_sbmv_4_comuAndEmb_0_40_pos_0_60_9,0.3999999999999999,9,Inferred_Commu_normal,0.10352729399601254,0.6428795342588446,0.03299062277240645,0.6656989247311828,louvain_density,1.0
artificial_graph_sbmv_4_comuAndEmb_0_40_pos_0_60_9,0.3999999999999999,9,Inferred_Commu_spatial_manuel_iter,0.0787091818208491,0.5420174652933274,0.024476927107203606,0.5473686103724257,spatial_louvain_density,1.0
artificial_graph_sbmv_4_comuAndEmb_0_40_pos_0_60_9,0.3999999999999999,9,Inferred_Commu_spatial_manuel_iter_old,0.10555721736899731,0.6135244066278548,0.022989000958168058,0.5541670841844272,spatial_louvain_old_density,1.0
artificial_graph_sbmv_4_comuAndEmb_0_40_pos_0_60_9,0.3999999999999999,9,Inferred_Commu_spatial_manuel_iter_bined,0.14373570980215486,0.6508284818629647,0.02360448439750591,0.550198738454028,spatial_louvain_bined_density,1.0
artificial_graph_sbmv_4_comuAndEmb_0_40_pos_0_60_9,0.3999999999999999,9,Inferred_Commu_spatial_manuel_iter_0_20,0.11300001518149502,0.6348186296462159,0.03762492099448285,0.639271977492581,spatial_louvain_manualiter_0_20_density,1.0
artificial_graph_sbmv_4_comuAndEmb_0_40_pos_0_60_9,0.3999999999999999,9,Inferred_Commu_spatial_manuel_iter_0_50,0.10390403000562666,0.5631325570980743,0.020863110004419334,0.5088326203414653,spatial_louvain_manualiter_0_50_density,1.0
artificial_graph_sbmv_4_comuAndEmb_0_40_pos_0_60_9,0.3999999999999999,9,Inferred_Commu_spatial_manuel_iter_0_80,0.09346207848266394,0.5380989699955216,0.019594166066238913,0.49699322978892874,spatial_louvain_manualiter_0_80_density,1.0
artificial_graph_sbmv_4_comuAndEmb_0_40_pos_0_60_9,0.3999999999999999,9,GT_pos,0.21085590220868536,0.7488692342140618,0.06718486406314741,0.7276990275047854,GT_pos_dist,1.0
artificial_graph_sbmv_4_comuAndEmb_0_40_pos_0_60_9,0.3999999999999999,9,GT_pos + Inferred_Commu normal,0.20290307990507972,0.7465629198387818,0.06748208376349747,0.7266305674387534,GT_pos_dist,0.6214098
artificial_graph_sbmv_4_comuAndEmb_0_40_pos_0_60_9,0.3999999999999999,9,GT_pos + Inferred_Commu spatial manuel iter,0.19224927674729755,0.7526197939991044,0.06314307025969132,0.7346944412327694,GT_pos_dist,0.626926
artificial_graph_sbmv_4_comuAndEmb_0_40_pos_0_60_9,0.3999999999999999,9,GT_pos + Inferred_Commu spatial manuel iter old,0.2329669042013583,0.7523734885803851,0.053333419625354046,0.7158974062512043,GT_pos_dist,0.60710955
artificial_graph_sbmv_4_comuAndEmb_0_40_pos_0_60_9,0.3999999999999999,9,GT_pos + Inferred_Commu spatial manuel iter bined,0.2609366129483724,0.7622033139274518,0.05835976452353596,0.703536953533485,GT_pos_dist,0.6016274
artificial_graph_sbmv_4_comuAndEmb_0_40_pos_0_60_9,0.3999999999999999,9,GT_pos + Inferred_Commu spatial manuel iter 0_20,0.19533229156478962,0.7295566502463053,0.06101882429433101,0.7073190221091713,GT_pos_dist,0.6202693
artificial_graph_sbmv_4_comuAndEmb_0_40_pos_0_60_9,0.3999999999999999,9,GT_pos + Inferred_Commu spatial manuel iter 0_50,0.24598414688723919,0.7455776981639051,0.051355245980257536,0.7137814262406701,GT_pos_dist,0.6138739
artificial_graph_sbmv_4_comuAndEmb_0_40_pos_0_60_9,0.3999999999999999,9,GT_pos + Inferred_Commu spatial manuel iter 0_80,0.2593645071284141,0.7486005373936409,0.0594177503393943,0.7042905409745506,GT_pos_dist,0.606244
artificial_graph_sbmv_4_comuAndEmb_0_40_pos_0_60_9,0.3999999999999999,9,SiNEcustom_spatial,0.1025219456338529,0.5865315718763995,0.029718146655894468,0.6056393160416746,SiNEcustom_spatial_dist,1.0
artificial_graph_sbmv_4_comuAndEmb_0_40_pos_0_60_9,0.3999999999999999,9,SiNEcustom_spatial_bined,0.09859882391204118,0.6062472010747874,0.029718849408784418,0.59966521498953,SiNEcustom_spatial_bined_dist,1.0
artificial_graph_sbmv_4_comuAndEmb_0_40_pos_0_60_9,0.3999999999999999,9,SiNE_spatial,0.08995136182683583,0.5671742051052396,0.027851840815066576,0.5845185699053198,SiNE_spatial_dist,1.0
artificial_graph_sbmv_4_comuAndEmb_0_40_pos_0_60_9,0.3999999999999999,9,SiNE_spatial_bined,0.09461171676453346,0.5658531124048366,0.024260970509349254,0.5989914055574824,SiNE_spatial_bined_dist,1.0
artificial_graph_sbmv_4_comuAndEmb_0_40_pos_0_60_9,0.3999999999999999,9,deepwalk,0.15106911428256806,0.6144312583967756,0.03941699367963606,0.6608287406379671,deepwalk_dist,1.0
artificial_graph_sbmv_4_comuAndEmb_0_40_pos_0_60_9,0.3999999999999999,9,GT_pos + SiNEcustom_spatial,0.21270084166005626,0.7606359158083297,0.05514352686847167,0.7297210981359438,GT_pos_dist,0.602658
artificial_graph_sbmv_4_comuAndEmb_0_40_pos_0_60_9,0.3999999999999999,9,GT_pos + SiNEcustom_spatial_bined,0.1904135856404457,0.7072772055530676,0.05452832388422124,0.7410513739545997,GT_pos_dist,0.6094851
artificial_graph_sbmv_4_comuAndEmb_0_40_pos_0_60_9,0.3999999999999999,9,GT_pos + SiNE_spatial,0.16886411284472136,0.7161553963278101,0.05801366844550555,0.7238315283719378,GT_pos_dist,0.5977664
artificial_graph_sbmv_4_comuAndEmb_0_40_pos_0_60_9,0.3999999999999999,9,GT_pos + SiNE_spatial_bined,0.19823250316398305,0.7481191222570532,0.057307692015065886,0.7378029573104148,GT_pos_dist,0.6256022
artificial_graph_sbmv_4_comuAndEmb_0_40_pos_0_60_9,0.3999999999999999,9,GT_pos + deepwalk,0.25866838277523757,0.7179019256605463,0.05832946319255483,0.7093747510951812,GT_pos_dist,0.6088925
artificial_graph_sbmv_4_comuAndEmb_0_30_pos_0_70_9,0.29999999999999993,9,Inferred_Commu_normal,0.1587218229933116,0.7458800036724201,0.03919611699120785,0.6952817213561124,louvain_density,1.0
artificial_graph_sbmv_4_comuAndEmb_0_30_pos_0_70_9,0.29999999999999993,9,Inferred_Commu_spatial_manuel_iter,0.07714022604475393,0.5479480352552332,0.01984690391092185,0.49960917414926365,spatial_louvain_density,1.0
artificial_graph_sbmv_4_comuAndEmb_0_30_pos_0_70_9,0.29999999999999993,9,Inferred_Commu_spatial_manuel_iter_old,0.07095578147690638,0.5178915717958135,0.017856924082507088,0.4567125542989577,spatial_louvain_old_density,1.0
artificial_graph_sbmv_4_comuAndEmb_0_30_pos_0_70_9,0.29999999999999993,9,Inferred_Commu_spatial_manuel_iter_bined,0.07430464445835243,0.49397493573264767,0.02010919779506009,0.5103330758222413,spatial_louvain_bined_density,1.0
artificial_graph_sbmv_4_comuAndEmb_0_30_pos_0_70_9,0.29999999999999993,9,Inferred_Commu_spatial_manuel_iter_0_20,0.15520719281210554,0.7456045721630555,0.038152013259559525,0.6855129747596914,spatial_louvain_manualiter_0_20_density,1.0
artificial_graph_sbmv_4_comuAndEmb_0_30_pos_0_70_9,0.29999999999999993,9,Inferred_Commu_spatial_manuel_iter_0_50,0.12052602519616168,0.6591535071612192,0.03414030095663743,0.6716879218854878,spatial_louvain_manualiter_0_50_density,1.0
artificial_graph_sbmv_4_comuAndEmb_0_30_pos_0_70_9,0.29999999999999993,9,Inferred_Commu_spatial_manuel_iter_0_80,0.09622676473351273,0.5708432794711715,0.021362531322625933,0.5367258520028876,spatial_louvain_manualiter_0_80_density,1.0
artificial_graph_sbmv_4_comuAndEmb_0_30_pos_0_70_9,0.29999999999999993,9,GT_pos,0.238434574745983,0.7890079875137717,0.07988648389866572,0.7608681500994162,GT_pos_dist,1.0
artificial_graph_sbmv_4_comuAndEmb_0_30_pos_0_70_9,0.29999999999999993,9,GT_pos + Inferred_Commu normal,0.24157843847226446,0.7906605765699596,0.07767738713358312,0.750461367003964,GT_pos_dist,0.6507227
artificial_graph_sbmv_4_comuAndEmb_0_30_pos_0_70_9,0.29999999999999993,9,GT_pos + Inferred_Commu spatial manuel iter,0.23862127342492875,0.7571038376790304,0.06721424781651966,0.7330282037968111,GT_pos_dist,0.6491267
artificial_graph_sbmv_4_comuAndEmb_0_30_pos_0_70_9,0.29999999999999993,9,GT_pos + Inferred_Commu spatial manuel iter old,0.2780736372455094,0.7735838229893499,0.07319641994239479,0.7400065855295652,GT_pos_dist,0.69084066
artificial_graph_sbmv_4_comuAndEmb_0_30_pos_0_70_9,0.29999999999999993,9,GT_pos + Inferred_Commu spatial manuel iter bined,0.25214297089862625,0.7902589056188027,0.07356683439373568,0.7431448436569952,GT_pos_dist,0.70295817
artificial_graph_sbmv_4_comuAndEmb_0_30_pos_0_70_9,0.29999999999999993,9,GT_pos + Inferred_Commu spatial manuel iter 0_20,0.23993317284021062,0.79186558942343,0.08022088355458881,0.7570357518268512,GT_pos_dist,0.7132611
artificial_graph_sbmv_4_comuAndEmb_0_30_pos_0_70_9,0.29999999999999993,9,GT_pos + Inferred_Commu spatial manuel iter 0_50,0.2396386830858841,0.7747544069041498,0.0689503257712718,0.7502655741441977,GT_pos_dist,0.6879488
artificial_graph_sbmv_4_comuAndEmb_0_30_pos_0_70_9,0.29999999999999993,9,GT_pos + Inferred_Commu spatial manuel iter 0_80,0.23857651845698416,0.7700491186191701,0.07344087873920288,0.7460109421106622,GT_pos_dist,0.6790137
artificial_graph_sbmv_4_comuAndEmb_0_30_pos_0_70_9,0.29999999999999993,9,SiNEcustom_spatial,0.1278962947811104,0.6300840066103562,0.02919562893386509,0.6048675928622992,SiNEcustom_spatial_dist,1.0
artificial_graph_sbmv_4_comuAndEmb_0_30_pos_0_70_9,0.29999999999999993,9,SiNEcustom_spatial_bined,0.17395809282180463,0.6979663973558575,0.02648185630092453,0.6004948012309875,SiNEcustom_spatial_bined_dist,1.0
artificial_graph_sbmv_4_comuAndEmb_0_30_pos_0_70_9,0.29999999999999993,9,SiNE_spatial,0.13495482456611155,0.6629980719794345,0.032092759578800076,0.6353896227251428,SiNE_spatial_dist,1.0
artificial_graph_sbmv_4_comuAndEmb_0_30_pos_0_70_9,0.29999999999999993,9,SiNE_spatial_bined,0.10813314747963315,0.657133676092545,0.030512398333986113,0.6438631729588026,SiNE_spatial_bined_dist,1.0
artificial_graph_sbmv_4_comuAndEmb_0_30_pos_0_70_9,0.29999999999999993,9,deepwalk,0.11869921202953146,0.6448310686742564,0.03727982098338852,0.6770448702524031,deepwalk_dist,1.0
artificial_graph_sbmv_4_comuAndEmb_0_30_pos_0_70_9,0.29999999999999993,9,GT_pos + SiNEcustom_spatial,0.28638466498061943,0.7892948953360264,0.06552952694178926,0.7371577107686073,GT_pos_dist,0.6767908
artificial_graph_sbmv_4_comuAndEmb_0_30_pos_0_70_9,0.29999999999999993,9,GT_pos + SiNEcustom_spatial_bined,0.3329987594955504,0.8077602827763497,0.06149640020589843,0.7362234520839401,GT_pos_dist,0.674854
artificial_graph_sbmv_4_comuAndEmb_0_30_pos_0_70_9,0.29999999999999993,9,GT_pos + SiNE_spatial,0.2249520269490258,0.7815139551964745,0.06959743011808824,0.7462672711845088,GT_pos_dist,0.662422
artificial_graph_sbmv_4_comuAndEmb_0_30_pos_0_70_9,0.29999999999999993,9,GT_pos + SiNE_spatial_bined,0.24701435439051386,0.7789891663606316,0.0708821869973734,0.7562243385975356,GT_pos_dist,0.68727374
artificial_graph_sbmv_4_comuAndEmb_0_30_pos_0_70_9,0.29999999999999993,9,GT_pos + deepwalk,0.24050301548555014,0.7502754315093647,0.064027210597309,0.7545513607983689,GT_pos_dist,0.6659885
artificial_graph_sbmv_4_comuAndEmb_0_20_pos_0_80_9,0.19999999999999996,9,Inferred_Commu_normal,0.1282989339943539,0.7160984848484849,0.05279657604969662,0.7576581181098286,louvain_density,1.0
artificial_graph_sbmv_4_comuAndEmb_0_20_pos_0_80_9,0.19999999999999996,9,Inferred_Commu_spatial_manuel_iter,0.06578948167428009,0.4989583333333333,0.0213564594740059,0.5206593861601366,spatial_louvain_density,1.0
artificial_graph_sbmv_4_comuAndEmb_0_20_pos_0_80_9,0.19999999999999996,9,Inferred_Commu_spatial_manuel_iter_old,0.0830002354090461,0.5404000946969697,0.021566115773116967,0.5241612752963097,spatial_louvain_old_density,1.0
artificial_graph_sbmv_4_comuAndEmb_0_20_pos_0_80_9,0.19999999999999996,9,Inferred_Commu_spatial_manuel_iter_bined,0.08481290686124347,0.547170928030303,0.02027727127790955,0.5097267222193468,spatial_louvain_bined_density,1.0
artificial_graph_sbmv_4_comuAndEmb_0_20_pos_0_80_9,0.19999999999999996,9,Inferred_Commu_spatial_manuel_iter_0_20,0.11174745991966498,0.6843158143939394,0.05119066516824538,0.7467976554008593,spatial_louvain_manualiter_0_20_density,1.0
artificial_graph_sbmv_4_comuAndEmb_0_20_pos_0_80_9,0.19999999999999996,9,Inferred_Commu_spatial_manuel_iter_0_50,0.12468996119295118,0.6939157196969696,0.045975061384535734,0.7267787640391283,spatial_louvain_manualiter_0_50_density,1.0
artificial_graph_sbmv_4_comuAndEmb_0_20_pos_0_80_9,0.19999999999999996,9,Inferred_Commu_spatial_manuel_iter_0_80,0.07264349807578846,0.5274147727272728,0.020796274301378044,0.49648154857409044,spatial_louvain_manualiter_0_80_density,1.0
artificial_graph_sbmv_4_comuAndEmb_0_20_pos_0_80_9,0.19999999999999996,9,GT_pos,0.24969629584743605,0.8279592803030302,0.11582695788374292,0.8261356813829512,GT_pos_dist,1.0
artificial_graph_sbmv_4_comuAndEmb_0_20_pos_0_80_9,0.19999999999999996,9,GT_pos + Inferred_Commu normal,0.30280724723035146,0.8182883522727271,0.10769244989886716,0.8214977226851612,GT_pos_dist,0.73866916
artificial_graph_sbmv_4_comuAndEmb_0_20_pos_0_80_9,0.19999999999999996,9,GT_pos + Inferred_Commu spatial manuel iter,0.21970347881744912,0.777438446969697,0.09705447011927666,0.8015974846022462,GT_pos_dist,0.6921536
artificial_graph_sbmv_4_comuAndEmb_0_20_pos_0_80_9,0.19999999999999996,9,GT_pos + Inferred_Commu spatial manuel iter old,0.2244045767446958,0.8148792613636364,0.08355759745068295,0.7944555147249107,GT_pos_dist,0.7078563
artificial_graph_sbmv_4_comuAndEmb_0_20_pos_0_80_9,0.19999999999999996,9,GT_pos + Inferred_Commu spatial manuel iter bined,0.21699231095766133,0.8083333333333333,0.08777820486427954,0.8028566068008902,GT_pos_dist,0.7327488
artificial_graph_sbmv_4_comuAndEmb_0_20_pos_0_80_9,0.19999999999999996,9,GT_pos + Inferred_Commu spatial manuel iter 0_20,0.30128901965846344,0.8280658143939393,0.10975150988437299,0.8225349360799131,GT_pos_dist,0.7243481
artificial_graph_sbmv_4_comuAndEmb_0_20_pos_0_80_9,0.19999999999999996,9,GT_pos + Inferred_Commu spatial manuel iter 0_50,0.2458323076963317,0.8194839015151516,0.09449657598843561,0.8141198695719682,GT_pos_dist,0.7697465
artificial_graph_sbmv_4_comuAndEmb_0_20_pos_0_80_9,0.19999999999999996,9,GT_pos + Inferred_Commu spatial manuel iter 0_80,0.24377580167349763,0.8174597537878787,0.0874531561999299,0.8048236374928834,GT_pos_dist,0.75049853
artificial_graph_sbmv_4_comuAndEmb_0_20_pos_0_80_9,0.19999999999999996,9,SiNEcustom_spatial,0.07851709253207753,0.5381747159090908,0.027511888287617674,0.6076830909373221,SiNEcustom_spatial_dist,1.0
artificial_graph_sbmv_4_comuAndEmb_0_20_pos_0_80_9,0.19999999999999996,9,SiNEcustom_spatial_bined,0.14263807292439765,0.6049242424242424,0.029563764186025625,0.609522928419854,SiNEcustom_spatial_bined_dist,1.0
artificial_graph_sbmv_4_comuAndEmb_0_20_pos_0_80_9,0.19999999999999996,9,SiNE_spatial,0.15518847261220714,0.6797348484848484,0.030340788841431845,0.6209549195176233,SiNE_spatial_dist,1.0
artificial_graph_sbmv_4_comuAndEmb_0_20_pos_0_80_9,0.19999999999999996,9,SiNE_spatial_bined,0.10358295206168243,0.6378551136363636,0.03211671154807314,0.6282610889705501,SiNE_spatial_bined_dist,1.0
artificial_graph_sbmv_4_comuAndEmb_0_20_pos_0_80_9,0.19999999999999996,9,deepwalk,0.167819872536143,0.7423887310606061,0.04904091195512309,0.7217640132498317,deepwalk_dist,1.0
artificial_graph_sbmv_4_comuAndEmb_0_20_pos_0_80_9,0.19999999999999996,9,GT_pos + SiNEcustom_spatial,0.22431789896485543,0.791607481060606,0.07752252483267053,0.7984749754153512,GT_pos_dist,0.70825714
artificial_graph_sbmv_4_comuAndEmb_0_20_pos_0_80_9,0.19999999999999996,9,GT_pos + SiNEcustom_spatial_bined,0.28955546731338194,0.810250946969697,0.09323576838032815,0.7960513172196055,GT_pos_dist,0.7090602
artificial_graph_sbmv_4_comuAndEmb_0_20_pos_0_80_9,0.19999999999999996,9,GT_pos + SiNE_spatial,0.23188011914786752,0.8027817234848484,0.08073937902389772,0.7935097821023758,GT_pos_dist,0.71260035
artificial_graph_sbmv_4_comuAndEmb_0_20_pos_0_80_9,0.19999999999999996,9,GT_pos + SiNE_spatial_bined,0.19627763209245358,0.7867305871212121,0.09104561385750765,0.814091014957818,GT_pos_dist,0.6956484
artificial_graph_sbmv_4_comuAndEmb_0_20_pos_0_80_9,0.19999999999999996,9,GT_pos + deepwalk,0.26467228444686397,0.8151041666666666,0.09147134144806092,0.8154854821179027,GT_pos_dist,0.7126485
artificial_graph_sbmv_4_comuAndEmb_0_10_pos_0_90_9,0.09999999999999998,9,Inferred_Commu_normal,0.1849751508867987,0.7798858372713237,0.07078406225113128,0.8259281020271775,louvain_density,1.0
artificial_graph_sbmv_4_comuAndEmb_0_10_pos_0_90_9,0.09999999999999998,9,Inferred_Commu_spatial_manuel_iter,0.07105889834574822,0.4924320404248351,0.022583888498232504,0.5563069447538427,spatial_louvain_density,1.0
artificial_graph_sbmv_4_comuAndEmb_0_10_pos_0_90_9,0.09999999999999998,9,Inferred_Commu_spatial_manuel_iter_old,0.10902125317157635,0.5766972348289899,0.022754074779346028,0.5576104087770104,spatial_louvain_old_density,1.0
artificial_graph_sbmv_4_comuAndEmb_0_10_pos_0_90_9,0.09999999999999998,9,Inferred_Commu_spatial_manuel_iter_bined,0.08733036896416846,0.5303654143077715,0.022003464535917658,0.5247491089329472,spatial_louvain_bined_density,1.0
artificial_graph_sbmv_4_comuAndEmb_0_10_pos_0_90_9,0.09999999999999998,9,Inferred_Commu_spatial_manuel_iter_0_20,0.18220113293038226,0.785207972675806,0.07187101219952068,0.8327599409668077,spatial_louvain_manualiter_0_20_density,1.0
artificial_graph_sbmv_4_comuAndEmb_0_10_pos_0_90_9,0.09999999999999998,9,Inferred_Commu_spatial_manuel_iter_0_50,0.1780256293035947,0.7490408459271043,0.05675363493185121,0.7728115950100245,spatial_louvain_manualiter_0_50_density,1.0
artificial_graph_sbmv_4_comuAndEmb_0_10_pos_0_90_9,0.09999999999999998,9,Inferred_Commu_spatial_manuel_iter_0_80,0.12617025937853826,0.6214031722266411,0.025570352410598497,0.568950490086879,spatial_louvain_manualiter_0_80_density,1.0
artificial_graph_sbmv_4_comuAndEmb_0_10_pos_0_90_9,0.09999999999999998,9,GT_pos,0.304449520679956,0.8437982501286673,0.12064963353819651,0.8627677378035197,GT_pos_dist,1.0
artificial_graph_sbmv_4_comuAndEmb_0_10_pos_0_90_9,0.09999999999999998,9,GT_pos + Inferred_Commu normal,0.3117793120917066,0.8494128105553738,0.07736508069945486,0.8427980897750056,GT_pos_dist,0.7589054
artificial_graph_sbmv_4_comuAndEmb_0_10_pos_0_90_9,0.09999999999999998,9,GT_pos + Inferred_Commu spatial manuel iter,0.29714883376171236,0.8373999906423992,0.11081620659548792,0.8460621797727779,GT_pos_dist,0.7747061
artificial_graph_sbmv_4_comuAndEmb_0_10_pos_0_90_9,0.09999999999999998,9,GT_pos + Inferred_Commu spatial manuel iter old,0.33412498192311,0.8452720722406775,0.13233958047299518,0.8534714023167743,GT_pos_dist,0.74526525
artificial_graph_sbmv_4_comuAndEmb_0_10_pos_0_90_9,0.09999999999999998,9,GT_pos + Inferred_Commu spatial manuel iter bined,0.3552690562056575,0.8416927899686519,0.11620207693027415,0.8567774003118733,GT_pos_dist,0.75804645
artificial_graph_sbmv_4_comuAndEmb_0_10_pos_0_90_9,0.09999999999999998,9,GT_pos + Inferred_Commu spatial manuel iter 0_20,0.31945296375368004,0.8459271042904598,0.11136146123771118,0.8619203887280018,GT_pos_dist,0.72380286
artificial_graph_sbmv_4_comuAndEmb_0_10_pos_0_90_9,0.09999999999999998,9,GT_pos + Inferred_Commu spatial manuel iter 0_50,0.3296207667043453,0.8309432461516868,0.10869599208338263,0.8510982401425707,GT_pos_dist,0.73755985
artificial_graph_sbmv_4_comuAndEmb_0_10_pos_0_90_9,0.09999999999999998,9,GT_pos + Inferred_Commu spatial manuel iter 0_80,0.3300928446002809,0.8314813081925794,0.09956566558970498,0.8416966473602139,GT_pos_dist,0.7355906
artificial_graph_sbmv_4_comuAndEmb_0_10_pos_0_90_9,0.09999999999999998,9,SiNEcustom_spatial,0.1392082106308701,0.6929537266644831,0.03901169610674319,0.7008746380040098,SiNEcustom_spatial_dist,1.0
artificial_graph_sbmv_4_comuAndEmb_0_10_pos_0_90_9,0.09999999999999998,9,SiNEcustom_spatial_bined,0.12475288052288677,0.6574065409628972,0.03818368757446128,0.6707858097571842,SiNEcustom_spatial_bined_dist,1.0
artificial_graph_sbmv_4_comuAndEmb_0_10_pos_0_90_9,0.09999999999999998,9,SiNE_spatial,0.11415174334317765,0.6367145463903054,0.03989713797170001,0.7043200044553353,SiNE_spatial_dist,1.0
artificial_graph_sbmv_4_comuAndEmb_0_10_pos_0_90_9,0.09999999999999998,9,SiNE_spatial_bined,0.11117409698729565,0.6276727647031302,0.04461054062406948,0.7099230062374693,SiNE_spatial_bined_dist,1.0
artificial_graph_sbmv_4_comuAndEmb_0_10_pos_0_90_9,0.09999999999999998,9,deepwalk,0.17641494673806923,0.7358817199270107,0.0787305142768841,0.7939212519492092,deepwalk_dist,1.0
artificial_graph_sbmv_4_comuAndEmb_0_10_pos_0_90_9,0.09999999999999998,9,GT_pos + SiNEcustom_spatial,0.2776209697437757,0.8293407570298976,0.10488776115697594,0.8515368122076187,GT_pos_dist,0.76502836
artificial_graph_sbmv_4_comuAndEmb_0_10_pos_0_90_9,0.09999999999999998,9,GT_pos + SiNEcustom_spatial_bined,0.3363019226051782,0.8290717260094511,0.10837128111666265,0.8459445310759635,GT_pos_dist,0.7565739
artificial_graph_sbmv_4_comuAndEmb_0_10_pos_0_90_9,0.09999999999999998,9,GT_pos + SiNE_spatial,0.3158705129693649,0.8188836382351565,0.10930192366567541,0.8538970260637113,GT_pos_dist,0.73781574
artificial_graph_sbmv_4_comuAndEmb_0_10_pos_0_90_9,0.09999999999999998,9,GT_pos + SiNE_spatial_bined,0.332725676018803,0.8494712955598185,0.13539578572111974,0.8559485687235464,GT_pos_dist,0.75324214
artificial_graph_sbmv_4_comuAndEmb_0_10_pos_0_90_9,0.09999999999999998,9,GT_pos + deepwalk,0.32115816780233253,0.8379029616806252,0.1217357493557388,0.8590923646691914,GT_pos_dist,0.7602182
artificial_graph_sbmv_4_comuAndEmb_0_00_pos_1_00_9,0.0,9,Inferred_Commu_normal,0.19481352743791872,0.8275739267118578,0.07236732421083322,0.8355238970588235,louvain_density,1.0
artificial_graph_sbmv_4_comuAndEmb_0_00_pos_1_00_9,0.0,9,Inferred_Commu_spatial_manuel_iter,0.1127105091259411,0.5594238137341586,0.028585829653294287,0.5735479292820069,spatial_louvain_density,1.0
artificial_graph_sbmv_4_comuAndEmb_0_00_pos_1_00_9,0.0,9,Inferred_Commu_spatial_manuel_iter_old,0.09393973610036443,0.5816877885843403,0.021099579116849447,0.5161118620242213,spatial_louvain_old_density,1.0
artificial_graph_sbmv_4_comuAndEmb_0_00_pos_1_00_9,0.0,9,Inferred_Commu_spatial_manuel_iter_bined,0.1391967991351726,0.6711612142646626,0.02609012033117272,0.6019994863754325,spatial_louvain_bined_density,1.0
artificial_graph_sbmv_4_comuAndEmb_0_00_pos_1_00_9,0.0,9,Inferred_Commu_spatial_manuel_iter_0_20,0.22187797462466463,0.8266037921210336,0.08942047676300507,0.8376070501730104,spatial_louvain_manualiter_0_20_density,1.0
artificial_graph_sbmv_4_comuAndEmb_0_00_pos_1_00_9,0.0,9,Inferred_Commu_spatial_manuel_iter_0_50,0.2130397281985894,0.7820144414972,0.07303172006128827,0.8292061797145328,spatial_louvain_manualiter_0_50_density,1.0
artificial_graph_sbmv_4_comuAndEmb_0_00_pos_1_00_9,0.0,9,Inferred_Commu_spatial_manuel_iter_0_80,0.10538211285750923,0.6058920326161703,0.029759466323315754,0.6045063797577854,spatial_louvain_manualiter_0_80_density,1.0
artificial_graph_sbmv_4_comuAndEmb_0_00_pos_1_00_9,0.0,9,GT_pos,0.35628798809398915,0.892732586698104,0.18745741037302915,0.9191165657439446,GT_pos_dist,1.0
artificial_graph_sbmv_4_comuAndEmb_0_00_pos_1_00_9,0.0,9,GT_pos + Inferred_Commu normal,0.3154778700383922,0.8872556243245898,0.1851930203005204,0.9137670307093425,GT_pos_dist,0.8414283
artificial_graph_sbmv_4_comuAndEmb_0_00_pos_1_00_9,0.0,9,GT_pos + Inferred_Commu spatial manuel iter,0.3186071860327387,0.8843697809215051,0.15501772389313653,0.9055601211072664,GT_pos_dist,0.7839318
artificial_graph_sbmv_4_comuAndEmb_0_00_pos_1_00_9,0.0,9,GT_pos + Inferred_Commu spatial manuel iter old,0.3381378181120353,0.8796173494449356,0.1578662150764585,0.9074333639705883,GT_pos_dist,0.82626206
artificial_graph_sbmv_4_comuAndEmb_0_00_pos_1_00_9,0.0,9,GT_pos + Inferred_Commu spatial manuel iter bined,0.29945467789458635,0.8752578838785735,0.14888335095472366,0.9034087099913496,GT_pos_dist,0.8135373
artificial_graph_sbmv_4_comuAndEmb_0_00_pos_1_00_9,0.0,9,GT_pos + Inferred_Commu spatial manuel iter 0_20,0.33808086882073046,0.8898099027409372,0.18947794557868164,0.9162756812283738,GT_pos_dist,0.7510129
artificial_graph_sbmv_4_comuAndEmb_0_00_pos_1_00_9,0.0,9,GT_pos + Inferred_Commu spatial manuel iter 0_50,0.3120290487420081,0.8792857844581983,0.19727425720909714,0.9233067960640139,GT_pos_dist,0.8081682
artificial_graph_sbmv_4_comuAndEmb_0_00_pos_1_00_9,0.0,9,GT_pos + Inferred_Commu spatial manuel iter 0_80,0.36820067889004476,0.8876240298654092,0.16583818910390985,0.9094319041955019,GT_pos_dist,0.8121124
artificial_graph_sbmv_4_comuAndEmb_0_00_pos_1_00_9,0.0,9,SiNEcustom_spatial,0.17908740302418166,0.7725464190981433,0.04917577463094887,0.7518614835640138,SiNEcustom_spatial_dist,1.0
artificial_graph_sbmv_4_comuAndEmb_0_00_pos_1_00_9,0.0,9,SiNEcustom_spatial_bined,0.17044210163082188,0.7747568523430592,0.049519008359118925,0.7502378892733563,SiNEcustom_spatial_bined_dist,1.0
artificial_graph_sbmv_4_comuAndEmb_0_00_pos_1_00_9,0.0,9,SiNE_spatial,0.1897053406433782,0.7816705963257687,0.05356143492728555,0.7758977616782007,SiNE_spatial_dist,1.0
artificial_graph_sbmv_4_comuAndEmb_0_00_pos_1_00_9,0.0,9,SiNE_spatial_bined,0.16486093470408295,0.77102367619609,0.056242484098129264,0.768801767949827,SiNE_spatial_bined_dist,1.0
artificial_graph_sbmv_4_comuAndEmb_0_00_pos_1_00_9,0.0,9,deepwalk,0.2451353983492234,0.814041163179094,0.09816455745796694,0.8587199935121108,deepwalk_dist,1.0
artificial_graph_sbmv_4_comuAndEmb_0_00_pos_1_00_9,0.0,9,GT_pos + SiNEcustom_spatial,0.3935656056061181,0.9020900874349151,0.16073970907361032,0.9116591425173011,GT_pos_dist,0.7846112
artificial_graph_sbmv_4_comuAndEmb_0_00_pos_1_00_9,0.0,9,GT_pos + SiNEcustom_spatial_bined,0.33334203066566176,0.8939728853521958,0.1468168172259632,0.9054882136678201,GT_pos_dist,0.7858338
artificial_graph_sbmv_4_comuAndEmb_0_00_pos_1_00_9,0.0,9,GT_pos + SiNE_spatial,0.31729310030706237,0.892094017094017,0.15152923340036142,0.9089300389273356,GT_pos_dist,0.8239754
artificial_graph_sbmv_4_comuAndEmb_0_00_pos_1_00_9,0.0,9,GT_pos + SiNE_spatial_bined,0.38857039038499797,0.8878573533745947,0.15737082959273696,0.9016773897058823,GT_pos_dist,0.78342146
artificial_graph_sbmv_4_comuAndEmb_0_00_pos_1_00_9,0.0,9,GT_pos + deepwalk,0.3115487509966183,0.8673371647509578,0.1748507424889149,0.9104079260380623,GT_pos_dist,0.77781904
artificial_graph_sbmv_4_comuAndEmb_1_00_pos_0_00_10,1.0,10,Inferred_Commu_normal,0.17295545718253297,0.8051287399476232,0.05024779606096586,0.7616168948798552,louvain_density,1.0
artificial_graph_sbmv_4_comuAndEmb_1_00_pos_0_00_10,1.0,10,Inferred_Commu_spatial_manuel_iter,0.1814010358922371,0.8220816241396092,0.0562325129795064,0.8021439607864032,spatial_louvain_density,1.0
artificial_graph_sbmv_4_comuAndEmb_1_00_pos_0_00_10,1.0,10,Inferred_Commu_spatial_manuel_iter_old,0.16965872163583,0.78834967206656,0.07664866038878124,0.7967001438542277,spatial_louvain_old_density,1.0
artificial_graph_sbmv_4_comuAndEmb_1_00_pos_0_00_10,1.0,10,Inferred_Commu_spatial_manuel_iter_bined,0.19205083882765622,0.8013858953857563,0.08748442124990885,0.8441059726144173,spatial_louvain_bined_density,1.0
artificial_graph_sbmv_4_comuAndEmb_1_00_pos_0_00_10,1.0,10,Inferred_Commu_spatial_manuel_iter_0_20,0.20934213872434065,0.8344109944610536,0.05858283761656148,0.8013330491768341,spatial_louvain_manualiter_0_20_density,1.0
artificial_graph_sbmv_4_comuAndEmb_1_00_pos_0_00_10,1.0,10,Inferred_Commu_spatial_manuel_iter_0_50,0.19810523910883682,0.8273772277457183,0.062073562803010254,0.8140245884170707,spatial_louvain_manualiter_0_50_density,1.0
artificial_graph_sbmv_4_comuAndEmb_1_00_pos_0_00_10,1.0,10,Inferred_Commu_spatial_manuel_iter_0_80,0.21279017331648908,0.780794456418457,0.070846847304105,0.7916748361660184,spatial_louvain_manualiter_0_80_density,1.0
artificial_graph_sbmv_4_comuAndEmb_1_00_pos_0_00_10,1.0,10,GT_pos,0.06659126937038976,0.4845535238360101,0.01851707281609038,0.4799106239011135,GT_pos_dist,1.0
artificial_graph_sbmv_4_comuAndEmb_1_00_pos_0_00_10,1.0,10,GT_pos + Inferred_Commu normal,0.1621238294019979,0.7737606897031217,0.04974980731932407,0.7449866801641004,louvain_density,0.87468207
artificial_graph_sbmv_4_comuAndEmb_1_00_pos_0_00_10,1.0,10,GT_pos + Inferred_Commu spatial manuel iter,0.19583514367909974,0.7870981946279172,0.05402921210618918,0.7797272097607758,spatial_louvain_density,0.8589124
artificial_graph_sbmv_4_comuAndEmb_1_00_pos_0_00_10,1.0,10,GT_pos + Inferred_Commu spatial manuel iter old,0.16768838848962644,0.7502375489582609,0.05749959206548439,0.7535839682455112,spatial_louvain_old_density,0.8273662
artificial_graph_sbmv_4_comuAndEmb_1_00_pos_0_00_10,1.0,10,GT_pos + Inferred_Commu spatial manuel iter bined,0.1916496546128756,0.7322070036385547,0.05612968670117359,0.7705815440353775,spatial_louvain_bined_density,0.8027177
artificial_graph_sbmv_4_comuAndEmb_1_00_pos_0_00_10,1.0,10,GT_pos + Inferred_Commu spatial manuel iter 0_20,0.2019088326940957,0.800354585274282,0.04944178719551094,0.7460607917310459,spatial_louvain_manualiter_0_20_density,0.8331628
artificial_graph_sbmv_4_comuAndEmb_1_00_pos_0_00_10,1.0,10,GT_pos + Inferred_Commu spatial manuel iter 0_50,0.17319852512926162,0.7662981760875108,0.04243752426186663,0.7295813575576748,spatial_louvain_manualiter_0_50_density,0.7815767
artificial_graph_sbmv_4_comuAndEmb_1_00_pos_0_00_10,1.0,10,GT_pos + Inferred_Commu spatial manuel iter 0_80,0.2089795085745188,0.7491019490602331,0.05315205894182776,0.7477408226330651,spatial_louvain_manualiter_0_80_density,0.86823016
artificial_graph_sbmv_4_comuAndEmb_1_00_pos_0_00_10,1.0,10,SiNEcustom_spatial,0.32368379108662704,0.8323367864840436,0.1281469993263276,0.8387880281314934,SiNEcustom_spatial_dist,1.0
artificial_graph_sbmv_4_comuAndEmb_1_00_pos_0_00_10,1.0,10,SiNEcustom_spatial_bined,0.28809741999012356,0.7827643746089133,0.1312143889118461,0.8563498321700678,SiNEcustom_spatial_bined_dist,1.0
artificial_graph_sbmv_4_comuAndEmb_1_00_pos_0_00_10,1.0,10,SiNE_spatial,0.2342904114369731,0.8190224570673712,0.059451711892122464,0.7818366721721988,SiNE_spatial_dist,1.0
artificial_graph_sbmv_4_comuAndEmb_1_00_pos_0_00_10,1.0,10,SiNE_spatial_bined,0.22300157771502718,0.8167164940091312,0.08649497004465485,0.797535697160211,SiNE_spatial_bined_dist,1.0
artificial_graph_sbmv_4_comuAndEmb_1_00_pos_0_00_10,1.0,10,deepwalk,0.32588874624444136,0.8251176157037243,0.11780617931996391,0.8303579039906228,deepwalk_dist,1.0
artificial_graph_sbmv_4_comuAndEmb_1_00_pos_0_00_10,1.0,10,GT_pos + SiNEcustom_spatial,0.36862265132672684,0.8106908618971471,0.10054601518264339,0.8081180403857424,SiNEcustom_spatial_dist,0.7344468
artificial_graph_sbmv_4_comuAndEmb_1_00_pos_0_00_10,1.0,10,GT_pos + SiNEcustom_spatial_bined,0.33388672231081,0.7733898815731535,0.09301738213934815,0.8172387980180085,SiNEcustom_spatial_bined_dist,0.7179556
artificial_graph_sbmv_4_comuAndEmb_1_00_pos_0_00_10,1.0,10,GT_pos + SiNE_spatial,0.17737605378590846,0.7792532851282765,0.05034430386920044,0.7596647397304066,SiNE_spatial_dist,0.6505268
artificial_graph_sbmv_4_comuAndEmb_1_00_pos_0_00_10,1.0,10,GT_pos + SiNE_spatial_bined,0.24162597881848277,0.8061832255672206,0.059904663411402,0.7708703180776812,SiNE_spatial_bined_dist,0.65062463
artificial_graph_sbmv_4_comuAndEmb_1_00_pos_0_00_10,1.0,10,GT_pos + deepwalk,0.3157468227396714,0.8166701429928851,0.08971131832093612,0.7914132345889499,deepwalk_dist,0.68818474
artificial_graph_sbmv_4_comuAndEmb_0_90_pos_0_10_10,0.9,10,Inferred_Commu_normal,0.14668065939960268,0.7546296296296297,0.04572721850819099,0.7570862618944637,louvain_density,1.0
artificial_graph_sbmv_4_comuAndEmb_0_90_pos_0_10_10,0.9,10,Inferred_Commu_spatial_manuel_iter,0.16191897308783626,0.7491526672561155,0.04705309017000465,0.7336230806660899,spatial_louvain_density,1.0
artificial_graph_sbmv_4_comuAndEmb_0_90_pos_0_10_10,0.9,10,Inferred_Commu_spatial_manuel_iter_old,0.16883793610892744,0.7684202770409667,0.049815747586390936,0.7462429714532871,spatial_louvain_old_density,1.0
artificial_graph_sbmv_4_comuAndEmb_0_90_pos_0_10_10,0.9,10,Inferred_Commu_spatial_manuel_iter_bined,0.1392860233052316,0.7041703507220749,0.051738193661879685,0.7619179822664359,spatial_louvain_bined_density,1.0
artificial_graph_sbmv_4_comuAndEmb_0_90_pos_0_10_10,0.9,10,Inferred_Commu_spatial_manuel_iter_0_20,0.15859744628983435,0.7554646821888201,0.047153274081925774,0.697895490916955,spatial_louvain_manualiter_0_20_density,1.0
artificial_graph_sbmv_4_comuAndEmb_0_90_pos_0_10_10,0.9,10,Inferred_Commu_spatial_manuel_iter_0_50,0.1606126508772423,0.7625749091266332,0.051670910524105405,0.7601727400519032,spatial_louvain_manualiter_0_50_density,1.0
artificial_graph_sbmv_4_comuAndEmb_0_90_pos_0_10_10,0.9,10,Inferred_Commu_spatial_manuel_iter_0_80,0.1379412961805127,0.7288780823263583,0.042538872901745337,0.7280472804930795,spatial_louvain_manualiter_0_80_density,1.0
artificial_graph_sbmv_4_comuAndEmb_0_90_pos_0_10_10,0.9,10,GT_pos,0.07353455655178431,0.4888618724825622,0.020990340632749994,0.5273433445069204,GT_pos_dist,1.0
artificial_graph_sbmv_4_comuAndEmb_0_90_pos_0_10_10,0.9,10,GT_pos + Inferred_Commu normal,0.17461895897324892,0.7267290500049121,0.04268725194981753,0.7354775356833909,louvain_density,0.76474947
artificial_graph_sbmv_4_comuAndEmb_0_90_pos_0_10_10,0.9,10,GT_pos + Inferred_Commu spatial manuel iter,0.18383218783584665,0.699098634443462,0.04493073256718305,0.7120658520761245,spatial_louvain_density,0.7718864
artificial_graph_sbmv_4_comuAndEmb_0_90_pos_0_10_10,0.9,10,GT_pos + Inferred_Commu spatial manuel iter old,0.19305381259797735,0.7354479811376363,0.044560020365102315,0.7212502703287198,spatial_louvain_old_density,0.7662601
artificial_graph_sbmv_4_comuAndEmb_0_90_pos_0_10_10,0.9,10,GT_pos + Inferred_Commu spatial manuel iter bined,0.15171701621212536,0.6559706257982121,0.07004606262680407,0.7637335099480969,spatial_louvain_bined_density,0.7494296
artificial_graph_sbmv_4_comuAndEmb_0_90_pos_0_10_10,0.9,10,GT_pos + Inferred_Commu spatial manuel iter 0_20,0.18073518785382794,0.7237940858630514,0.05441605059858552,0.7385464424740484,spatial_louvain_manualiter_0_20_density,0.79218477
artificial_graph_sbmv_4_comuAndEmb_0_90_pos_0_10_10,0.9,10,GT_pos + Inferred_Commu spatial manuel iter 0_50,0.16064412116490215,0.7206994793201689,0.05266918917802453,0.7256829855103806,spatial_louvain_manualiter_0_50_density,0.7613504
artificial_graph_sbmv_4_comuAndEmb_0_90_pos_0_10_10,0.9,10,GT_pos + Inferred_Commu spatial manuel iter 0_80,0.14997870349278755,0.6432851950093329,0.04611673721610876,0.7046316771193771,spatial_louvain_manualiter_0_80_density,0.74592537
artificial_graph_sbmv_4_comuAndEmb_0_90_pos_0_10_10,0.9,10,SiNEcustom_spatial,0.19186851802657107,0.7818670792808724,0.09432148932227197,0.7802722210207612,SiNEcustom_spatial_dist,1.0
artificial_graph_sbmv_4_comuAndEmb_0_90_pos_0_10_10,0.9,10,SiNEcustom_spatial_bined,0.22314399023941667,0.810799194419884,0.07993081294961038,0.7850620404411763,SiNEcustom_spatial_bined_dist,1.0
artificial_graph_sbmv_4_comuAndEmb_0_90_pos_0_10_10,0.9,10,SiNE_spatial,0.17520426057720787,0.7017634345220553,0.046481003574842625,0.7239205774221453,SiNE_spatial_dist,1.0
artificial_graph_sbmv_4_comuAndEmb_0_90_pos_0_10_10,0.9,10,SiNE_spatial_bined,0.1334268885303891,0.7226274683171237,0.03825644633327827,0.7005505244377164,SiNE_spatial_bined_dist,1.0
artificial_graph_sbmv_4_comuAndEmb_0_90_pos_0_10_10,0.9,10,deepwalk,0.28231242945587576,0.7973155516258963,0.08730212679847435,0.7781060769896194,deepwalk_dist,1.0
artificial_graph_sbmv_4_comuAndEmb_0_90_pos_0_10_10,0.9,10,GT_pos + SiNEcustom_spatial,0.22740880962342747,0.7513262599469496,0.07162328280809975,0.7687787900086506,SiNEcustom_spatial_dist,0.67507786
artificial_graph_sbmv_4_comuAndEmb_0_90_pos_0_10_10,0.9,10,GT_pos + SiNEcustom_spatial_bined,0.22027942024442973,0.7763041556145005,0.06622616855077935,0.7564530168685121,SiNEcustom_spatial_bined_dist,0.6797224
artificial_graph_sbmv_4_comuAndEmb_0_90_pos_0_10_10,0.9,10,GT_pos + SiNE_spatial,0.11647071276578566,0.7071789959720993,0.041565415031208,0.7087629757785467,SiNE_spatial_dist,0.63119715
artificial_graph_sbmv_4_comuAndEmb_0_90_pos_0_10_10,0.9,10,GT_pos + SiNE_spatial_bined,0.1294693507117378,0.7156400432262501,0.04191126612173246,0.7023925443339101,SiNE_spatial_bined_dist,0.61874706
artificial_graph_sbmv_4_comuAndEmb_0_90_pos_0_10_10,0.9,10,GT_pos + deepwalk,0.2717129569290092,0.7440686707928088,0.06722469025170938,0.7484089803200692,deepwalk_dist,0.6193075
artificial_graph_sbmv_4_comuAndEmb_0_80_pos_0_20_10,0.8,10,Inferred_Commu_normal,0.12255251966575535,0.6573650947982499,0.04083350085867017,0.6986939175664819,louvain_density,1.0
artificial_graph_sbmv_4_comuAndEmb_0_80_pos_0_20_10,0.8,10,Inferred_Commu_spatial_manuel_iter,0.12776536555338233,0.6977758872143899,0.0464904705933936,0.6866160591495214,spatial_louvain_density,1.0
artificial_graph_sbmv_4_comuAndEmb_0_80_pos_0_20_10,0.8,10,Inferred_Commu_spatial_manuel_iter_old,0.13115933047285364,0.7162007778317938,0.04618522258823698,0.7325412235672172,spatial_louvain_old_density,1.0
artificial_graph_sbmv_4_comuAndEmb_0_80_pos_0_20_10,0.8,10,Inferred_Commu_spatial_manuel_iter_bined,0.13195385761519,0.7166383082158483,0.04318616503525779,0.7199504364047332,spatial_louvain_bined_density,1.0
artificial_graph_sbmv_4_comuAndEmb_0_80_pos_0_20_10,0.8,10,Inferred_Commu_spatial_manuel_iter_0_20,0.1336034214182904,0.7018595041322313,0.044268162163834696,0.7299335521030488,spatial_louvain_manualiter_0_20_density,1.0
artificial_graph_sbmv_4_comuAndEmb_0_80_pos_0_20_10,0.8,10,Inferred_Commu_spatial_manuel_iter_0_50,0.1380322126928975,0.7382109868740885,0.05190642199858172,0.7476669707656486,spatial_louvain_manualiter_0_50_density,1.0
artificial_graph_sbmv_4_comuAndEmb_0_80_pos_0_20_10,0.8,10,Inferred_Commu_spatial_manuel_iter_0_80,0.12516594323231123,0.6921366067087993,0.046386540287737095,0.740997535436609,spatial_louvain_manualiter_0_80_density,1.0
artificial_graph_sbmv_4_comuAndEmb_0_80_pos_0_20_10,0.8,10,GT_pos,0.11171309948874152,0.6287797763733592,0.02415174296181085,0.538835936329843,GT_pos_dist,1.0
artificial_graph_sbmv_4_comuAndEmb_0_80_pos_0_20_10,0.8,10,GT_pos + Inferred_Commu normal,0.14667333220098994,0.7349416626154595,0.04149573866441243,0.694126986288313,louvain_density,0.74716187
artificial_graph_sbmv_4_comuAndEmb_0_80_pos_0_20_10,0.8,10,GT_pos + Inferred_Commu spatial manuel iter,0.16635722665059754,0.7339572192513368,0.03717552816481262,0.6660711319290316,spatial_louvain_density,0.6997273
artificial_graph_sbmv_4_comuAndEmb_0_80_pos_0_20_10,0.8,10,GT_pos + Inferred_Commu spatial manuel iter old,0.1648604983241866,0.7251093825960135,0.04170312143522674,0.7075013956781634,spatial_louvain_old_density,0.7472342
artificial_graph_sbmv_4_comuAndEmb_0_80_pos_0_20_10,0.8,10,GT_pos + Inferred_Commu spatial manuel iter bined,0.15703384531878453,0.7381259115216334,0.04128293744935751,0.7057083917702646,spatial_louvain_bined_density,0.66912526
artificial_graph_sbmv_4_comuAndEmb_0_80_pos_0_20_10,0.8,10,GT_pos + Inferred_Commu spatial manuel iter 0_20,0.14301028914593616,0.727260573650948,0.04295841256443019,0.7061578682207487,spatial_louvain_manualiter_0_20_density,0.7156241
artificial_graph_sbmv_4_comuAndEmb_0_80_pos_0_20_10,0.8,10,GT_pos + Inferred_Commu spatial manuel iter 0_50,0.2005762789205079,0.7600875060768109,0.041099337278901964,0.7374440707506706,spatial_louvain_manualiter_0_50_density,0.71157616
artificial_graph_sbmv_4_comuAndEmb_0_80_pos_0_20_10,0.8,10,GT_pos + Inferred_Commu spatial manuel iter 0_80,0.1577122386803506,0.7395235780262518,0.043185335601699154,0.7218367124630657,spatial_louvain_manualiter_0_80_density,0.6618449
artificial_graph_sbmv_4_comuAndEmb_0_80_pos_0_20_10,0.8,10,SiNEcustom_spatial,0.13268972393086426,0.6529654837141469,0.07095472661333813,0.7299451260195259,SiNEcustom_spatial_dist,1.0
artificial_graph_sbmv_4_comuAndEmb_0_80_pos_0_20_10,0.8,10,SiNEcustom_spatial_bined,0.1869675689238109,0.6727515799708313,0.08277358056114409,0.7367805449272204,SiNEcustom_spatial_bined_dist,1.0
artificial_graph_sbmv_4_comuAndEmb_0_80_pos_0_20_10,0.8,10,SiNE_spatial,0.10392706219339493,0.5672702965483715,0.03245222522587112,0.62683147015972,SiNE_spatial_dist,1.0
artificial_graph_sbmv_4_comuAndEmb_0_80_pos_0_20_10,0.8,10,SiNE_spatial_bined,0.09577297133916471,0.6174769081186193,0.02973109940457374,0.6277572473141706,SiNE_spatial_bined_dist,1.0
artificial_graph_sbmv_4_comuAndEmb_0_80_pos_0_20_10,0.8,10,deepwalk,0.18892165990603235,0.6846864365580942,0.05145280484158528,0.6961371713348129,deepwalk_dist,1.0
artificial_graph_sbmv_4_comuAndEmb_0_80_pos_0_20_10,0.8,10,GT_pos + SiNEcustom_spatial,0.17294677779375436,0.7106830335439962,0.06552589099432185,0.7291482959110034,SiNEcustom_spatial_dist,0.6231245
artificial_graph_sbmv_4_comuAndEmb_0_80_pos_0_20_10,0.8,10,GT_pos + SiNEcustom_spatial_bined,0.24397934444868286,0.7423189110354885,0.06364175029701917,0.7469474816519382,SiNEcustom_spatial_bined_dist,0.6184642
artificial_graph_sbmv_4_comuAndEmb_0_80_pos_0_20_10,0.8,10,GT_pos + SiNE_spatial,0.13010247347919968,0.6421852211959164,0.03724503014741422,0.6380828147764872,SiNE_spatial_dist,0.5580031
artificial_graph_sbmv_4_comuAndEmb_0_80_pos_0_20_10,0.8,10,GT_pos + SiNE_spatial_bined,0.1338150484389723,0.670393777345649,0.03486137018157247,0.655493525414959,SiNE_spatial_bined_dist,0.54528236
artificial_graph_sbmv_4_comuAndEmb_0_80_pos_0_20_10,0.8,10,GT_pos + deepwalk,0.20888570317525976,0.7347350510452114,0.040439326609794074,0.6815952941817242,deepwalk_dist,0.5672873
artificial_graph_sbmv_4_comuAndEmb_0_70_pos_0_30_10,0.7,10,Inferred_Commu_normal,0.1135643686780608,0.6841087111322098,0.03985021635735054,0.6890796178759009,louvain_density,1.0
artificial_graph_sbmv_4_comuAndEmb_0_70_pos_0_30_10,0.7,10,Inferred_Commu_spatial_manuel_iter,0.17357633340049866,0.7350937574175171,0.04688606937498974,0.7172496709197305,spatial_louvain_density,1.0
artificial_graph_sbmv_4_comuAndEmb_0_70_pos_0_30_10,0.7,10,Inferred_Commu_spatial_manuel_iter_old,0.12059289234412734,0.6958699264182293,0.040446051747251396,0.668941208669473,spatial_louvain_old_density,1.0
artificial_graph_sbmv_4_comuAndEmb_0_70_pos_0_30_10,0.7,10,Inferred_Commu_spatial_manuel_iter_bined,0.14798784631869985,0.7388559221457395,0.041694777120013495,0.704951322185875,spatial_louvain_bined_density,1.0
artificial_graph_sbmv_4_comuAndEmb_0_70_pos_0_30_10,0.7,10,Inferred_Commu_spatial_manuel_iter_0_20,0.13925481425364777,0.7162829337764064,0.041626089965576665,0.6882448617862869,spatial_louvain_manualiter_0_20_density,1.0
artificial_graph_sbmv_4_comuAndEmb_0_70_pos_0_30_10,0.7,10,Inferred_Commu_spatial_manuel_iter_0_50,0.12304642537243976,0.6884880132921909,0.04356017371546841,0.7028839161203717,spatial_louvain_manualiter_0_50_density,1.0
artificial_graph_sbmv_4_comuAndEmb_0_70_pos_0_30_10,0.7,10,Inferred_Commu_spatial_manuel_iter_0_80,0.13242827891159648,0.69137194398291,0.03193347319680149,0.572017490127592,spatial_louvain_manualiter_0_80_density,1.0
artificial_graph_sbmv_4_comuAndEmb_0_70_pos_0_30_10,0.7,10,GT_pos,0.12959497970616157,0.640030856871588,0.034285815686825635,0.6115209373248707,GT_pos_dist,1.0
artificial_graph_sbmv_4_comuAndEmb_0_70_pos_0_30_10,0.7,10,GT_pos + Inferred_Commu normal,0.11487664536647872,0.6920009494422027,0.043070432754563764,0.7195708271970181,louvain_density,0.5821169
artificial_graph_sbmv_4_comuAndEmb_0_70_pos_0_30_10,0.7,10,GT_pos + Inferred_Commu spatial manuel iter,0.18265962781443418,0.7569902682174223,0.042120447319797534,0.7288415071224699,spatial_louvain_density,0.6184587
artificial_graph_sbmv_4_comuAndEmb_0_70_pos_0_30_10,0.7,10,GT_pos + Inferred_Commu spatial manuel iter old,0.1394823741615859,0.7105269404225018,0.04016858247055907,0.7049489762671219,spatial_louvain_old_density,0.5826481
artificial_graph_sbmv_4_comuAndEmb_0_70_pos_0_30_10,0.7,10,GT_pos + Inferred_Commu spatial manuel iter bined,0.17729765593246313,0.7586161879895561,0.046580327473831555,0.748570162520038,spatial_louvain_bined_density,0.60197175
artificial_graph_sbmv_4_comuAndEmb_0_70_pos_0_30_10,0.7,10,GT_pos + Inferred_Commu spatial manuel iter 0_20,0.16738357690644876,0.7580346546403988,0.039574237061330265,0.6833037052483416,spatial_louvain_manualiter_0_20_density,0.6170753
artificial_graph_sbmv_4_comuAndEmb_0_70_pos_0_30_10,0.7,10,GT_pos + Inferred_Commu spatial manuel iter 0_50,0.17006828300572396,0.7466176121528603,0.03562376015793338,0.6952630687223866,spatial_louvain_manualiter_0_50_density,0.62441504
artificial_graph_sbmv_4_comuAndEmb_0_70_pos_0_30_10,0.7,10,GT_pos + Inferred_Commu spatial manuel iter 0_80,0.16141574473435813,0.7507832898172323,0.0434125866923268,0.7130586870674712,spatial_louvain_manualiter_0_80_density,0.5448675
artificial_graph_sbmv_4_comuAndEmb_0_70_pos_0_30_10,0.7,10,SiNEcustom_spatial,0.1250668368107804,0.6124020887728461,0.05964481279888377,0.6992937481265231,SiNEcustom_spatial_dist,1.0
artificial_graph_sbmv_4_comuAndEmb_0_70_pos_0_30_10,0.7,10,SiNEcustom_spatial_bined,0.13676181597319798,0.6215879420840256,0.06100212980136614,0.7086146046475257,SiNEcustom_spatial_bined_dist,1.0
artificial_graph_sbmv_4_comuAndEmb_0_70_pos_0_30_10,0.7,10,SiNE_spatial,0.09298316579787769,0.6370757180156659,0.030716171140495154,0.6295723911428535,SiNE_spatial_dist,1.0
artificial_graph_sbmv_4_comuAndEmb_0_70_pos_0_30_10,0.7,10,SiNE_spatial_bined,0.08643886188118588,0.5661049133633991,0.03236224745098168,0.6409689947738144,SiNE_spatial_bined_dist,1.0
artificial_graph_sbmv_4_comuAndEmb_0_70_pos_0_30_10,0.7,10,deepwalk,0.16271639163662033,0.6568834559696178,0.048485527139469506,0.6780652686728617,deepwalk_dist,1.0
artificial_graph_sbmv_4_comuAndEmb_0_70_pos_0_30_10,0.7,10,GT_pos + SiNEcustom_spatial,0.14671403864203855,0.6922264419653453,0.054150965302312046,0.7297126249527558,SiNEcustom_spatial_dist,0.54732686
artificial_graph_sbmv_4_comuAndEmb_0_70_pos_0_30_10,0.7,10,GT_pos + SiNEcustom_spatial_bined,0.2030271343681631,0.7124970329931165,0.06310516387166586,0.7303297319136179,SiNEcustom_spatial_bined_dist,0.54604316
artificial_graph_sbmv_4_comuAndEmb_0_70_pos_0_30_10,0.7,10,GT_pos + SiNE_spatial,0.17874300414428948,0.663268454782815,0.03353229570092886,0.6554519151820043,SiNE_spatial_dist,0.51640123
artificial_graph_sbmv_4_comuAndEmb_0_70_pos_0_30_10,0.7,10,GT_pos + SiNE_spatial_bined,0.10403865280669053,0.6287443626869215,0.042508336779750217,0.6665220451198373,SiNE_spatial_bined_dist,0.50562453
artificial_graph_sbmv_4_comuAndEmb_0_70_pos_0_30_10,0.7,10,GT_pos + deepwalk,0.1962006519526298,0.7014953714692618,0.040711393258050496,0.6857979381980738,deepwalk_dist,0.5456213
artificial_graph_sbmv_4_comuAndEmb_0_60_pos_0_40_10,0.6,10,Inferred_Commu_normal,0.12175999629213742,0.6658755038065383,0.036988445701076164,0.6578274945080356,louvain_density,1.0
artificial_graph_sbmv_4_comuAndEmb_0_60_pos_0_40_10,0.6,10,Inferred_Commu_spatial_manuel_iter,0.14729673926107625,0.68153828929691,0.03618542576913847,0.6874577664726815,spatial_louvain_density,1.0
artificial_graph_sbmv_4_comuAndEmb_0_60_pos_0_40_10,0.6,10,Inferred_Commu_spatial_manuel_iter_old,0.10947011378399742,0.6464173757277205,0.03759326853240447,0.6605183643581147,spatial_louvain_old_density,1.0
artificial_graph_sbmv_4_comuAndEmb_0_60_pos_0_40_10,0.6,10,Inferred_Commu_spatial_manuel_iter_bined,0.12542800886991615,0.6296574115539632,0.03736886656272802,0.6662071401960407,spatial_louvain_bined_density,1.0
artificial_graph_sbmv_4_comuAndEmb_0_60_pos_0_40_10,0.6,10,Inferred_Commu_spatial_manuel_iter_0_20,0.12017455279949096,0.6653605015673981,0.03432930367916662,0.6533251114451254,spatial_louvain_manualiter_0_20_density,1.0
artificial_graph_sbmv_4_comuAndEmb_0_60_pos_0_40_10,0.6,10,Inferred_Commu_spatial_manuel_iter_0_50,0.119754993792264,0.6776197939991044,0.04021590578722081,0.6713057386210353,spatial_louvain_manualiter_0_50_density,1.0
artificial_graph_sbmv_4_comuAndEmb_0_60_pos_0_40_10,0.6,10,Inferred_Commu_spatial_manuel_iter_0_80,0.1782474720190221,0.685154500671742,0.04351625689393554,0.7035378528025077,spatial_louvain_manualiter_0_80_density,1.0
artificial_graph_sbmv_4_comuAndEmb_0_60_pos_0_40_10,0.6,10,GT_pos,0.16128505599224202,0.6383788625167935,0.038149604636921255,0.6334720776968435,GT_pos_dist,1.0
artificial_graph_sbmv_4_comuAndEmb_0_60_pos_0_40_10,0.6,10,GT_pos + Inferred_Commu normal,0.1896560183245988,0.7293551276309898,0.03345111519595955,0.6418264153852083,louvain_density,0.5157522
artificial_graph_sbmv_4_comuAndEmb_0_60_pos_0_40_10,0.6,10,GT_pos + Inferred_Commu spatial manuel iter,0.20487355255683012,0.7370353784146888,0.056082906742934154,0.7086965737850233,spatial_louvain_density,0.55240786
artificial_graph_sbmv_4_comuAndEmb_0_60_pos_0_40_10,0.6,10,GT_pos + Inferred_Commu spatial manuel iter old,0.17942014244008173,0.686654724585759,0.048223636135439216,0.6879892344651276,spatial_louvain_old_density,0.5248447
artificial_graph_sbmv_4_comuAndEmb_0_60_pos_0_40_10,0.6,10,GT_pos + Inferred_Commu spatial manuel iter bined,0.15953546239510574,0.7045902373488581,0.04850740248956999,0.6874214103107616,GT_pos_dist,0.5108248
artificial_graph_sbmv_4_comuAndEmb_0_60_pos_0_40_10,0.6,10,GT_pos + Inferred_Commu spatial manuel iter 0_20,0.21948046920161848,0.6980631437527989,0.04834448643103584,0.7017298081987642,spatial_louvain_manualiter_0_20_density,0.50745136
artificial_graph_sbmv_4_comuAndEmb_0_60_pos_0_40_10,0.6,10,GT_pos + Inferred_Commu spatial manuel iter 0_50,0.1831955293753472,0.687281683833408,0.04682086141783394,0.7030552022712966,spatial_louvain_manualiter_0_50_density,0.55330646
artificial_graph_sbmv_4_comuAndEmb_0_60_pos_0_40_10,0.6,10,GT_pos + Inferred_Commu spatial manuel iter 0_80,0.21761696832087069,0.7082624272279445,0.04179468654850954,0.6944057758764661,GT_pos_dist,0.5095435
artificial_graph_sbmv_4_comuAndEmb_0_60_pos_0_40_10,0.6,10,SiNEcustom_spatial,0.14277877168831044,0.6010971786833856,0.04339162322840008,0.6634824835241069,SiNEcustom_spatial_dist,1.0
artificial_graph_sbmv_4_comuAndEmb_0_60_pos_0_40_10,0.6,10,SiNEcustom_spatial_bined,0.13569983504335248,0.6360389610389611,0.03702403224917532,0.6541596330982388,SiNEcustom_spatial_bined_dist,1.0
artificial_graph_sbmv_4_comuAndEmb_0_60_pos_0_40_10,0.6,10,SiNE_spatial,0.12065793908030494,0.6579713390058217,0.02578074609571311,0.5751671998047302,SiNE_spatial_dist,1.0
artificial_graph_sbmv_4_comuAndEmb_0_60_pos_0_40_10,0.6,10,SiNE_spatial_bined,0.12150039546123721,0.5791088222122704,0.023562743084086957,0.564953559178325,SiNE_spatial_bined_dist,1.0
artificial_graph_sbmv_4_comuAndEmb_0_60_pos_0_40_10,0.6,10,deepwalk,0.1569857303031367,0.670051500223914,0.04257277698523848,0.6837399313986203,deepwalk_dist,1.0
artificial_graph_sbmv_4_comuAndEmb_0_60_pos_0_40_10,0.6,10,GT_pos + SiNEcustom_spatial,0.12380763924049477,0.6843931930138827,0.050748716215501984,0.7123382279261572,GT_pos_dist,0.52664715
artificial_graph_sbmv_4_comuAndEmb_0_60_pos_0_40_10,0.6,10,GT_pos + SiNEcustom_spatial_bined,0.21024247841837918,0.6830273175100761,0.0562911252700225,0.6976690946930282,GT_pos_dist,0.5324823
artificial_graph_sbmv_4_comuAndEmb_0_60_pos_0_40_10,0.6,10,GT_pos + SiNE_spatial,0.1342083490207404,0.6654164800716525,0.03812689892407114,0.6603803907966239,GT_pos_dist,0.5627446
artificial_graph_sbmv_4_comuAndEmb_0_60_pos_0_40_10,0.6,10,GT_pos + SiNE_spatial_bined,0.12614245096465998,0.6485669502910882,0.04125344499335936,0.6577082771290194,GT_pos_dist,0.590093
artificial_graph_sbmv_4_comuAndEmb_0_60_pos_0_40_10,0.6,10,GT_pos + deepwalk,0.19834311010157368,0.7114755933721452,0.04671211747321264,0.6852766536914994,GT_pos_dist,0.5625913
artificial_graph_sbmv_4_comuAndEmb_0_50_pos_0_50_10,0.5,10,Inferred_Commu_normal,0.1260544236859227,0.6831321022727272,0.034535341328246566,0.6443003297319136,louvain_density,1.0
artificial_graph_sbmv_4_comuAndEmb_0_50_pos_0_50_10,0.5,10,Inferred_Commu_spatial_manuel_iter,0.10977698081185254,0.6230942234848486,0.029483553284835838,0.6007380521054622,spatial_louvain_density,1.0
artificial_graph_sbmv_4_comuAndEmb_0_50_pos_0_50_10,0.5,10,Inferred_Commu_spatial_manuel_iter_old,0.08390834192790025,0.5564985795454545,0.026558565588645586,0.5661985689895607,spatial_louvain_old_density,1.0
artificial_graph_sbmv_4_comuAndEmb_0_50_pos_0_50_10,0.5,10,Inferred_Commu_spatial_manuel_iter_bined,0.10656707342761912,0.6253432765151516,0.0262701092233545,0.542495275580289,spatial_louvain_bined_density,1.0
artificial_graph_sbmv_4_comuAndEmb_0_50_pos_0_50_10,0.5,10,Inferred_Commu_spatial_manuel_iter_0_20,0.095016756274486,0.610653409090909,0.027743780786412257,0.6099834482399094,spatial_louvain_manualiter_0_20_density,1.0
artificial_graph_sbmv_4_comuAndEmb_0_50_pos_0_50_10,0.5,10,Inferred_Commu_spatial_manuel_iter_0_50,0.08132257546638806,0.553231534090909,0.029789707759785792,0.596169245005148,spatial_louvain_manualiter_0_50_density,1.0
artificial_graph_sbmv_4_comuAndEmb_0_50_pos_0_50_10,0.5,10,Inferred_Commu_spatial_manuel_iter_0_80,0.09198960338032057,0.5804569128787879,0.027790455317604542,0.5415652491235388,spatial_louvain_manualiter_0_80_density,1.0
artificial_graph_sbmv_4_comuAndEmb_0_50_pos_0_50_10,0.5,10,GT_pos,0.13718602305687633,0.6440696022727272,0.06116111265470218,0.6969496539769839,GT_pos_dist,1.0
artificial_graph_sbmv_4_comuAndEmb_0_50_pos_0_50_10,0.5,10,GT_pos + Inferred_Commu normal,0.14912347424174968,0.7120975378787878,0.05020522376284435,0.6936776186318081,GT_pos_dist,0.58366543
artificial_graph_sbmv_4_comuAndEmb_0_50_pos_0_50_10,0.5,10,GT_pos + Inferred_Commu spatial manuel iter,0.18157996804634105,0.7502249053030303,0.05129857813938934,0.7325625252512088,spatial_louvain_density,0.5510007
artificial_graph_sbmv_4_comuAndEmb_0_50_pos_0_50_10,0.5,10,GT_pos + Inferred_Commu spatial manuel iter old,0.12590843949350666,0.6741714015151514,0.05446033880837605,0.697597388210455,GT_pos_dist,0.54615283
artificial_graph_sbmv_4_comuAndEmb_0_50_pos_0_50_10,0.5,10,GT_pos + Inferred_Commu spatial manuel iter bined,0.1613544470626433,0.7187263257575758,0.04368406704657139,0.6915339702068318,GT_pos_dist,0.5066959
artificial_graph_sbmv_4_comuAndEmb_0_50_pos_0_50_10,0.5,10,GT_pos + Inferred_Commu spatial manuel iter 0_20,0.11474686506672155,0.6769531249999999,0.043583787261796264,0.6736305699279281,spatial_louvain_manualiter_0_20_density,0.5055155
artificial_graph_sbmv_4_comuAndEmb_0_50_pos_0_50_10,0.5,10,GT_pos + Inferred_Commu spatial manuel iter 0_50,0.12828975625710556,0.6632102272727272,0.05695033923666602,0.6920148835511997,spatial_louvain_manualiter_0_50_density,0.5134519
artificial_graph_sbmv_4_comuAndEmb_0_50_pos_0_50_10,0.5,10,GT_pos + Inferred_Commu spatial manuel iter 0_80,0.1574174749798818,0.7188210227272727,0.045340985668508145,0.6837735406430424,spatial_louvain_manualiter_0_80_density,0.50229514
artificial_graph_sbmv_4_comuAndEmb_0_50_pos_0_50_10,0.5,10,SiNEcustom_spatial,0.10486730158307156,0.6081202651515152,0.036382100990575005,0.6203890315265415,SiNEcustom_spatial_dist,1.0
artificial_graph_sbmv_4_comuAndEmb_0_50_pos_0_50_10,0.5,10,SiNEcustom_spatial_bined,0.09814926965952239,0.6087239583333333,0.02954351604895046,0.5772902031826298,SiNEcustom_spatial_bined_dist,1.0
artificial_graph_sbmv_4_comuAndEmb_0_50_pos_0_50_10,0.5,10,SiNE_spatial,0.10267788523620647,0.6055871212121212,0.02674659590727231,0.58992610355928,SiNE_spatial_dist,1.0
artificial_graph_sbmv_4_comuAndEmb_0_50_pos_0_50_10,0.5,10,SiNE_spatial_bined,0.08331584121688174,0.5717329545454545,0.024443130104710234,0.5612465951595876,SiNE_spatial_bined_dist,1.0
artificial_graph_sbmv_4_comuAndEmb_0_50_pos_0_50_10,0.5,10,deepwalk,0.12374631128755605,0.618169981060606,0.031428708775492475,0.6364992375764054,deepwalk_dist,1.0
artificial_graph_sbmv_4_comuAndEmb_0_50_pos_0_50_10,0.5,10,GT_pos + SiNEcustom_spatial,0.16467168012310926,0.6770833333333333,0.05702412942412612,0.7178811140507501,GT_pos_dist,0.56360584
artificial_graph_sbmv_4_comuAndEmb_0_50_pos_0_50_10,0.5,10,GT_pos + SiNEcustom_spatial_bined,0.11844521301577925,0.6469578598484849,0.052115873387997384,0.6985676862724655,GT_pos_dist,0.5871907
artificial_graph_sbmv_4_comuAndEmb_0_50_pos_0_50_10,0.5,10,GT_pos + SiNE_spatial,0.16184058109841423,0.6736979166666667,0.051754824899190616,0.7029316164683497,GT_pos_dist,0.55659795
artificial_graph_sbmv_4_comuAndEmb_0_50_pos_0_50_10,0.5,10,GT_pos + SiNE_spatial_bined,0.12554985829369003,0.6624408143939393,0.043067254536309725,0.6878335440315917,GT_pos_dist,0.58480865
artificial_graph_sbmv_4_comuAndEmb_0_50_pos_0_50_10,0.5,10,GT_pos + deepwalk,0.18874841993088418,0.6859019886363636,0.054675125074134356,0.6940895880306013,GT_pos_dist,0.58760756
artificial_graph_sbmv_4_comuAndEmb_0_40_pos_0_60_10,0.3999999999999999,10,Inferred_Commu_normal,0.11655141389266394,0.6687511166696445,0.038594733574749934,0.6938454081632652,louvain_density,1.0
artificial_graph_sbmv_4_comuAndEmb_0_40_pos_0_60_10,0.3999999999999999,10,Inferred_Commu_spatial_manuel_iter,0.0860512660729191,0.5489994639985707,0.01889684408531988,0.47724362244897955,spatial_louvain_density,1.0
artificial_graph_sbmv_4_comuAndEmb_0_40_pos_0_60_10,0.3999999999999999,10,Inferred_Commu_spatial_manuel_iter_old,0.09604795148494936,0.600913435769162,0.019107455243921954,0.47952079081632654,spatial_louvain_old_density,1.0
artificial_graph_sbmv_4_comuAndEmb_0_40_pos_0_60_10,0.3999999999999999,10,Inferred_Commu_spatial_manuel_iter_bined,0.09360335068316257,0.5832923887797035,0.02168639982296418,0.5473387755102042,spatial_louvain_bined_density,1.0
artificial_graph_sbmv_4_comuAndEmb_0_40_pos_0_60_10,0.3999999999999999,10,Inferred_Commu_spatial_manuel_iter_0_20,0.1221344918247255,0.6744349651599071,0.04556862860198892,0.7217202806122449,spatial_louvain_manualiter_0_20_density,1.0
artificial_graph_sbmv_4_comuAndEmb_0_40_pos_0_60_10,0.3999999999999999,10,Inferred_Commu_spatial_manuel_iter_0_50,0.10748728179104879,0.5764695372520993,0.027265932196969454,0.5591515306122449,spatial_louvain_manualiter_0_50_density,1.0
artificial_graph_sbmv_4_comuAndEmb_0_40_pos_0_60_10,0.3999999999999999,10,Inferred_Commu_spatial_manuel_iter_0_80,0.09635429467069287,0.5681391817044845,0.02089377616694,0.5308807397959183,spatial_louvain_manualiter_0_80_density,1.0
artificial_graph_sbmv_4_comuAndEmb_0_40_pos_0_60_10,0.3999999999999999,10,GT_pos,0.14305476895965594,0.6855569948186528,0.07343790245597505,0.7224785714285714,GT_pos_dist,1.0
artificial_graph_sbmv_4_comuAndEmb_0_40_pos_0_60_10,0.3999999999999999,10,GT_pos + Inferred_Commu normal,0.13125079243760815,0.6803421475790602,0.06819516915546181,0.7089565051020408,GT_pos_dist,0.5880596
artificial_graph_sbmv_4_comuAndEmb_0_40_pos_0_60_10,0.3999999999999999,10,GT_pos + Inferred_Commu spatial manuel iter,0.16973535589350766,0.6901911738431302,0.0545543392904629,0.701056887755102,GT_pos_dist,0.5628291
artificial_graph_sbmv_4_comuAndEmb_0_40_pos_0_60_10,0.3999999999999999,10,GT_pos + Inferred_Commu spatial manuel iter old,0.14620237271187506,0.7274991066642844,0.0498716520509794,0.6612914540816327,GT_pos_dist,0.61176074
artificial_graph_sbmv_4_comuAndEmb_0_40_pos_0_60_10,0.3999999999999999,10,GT_pos + Inferred_Commu spatial manuel iter bined,0.15165150894013077,0.7176947471859925,0.062212001991868236,0.7291670918367347,GT_pos_dist,0.58275574
artificial_graph_sbmv_4_comuAndEmb_0_40_pos_0_60_10,0.3999999999999999,10,GT_pos + Inferred_Commu spatial manuel iter 0_20,0.1536620391051201,0.7008107021618726,0.06273122232216605,0.7253206632653062,GT_pos_dist,0.6564236
artificial_graph_sbmv_4_comuAndEmb_0_40_pos_0_60_10,0.3999999999999999,10,GT_pos + Inferred_Commu spatial manuel iter 0_50,0.1930605221980539,0.7268067714847241,0.0627725891601344,0.696352806122449,GT_pos_dist,0.6191332
artificial_graph_sbmv_4_comuAndEmb_0_40_pos_0_60_10,0.3999999999999999,10,GT_pos + Inferred_Commu spatial manuel iter 0_80,0.15376266891919582,0.7216254243344649,0.059159294455688856,0.6875382653061225,GT_pos_dist,0.6113632
artificial_graph_sbmv_4_comuAndEmb_0_40_pos_0_60_10,0.3999999999999999,10,SiNEcustom_spatial,0.10058807396880896,0.600120600321601,0.026999425503441164,0.5924052295918367,SiNEcustom_spatial_dist,1.0
artificial_graph_sbmv_4_comuAndEmb_0_40_pos_0_60_10,0.3999999999999999,10,SiNEcustom_spatial_bined,0.10484056905627098,0.6342236912631767,0.028465273590492904,0.606486862244898,SiNEcustom_spatial_bined_dist,1.0
artificial_graph_sbmv_4_comuAndEmb_0_40_pos_0_60_10,0.3999999999999999,10,SiNE_spatial,0.1008694872097429,0.630862515633375,0.02618443223105548,0.5640887755102041,SiNE_spatial_dist,1.0
artificial_graph_sbmv_4_comuAndEmb_0_40_pos_0_60_10,0.3999999999999999,10,SiNE_spatial_bined,0.1104373370146989,0.5978760943362516,0.02429706152225059,0.5705383928571428,SiNE_spatial_bined_dist,1.0
artificial_graph_sbmv_4_comuAndEmb_0_40_pos_0_60_10,0.3999999999999999,10,deepwalk,0.11585297723843531,0.6231798284795427,0.03976267856281232,0.6616840561224491,deepwalk_dist,1.0
artificial_graph_sbmv_4_comuAndEmb_0_40_pos_0_60_10,0.3999999999999999,10,GT_pos + SiNEcustom_spatial,0.15613731351731366,0.6692982847954262,0.05732161059695948,0.7063669642857143,GT_pos_dist,0.61450684
artificial_graph_sbmv_4_comuAndEmb_0_40_pos_0_60_10,0.3999999999999999,10,GT_pos + SiNEcustom_spatial_bined,0.12699888923821562,0.6747811327496873,0.061555336096292226,0.7041827806122449,GT_pos_dist,0.58233273
artificial_graph_sbmv_4_comuAndEmb_0_40_pos_0_60_10,0.3999999999999999,10,GT_pos + SiNE_spatial,0.18502689958914972,0.6954283544756119,0.05093139936907226,0.6911322704081633,GT_pos_dist,0.6088665
artificial_graph_sbmv_4_comuAndEmb_0_40_pos_0_60_10,0.3999999999999999,10,GT_pos + SiNE_spatial_bined,0.150298083507175,0.6909170091120245,0.06084573924809038,0.7094920918367347,GT_pos_dist,0.6280642
artificial_graph_sbmv_4_comuAndEmb_0_40_pos_0_60_10,0.3999999999999999,10,GT_pos + deepwalk,0.17236570819849986,0.6920671788458104,0.06070289985711119,0.7133526785714286,GT_pos_dist,0.62978
artificial_graph_sbmv_4_comuAndEmb_0_30_pos_0_70_10,0.29999999999999993,10,Inferred_Commu_normal,0.13685296430246963,0.7401562029247492,0.049533859331665396,0.7346506207043529,louvain_density,1.0
artificial_graph_sbmv_4_comuAndEmb_0_30_pos_0_70_10,0.29999999999999993,10,Inferred_Commu_spatial_manuel_iter,0.06478000936873654,0.4542978979814133,0.022767075774645457,0.5566984122755607,spatial_louvain_density,1.0
artificial_graph_sbmv_4_comuAndEmb_0_30_pos_0_70_10,0.29999999999999993,10,Inferred_Commu_spatial_manuel_iter_old,0.06996962389243558,0.519374724790841,0.018499677718373533,0.4864895572486547,spatial_louvain_old_density,1.0
artificial_graph_sbmv_4_comuAndEmb_0_30_pos_0_70_10,0.29999999999999993,10,Inferred_Commu_spatial_manuel_iter_bined,0.10921502432829922,0.5798743887459732,0.01918501036101843,0.4905319942458309,spatial_louvain_bined_density,1.0
artificial_graph_sbmv_4_comuAndEmb_0_30_pos_0_70_10,0.29999999999999993,10,Inferred_Commu_spatial_manuel_iter_0_20,0.13947900590352136,0.7198081067927413,0.050727854092964736,0.7342476956683893,spatial_louvain_manualiter_0_20_density,1.0
artificial_graph_sbmv_4_comuAndEmb_0_30_pos_0_70_10,0.29999999999999993,10,Inferred_Commu_spatial_manuel_iter_0_50,0.10276047694921923,0.59045400820413,0.028441037663018042,0.6314623847834193,spatial_louvain_manualiter_0_50_density,1.0
artificial_graph_sbmv_4_comuAndEmb_0_30_pos_0_70_10,0.29999999999999993,10,Inferred_Commu_spatial_manuel_iter_0_80,0.0744677441763816,0.5152263088368212,0.021834348190978545,0.5178609675528797,spatial_louvain_manualiter_0_80_density,1.0
artificial_graph_sbmv_4_comuAndEmb_0_30_pos_0_70_10,0.29999999999999993,10,GT_pos,0.18887507973797632,0.7752902732392408,0.08777977446534427,0.7777815813309179,GT_pos_dist,1.0
artificial_graph_sbmv_4_comuAndEmb_0_30_pos_0_70_10,0.29999999999999993,10,GT_pos + Inferred_Commu normal,0.1878700353670749,0.7743632529143202,0.07090524219655817,0.7618410677180457,GT_pos_dist,0.7644716
artificial_graph_sbmv_4_comuAndEmb_0_30_pos_0_70_10,0.29999999999999993,10,GT_pos + Inferred_Commu spatial manuel iter,0.17472422699107357,0.7456719738580269,0.09019531757802163,0.7652049922744952,GT_pos_dist,0.73728746
artificial_graph_sbmv_4_comuAndEmb_0_30_pos_0_70_10,0.29999999999999993,10,GT_pos + Inferred_Commu spatial manuel iter old,0.20789864082752368,0.758476442095993,0.07215044075850237,0.7618667750013319,GT_pos_dist,0.67566127
artificial_graph_sbmv_4_comuAndEmb_0_30_pos_0_70_10,0.29999999999999993,10,GT_pos + Inferred_Commu spatial manuel iter bined,0.19702535935638424,0.7816403624649471,0.07104439228068743,0.7490003463157333,GT_pos_dist,0.71240956
artificial_graph_sbmv_4_comuAndEmb_0_30_pos_0_70_10,0.29999999999999993,10,GT_pos + Inferred_Commu spatial manuel iter 0_20,0.17828052057810875,0.7606085888433104,0.0792789678567425,0.7773164526613032,GT_pos_dist,0.737343
artificial_graph_sbmv_4_comuAndEmb_0_30_pos_0_70_10,0.29999999999999993,10,GT_pos + Inferred_Commu spatial manuel iter 0_50,0.19166827513307766,0.7645831884864075,0.09234396069551422,0.7786828014278864,GT_pos_dist,0.71204954
artificial_graph_sbmv_4_comuAndEmb_0_30_pos_0_70_10,0.29999999999999993,10,GT_pos + Inferred_Commu spatial manuel iter 0_80,0.1742049497615293,0.7593802869127906,0.06876622672611443,0.7598437583248974,GT_pos_dist,0.70302236
artificial_graph_sbmv_4_comuAndEmb_0_30_pos_0_70_10,0.29999999999999993,10,SiNEcustom_spatial,0.12854353546758118,0.630118890356671,0.029649841152766518,0.6260790399062284,SiNEcustom_spatial_dist,1.0
artificial_graph_sbmv_4_comuAndEmb_0_30_pos_0_70_10,0.29999999999999993,10,SiNEcustom_spatial_bined,0.08670812112862772,0.5730839648659297,0.029816422146288084,0.6136078107517715,SiNEcustom_spatial_bined_dist,1.0
artificial_graph_sbmv_4_comuAndEmb_0_30_pos_0_70_10,0.29999999999999993,10,SiNE_spatial,0.11755810052610079,0.6660525157014068,0.02669867100035379,0.5877663967179925,SiNE_spatial_dist,1.0
artificial_graph_sbmv_4_comuAndEmb_0_30_pos_0_70_10,0.29999999999999993,10,SiNE_spatial_bined,0.11852762126977383,0.6228881318222902,0.029022892329830616,0.6002763865949171,SiNE_spatial_bined_dist,1.0
artificial_graph_sbmv_4_comuAndEmb_0_30_pos_0_70_10,0.29999999999999993,10,deepwalk,0.16284655474722223,0.6399684813089528,0.04062683024727538,0.657213623528158,deepwalk_dist,1.0
artificial_graph_sbmv_4_comuAndEmb_0_30_pos_0_70_10,0.29999999999999993,10,GT_pos + SiNEcustom_spatial,0.20309694452722027,0.7520104753296716,0.07842046581477549,0.766301481165752,GT_pos_dist,0.6845531
artificial_graph_sbmv_4_comuAndEmb_0_30_pos_0_70_10,0.29999999999999993,10,GT_pos + SiNEcustom_spatial_bined,0.16945063908053146,0.7461470717745486,0.07095735915528231,0.7786112739091055,GT_pos_dist,0.69385576
artificial_graph_sbmv_4_comuAndEmb_0_30_pos_0_70_10,0.29999999999999993,10,GT_pos + SiNE_spatial,0.20555142118930225,0.7849776356346613,0.07228668319851161,0.7668686397783578,GT_pos_dist,0.69602454
artificial_graph_sbmv_4_comuAndEmb_0_30_pos_0_70_10,0.29999999999999993,10,GT_pos + SiNE_spatial_bined,0.20942500753682544,0.7629609029177965,0.07185046507614734,0.7569011401779531,GT_pos_dist,0.6796793
artificial_graph_sbmv_4_comuAndEmb_0_30_pos_0_70_10,0.29999999999999993,10,GT_pos + deepwalk,0.1779499550607765,0.7588820134881457,0.06875845097495653,0.7496719324417924,GT_pos_dist,0.6932563
artificial_graph_sbmv_4_comuAndEmb_0_20_pos_0_80_10,0.19999999999999996,10,Inferred_Commu_normal,0.14810644273761234,0.7446022727272726,0.04863427583906786,0.7607130289720965,louvain_density,1.0
artificial_graph_sbmv_4_comuAndEmb_0_20_pos_0_80_10,0.19999999999999996,10,Inferred_Commu_spatial_manuel_iter,0.09535960522581159,0.516998106060606,0.019885643919624853,0.5048822479114805,spatial_louvain_density,1.0
artificial_graph_sbmv_4_comuAndEmb_0_20_pos_0_80_10,0.19999999999999996,10,Inferred_Commu_spatial_manuel_iter_old,0.06899799246527163,0.5054095643939394,0.019886976728770777,0.5050609287231684,spatial_louvain_old_density,1.0
artificial_graph_sbmv_4_comuAndEmb_0_20_pos_0_80_10,0.19999999999999996,10,Inferred_Commu_spatial_manuel_iter_bined,0.08103837150247949,0.5284327651515153,0.020594683431749777,0.5288785205072397,spatial_louvain_bined_density,1.0
artificial_graph_sbmv_4_comuAndEmb_0_20_pos_0_80_10,0.19999999999999996,10,Inferred_Commu_spatial_manuel_iter_0_20,0.13617902030323692,0.7216264204545455,0.05299128409265916,0.7614607254102098,spatial_louvain_manualiter_0_20_density,1.0
artificial_graph_sbmv_4_comuAndEmb_0_20_pos_0_80_10,0.19999999999999996,10,Inferred_Commu_spatial_manuel_iter_0_50,0.126298288189214,0.6792021780303031,0.0440988367579804,0.7111717864171305,spatial_louvain_manualiter_0_50_density,1.0
artificial_graph_sbmv_4_comuAndEmb_0_20_pos_0_80_10,0.19999999999999996,10,Inferred_Commu_spatial_manuel_iter_0_80,0.0915847710917973,0.6069483901515152,0.023420992639939006,0.5505529851816132,spatial_louvain_manualiter_0_80_density,1.0
artificial_graph_sbmv_4_comuAndEmb_0_20_pos_0_80_10,0.19999999999999996,10,GT_pos,0.2340877002263828,0.8053622159090909,0.10338645044638192,0.818854540004431,GT_pos_dist,1.0
artificial_graph_sbmv_4_comuAndEmb_0_20_pos_0_80_10,0.19999999999999996,10,GT_pos + Inferred_Commu normal,0.22187334577177845,0.7723366477272728,0.09959827967919699,0.8148512296524131,GT_pos_dist,0.69949204
artificial_graph_sbmv_4_comuAndEmb_0_20_pos_0_80_10,0.19999999999999996,10,GT_pos + Inferred_Commu spatial manuel iter,0.22110978058151054,0.7825994318181819,0.08564608160999158,0.8128787029675871,GT_pos_dist,0.7403228
artificial_graph_sbmv_4_comuAndEmb_0_20_pos_0_80_10,0.19999999999999996,10,GT_pos + Inferred_Commu spatial manuel iter old,0.22136512044876275,0.7914891098484849,0.08868420338879968,0.8142109241616597,GT_pos_dist,0.73030454
artificial_graph_sbmv_4_comuAndEmb_0_20_pos_0_80_10,0.19999999999999996,10,GT_pos + Inferred_Commu spatial manuel iter bined,0.2485389473566843,0.7925662878787879,0.09291120964976159,0.8092975276622919,GT_pos_dist,0.7316835
artificial_graph_sbmv_4_comuAndEmb_0_20_pos_0_80_10,0.19999999999999996,10,GT_pos + Inferred_Commu spatial manuel iter 0_20,0.19985333795305316,0.7709753787878788,0.09995485599825009,0.8140568754968787,GT_pos_dist,0.6896944
artificial_graph_sbmv_4_comuAndEmb_0_20_pos_0_80_10,0.19999999999999996,10,GT_pos + Inferred_Commu spatial manuel iter 0_50,0.2072734787560705,0.7962357954545454,0.10189766691324222,0.8180527571061789,GT_pos_dist,0.73637486
artificial_graph_sbmv_4_comuAndEmb_0_20_pos_0_80_10,0.19999999999999996,10,GT_pos + Inferred_Commu spatial manuel iter 0_80,0.2524809432267706,0.7852154356060607,0.0876966030219793,0.812020487690443,GT_pos_dist,0.7196582
artificial_graph_sbmv_4_comuAndEmb_0_20_pos_0_80_10,0.19999999999999996,10,SiNEcustom_spatial,0.09458575969423406,0.6159682765151515,0.030535416715912176,0.6221660649819495,SiNEcustom_spatial_dist,1.0
artificial_graph_sbmv_4_comuAndEmb_0_20_pos_0_80_10,0.19999999999999996,10,SiNEcustom_spatial_bined,0.11584123156645715,0.6412642045454545,0.027572893471875783,0.6160381342126184,SiNEcustom_spatial_bined_dist,1.0
artificial_graph_sbmv_4_comuAndEmb_0_20_pos_0_80_10,0.19999999999999996,10,SiNE_spatial,0.11238404138006858,0.6269649621212121,0.036683763199631604,0.6348086121283999,SiNE_spatial_dist,1.0
artificial_graph_sbmv_4_comuAndEmb_0_20_pos_0_80_10,0.19999999999999996,10,SiNE_spatial_bined,0.09004572834775976,0.6227035984848485,0.03023500834434051,0.614390908261544,SiNE_spatial_bined_dist,1.0
artificial_graph_sbmv_4_comuAndEmb_0_20_pos_0_80_10,0.19999999999999996,10,deepwalk,0.1696258600711643,0.7121685606060606,0.050941119285856415,0.7253931368843592,deepwalk_dist,1.0
artificial_graph_sbmv_4_comuAndEmb_0_20_pos_0_80_10,0.19999999999999996,10,GT_pos + SiNEcustom_spatial,0.27074825968683547,0.7995620265151514,0.09166031794527613,0.8030528222705887,GT_pos_dist,0.722706
artificial_graph_sbmv_4_comuAndEmb_0_20_pos_0_80_10,0.19999999999999996,10,GT_pos + SiNEcustom_spatial_bined,0.2174586713809595,0.7823508522727273,0.08492271208453689,0.8003870765942472,GT_pos_dist,0.74605995
artificial_graph_sbmv_4_comuAndEmb_0_20_pos_0_80_10,0.19999999999999996,10,GT_pos + SiNE_spatial,0.27325837626682925,0.7731178977272727,0.08422582574585988,0.8113418655267239,GT_pos_dist,0.71814334
artificial_graph_sbmv_4_comuAndEmb_0_20_pos_0_80_10,0.19999999999999996,10,GT_pos + SiNE_spatial_bined,0.2355693650787217,0.7680279356060606,0.08140480642990007,0.7955435363421912,GT_pos_dist,0.72191477
artificial_graph_sbmv_4_comuAndEmb_0_20_pos_0_80_10,0.19999999999999996,10,GT_pos + deepwalk,0.19486498523151916,0.7796164772727273,0.08437684773588403,0.7955994474058048,GT_pos_dist,0.73397934
artificial_graph_sbmv_4_comuAndEmb_0_10_pos_0_90_10,0.09999999999999998,10,Inferred_Commu_normal,0.22689663855683018,0.8450933172787477,0.05965716869355892,0.7989240429899771,louvain_density,1.0
artificial_graph_sbmv_4_comuAndEmb_0_10_pos_0_90_10,0.09999999999999998,10,Inferred_Commu_spatial_manuel_iter,0.10542213335680053,0.590921131848284,0.02055946677884832,0.5184855559580834,spatial_louvain_density,1.0
artificial_graph_sbmv_4_comuAndEmb_0_10_pos_0_90_10,0.09999999999999998,10,Inferred_Commu_spatial_manuel_iter_old,0.09252431517190969,0.577844671884407,0.021815207248992104,0.5323822941405358,spatial_louvain_old_density,1.0
artificial_graph_sbmv_4_comuAndEmb_0_10_pos_0_90_10,0.09999999999999998,10,Inferred_Commu_spatial_manuel_iter_bined,0.09830795895874461,0.527453341360626,0.024116439937185232,0.5618270740248762,spatial_louvain_bined_density,1.0
artificial_graph_sbmv_4_comuAndEmb_0_10_pos_0_90_10,0.09999999999999998,10,Inferred_Commu_spatial_manuel_iter_0_20,0.2368222865048509,0.8570379289584588,0.06142988735255277,0.7904765930040656,spatial_louvain_manualiter_0_20_density,1.0
artificial_graph_sbmv_4_comuAndEmb_0_10_pos_0_90_10,0.09999999999999998,10,Inferred_Commu_spatial_manuel_iter_0_50,0.19596416331849184,0.7602528597230582,0.043832990481966844,0.6459376886849415,spatial_louvain_manualiter_0_50_density,1.0
artificial_graph_sbmv_4_comuAndEmb_0_10_pos_0_90_10,0.09999999999999998,10,Inferred_Commu_spatial_manuel_iter_0_80,0.13245181673140388,0.6109933774834436,0.02507661290543598,0.5719896952863985,spatial_louvain_manualiter_0_80_density,1.0
artificial_graph_sbmv_4_comuAndEmb_0_10_pos_0_90_10,0.09999999999999998,10,GT_pos,0.3404076596502877,0.8781336544250451,0.1314938344953792,0.8592164124032255,GT_pos_dist,1.0
artificial_graph_sbmv_4_comuAndEmb_0_10_pos_0_90_10,0.09999999999999998,10,GT_pos + Inferred_Commu normal,0.284908221293931,0.8615773630343168,0.12714178466233989,0.8516113190838466,GT_pos_dist,0.74944496
artificial_graph_sbmv_4_comuAndEmb_0_10_pos_0_90_10,0.09999999999999998,10,GT_pos + Inferred_Commu spatial manuel iter,0.35184460253969313,0.866887417218543,0.1030540814843646,0.8400088556132512,GT_pos_dist,0.72767603
artificial_graph_sbmv_4_comuAndEmb_0_10_pos_0_90_10,0.09999999999999998,10,GT_pos + Inferred_Commu spatial manuel iter old,0.28725102193185903,0.8639012642986152,0.10321232295105646,0.8534041782393431,GT_pos_dist,0.73684764
artificial_graph_sbmv_4_comuAndEmb_0_10_pos_0_90_10,0.09999999999999998,10,GT_pos + Inferred_Commu spatial manuel iter bined,0.3458585281980217,0.8758699578567127,0.1043301326663077,0.853501053281273,GT_pos_dist,0.73302275
artificial_graph_sbmv_4_comuAndEmb_0_10_pos_0_90_10,0.09999999999999998,10,GT_pos + Inferred_Commu spatial manuel iter 0_20,0.2887401982703641,0.865105358217941,0.12208440495192097,0.8500142226515852,GT_pos_dist,0.7692677
artificial_graph_sbmv_4_comuAndEmb_0_10_pos_0_90_10,0.09999999999999998,10,GT_pos + Inferred_Commu spatial manuel iter 0_50,0.31205375301384974,0.8742805538832029,0.09537204102841373,0.840516443263696,GT_pos_dist,0.7824002
artificial_graph_sbmv_4_comuAndEmb_0_10_pos_0_90_10,0.09999999999999998,10,GT_pos + Inferred_Commu spatial manuel iter 0_80,0.36158770982456306,0.8543527995183624,0.11520034084388722,0.8478533188423298,GT_pos_dist,0.7284728
artificial_graph_sbmv_4_comuAndEmb_0_10_pos_0_90_10,0.09999999999999998,10,SiNEcustom_spatial,0.09647481065651917,0.6315472606863335,0.036157164649993294,0.6811210401320291,SiNEcustom_spatial_dist,1.0
artificial_graph_sbmv_4_comuAndEmb_0_10_pos_0_90_10,0.09999999999999998,10,SiNEcustom_spatial_bined,0.11578508417388683,0.6492835641180013,0.04371053487426266,0.688488105301292,SiNEcustom_spatial_bined_dist,1.0
artificial_graph_sbmv_4_comuAndEmb_0_10_pos_0_90_10,0.09999999999999998,10,SiNE_spatial,0.1169931591779377,0.6849127031908488,0.04188495813190545,0.6994276053616713,SiNE_spatial_dist,1.0
artificial_graph_sbmv_4_comuAndEmb_0_10_pos_0_90_10,0.09999999999999998,10,SiNE_spatial_bined,0.10869397579364612,0.6900662251655629,0.039348497653872765,0.7100754068885937,SiNE_spatial_bined_dist,1.0
artificial_graph_sbmv_4_comuAndEmb_0_10_pos_0_90_10,0.09999999999999998,10,deepwalk,0.24242053424635313,0.7986152919927754,0.0644135159160851,0.7612281125467939,deepwalk_dist,1.0
artificial_graph_sbmv_4_comuAndEmb_0_10_pos_0_90_10,0.09999999999999998,10,GT_pos + SiNEcustom_spatial,0.3061832017918016,0.8608669476219145,0.10348713217714772,0.8382457835205088,GT_pos_dist,0.7436064
artificial_graph_sbmv_4_comuAndEmb_0_10_pos_0_90_10,0.09999999999999998,10,GT_pos + SiNEcustom_spatial_bined,0.3559010553242791,0.862059000602047,0.12522717707013814,0.8463674542795423,GT_pos_dist,0.7473191
artificial_graph_sbmv_4_comuAndEmb_0_10_pos_0_90_10,0.09999999999999998,10,GT_pos + SiNE_spatial,0.37908715071976906,0.8621914509331728,0.09680541818693084,0.8504861194971085,GT_pos_dist,0.71079195
artificial_graph_sbmv_4_comuAndEmb_0_10_pos_0_90_10,0.09999999999999998,10,GT_pos + SiNE_spatial_bined,0.3299940723173501,0.8560866947621913,0.1234071428480777,0.8482154597539212,GT_pos_dist,0.7537392
artificial_graph_sbmv_4_comuAndEmb_0_10_pos_0_90_10,0.09999999999999998,10,GT_pos + deepwalk,0.27998796722569563,0.8630222757375074,0.1045268467572881,0.8379475103650927,GT_pos_dist,0.72677636
artificial_graph_sbmv_4_comuAndEmb_0_00_pos_1_00_10,0.0,10,Inferred_Commu_normal,0.23075461404858394,0.8375630822981366,0.06742062971895871,0.7993550197085104,louvain_density,1.0
artificial_graph_sbmv_4_comuAndEmb_0_00_pos_1_00_10,0.0,10,Inferred_Commu_spatial_manuel_iter,0.13039860973493023,0.6749320652173914,0.025523436449884605,0.5666762053051664,spatial_louvain_density,1.0
artificial_graph_sbmv_4_comuAndEmb_0_00_pos_1_00_10,0.0,10,Inferred_Commu_spatial_manuel_iter_old,0.1252219436056098,0.5910811335403727,0.02425849186032418,0.5366879883291951,spatial_louvain_old_density,1.0
artificial_graph_sbmv_4_comuAndEmb_0_00_pos_1_00_10,0.0,10,Inferred_Commu_spatial_manuel_iter_bined,0.12031892925281623,0.5899650621118013,0.02506514663172521,0.5881493638569766,spatial_louvain_bined_density,1.0
artificial_graph_sbmv_4_comuAndEmb_0_00_pos_1_00_10,0.0,10,Inferred_Commu_spatial_manuel_iter_0_20,0.22015547944806452,0.8339237189440993,0.06563400251706934,0.8201969448301982,spatial_louvain_manualiter_0_20_density,1.0
artificial_graph_sbmv_4_comuAndEmb_0_00_pos_1_00_10,0.0,10,Inferred_Commu_spatial_manuel_iter_0_50,0.1716136569937988,0.7551315023291926,0.05415349221806543,0.6835900349282498,spatial_louvain_manualiter_0_50_density,1.0
artificial_graph_sbmv_4_comuAndEmb_0_00_pos_1_00_10,0.0,10,Inferred_Commu_spatial_manuel_iter_0_80,0.12099990993924131,0.6693517080745341,0.02565690181551953,0.6144144257879898,spatial_louvain_manualiter_0_80_density,1.0
artificial_graph_sbmv_4_comuAndEmb_0_00_pos_1_00_10,0.0,10,GT_pos,0.46644536564461003,0.9217415566770186,0.14762097759232232,0.8911732525354542,GT_pos_dist,1.0
artificial_graph_sbmv_4_comuAndEmb_0_00_pos_1_00_10,0.0,10,GT_pos + Inferred_Commu normal,0.45874517911453616,0.9098165760869565,0.12462359242724907,0.8659476216527094,GT_pos_dist,0.8269311
artificial_graph_sbmv_4_comuAndEmb_0_00_pos_1_00_10,0.0,10,GT_pos + Inferred_Commu spatial manuel iter,0.43416979362724806,0.9229668090062111,0.11573934391399929,0.8754011137763188,GT_pos_dist,0.825327
artificial_graph_sbmv_4_comuAndEmb_0_00_pos_1_00_10,0.0,10,GT_pos + Inferred_Commu spatial manuel iter old,0.428606970455181,0.9171195652173914,0.14122107254647012,0.8749756624444165,GT_pos_dist,0.7910984
artificial_graph_sbmv_4_comuAndEmb_0_00_pos_1_00_10,0.0,10,GT_pos + Inferred_Commu spatial manuel iter bined,0.5122993215156406,0.9233307453416149,0.1206783317784282,0.8820610472863977,GT_pos_dist,0.8092827
artificial_graph_sbmv_4_comuAndEmb_0_00_pos_1_00_10,0.0,10,GT_pos + Inferred_Commu spatial manuel iter 0_20,0.41956499467463154,0.9084336180124223,0.12236694813796595,0.8801565458906704,GT_pos_dist,0.80395406
artificial_graph_sbmv_4_comuAndEmb_0_00_pos_1_00_10,0.0,10,GT_pos + Inferred_Commu spatial manuel iter 0_50,0.4766072921545021,0.9175562888198758,0.14883186439936938,0.8893815315125755,GT_pos_dist,0.77690136
artificial_graph_sbmv_4_comuAndEmb_0_00_pos_1_00_10,0.0,10,GT_pos + Inferred_Commu spatial manuel iter 0_80,0.4499325865928911,0.9145841420807452,0.12672346097513434,0.8768731501353646,GT_pos_dist,0.8063743
artificial_graph_sbmv_4_comuAndEmb_0_00_pos_1_00_10,0.0,10,SiNEcustom_spatial,0.16082715896121488,0.7403192934782609,0.054504798721470675,0.7536934169366942,SiNEcustom_spatial_dist,1.0
artificial_graph_sbmv_4_comuAndEmb_0_00_pos_1_00_10,0.0,10,SiNEcustom_spatial_bined,0.19714524112645804,0.781844429347826,0.05566681495113555,0.7530376355398449,SiNEcustom_spatial_bined_dist,1.0
artificial_graph_sbmv_4_comuAndEmb_0_00_pos_1_00_10,0.0,10,SiNE_spatial,0.16401749405314614,0.7721879852484472,0.04969642486967725,0.7546066012989381,SiNE_spatial_dist,1.0
artificial_graph_sbmv_4_comuAndEmb_0_00_pos_1_00_10,0.0,10,SiNE_spatial_bined,0.28688745858904563,0.8401106366459627,0.051456173969367164,0.7535827406752795,SiNE_spatial_bined_dist,1.0
artificial_graph_sbmv_4_comuAndEmb_0_00_pos_1_00_10,0.0,10,deepwalk,0.3724259432139422,0.8235030085403725,0.10831639377824472,0.8293401506543786,deepwalk_dist,1.0
artificial_graph_sbmv_4_comuAndEmb_0_00_pos_1_00_10,0.0,10,GT_pos + SiNEcustom_spatial,0.42883376147562624,0.8929541925465838,0.14959021092581468,0.8827812144931195,GT_pos_dist,0.7969184
artificial_graph_sbmv_4_comuAndEmb_0_00_pos_1_00_10,0.0,10,GT_pos + SiNEcustom_spatial_bined,0.49181974819938606,0.9183690799689441,0.12028233739886392,0.8812059363997251,GT_pos_dist,0.8043184
artificial_graph_sbmv_4_comuAndEmb_0_00_pos_1_00_10,0.0,10,GT_pos + SiNE_spatial,0.3583641491319558,0.8927964868012424,0.11825939512376543,0.8797249224985622,GT_pos_dist,0.8147234
artificial_graph_sbmv_4_comuAndEmb_0_00_pos_1_00_10,0.0,10,GT_pos + SiNE_spatial_bined,0.506095833071646,0.922942546583851,0.12802976493713886,0.8668379413373732,GT_pos_dist,0.8055971
artificial_graph_sbmv_4_comuAndEmb_0_00_pos_1_00_10,0.0,10,GT_pos + deepwalk,0.4105958742393029,0.9095860830745343,0.11353884171229059,0.880266240233416,GT_pos_dist,0.8188125
